age_group,area,bedrooms,budget_group,id,income,intent,label,name,price,ptype,segment,text
,59.2,2,affordable,Listing:45222670,,,Listing,45222670,1.55,Biệt thự,,
,,,,Location:Quận 9,,,Location,Quận 9,,,,
,,,,Amenity:pool,,,Amenity,pool,,,,
,,,,Amenity:bbq,,,Amenity,bbq,,,,
,,,,Amenity:reception,,,Amenity,reception,,,,
,,,,Amenity:near_bus,,,Amenity,near_bus,,,,
,,,,Amenity:park_view,,,Amenity,park_view,,,,
,69.8,2,affordable,Listing:41003332,,,Listing,41003332,2.99,Căn hộ,,
,,,,Location:Quận 2,,,Location,Quận 2,,,,
,,,,Amenity:garden,,,Amenity,garden,,,,
,58.0,2,affordable,Listing:44850086,,,Listing,44850086,1.7,Căn hộ,,
,,,,Location:Quận Tân Bình,,,Location,Quận Tân Bình,,,,
,,,,Amenity:balcony,,,Amenity,balcony,,,,
,,,,Amenity:sports_court,,,Amenity,sports_court,,,,
,,,,Amenity:near_metro,,,Amenity,near_metro,,,,
,,,,Amenity:near_market,,,Amenity,near_market,,,,
,,,,Amenity:near_park,,,Amenity,near_park,,,,
,201.2,6,luxury,Listing:45225431,,,Listing,45225431,13.09,Căn hộ,,
,,,,Location:Quận Bình Thạnh,,,Location,Quận Bình Thạnh,,,,
,,,,Amenity:garage,,,Amenity,garage,,,,
,,,,Amenity:gym,,,Amenity,gym,,,,
,,,,Amenity:parking,,,Amenity,parking,,,,
,,,,Amenity:near_highway,,,Amenity,near_highway,,,,
,,,,Amenity:near_school,,,Amenity,near_school,,,,
,,,,Amenity:near_mall,,,Amenity,near_mall,,,,
,,,,Amenity:river_view,,,Amenity,river_view,,,,
,,,,Amenity:city_view,,,Amenity,city_view,,,,
,73.6,2,affordable,Listing:43489295,,,Listing,43489295,2.37,Nhà phố,,
,,,,Location:Quận 7,,,Location,Quận 7,,,,
,,,,Amenity:park,,,Amenity,park,,,,
,,,,Amenity:kids_playground,,,Amenity,kids_playground,,,,
,,,,Amenity:security_24h,,,Amenity,security_24h,,,,
,,,,Amenity:near_hospital,,,Amenity,near_hospital,,,,
,214.0,6,luxury,Listing:44335474,,,Listing,44335474,13.57,Căn hộ,,
,43.5,1,affordable,Listing:45260467,,,Listing,45260467,2.75,Nhà phố,,
,79.8,3,affordable,Listing:45197258,,,Listing,45197258,1.94,Căn hộ,,
,,,,Location:Quận 3,,,Location,Quận 3,,,,
,,,,Amenity:terrace,,,Amenity,terrace,,,,
,223.7,6,luxury,Listing:45059973,,,Listing,45059973,17.45,Căn hộ,,
,,,,Amenity:elevator,,,Amenity,elevator,,,,
,261.7,6,luxury,Listing:45229051,,,Listing,45229051,18.21,Nhà phố,,
,,,,Location:Quận Gò Vấp,,,Location,Quận Gò Vấp,,,,
,52.7,2,mid_range,Listing:45235016,,,Listing,45235016,3.18,Đất nền,,
,75.8,2,affordable,Listing:45232873,,,Listing,45232873,2.78,Căn hộ,,
,,,,Location:Quận 1,,,Location,Quận 1,,,,
,72.4,3,affordable,Listing:44346372,,,Listing,44346372,2.9,Căn hộ,,
,49.5,4,affordable,Listing:45093850,,,Listing,45093850,2.55,Căn hộ,,
,65.7,2,affordable,Listing:44622948,,,Listing,44622948,2.34,Căn hộ,,
,62.9,3,affordable,Listing:44785182,,,Listing,44785182,2.99,Biệt thự,,
,33.3,1,affordable,Listing:44107433,,,Listing,44107433,1.5,Căn hộ,,
,66.2,2,affordable,Listing:44986524,,,Listing,44986524,2.33,Biệt thự,,
,61.1,2,affordable,Listing:45102500,,,Listing,45102500,2.58,Căn hộ,,
,135.2,4,mid_range,Listing:45189967,,,Listing,45189967,7.95,Căn hộ,,
,36.0,2,affordable,Listing:44848669,,,Listing,44848669,1.28,Căn hộ,,
,,,,Location:Phường An Phú,,,Location,Phường An Phú,,,,
,114.4,4,mid_range,Listing:43919030,,,Listing,43919030,5.42,Căn hộ,,
,,,,Location:Quận 4,,,Location,Quận 4,,,,
,69.6,1,affordable,Listing:45162235,,,Listing,45162235,2.48,Căn hộ,,
,44.8,2,affordable,Listing:44845494,,,Listing,44845494,2.03,Căn hộ,,
,,,,Location:Phường Dĩ An,,,Location,Phường Dĩ An,,,,
,396.6,6,luxury,Listing:44984592,,,Listing,44984592,29.77,Đất nền,,
,,,,Location:Quận Thủ Đức,,,Location,Quận Thủ Đức,,,,
,64.7,2,affordable,Listing:45038070,,,Listing,45038070,2.56,Căn hộ,,
,72.3,1,affordable,Listing:44691569,,,Listing,44691569,2.28,Nhà phố,,
,66.2,1,affordable,Listing:44868190,,,Listing,44868190,1.66,Nhà phố,,
,62.4,2,affordable,Listing:44063983,,,Listing,44063983,2.28,Căn hộ,,
,48.9,3,affordable,Listing:42561310,,,Listing,42561310,1.74,Căn hộ,,
,51.7,2,affordable,Listing:43923505,,,Listing,43923505,2.88,Nhà phố,,
,,,,Location:Phường Long Bình,,,Location,Phường Long Bình,,,,
,122.9,1,mid_range,Listing:45255963,,,Listing,45255963,4.21,Căn hộ,,
,68.8,2,affordable,Listing:44742356,,,Listing,44742356,2.27,Căn hộ,,
,63.5,1,affordable,Listing:45245173,,,Listing,45245173,1.7,Biệt thự,,
,113.0,4,mid_range,Listing:43317425,,,Listing,43317425,5.15,Căn hộ,,
,100.9,4,mid_range,Listing:44734124,,,Listing,44734124,5.31,Căn hộ,,
,41.9,1,affordable,Listing:44748012,,,Listing,44748012,1.97,Đất nền,,
,85.2,1,affordable,Listing:44107369,,,Listing,44107369,2.94,Nhà phố,,
,61.7,1,mid_range,Listing:45246753,,,Listing,45246753,3.39,Căn hộ,,
,120.3,6,mid_range,Listing:45161272,,,Listing,45161272,7.06,Nhà phố,,
,199.9,6,luxury,Listing:45149520,,,Listing,45149520,13.15,Căn hộ,,
,92.6,2,mid_range,Listing:45246430,,,Listing,45246430,5.88,Nhà phố,,
,128.3,4,mid_range,Listing:43241856,,,Listing,43241856,6.83,Căn hộ,,
,89.4,3,mid_range,Listing:44756510,,,Listing,44756510,4.93,Biệt thự,,
,,,,Location:Phường Hiệp Bình,,,Location,Phường Hiệp Bình,,,,
,70.5,4,mid_range,Listing:39130038,,,Listing,39130038,5.4,Căn hộ,,
,40.8,2,affordable,Listing:43589492,,,Listing,43589492,1.24,Nhà phố,,
,64.7,0,affordable,Listing:45113783,,,Listing,45113783,1.42,Nhà phố,,
,70.7,2,affordable,Listing:44525010,,,Listing,44525010,1.34,Nhà phố,,
,125.5,3,mid_range,Listing:44342167,,,Listing,44342167,6.95,Căn hộ,,
,370.8,6,luxury,Listing:44333099,,,Listing,44333099,28.17,Đất nền,,
,295.9,6,luxury,Listing:44860127,,,Listing,44860127,21.87,Căn hộ,,
,87.8,2,affordable,Listing:44282818,,,Listing,44282818,2.8,Đất nền,,
,48.8,2,affordable,Listing:43960856,,,Listing,43960856,2.09,Căn hộ,,
,107.5,5,mid_range,Listing:44193699,,,Listing,44193699,5.04,Căn hộ,,
,44.3,2,affordable,Listing:45104453,,,Listing,45104453,1.22,Căn hộ,,
,53.5,2,affordable,Listing:43321672,,,Listing,43321672,1.68,Nhà phố,,
,59.8,0,affordable,Listing:44870935,,,Listing,44870935,1.56,Căn hộ,,
,47.1,3,affordable,Listing:44171872,,,Listing,44171872,2.49,Nhà phố,,
,67.9,2,affordable,Listing:45027560,,,Listing,45027560,2.82,Căn hộ,,
,54.9,1,affordable,Listing:45245637,,,Listing,45245637,1.86,Căn hộ,,
,48.7,2,affordable,Listing:45266104,,,Listing,45266104,1.4,Căn hộ,,
,58.9,3,affordable,Listing:44483330,,,Listing,44483330,2.43,Nhà phố,,
,232.2,6,luxury,Listing:44708914,,,Listing,44708914,16.28,Căn hộ,,
,76.7,2,affordable,Listing:43797634,,,Listing,43797634,2.96,Căn hộ,,
,66.5,2,affordable,Listing:44590405,,,Listing,44590405,2.76,Căn hộ,,
,257.3,6,luxury,Listing:45014857,,,Listing,45014857,19.44,Đất nền,,
,62.3,2,affordable,Listing:43959995,,,Listing,43959995,2.86,Căn hộ,,
,56.6,2,affordable,Listing:39770672,,,Listing,39770672,2.7,Nhà phố,,
,113.8,1,mid_range,Listing:44331203,,,Listing,44331203,5.32,Căn hộ,,
,225.5,6,luxury,Listing:45244830,,,Listing,45244830,16.0,Nhà phố,,
,58.2,1,mid_range,Listing:43682719,,,Listing,43682719,3.04,Căn hộ,,
,37.9,4,affordable,Listing:44133946,,,Listing,44133946,2.44,Căn hộ,,
,58.6,1,affordable,Listing:44526324,,,Listing,44526324,2.84,Nhà phố,,
,54.0,1,affordable,Listing:45042172,,,Listing,45042172,2.61,Nhà phố,,
,53.2,2,affordable,Listing:44290256,,,Listing,44290256,1.4,Căn hộ,,
,62.7,2,affordable,Listing:44732031,,,Listing,44732031,2.99,Căn hộ,,
,77.2,3,affordable,Listing:45165004,,,Listing,45165004,2.3,Nhà phố,,
,120.3,4,mid_range,Listing:45265733,,,Listing,45265733,5.53,Căn hộ,,
,60.9,2,affordable,Listing:44468549,,,Listing,44468549,2.96,Nhà phố,,
,73.6,3,mid_range,Listing:44456588,,,Listing,44456588,4.32,Nhà phố,,
,55.3,1,affordable,Listing:45084822,,,Listing,45084822,1.35,Nhà phố,,
,43.2,3,affordable,Listing:44730914,,,Listing,44730914,2.24,Căn hộ,,
,53.1,1,affordable,Listing:44888200,,,Listing,44888200,1.58,Đất nền,,
,96.9,4,affordable,Listing:43537623,,,Listing,43537623,2.17,Căn hộ,,
,75.5,2,affordable,Listing:45254034,,,Listing,45254034,1.98,Nhà phố,,
,108.3,3,mid_range,Listing:43356438,,,Listing,43356438,4.53,Đất nền,,
,96.0,3,affordable,Listing:44048727,,,Listing,44048727,2.88,Nhà phố,,
,20.0,3,affordable,Listing:45248206,,,Listing,45248206,1.69,Căn hộ,,
,63.5,3,mid_range,Listing:45032480,,,Listing,45032480,3.32,Đất nền,,
,58.8,2,affordable,Listing:45250823,,,Listing,45250823,2.29,Căn hộ,,
,243.8,6,luxury,Listing:44713493,,,Listing,44713493,16.12,Căn hộ,,
,102.6,4,mid_range,Listing:44397902,,,Listing,44397902,6.21,Căn hộ,,
,82.3,1,mid_range,Listing:45209742,,,Listing,45209742,4.14,Căn hộ,,
,66.1,2,affordable,Listing:43247491,,,Listing,43247491,2.43,Biệt thự,,
,54.2,3,affordable,Listing:43238060,,,Listing,43238060,1.4,Đất nền,,
,107.2,3,mid_range,Listing:41321808,,,Listing,41321808,5.5,Nhà phố,,
,73.8,0,affordable,Listing:45248655,,,Listing,45248655,1.95,Căn hộ,,
,57.3,2,affordable,Listing:43436120,,,Listing,43436120,2.94,Nhà phố,,
,50.6,2,affordable,Listing:45153972,,,Listing,45153972,1.89,Căn hộ,,
,114.9,5,mid_range,Listing:45110391,,,Listing,45110391,6.27,Căn hộ,,
,184.3,6,luxury,Listing:44284175,,,Listing,44284175,12.42,Căn hộ,,
,76.4,1,affordable,Listing:44350831,,,Listing,44350831,2.67,Nhà phố,,
,63.6,3,affordable,Listing:44843875,,,Listing,44843875,2.81,Căn hộ,,
,220.1,6,luxury,Listing:45088647,,,Listing,45088647,13.84,Nhà phố,,
,346.3,6,luxury,Listing:43403469,,,Listing,43403469,27.4,Căn hộ,,
,73.1,4,mid_range,Listing:44791321,,,Listing,44791321,5.34,Căn hộ,,
,48.8,2,affordable,Listing:44286055,,,Listing,44286055,1.5,Căn hộ,,
,70.1,2,affordable,Listing:44043317,,,Listing,44043317,2.5,Nhà phố,,
,80.6,1,affordable,Listing:45056277,,,Listing,45056277,2.41,Căn hộ,,
,77.6,2,affordable,Listing:44729361,,,Listing,44729361,1.28,Căn hộ,,
,66.7,3,affordable,Listing:44288363,,,Listing,44288363,2.67,Căn hộ,,
,52.7,3,affordable,Listing:43883712,,,Listing,43883712,2.86,Đất nền,,
,123.1,4,mid_range,Listing:44283417,,,Listing,44283417,6.92,Căn hộ,,
,77.1,1,mid_range,Listing:43572439,,,Listing,43572439,3.13,Nhà phố,,
,46.9,0,affordable,Listing:45257289,,,Listing,45257289,1.42,Nhà phố,,
,57.0,2,affordable,Listing:43716231,,,Listing,43716231,1.24,Nhà phố,,
,40.2,2,affordable,Listing:45261874,,,Listing,45261874,1.99,Nhà phố,,
,89.6,4,affordable,Listing:44077565,,,Listing,44077565,2.04,Nhà phố,,
,326.3,6,luxury,Listing:43569738,,,Listing,43569738,24.0,Nhà phố,,
,104.5,5,mid_range,Listing:44034581,,,Listing,44034581,3.41,Đất nền,,
,71.9,5,affordable,Listing:45262776,,,Listing,45262776,1.92,Căn hộ,,
,96.6,2,mid_range,Listing:44881140,,,Listing,44881140,5.55,Căn hộ,,
,146.3,4,mid_range,Listing:45263106,,,Listing,45263106,6.66,Căn hộ,,
,103.8,4,mid_range,Listing:43866123,,,Listing,43866123,7.5,Căn hộ,,
,63.7,1,affordable,Listing:45263202,,,Listing,45263202,2.35,Nhà phố,,
,37.4,2,affordable,Listing:43492362,,,Listing,43492362,1.94,Nhà phố,,
,77.9,1,affordable,Listing:44073845,,,Listing,44073845,2.47,Đất nền,,
,48.1,2,affordable,Listing:43478669,,,Listing,43478669,2.36,Căn hộ,,
,38.8,4,affordable,Listing:44872651,,,Listing,44872651,2.03,Đất nền,,
,76.5,1,affordable,Listing:43692251,,,Listing,43692251,2.81,Căn hộ,,
,54.1,1,affordable,Listing:43693290,,,Listing,43693290,2.4,Căn hộ,,
,70.5,2,affordable,Listing:45081962,,,Listing,45081962,2.85,Căn hộ,,
,54.0,2,affordable,Listing:43284841,,,Listing,43284841,1.27,Nhà phố,,
,49.7,2,affordable,Listing:42521719,,,Listing,42521719,2.81,Căn hộ,,
,67.6,1,affordable,Listing:45040477,,,Listing,45040477,2.29,Căn hộ,,
,39.9,2,affordable,Listing:44049181,,,Listing,44049181,1.3,Căn hộ,,
,49.4,1,affordable,Listing:44781792,,,Listing,44781792,1.47,Căn hộ,,
,116.3,5,luxury,Listing:44781667,,,Listing,44781667,8.91,Nhà phố,,
,119.6,4,mid_range,Listing:44400867,,,Listing,44400867,4.26,Căn hộ,,
,65.6,2,affordable,Listing:44880200,,,Listing,44880200,2.92,Nhà phố,,
,59.0,0,affordable,Listing:44762845,,,Listing,44762845,1.51,Nhà phố,,
,87.5,2,affordable,Listing:45162231,,,Listing,45162231,2.46,Nhà phố,,
,331.9,6,luxury,Listing:44864335,,,Listing,44864335,23.6,Căn hộ,,
,50.5,3,affordable,Listing:44948688,,,Listing,44948688,1.55,Căn hộ,,
,37.4,1,affordable,Listing:44897223,,,Listing,44897223,1.28,Đất nền,,
,58.0,2,affordable,Listing:44729464,,,Listing,44729464,1.83,Căn hộ,,
,89.6,3,mid_range,Listing:45040570,,,Listing,45040570,4.83,Nhà phố,,
,40.4,2,affordable,Listing:44282741,,,Listing,44282741,2.08,Căn hộ,,
,89.8,2,affordable,Listing:44239561,,,Listing,44239561,2.27,Đất nền,,
,100.5,3,mid_range,Listing:45148629,,,Listing,45148629,5.53,Căn hộ,,
,53.6,2,affordable,Listing:45237880,,,Listing,45237880,1.78,Biệt thự,,
,48.5,3,mid_range,Listing:45165437,,,Listing,45165437,3.03,Căn hộ,,
,108.2,3,mid_range,Listing:43211541,,,Listing,43211541,4.53,Đất nền,,
,69.0,4,affordable,Listing:44210257,,,Listing,44210257,2.73,Căn hộ,,
,125.1,6,luxury,Listing:43452836,,,Listing,43452836,8.5,Căn hộ,,
,62.1,2,affordable,Listing:44273779,,,Listing,44273779,2.62,Nhà phố,,
,91.5,6,mid_range,Listing:44484541,,,Listing,44484541,5.84,Căn hộ,,
,44.9,1,affordable,Listing:44657659,,,Listing,44657659,1.2,Căn hộ,,
,64.3,4,affordable,Listing:44656554,,,Listing,44656554,2.75,Căn hộ,,
,90.6,3,mid_range,Listing:45199130,,,Listing,45199130,4.21,Đất nền,,
,51.4,2,affordable,Listing:43927551,,,Listing,43927551,1.58,Căn hộ,,
,199.0,6,luxury,Listing:44586268,,,Listing,44586268,14.2,Căn hộ,,
,47.8,3,mid_range,Listing:36221753,,,Listing,36221753,3.64,Nhà phố,,
,45.6,2,affordable,Listing:40340780,,,Listing,40340780,2.47,Căn hộ,,
,62.2,1,affordable,Listing:44825273,,,Listing,44825273,2.09,Biệt thự,,
,63.4,2,affordable,Listing:43849134,,,Listing,43849134,2.02,Căn hộ,,
,69.6,1,affordable,Listing:44731068,,,Listing,44731068,2.15,Nhà phố,,
,73.2,3,affordable,Listing:43344418,,,Listing,43344418,1.32,Căn hộ,,
,55.5,4,affordable,Listing:43572792,,,Listing,43572792,2.43,Căn hộ,,
,131.2,4,mid_range,Listing:44922077,,,Listing,44922077,7.3,Căn hộ,,
,196.5,6,luxury,Listing:44957828,,,Listing,44957828,12.37,Căn hộ,,
,104.3,3,mid_range,Listing:43202640,,,Listing,43202640,3.59,Nhà phố,,
,71.1,1,affordable,Listing:43696637,,,Listing,43696637,1.56,Căn hộ,,
,61.3,1,affordable,Listing:45017137,,,Listing,45017137,2.68,Căn hộ,,
,70.6,3,mid_range,Listing:45194899,,,Listing,45194899,4.13,Căn hộ,,
,78.0,3,affordable,Listing:45235813,,,Listing,45235813,2.04,Biệt thự,,
,186.5,6,luxury,Listing:43963943,,,Listing,43963943,12.2,Căn hộ,,
,56.3,3,affordable,Listing:45100589,,,Listing,45100589,1.85,Biệt thự,,
,65.5,2,affordable,Listing:42218073,,,Listing,42218073,2.56,Căn hộ,,
,100.8,4,mid_range,Listing:44753361,,,Listing,44753361,4.85,Căn hộ,,
,248.4,6,luxury,Listing:44863961,,,Listing,44863961,16.77,Căn hộ,,
,91.2,1,affordable,Listing:45057652,,,Listing,45057652,2.47,Đất nền,,
,90.8,3,affordable,Listing:45186771,,,Listing,45186771,2.85,Đất nền,,
,73.6,2,affordable,Listing:44781956,,,Listing,44781956,2.38,Biệt thự,,
,318.7,6,luxury,Listing:45247231,,,Listing,45247231,22.08,Nhà phố,,
,39.6,1,affordable,Listing:44596035,,,Listing,44596035,1.27,Căn hộ,,
,65.0,3,affordable,Listing:44729161,,,Listing,44729161,1.62,Biệt thự,,
,79.2,2,affordable,Listing:44568353,,,Listing,44568353,2.55,Căn hộ,,
,75.7,3,affordable,Listing:44530340,,,Listing,44530340,2.5,Biệt thự,,
,83.9,5,mid_range,Listing:43481818,,,Listing,43481818,6.92,Nhà phố,,
,85.1,2,affordable,Listing:45245632,,,Listing,45245632,1.53,Nhà phố,,
,60.3,0,affordable,Listing:44956559,,,Listing,44956559,2.06,Căn hộ,,
,103.4,5,mid_range,Listing:45244476,,,Listing,45244476,5.2,Đất nền,,
,161.9,6,luxury,Listing:45106401,,,Listing,45106401,11.12,Đất nền,,
,90.1,6,mid_range,Listing:43652465,,,Listing,43652465,5.27,Căn hộ,,
,57.4,3,affordable,Listing:44199099,,,Listing,44199099,2.63,Căn hộ,,
,50.5,2,affordable,Listing:45132364,,,Listing,45132364,2.82,Căn hộ,,
,108.6,2,mid_range,Listing:44591760,,,Listing,44591760,5.2,Căn hộ,,
,87.0,1,affordable,Listing:45063282,,,Listing,45063282,1.81,Căn hộ,,
,59.1,1,mid_range,Listing:45244194,,,Listing,45244194,3.32,Căn hộ,,
,58.6,3,affordable,Listing:45240822,,,Listing,45240822,2.93,Nhà phố,,
,41.3,0,affordable,Listing:43605480,,,Listing,43605480,1.27,Căn hộ,,
,43.7,1,affordable,Listing:45025864,,,Listing,45025864,1.92,Căn hộ,,
,30.9,1,affordable,Listing:45240735,,,Listing,45240735,1.45,Đất nền,,
,211.4,6,luxury,Listing:44715266,,,Listing,44715266,13.25,Căn hộ,,
,79.9,2,affordable,Listing:44016214,,,Listing,44016214,2.93,Căn hộ,,
,69.2,2,affordable,Listing:44690504,,,Listing,44690504,2.75,Nhà phố,,
,53.1,0,affordable,Listing:44877318,,,Listing,44877318,2.22,Đất nền,,
,33.7,2,affordable,Listing:44840033,,,Listing,44840033,1.21,Căn hộ,,
,68.3,3,affordable,Listing:43940956,,,Listing,43940956,2.63,Căn hộ,,
,59.7,3,affordable,Listing:45173212,,,Listing,45173212,1.95,Căn hộ,,
,73.3,3,affordable,Listing:44130737,,,Listing,44130737,2.81,Căn hộ,,
,197.2,6,luxury,Listing:45229622,,,Listing,45229622,14.78,Căn hộ,,
,54.6,3,mid_range,Listing:44464667,,,Listing,44464667,3.23,Căn hộ,,
,90.0,3,mid_range,Listing:44870654,,,Listing,44870654,4.67,Căn hộ,,
,53.4,2,affordable,Listing:43146761,,,Listing,43146761,1.78,Căn hộ,,
,69.4,1,affordable,Listing:43768536,,,Listing,43768536,1.49,Căn hộ,,
,43.9,1,affordable,Listing:43161489,,,Listing,43161489,1.61,Căn hộ,,
,90.6,2,affordable,Listing:45187377,,,Listing,45187377,2.95,Căn hộ,,
,79.3,2,affordable,Listing:45240205,,,Listing,45240205,1.78,Căn hộ,,
,101.0,4,mid_range,Listing:43756300,,,Listing,43756300,5.22,Căn hộ,,
,56.2,3,affordable,Listing:44816319,,,Listing,44816319,2.08,Căn hộ,,
,44.7,2,affordable,Listing:43748419,,,Listing,43748419,1.48,Nhà phố,,
,55.6,2,affordable,Listing:45229939,,,Listing,45229939,1.98,Căn hộ,,
,61.4,2,affordable,Listing:43693887,,,Listing,43693887,1.76,Biệt thự,,
,56.1,2,affordable,Listing:44700316,,,Listing,44700316,2.37,Nhà phố,,
,32.0,4,affordable,Listing:44815299,,,Listing,44815299,2.59,Biệt thự,,
,47.3,3,affordable,Listing:44516802,,,Listing,44516802,1.69,Căn hộ,,
,49.1,2,affordable,Listing:44464713,,,Listing,44464713,1.9,Căn hộ,,
,70.3,1,affordable,Listing:44740670,,,Listing,44740670,2.45,Căn hộ,,
,233.2,6,luxury,Listing:44723700,,,Listing,44723700,16.82,Căn hộ,,
,81.6,2,affordable,Listing:45032566,,,Listing,45032566,2.59,Căn hộ,,
,57.9,0,affordable,Listing:34061984,,,Listing,34061984,1.87,Căn hộ,,
,97.5,5,mid_range,Listing:43203408,,,Listing,43203408,6.03,Căn hộ,,
,76.9,2,affordable,Listing:45014980,,,Listing,45014980,2.45,Nhà phố,,
,122.1,4,mid_range,Listing:45016308,,,Listing,45016308,6.49,Căn hộ,,
,95.8,4,mid_range,Listing:44659061,,,Listing,44659061,4.46,Nhà phố,,
,63.3,1,affordable,Listing:45235201,,,Listing,45235201,2.04,Nhà phố,,
,207.9,6,luxury,Listing:45236710,,,Listing,45236710,15.19,Căn hộ,,
,95.4,6,mid_range,Listing:45236270,,,Listing,45236270,7.07,Đất nền,,
,69.2,4,affordable,Listing:43548457,,,Listing,43548457,2.63,Đất nền,,
,55.9,1,affordable,Listing:45234636,,,Listing,45234636,1.36,Biệt thự,,
,73.3,2,affordable,Listing:45234641,,,Listing,45234641,2.02,Nhà phố,,
,52.8,2,affordable,Listing:43228481,,,Listing,43228481,2.41,Căn hộ,,
,70.6,3,affordable,Listing:40990762,,,Listing,40990762,2.84,Căn hộ,,
,36.6,3,affordable,Listing:45196185,,,Listing,45196185,2.09,Nhà phố,,
,50.2,2,affordable,Listing:45155260,,,Listing,45155260,2.43,Căn hộ,,
,40.1,1,affordable,Listing:45222811,,,Listing,45222811,2.81,Căn hộ,,
,52.3,1,affordable,Listing:44902020,,,Listing,44902020,2.03,Căn hộ,,
,84.2,2,affordable,Listing:44887604,,,Listing,44887604,2.41,Căn hộ,,
,54.5,0,affordable,Listing:43779678,,,Listing,43779678,1.6,Nhà phố,,
,202.4,6,luxury,Listing:44143992,,,Listing,44143992,15.3,Căn hộ,,
,36.7,1,affordable,Listing:45010170,,,Listing,45010170,1.7,Nhà phố,,
,81.9,2,affordable,Listing:44532012,,,Listing,44532012,2.31,Đất nền,,
,49.8,1,affordable,Listing:43863458,,,Listing,43863458,1.24,Căn hộ,,
,46.8,1,affordable,Listing:43874379,,,Listing,43874379,1.36,Căn hộ,,
,75.8,1,affordable,Listing:45039157,,,Listing,45039157,1.82,Nhà phố,,
,247.2,6,luxury,Listing:43725380,,,Listing,43725380,17.89,Căn hộ,,
,83.1,2,affordable,Listing:44531634,,,Listing,44531634,2.53,Căn hộ,,
,93.3,2,affordable,Listing:44241249,,,Listing,44241249,1.92,Căn hộ,,
,394.3,6,luxury,Listing:45229457,,,Listing,45229457,29.65,Căn hộ,,
,78.8,2,mid_range,Listing:45151230,,,Listing,45151230,3.56,Biệt thự,,
,73.6,1,affordable,Listing:44841772,,,Listing,44841772,2.76,Căn hộ,,
,160.2,6,luxury,Listing:44845848,,,Listing,44845848,12.39,Căn hộ,,
,86.8,2,mid_range,Listing:45197810,,,Listing,45197810,3.76,Biệt thự,,
,70.6,2,affordable,Listing:45081807,,,Listing,45081807,2.43,Căn hộ,,
,101.0,3,mid_range,Listing:45210622,,,Listing,45210622,3.18,Căn hộ,,
,83.3,4,affordable,Listing:45228435,,,Listing,45228435,2.73,Căn hộ,,
,88.4,5,mid_range,Listing:44450031,,,Listing,44450031,4.97,Đất nền,,
,79.1,0,affordable,Listing:44612137,,,Listing,44612137,2.1,Đất nền,,
,71.4,3,mid_range,Listing:44596902,,,Listing,44596902,4.6,Đất nền,,
,50.1,2,affordable,Listing:43284831,,,Listing,43284831,2.03,Căn hộ,,
,46.7,2,affordable,Listing:45138926,,,Listing,45138926,1.23,Nhà phố,,
,47.1,3,affordable,Listing:45057690,,,Listing,45057690,2.47,Nhà phố,,
,56.9,3,affordable,Listing:44482148,,,Listing,44482148,2.42,Căn hộ,,
,76.4,1,affordable,Listing:45227501,,,Listing,45227501,1.7,Căn hộ,,
,78.4,2,affordable,Listing:44137008,,,Listing,44137008,2.81,Nhà phố,,
,46.2,1,affordable,Listing:42091112,,,Listing,42091112,1.59,Nhà phố,,
,83.0,1,affordable,Listing:44714707,,,Listing,44714707,1.7,Căn hộ,,
,366.5,6,luxury,Listing:45223376,,,Listing,45223376,27.99,Căn hộ,,
,62.1,0,affordable,Listing:45202954,,,Listing,45202954,1.86,Căn hộ,,
,117.8,4,mid_range,Listing:44894510,,,Listing,44894510,7.37,Căn hộ,,
,39.2,2,affordable,Listing:45202949,,,Listing,45202949,1.85,Nhà phố,,
,54.7,2,affordable,Listing:44552020,,,Listing,44552020,1.38,Đất nền,,
,55.7,2,affordable,Listing:45202945,,,Listing,45202945,1.98,Nhà phố,,
,29.4,1,affordable,Listing:44849133,,,Listing,44849133,1.52,Biệt thự,,
,64.0,1,affordable,Listing:45175379,,,Listing,45175379,1.47,Căn hộ,,
,52.9,3,affordable,Listing:44150180,,,Listing,44150180,2.59,Đất nền,,
,74.5,2,affordable,Listing:43845012,,,Listing,43845012,2.88,Nhà phố,,
,40.5,3,affordable,Listing:44967290,,,Listing,44967290,1.73,Nhà phố,,
,64.7,2,affordable,Listing:43513035,,,Listing,43513035,1.96,Căn hộ,,
,55.9,3,affordable,Listing:45059343,,,Listing,45059343,2.72,Căn hộ,,
,55.4,3,affordable,Listing:44404341,,,Listing,44404341,1.33,Căn hộ,,
,85.6,4,mid_range,Listing:44404628,,,Listing,44404628,5.61,Căn hộ,,
,88.5,2,mid_range,Listing:44697172,,,Listing,44697172,3.8,Nhà phố,,
,61.5,1,affordable,Listing:44406217,,,Listing,44406217,1.82,Nhà phố,,
,99.0,3,mid_range,Listing:44404468,,,Listing,44404468,6.48,Nhà phố,,
,104.7,4,mid_range,Listing:45019830,,,Listing,45019830,5.95,Nhà phố,,
,133.4,4,mid_range,Listing:44403119,,,Listing,44403119,7.0,Căn hộ,,
,50.3,2,affordable,Listing:45189689,,,Listing,45189689,2.93,Nhà phố,,
,64.1,5,mid_range,Listing:45220208,,,Listing,45220208,4.01,Căn hộ,,
,73.4,2,affordable,Listing:41811080,,,Listing,41811080,2.39,Căn hộ,,
,55.5,3,affordable,Listing:45135899,,,Listing,45135899,2.31,Nhà phố,,
,123.3,4,mid_range,Listing:45007050,,,Listing,45007050,7.31,Biệt thự,,
,49.6,3,affordable,Listing:44742649,,,Listing,44742649,2.78,Nhà phố,,
,77.9,2,affordable,Listing:42578626,,,Listing,42578626,2.48,Nhà phố,,
,71.2,4,affordable,Listing:44466821,,,Listing,44466821,2.76,Căn hộ,,
,96.1,1,affordable,Listing:44709669,,,Listing,44709669,2.08,Căn hộ,,
,144.7,6,mid_range,Listing:45137809,,,Listing,45137809,7.75,Căn hộ,,
,59.9,1,affordable,Listing:44256714,,,Listing,44256714,2.57,Căn hộ,,
,75.1,2,mid_range,Listing:43827262,,,Listing,43827262,3.91,Biệt thự,,
,58.4,4,affordable,Listing:44186833,,,Listing,44186833,2.83,Đất nền,,
,99.7,2,mid_range,Listing:45110563,,,Listing,45110563,5.96,Nhà phố,,
,69.0,4,affordable,Listing:44416135,,,Listing,44416135,2.26,Căn hộ,,
,80.3,1,affordable,Listing:44742828,,,Listing,44742828,1.9,Căn hộ,,
,239.2,6,luxury,Listing:43284851,,,Listing,43284851,16.19,Căn hộ,,
,44.9,2,affordable,Listing:43825788,,,Listing,43825788,1.88,Căn hộ,,
,100.0,4,mid_range,Listing:45219753,,,Listing,45219753,4.86,Biệt thự,,
,61.2,2,affordable,Listing:45219725,,,Listing,45219725,2.42,Nhà phố,,
,80.0,2,affordable,Listing:45219182,,,Listing,45219182,2.02,Nhà phố,,
,57.9,3,affordable,Listing:43839734,,,Listing,43839734,2.7,Đất nền,,
,311.7,6,luxury,Listing:45217838,,,Listing,45217838,22.5,Nhà phố,,
,97.2,3,mid_range,Listing:44018090,,,Listing,44018090,4.3,Căn hộ,,
,77.0,1,affordable,Listing:45216684,,,Listing,45216684,2.45,Căn hộ,,
,123.0,4,mid_range,Listing:45217453,,,Listing,45217453,6.84,Đất nền,,
,78.2,4,mid_range,Listing:45209882,,,Listing,45209882,3.4,Nhà phố,,
,95.9,3,mid_range,Listing:44794760,,,Listing,44794760,5.08,Căn hộ,,
,50.8,1,affordable,Listing:43999966,,,Listing,43999966,2.67,Căn hộ,,
,98.7,1,affordable,Listing:44416443,,,Listing,44416443,2.43,Nhà phố,,
,45.1,1,affordable,Listing:44400338,,,Listing,44400338,1.63,Căn hộ,,
,63.3,3,affordable,Listing:45080633,,,Listing,45080633,2.75,Nhà phố,,
,97.8,3,mid_range,Listing:43688714,,,Listing,43688714,4.58,Căn hộ,,
,76.4,3,affordable,Listing:45073124,,,Listing,45073124,2.11,Nhà phố,,
,49.8,3,affordable,Listing:45042196,,,Listing,45042196,1.27,Căn hộ,,
,51.2,3,affordable,Listing:44432528,,,Listing,44432528,1.6,Đất nền,,
,107.2,3,mid_range,Listing:43733254,,,Listing,43733254,7.26,Nhà phố,,
,132.7,4,mid_range,Listing:44287640,,,Listing,44287640,6.79,Nhà phố,,
,143.5,4,mid_range,Listing:44398352,,,Listing,44398352,6.76,Nhà phố,,
,54.2,3,affordable,Listing:45212694,,,Listing,45212694,2.62,Nhà phố,,
,66.7,1,affordable,Listing:44085752,,,Listing,44085752,2.1,Căn hộ,,
,130.6,5,mid_range,Listing:44682333,,,Listing,44682333,7.37,Biệt thự,,
,81.5,3,affordable,Listing:44992114,,,Listing,44992114,2.27,Nhà phố,,
,49.4,1,affordable,Listing:45209379,,,Listing,45209379,1.81,Nhà phố,,
,64.7,1,affordable,Listing:45212351,,,Listing,45212351,2.82,Đất nền,,
,48.2,1,affordable,Listing:44878181,,,Listing,44878181,1.7,Căn hộ,,
,51.7,2,affordable,Listing:45211123,,,Listing,45211123,1.95,Nhà phố,,
,86.2,3,mid_range,Listing:45211193,,,Listing,45211193,4.03,Nhà phố,,
,70.1,0,affordable,Listing:45040159,,,Listing,45040159,1.55,Nhà phố,,
,91.5,5,mid_range,Listing:45040121,,,Listing,45040121,4.48,Căn hộ,,
,157.3,4,mid_range,Listing:45210408,,,Listing,45210408,7.84,Căn hộ,,
,121.3,4,luxury,Listing:45043852,,,Listing,45043852,8.12,Đất nền,,
,56.8,2,affordable,Listing:45040043,,,Listing,45040043,1.45,Căn hộ,,
,92.7,4,mid_range,Listing:43880424,,,Listing,43880424,7.59,Căn hộ,,
,56.1,1,affordable,Listing:44986315,,,Listing,44986315,2.3,Căn hộ,,
,73.7,2,affordable,Listing:44186979,,,Listing,44186979,1.69,Căn hộ,,
,50.6,2,affordable,Listing:45210229,,,Listing,45210229,1.7,Căn hộ,,
,61.3,3,affordable,Listing:44976878,,,Listing,44976878,1.46,Biệt thự,,
,50.8,3,affordable,Listing:43349917,,,Listing,43349917,2.37,Căn hộ,,
,87.0,3,affordable,Listing:43776876,,,Listing,43776876,2.83,Biệt thự,,
,40.2,1,affordable,Listing:44466982,,,Listing,44466982,1.52,Đất nền,,
,114.4,2,mid_range,Listing:45206979,,,Listing,45206979,6.12,Biệt thự,,
,62.1,2,affordable,Listing:45207061,,,Listing,45207061,2.68,Căn hộ,,
,98.4,3,mid_range,Listing:44673234,,,Listing,44673234,6.58,Căn hộ,,
,28.6,4,affordable,Listing:44482077,,,Listing,44482077,1.24,Căn hộ,,
,78.8,1,affordable,Listing:45183463,,,Listing,45183463,2.37,Nhà phố,,
,312.5,6,luxury,Listing:44939217,,,Listing,44939217,21.5,Căn hộ,,
,49.0,2,affordable,Listing:45189772,,,Listing,45189772,1.3,Căn hộ,,
,136.4,5,mid_range,Listing:43830855,,,Listing,43830855,6.83,Căn hộ,,
,66.4,2,mid_range,Listing:45197190,,,Listing,45197190,3.23,Căn hộ,,
,46.7,3,affordable,Listing:44786591,,,Listing,44786591,1.95,Căn hộ,,
,84.9,3,affordable,Listing:44757351,,,Listing,44757351,2.51,Căn hộ,,
,60.6,3,affordable,Listing:44202944,,,Listing,44202944,2.99,Căn hộ,,
,106.0,4,mid_range,Listing:44984489,,,Listing,44984489,7.2,Nhà phố,,
,82.4,3,mid_range,Listing:44910889,,,Listing,44910889,5.12,Căn hộ,,
,36.5,3,affordable,Listing:45023942,,,Listing,45023942,2.11,Căn hộ,,
,59.0,0,affordable,Listing:44634121,,,Listing,44634121,2.54,Căn hộ,,
,66.4,1,affordable,Listing:43537036,,,Listing,43537036,2.3,Căn hộ,,
,49.2,0,affordable,Listing:45184650,,,Listing,45184650,1.22,Căn hộ,,
,74.4,2,affordable,Listing:44077990,,,Listing,44077990,2.9,Căn hộ,,
,49.1,1,affordable,Listing:45070787,,,Listing,45070787,1.33,Căn hộ,,
,57.8,0,affordable,Listing:44834862,,,Listing,44834862,2.23,Căn hộ,,
,132.3,4,mid_range,Listing:44796007,,,Listing,44796007,7.89,Căn hộ,,
,114.9,4,mid_range,Listing:44957726,,,Listing,44957726,7.9,Căn hộ,,
,73.2,2,affordable,Listing:44238591,,,Listing,44238591,2.66,Căn hộ,,
,101.9,3,mid_range,Listing:44482740,,,Listing,44482740,5.03,Căn hộ,,
,252.5,6,luxury,Listing:44755067,,,Listing,44755067,18.02,Nhà phố,,
,55.2,2,affordable,Listing:42023574,,,Listing,42023574,2.9,Nhà phố,,
,64.0,1,affordable,Listing:40503273,,,Listing,40503273,2.97,Nhà phố,,
,113.1,4,mid_range,Listing:44006156,,,Listing,44006156,7.09,Căn hộ,,
,59.2,3,affordable,Listing:45153043,,,Listing,45153043,1.77,Căn hộ,,
,62.4,2,affordable,Listing:43927670,,,Listing,43927670,1.44,Nhà phố,,
,94.4,3,mid_range,Listing:45067704,,,Listing,45067704,4.99,Căn hộ,,
,70.8,2,affordable,Listing:44770429,,,Listing,44770429,2.09,Căn hộ,,
,89.0,4,affordable,Listing:42616372,,,Listing,42616372,1.75,Căn hộ,,
,76.4,1,affordable,Listing:45195327,,,Listing,45195327,2.29,Nhà phố,,
,73.1,3,affordable,Listing:44783081,,,Listing,44783081,2.01,Căn hộ,,
,52.6,0,affordable,Listing:44880023,,,Listing,44880023,1.38,Nhà phố,,
,354.0,6,luxury,Listing:45186016,,,Listing,45186016,25.55,Nhà phố,,
,139.1,5,mid_range,Listing:45058996,,,Listing,45058996,6.73,Đất nền,,
,69.7,2,affordable,Listing:44623291,,,Listing,44623291,2.21,Nhà phố,,
,76.8,2,affordable,Listing:44985017,,,Listing,44985017,2.79,Căn hộ,,
,58.7,3,affordable,Listing:45017298,,,Listing,45017298,2.1,Căn hộ,,
,29.5,1,affordable,Listing:45015767,,,Listing,45015767,1.41,Căn hộ,,
,94.2,3,mid_range,Listing:44897529,,,Listing,44897529,5.69,Nhà phố,,
,76.2,4,affordable,Listing:44957970,,,Listing,44957970,2.74,Căn hộ,,
,98.0,4,mid_range,Listing:45112600,,,Listing,45112600,5.22,Căn hộ,,
,109.0,5,mid_range,Listing:45011469,,,Listing,45011469,5.47,Căn hộ,,
,206.1,6,luxury,Listing:45188961,,,Listing,45188961,14.97,Nhà phố,,
,123.9,4,mid_range,Listing:44557949,,,Listing,44557949,6.28,Căn hộ,,
,297.3,6,luxury,Listing:44375534,,,Listing,44375534,23.11,Căn hộ,,
,112.2,5,mid_range,Listing:45148799,,,Listing,45148799,5.8,Đất nền,,
,67.1,3,affordable,Listing:45055698,,,Listing,45055698,2.84,Nhà phố,,
,90.8,2,affordable,Listing:44136516,,,Listing,44136516,1.78,Căn hộ,,
,56.0,3,mid_range,Listing:44617962,,,Listing,44617962,4.35,Biệt thự,,
,286.4,6,luxury,Listing:45077493,,,Listing,45077493,21.69,Căn hộ,,
,147.4,5,mid_range,Listing:45157429,,,Listing,45157429,7.95,Căn hộ,,
,101.6,3,mid_range,Listing:43339881,,,Listing,43339881,6.77,Nhà phố,,
,339.4,6,luxury,Listing:45100152,,,Listing,45100152,25.48,Biệt thự,,
,135.4,4,mid_range,Listing:45060924,,,Listing,45060924,7.86,Căn hộ,,
,75.4,1,affordable,Listing:45100513,,,Listing,45100513,1.9,Nhà phố,,
,37.4,3,affordable,Listing:45100628,,,Listing,45100628,1.28,Nhà phố,,
,80.5,2,mid_range,Listing:45096630,,,Listing,45096630,4.06,Căn hộ,,
,184.6,6,luxury,Listing:45056608,,,Listing,45056608,11.8,Căn hộ,,
,111.7,5,mid_range,Listing:45102262,,,Listing,45102262,7.76,Đất nền,,
,63.0,2,affordable,Listing:44805963,,,Listing,44805963,2.96,Biệt thự,,
,111.8,5,mid_range,Listing:45084852,,,Listing,45084852,4.36,Căn hộ,,
,79.7,4,affordable,Listing:44464018,,,Listing,44464018,2.26,Căn hộ,,
,45.9,1,affordable,Listing:44719109,,,Listing,44719109,1.41,Căn hộ,,
,51.4,2,affordable,Listing:44632413,,,Listing,44632413,1.5,Biệt thự,,
,50.4,2,affordable,Listing:45186848,,,Listing,45186848,1.4,Căn hộ,,
,51.8,2,affordable,Listing:44224180,,,Listing,44224180,1.77,Nhà phố,,
,57.3,3,affordable,Listing:44456711,,,Listing,44456711,1.87,Nhà phố,,
,68.3,3,affordable,Listing:44050394,,,Listing,44050394,2.17,Biệt thự,,
,50.0,1,affordable,Listing:45155376,,,Listing,45155376,2.66,Căn hộ,,
,40.5,2,affordable,Listing:45078531,,,Listing,45078531,2.37,Căn hộ,,
,68.3,1,affordable,Listing:43716508,,,Listing,43716508,2.82,Nhà phố,,
,174.9,6,luxury,Listing:43411750,,,Listing,43411750,13.24,Nhà phố,,
,60.2,3,affordable,Listing:44626653,,,Listing,44626653,1.32,Đất nền,,
,60.2,2,affordable,Listing:45179775,,,Listing,45179775,1.79,Căn hộ,,
,98.0,2,mid_range,Listing:45175567,,,Listing,45175567,4.66,Nhà phố,,
,127.4,4,mid_range,Listing:45177611,,,Listing,45177611,7.15,Căn hộ,,
,51.6,4,affordable,Listing:44847526,,,Listing,44847526,1.45,Nhà phố,,
,108.9,5,mid_range,Listing:44424655,,,Listing,44424655,5.33,Căn hộ,,
,61.4,2,affordable,Listing:44762062,,,Listing,44762062,1.64,Đất nền,,
,62.4,2,affordable,Listing:45133806,,,Listing,45133806,2.23,Căn hộ,,
,57.9,2,affordable,Listing:45133822,,,Listing,45133822,2.27,Căn hộ,,
,355.7,6,luxury,Listing:45017788,,,Listing,45017788,28.74,Biệt thự,,
,84.9,3,mid_range,Listing:44585453,,,Listing,44585453,3.29,Căn hộ,,
,40.5,2,affordable,Listing:44453924,,,Listing,44453924,1.44,Căn hộ,,
,93.2,4,mid_range,Listing:43926137,,,Listing,43926137,5.77,Căn hộ,,
,218.9,6,luxury,Listing:45172791,,,Listing,45172791,14.79,Căn hộ,,
,53.8,1,affordable,Listing:44892271,,,Listing,44892271,1.37,Nhà phố,,
,98.9,4,mid_range,Listing:45102937,,,Listing,45102937,4.86,Nhà phố,,
,75.5,3,affordable,Listing:45095425,,,Listing,45095425,1.28,Nhà phố,,
,41.7,2,affordable,Listing:45095507,,,Listing,45095507,1.34,Căn hộ,,
,74.8,4,affordable,Listing:44706860,,,Listing,44706860,2.95,Biệt thự,,
,56.7,2,affordable,Listing:45171887,,,Listing,45171887,2.37,Căn hộ,,
,240.9,6,luxury,Listing:45172117,,,Listing,45172117,17.87,Nhà phố,,
,55.2,1,affordable,Listing:45171910,,,Listing,45171910,2.68,Nhà phố,,
,71.8,2,mid_range,Listing:45171934,,,Listing,45171934,3.22,Căn hộ,,
,88.5,3,mid_range,Listing:44631355,,,Listing,44631355,4.53,Căn hộ,,
,114.3,1,mid_range,Listing:43715977,,,Listing,43715977,6.43,Căn hộ,,
,49.7,2,affordable,Listing:45055545,,,Listing,45055545,1.95,Căn hộ,,
,97.2,3,affordable,Listing:44427897,,,Listing,44427897,2.99,Đất nền,,
,106.8,4,mid_range,Listing:44422861,,,Listing,44422861,6.51,Đất nền,,
,115.5,3,mid_range,Listing:44046077,,,Listing,44046077,6.45,Căn hộ,,
,58.3,1,affordable,Listing:43551199,,,Listing,43551199,2.91,Căn hộ,,
,79.7,3,affordable,Listing:45084721,,,Listing,45084721,2.03,Nhà phố,,
,55.7,2,mid_range,Listing:44463660,,,Listing,44463660,3.67,Căn hộ,,
,43.8,1,affordable,Listing:43679734,,,Listing,43679734,1.35,Căn hộ,,
,66.6,1,affordable,Listing:43847718,,,Listing,43847718,2.02,Căn hộ,,
,73.2,1,affordable,Listing:44562715,,,Listing,44562715,2.05,Đất nền,,
,68.6,2,affordable,Listing:44023941,,,Listing,44023941,2.24,Đất nền,,
,131.9,5,mid_range,Listing:44988147,,,Listing,44988147,7.53,Căn hộ,,
,55.3,2,affordable,Listing:44843130,,,Listing,44843130,2.01,Căn hộ,,
,62.7,2,affordable,Listing:44904039,,,Listing,44904039,2.85,Căn hộ,,
,35.9,3,affordable,Listing:44945503,,,Listing,44945503,2.25,Nhà phố,,
,49.7,4,affordable,Listing:45052937,,,Listing,45052937,2.73,Căn hộ,,
,62.0,4,affordable,Listing:44988313,,,Listing,44988313,2.21,Căn hộ,,
,57.1,3,affordable,Listing:45062392,,,Listing,45062392,1.96,Căn hộ,,
,146.8,5,mid_range,Listing:44945217,,,Listing,44945217,7.94,Căn hộ,,
,51.0,2,affordable,Listing:45072815,,,Listing,45072815,2.19,Đất nền,,
,51.8,2,affordable,Listing:45061945,,,Listing,45061945,2.29,Nhà phố,,
,343.6,6,luxury,Listing:44050164,,,Listing,44050164,24.84,Căn hộ,,
,61.0,3,affordable,Listing:44860566,,,Listing,44860566,1.27,Nhà phố,,
,131.0,6,mid_range,Listing:43345644,,,Listing,43345644,7.0,Nhà phố,,
,59.0,2,affordable,Listing:45158878,,,Listing,45158878,2.06,Căn hộ,,
,45.5,2,affordable,Listing:45024916,,,Listing,45024916,1.75,Đất nền,,
,63.4,6,mid_range,Listing:45260658,,,Listing,45260658,4.4,Nhà phố,,
,20.4,2,affordable,Listing:44910264,,,Listing,44910264,1.43,Căn hộ,,
,76.3,2,affordable,Listing:44315816,,,Listing,44315816,1.78,Đất nền,,
,67.1,3,affordable,Listing:45240187,,,Listing,45240187,2.49,Nhà phố,,
,70.8,4,mid_range,Listing:41685836,,,Listing,41685836,4.17,Đất nền,,
,312.3,6,luxury,Listing:45176664,,,Listing,45176664,22.26,Căn hộ,,
,382.2,6,luxury,Listing:45257389,,,Listing,45257389,28.48,Căn hộ,,
,52.0,2,affordable,Listing:45260073,,,Listing,45260073,2.49,Căn hộ,,
,113.0,3,mid_range,Listing:45221822,,,Listing,45221822,4.65,Căn hộ,,
,44.8,2,affordable,Listing:45118179,,,Listing,45118179,1.33,Căn hộ,,
,72.3,3,mid_range,Listing:45109833,,,Listing,45109833,3.96,Nhà phố,,
,25.5,1,affordable,Listing:44762633,,,Listing,44762633,2.22,Căn hộ,,
,84.2,1,mid_range,Listing:45139928,,,Listing,45139928,3.17,Đất nền,,
,83.8,1,affordable,Listing:45170694,,,Listing,45170694,2.89,Đất nền,,
,30.8,2,affordable,Listing:37920615,,,Listing,37920615,1.42,Đất nền,,
,99.4,5,mid_range,Listing:45214509,,,Listing,45214509,6.45,Nhà phố,,
,120.4,4,mid_range,Listing:45218797,,,Listing,45218797,7.78,Căn hộ,,
,127.2,4,mid_range,Listing:45188401,,,Listing,45188401,7.26,Nhà phố,,
,99.4,1,mid_range,Listing:45027406,,,Listing,45027406,5.49,Căn hộ,,
,55.2,3,affordable,Listing:42599412,,,Listing,42599412,2.48,Đất nền,,
,107.5,4,mid_range,Listing:45245657,,,Listing,45245657,6.83,Căn hộ,,
,121.8,4,mid_range,Listing:45266012,,,Listing,45266012,7.91,Căn hộ,,
,60.2,4,affordable,Listing:45266829,,,Listing,45266829,2.93,Căn hộ,,
,28.6,1,affordable,Listing:45171748,,,Listing,45171748,1.33,Đất nền,,
,55.7,2,affordable,Listing:45234494,,,Listing,45234494,1.35,Căn hộ,,
,61.6,2,mid_range,Listing:45251894,,,Listing,45251894,3.03,Nhà phố,,
,107.4,3,mid_range,Listing:45138363,,,Listing,45138363,6.48,Căn hộ,,
,77.1,0,affordable,Listing:45221020,,,Listing,45221020,1.24,Nhà phố,,
,43.2,3,affordable,Listing:45164769,,,Listing,45164769,1.45,Biệt thự,,
,296.2,6,luxury,Listing:44586946,,,Listing,44586946,23.22,Căn hộ,,
,83.0,2,mid_range,Listing:43695382,,,Listing,43695382,4.57,Nhà phố,,
,46.0,1,affordable,Listing:45246408,,,Listing,45246408,1.22,Căn hộ,,
,291.3,6,luxury,Listing:42423444,,,Listing,42423444,22.26,Biệt thự,,
,95.1,3,affordable,Listing:45164575,,,Listing,45164575,2.04,Căn hộ,,
,87.3,3,affordable,Listing:45233274,,,Listing,45233274,2.95,Nhà phố,,
,368.2,6,luxury,Listing:44945202,,,Listing,44945202,28.69,Căn hộ,,
,122.5,4,mid_range,Listing:45233008,,,Listing,45233008,6.15,Căn hộ,,
,34.9,3,affordable,Listing:45170798,,,Listing,45170798,1.7,Căn hộ,,
,188.5,6,luxury,Listing:45209347,,,Listing,45209347,15.22,Căn hộ,,
,82.8,2,mid_range,Listing:45232003,,,Listing,45232003,4.19,Căn hộ,,
,310.7,6,luxury,Listing:45191674,,,Listing,45191674,23.8,Đất nền,,
,51.8,3,affordable,Listing:44960303,,,Listing,44960303,1.57,Biệt thự,,
,82.3,3,mid_range,Listing:45227137,,,Listing,45227137,3.74,Căn hộ,,
,87.5,2,affordable,Listing:44285831,,,Listing,44285831,1.96,Nhà phố,,
,42.4,3,affordable,Listing:45176118,,,Listing,45176118,2.34,Căn hộ,,
,57.9,0,affordable,Listing:44708079,,,Listing,44708079,1.26,Căn hộ,,
,37.9,3,affordable,Listing:44869380,,,Listing,44869380,1.55,Đất nền,,
,62.3,2,affordable,Listing:45215745,,,Listing,45215745,1.83,Đất nền,,
,86.3,1,affordable,Listing:44490909,,,Listing,44490909,2.52,Căn hộ,,
,55.2,1,affordable,Listing:45195893,,,Listing,45195893,2.06,Căn hộ,,
,60.9,2,affordable,Listing:44085270,,,Listing,44085270,1.26,Căn hộ,,
,51.9,1,affordable,Listing:45188258,,,Listing,45188258,2.37,Căn hộ,,
,91.8,2,mid_range,Listing:45179572,,,Listing,45179572,3.66,Căn hộ,,
,104.3,5,mid_range,Listing:44391654,,,Listing,44391654,7.15,Căn hộ,,
,120.2,2,mid_range,Listing:43684389,,,Listing,43684389,6.64,Căn hộ,,
,46.3,3,affordable,Listing:45263166,,,Listing,45263166,1.43,Căn hộ,,
,63.4,1,affordable,Listing:45255723,,,Listing,45255723,1.94,Nhà phố,,
,52.6,0,affordable,Listing:43684138,,,Listing,43684138,1.83,Căn hộ,,
,68.8,3,affordable,Listing:45138441,,,Listing,45138441,2.87,Nhà phố,,
,63.3,2,affordable,Listing:45180580,,,Listing,45180580,1.46,Đất nền,,
,53.6,2,affordable,Listing:45266795,,,Listing,45266795,2.66,Nhà phố,,
,109.0,5,mid_range,Listing:44604418,,,Listing,44604418,6.81,Đất nền,,
,390.1,6,luxury,Listing:45132003,,,Listing,45132003,29.73,Nhà phố,,
,210.1,6,luxury,Listing:44041038,,,Listing,44041038,11.68,Căn hộ,,
,215.9,6,luxury,Listing:45271919,,,Listing,45271919,15.63,Nhà phố,,
,116.4,5,mid_range,Listing:45268389,,,Listing,45268389,6.94,Đất nền,,
,115.8,4,mid_range,Listing:45250947,,,Listing,45250947,7.9,Căn hộ,,
,56.8,4,affordable,Listing:45147770,,,Listing,45147770,2.78,Đất nền,,
,116.6,3,mid_range,Listing:45060998,,,Listing,45060998,4.36,Căn hộ,,
,46.2,2,affordable,Listing:45257856,,,Listing,45257856,1.95,Căn hộ,,
,41.6,2,affordable,Listing:44559172,,,Listing,44559172,1.32,Căn hộ,,
,79.6,3,affordable,Listing:44817698,,,Listing,44817698,1.69,Đất nền,,
,130.4,5,mid_range,Listing:44066956,,,Listing,44066956,5.82,Căn hộ,,
,41.2,3,affordable,Listing:45236779,,,Listing,45236779,1.73,Căn hộ,,
,124.5,5,mid_range,Listing:44838130,,,Listing,44838130,7.25,Nhà phố,,
,76.6,1,affordable,Listing:44624983,,,Listing,44624983,2.83,Đất nền,,
,49.0,2,affordable,Listing:45075817,,,Listing,45075817,2.04,Nhà phố,,
,143.8,3,mid_range,Listing:45075802,,,Listing,45075802,6.6,Căn hộ,,
,92.5,3,mid_range,Listing:45019732,,,Listing,45019732,3.68,Căn hộ,,
,20.0,2,affordable,Listing:44562429,,,Listing,44562429,1.68,Căn hộ,,
,97.9,4,mid_range,Listing:45072577,,,Listing,45072577,5.3,Biệt thự,,
,118.6,5,mid_range,Listing:45255747,,,Listing,45255747,7.31,Nhà phố,,
,81.2,1,affordable,Listing:45236207,,,Listing,45236207,1.22,Căn hộ,,
,68.6,1,affordable,Listing:45071367,,,Listing,45071367,1.26,Căn hộ,,
,31.9,2,affordable,Listing:44753008,,,Listing,44753008,1.24,Nhà phố,,
,93.6,4,mid_range,Listing:45231504,,,Listing,45231504,3.72,Nhà phố,,
,172.6,6,luxury,Listing:44106049,,,Listing,44106049,11.07,Đất nền,,
,60.7,3,affordable,Listing:45252747,,,Listing,45252747,2.25,Nhà phố,,
,47.9,1,affordable,Listing:43698090,,,Listing,43698090,1.4,Nhà phố,,
,84.6,1,affordable,Listing:43775385,,,Listing,43775385,2.52,Nhà phố,,
,92.3,3,mid_range,Listing:44574182,,,Listing,44574182,4.54,Nhà phố,,
,60.7,3,affordable,Listing:44949894,,,Listing,44949894,2.43,Nhà phố,,
,68.2,2,affordable,Listing:45256206,,,Listing,45256206,2.82,Căn hộ,,
,36.0,2,affordable,Listing:45124344,,,Listing,45124344,1.27,Nhà phố,,
,76.3,2,affordable,Listing:44522419,,,Listing,44522419,2.83,Biệt thự,,
,347.8,6,luxury,Listing:44014157,,,Listing,44014157,25.51,Nhà phố,,
,315.5,6,luxury,Listing:44963713,,,Listing,44963713,22.87,Nhà phố,,
,31.6,3,affordable,Listing:45091488,,,Listing,45091488,2.2,Đất nền,,
,60.7,4,affordable,Listing:45069226,,,Listing,45069226,2.53,Nhà phố,,
,72.5,3,affordable,Listing:43533970,,,Listing,43533970,2.49,Căn hộ,,
,62.8,1,affordable,Listing:45214659,,,Listing,45214659,2.98,Căn hộ,,
,306.6,6,luxury,Listing:44427695,,,Listing,44427695,23.98,Nhà phố,,
,174.7,5,luxury,Listing:44934839,,,Listing,44934839,10.36,Căn hộ,,
,139.1,5,mid_range,Listing:45085092,,,Listing,45085092,7.54,Căn hộ,,
,69.6,3,affordable,Listing:44577814,,,Listing,44577814,2.67,Nhà phố,,
,83.3,2,affordable,Listing:44935352,,,Listing,44935352,2.54,Nhà phố,,
,45.7,1,affordable,Listing:45240798,,,Listing,45240798,2.07,Căn hộ,,
,65.6,2,mid_range,Listing:45111612,,,Listing,45111612,3.46,Nhà phố,,
,26.6,3,mid_range,Listing:44623799,,,Listing,44623799,3.64,Nhà phố,,
,88.4,4,mid_range,Listing:45261802,,,Listing,45261802,4.17,Căn hộ,,
,79.2,1,affordable,Listing:40679443,,,Listing,40679443,2.71,Nhà phố,,
,76.6,3,affordable,Listing:44818877,,,Listing,44818877,2.62,Nhà phố,,
,295.0,6,luxury,Listing:41078865,,,Listing,41078865,18.98,Căn hộ,,
,48.1,3,affordable,Listing:45143889,,,Listing,45143889,2.97,Biệt thự,,
,85.6,3,mid_range,Listing:39465019,,,Listing,39465019,3.1,Biệt thự,,
,68.1,2,affordable,Listing:45256332,,,Listing,45256332,2.08,Nhà phố,,
,35.6,1,affordable,Listing:43862357,,,Listing,43862357,2.39,Căn hộ,,
,69.6,2,affordable,Listing:45252566,,,Listing,45252566,2.91,Căn hộ,,
,53.3,2,affordable,Listing:45255230,,,Listing,45255230,1.58,Căn hộ,,
,164.1,6,luxury,Listing:44598931,,,Listing,44598931,10.75,Căn hộ,,
,38.7,3,affordable,Listing:45263425,,,Listing,45263425,2.35,Biệt thự,,
,231.1,6,luxury,Listing:44854353,,,Listing,44854353,15.53,Nhà phố,,
,61.7,3,affordable,Listing:44953673,,,Listing,44953673,2.74,Đất nền,,
,79.4,2,affordable,Listing:44341133,,,Listing,44341133,2.81,Biệt thự,,
,81.9,2,mid_range,Listing:43469104,,,Listing,43469104,3.99,Nhà phố,,
,78.4,4,mid_range,Listing:44759145,,,Listing,44759145,4.13,Căn hộ,,
,141.3,6,mid_range,Listing:45189288,,,Listing,45189288,7.11,Nhà phố,,
,76.9,3,affordable,Listing:45222094,,,Listing,45222094,1.69,Căn hộ,,
,113.0,6,mid_range,Listing:45193853,,,Listing,45193853,7.67,Căn hộ,,
,69.2,3,affordable,Listing:44684469,,,Listing,44684469,2.82,Căn hộ,,
,291.2,6,luxury,Listing:45272297,,,Listing,45272297,21.53,Căn hộ,,
,74.8,3,affordable,Listing:45198154,,,Listing,45198154,2.26,Căn hộ,,
,71.5,3,affordable,Listing:45005416,,,Listing,45005416,1.82,Căn hộ,,
,43.2,3,affordable,Listing:45246125,,,Listing,45246125,1.82,Căn hộ,,
,46.1,1,affordable,Listing:45103700,,,Listing,45103700,2.58,Căn hộ,,
,89.5,2,mid_range,Listing:44615878,,,Listing,44615878,5.08,Căn hộ,,
,51.9,2,affordable,Listing:40970351,,,Listing,40970351,2.3,Căn hộ,,
,63.0,2,affordable,Listing:45124613,,,Listing,45124613,2.33,Nhà phố,,
,125.0,5,mid_range,Listing:44832555,,,Listing,44832555,7.52,Căn hộ,,
,125.7,5,mid_range,Listing:45190193,,,Listing,45190193,7.64,Căn hộ,,
,36.5,0,affordable,Listing:45190237,,,Listing,45190237,1.38,Căn hộ,,
,47.0,2,affordable,Listing:45190476,,,Listing,45190476,2.22,Căn hộ,,
,68.0,2,affordable,Listing:45266627,,,Listing,45266627,2.02,Căn hộ,,
,83.4,4,mid_range,Listing:44432931,,,Listing,44432931,3.32,Căn hộ,,
,227.1,6,luxury,Listing:44532175,,,Listing,44532175,15.43,Nhà phố,,
,118.4,6,mid_range,Listing:45265868,,,Listing,45265868,7.52,Nhà phố,,
,64.9,3,affordable,Listing:45257511,,,Listing,45257511,2.42,Nhà phố,,
,90.9,3,mid_range,Listing:45267874,,,Listing,45267874,5.4,Đất nền,,
,83.8,3,affordable,Listing:43472386,,,Listing,43472386,2.63,Đất nền,,
,167.0,6,luxury,Listing:45261598,,,Listing,45261598,10.82,Biệt thự,,
,57.5,1,affordable,Listing:45271863,,,Listing,45271863,1.65,Đất nền,,
,77.6,2,affordable,Listing:42188831,,,Listing,42188831,2.13,Căn hộ,,
,108.6,5,mid_range,Listing:45262674,,,Listing,45262674,6.71,Nhà phố,,
,41.7,3,affordable,Listing:45239181,,,Listing,45239181,2.56,Căn hộ,,
,91.5,5,mid_range,Listing:43888979,,,Listing,43888979,6.21,Căn hộ,,
,112.6,4,mid_range,Listing:44066039,,,Listing,44066039,6.09,Nhà phố,,
,44.8,2,affordable,Listing:45050264,,,Listing,45050264,1.38,Căn hộ,,
,72.2,2,affordable,Listing:44990569,,,Listing,44990569,2.67,Đất nền,,
,87.3,2,mid_range,Listing:45251079,,,Listing,45251079,3.46,Căn hộ,,
,60.4,2,affordable,Listing:45235483,,,Listing,45235483,2.5,Nhà phố,,
,80.3,3,mid_range,Listing:45267067,,,Listing,45267067,4.7,Căn hộ,,
,92.9,5,mid_range,Listing:45261487,,,Listing,45261487,4.77,Căn hộ,,
,376.7,6,luxury,Listing:43593699,,,Listing,43593699,26.71,Nhà phố,,
,129.5,4,mid_range,Listing:44784199,,,Listing,44784199,5.3,Căn hộ,,
,63.2,2,affordable,Listing:44744909,,,Listing,44744909,2.96,Căn hộ,,
,157.7,6,luxury,Listing:45271541,,,Listing,45271541,8.7,Biệt thự,,
,30.8,1,affordable,Listing:45007611,,,Listing,45007611,1.38,Căn hộ,,
,262.7,6,luxury,Listing:45083934,,,Listing,45083934,19.45,Đất nền,,
,359.9,6,luxury,Listing:45189695,,,Listing,45189695,25.59,Đất nền,,
,366.6,6,luxury,Listing:45270893,,,Listing,45270893,29.0,Nhà phố,,
,60.8,3,affordable,Listing:45261561,,,Listing,45261561,2.7,Biệt thự,,
,68.8,0,affordable,Listing:45016136,,,Listing,45016136,1.25,Nhà phố,,
,59.7,3,mid_range,Listing:45128430,,,Listing,45128430,3.01,Căn hộ,,
,139.8,5,mid_range,Listing:45151591,,,Listing,45151591,7.8,Nhà phố,,
,248.8,6,luxury,Listing:42379055,,,Listing,42379055,16.82,Căn hộ,,
,68.9,2,affordable,Listing:45190446,,,Listing,45190446,1.62,Căn hộ,,
,50.0,3,affordable,Listing:45146834,,,Listing,45146834,2.58,Đất nền,,
,57.2,2,affordable,Listing:45261209,,,Listing,45261209,2.41,Biệt thự,,
,68.3,3,mid_range,Listing:44443389,,,Listing,44443389,5.52,Nhà phố,,
,102.3,4,mid_range,Listing:45054943,,,Listing,45054943,7.9,Nhà phố,,
,65.8,3,affordable,Listing:45159682,,,Listing,45159682,1.78,Căn hộ,,
,101.6,6,mid_range,Listing:43906503,,,Listing,43906503,6.41,Đất nền,,
,101.6,2,affordable,Listing:45270265,,,Listing,45270265,2.9,Căn hộ,,
,142.5,6,mid_range,Listing:44150181,,,Listing,44150181,7.49,Nhà phố,,
,55.2,4,affordable,Listing:45004899,,,Listing,45004899,1.96,Căn hộ,,
,48.2,1,affordable,Listing:45089167,,,Listing,45089167,2.25,Căn hộ,,
,66.4,2,affordable,Listing:44153316,,,Listing,44153316,1.71,Nhà phố,,
,69.8,2,affordable,Listing:45261902,,,Listing,45261902,2.84,Căn hộ,,
,55.8,3,affordable,Listing:44435880,,,Listing,44435880,2.29,Nhà phố,,
,101.6,5,mid_range,Listing:43981180,,,Listing,43981180,4.72,Căn hộ,,
,108.3,4,mid_range,Listing:44951460,,,Listing,44951460,6.97,Căn hộ,,
,90.5,2,affordable,Listing:44942944,,,Listing,44942944,2.23,Căn hộ,,
,221.1,6,luxury,Listing:45258990,,,Listing,45258990,15.89,Căn hộ,,
,87.9,0,affordable,Listing:45232770,,,Listing,45232770,1.75,Căn hộ,,
,69.5,3,mid_range,Listing:43832511,,,Listing,43832511,4.25,Biệt thự,,
,107.5,5,mid_range,Listing:45262066,,,Listing,45262066,6.59,Căn hộ,,
,63.0,3,affordable,Listing:45064702,,,Listing,45064702,1.87,Căn hộ,,
,69.0,2,affordable,Listing:44335025,,,Listing,44335025,2.3,Căn hộ,,
,68.2,2,affordable,Listing:43775873,,,Listing,43775873,1.25,Đất nền,,
,83.0,1,affordable,Listing:44965701,,,Listing,44965701,1.59,Đất nền,,
,102.3,4,mid_range,Listing:43172287,,,Listing,43172287,6.54,Căn hộ,,
,216.8,6,luxury,Listing:44222475,,,Listing,44222475,15.4,Căn hộ,,
,53.6,3,mid_range,Listing:42806581,,,Listing,42806581,3.64,Căn hộ,,
,158.2,5,luxury,Listing:43467650,,,Listing,43467650,8.34,Nhà phố,,
,161.6,5,luxury,Listing:43903589,,,Listing,43903589,9.55,Đất nền,,
,40.6,2,affordable,Listing:43720201,,,Listing,43720201,2.46,Căn hộ,,
,54.8,2,affordable,Listing:40901271,,,Listing,40901271,2.44,Căn hộ,,
,98.9,3,mid_range,Listing:45083831,,,Listing,45083831,5.03,Căn hộ,,
,39.4,4,affordable,Listing:45247724,,,Listing,45247724,1.74,Biệt thự,,
,85.2,4,mid_range,Listing:43238341,,,Listing,43238341,5.57,Nhà phố,,
,113.8,4,luxury,Listing:42527051,,,Listing,42527051,8.3,Nhà phố,,
,122.7,4,mid_range,Listing:44140279,,,Listing,44140279,5.77,Căn hộ,,
,99.7,3,affordable,Listing:43931812,,,Listing,43931812,2.72,Căn hộ,,
,34.5,0,affordable,Listing:43376549,,,Listing,43376549,1.53,Nhà phố,,
,91.4,0,affordable,Listing:44825135,,,Listing,44825135,1.63,Căn hộ,,
,62.6,2,affordable,Listing:44819746,,,Listing,44819746,2.94,Căn hộ,,
,58.7,3,affordable,Listing:43598350,,,Listing,43598350,2.61,Căn hộ,,
,85.6,2,affordable,Listing:45231497,,,Listing,45231497,2.85,Đất nền,,
,55.7,2,affordable,Listing:45253348,,,Listing,45253348,2.29,Đất nền,,
,98.4,3,mid_range,Listing:44810753,,,Listing,44810753,5.35,Căn hộ,,
,224.8,6,luxury,Listing:44865186,,,Listing,44865186,14.88,Căn hộ,,
,30.6,3,affordable,Listing:44773630,,,Listing,44773630,1.37,Nhà phố,,
,75.7,0,affordable,Listing:43122633,,,Listing,43122633,1.23,Nhà phố,,
,107.1,6,mid_range,Listing:45241403,,,Listing,45241403,7.93,Căn hộ,,
,89.1,2,affordable,Listing:45120025,,,Listing,45120025,2.23,Căn hộ,,
,46.8,2,affordable,Listing:45076045,,,Listing,45076045,2.03,Nhà phố,,
,109.1,4,mid_range,Listing:45261455,,,Listing,45261455,6.88,Căn hộ,,
,188.6,6,luxury,Listing:45261537,,,Listing,45261537,11.53,Nhà phố,,
,68.5,3,affordable,Listing:45144378,,,Listing,45144378,2.59,Căn hộ,,
,117.4,4,mid_range,Listing:44089093,,,Listing,44089093,6.17,Đất nền,,
,179.5,6,luxury,Listing:43452916,,,Listing,43452916,11.26,Căn hộ,,
,134.4,5,mid_range,Listing:45240198,,,Listing,45240198,7.7,Căn hộ,,
,258.0,6,luxury,Listing:44734340,,,Listing,44734340,18.99,Nhà phố,,
,121.6,2,mid_range,Listing:44790560,,,Listing,44790560,4.24,Căn hộ,,
,58.4,2,affordable,Listing:43419296,,,Listing,43419296,1.46,Căn hộ,,
,62.3,1,affordable,Listing:45252887,,,Listing,45252887,1.67,Nhà phố,,
,73.8,4,mid_range,Listing:45251312,,,Listing,45251312,5.02,Nhà phố,,
,66.5,2,mid_range,Listing:45038437,,,Listing,45038437,3.21,Căn hộ,,
,51.0,0,affordable,Listing:44522452,,,Listing,44522452,1.54,Căn hộ,,
,46.6,3,affordable,Listing:44593189,,,Listing,44593189,2.17,Căn hộ,,
,47.8,5,affordable,Listing:45071210,,,Listing,45071210,2.43,Căn hộ,,
,72.0,4,affordable,Listing:45270087,,,Listing,45270087,2.57,Nhà phố,,
,54.7,4,affordable,Listing:45097287,,,Listing,45097287,2.53,Nhà phố,,
,70.0,2,affordable,Listing:45260967,,,Listing,45260967,2.55,Nhà phố,,
,104.9,3,mid_range,Listing:43786316,,,Listing,43786316,5.0,Đất nền,,
,74.7,1,affordable,Listing:45189282,,,Listing,45189282,1.23,Căn hộ,,
,197.0,6,luxury,Listing:44958409,,,Listing,44958409,11.68,Căn hộ,,
,70.4,2,affordable,Listing:45249483,,,Listing,45249483,2.58,Căn hộ,,
,96.1,4,mid_range,Listing:45189864,,,Listing,45189864,4.36,Căn hộ,,
,304.8,6,luxury,Listing:41753098,,,Listing,41753098,23.31,Căn hộ,,
,123.8,4,mid_range,Listing:44618700,,,Listing,44618700,5.13,Căn hộ,,
,68.1,1,affordable,Listing:42045091,,,Listing,42045091,1.81,Nhà phố,,
,29.8,2,affordable,Listing:45138568,,,Listing,45138568,1.34,Căn hộ,,
,53.0,1,affordable,Listing:42666931,,,Listing,42666931,1.98,Nhà phố,,
,56.3,1,affordable,Listing:44945238,,,Listing,44945238,1.43,Nhà phố,,
,50.7,1,affordable,Listing:45246198,,,Listing,45246198,1.36,Nhà phố,,
,70.5,2,affordable,Listing:45238136,,,Listing,45238136,2.67,Nhà phố,,
,46.0,1,affordable,Listing:45256356,,,Listing,45256356,1.48,Nhà phố,,
,78.0,0,affordable,Listing:45262999,,,Listing,45262999,2.13,Nhà phố,,
,83.1,5,mid_range,Listing:44763347,,,Listing,44763347,5.09,Căn hộ,,
,37.1,2,affordable,Listing:45247385,,,Listing,45247385,2.07,Căn hộ,,
,61.0,1,affordable,Listing:45220146,,,Listing,45220146,1.95,Căn hộ,,
,100.6,3,mid_range,Listing:45220153,,,Listing,45220153,3.32,Căn hộ,,
,35.0,2,affordable,Listing:45189051,,,Listing,45189051,1.25,Căn hộ,,
,58.6,3,affordable,Listing:43398089,,,Listing,43398089,2.85,Biệt thự,,
,380.8,6,luxury,Listing:45265594,,,Listing,45265594,28.38,Đất nền,,
,66.3,2,affordable,Listing:44962033,,,Listing,44962033,2.95,Căn hộ,,
,84.1,4,mid_range,Listing:44871367,,,Listing,44871367,4.07,Căn hộ,,
,118.1,4,mid_range,Listing:44018332,,,Listing,44018332,6.3,Đất nền,,
,50.5,3,affordable,Listing:43789474,,,Listing,43789474,2.94,Căn hộ,,
,383.8,6,luxury,Listing:44931890,,,Listing,44931890,29.14,Căn hộ,,
,53.7,2,affordable,Listing:44772974,,,Listing,44772974,1.23,Căn hộ,,
,336.4,6,luxury,Listing:45251495,,,Listing,45251495,26.94,Căn hộ,,
,52.1,2,affordable,Listing:45265586,,,Listing,45265586,2.96,Căn hộ,,
,112.8,4,mid_range,Listing:45229877,,,Listing,45229877,5.94,Căn hộ,,
,51.0,1,affordable,Listing:45228729,,,Listing,45228729,1.72,Căn hộ,,
,194.5,6,luxury,Listing:45224442,,,Listing,45224442,12.12,Nhà phố,,
,47.0,0,affordable,Listing:44893195,,,Listing,44893195,1.51,Đất nền,,
,150.1,5,luxury,Listing:44823131,,,Listing,44823131,10.67,Nhà phố,,
,45.1,1,affordable,Listing:43900696,,,Listing,43900696,1.6,Căn hộ,,
,154.6,6,luxury,Listing:43517731,,,Listing,43517731,11.37,Đất nền,,
,323.0,6,luxury,Listing:44960399,,,Listing,44960399,24.67,Nhà phố,,
,300.7,6,luxury,Listing:44634511,,,Listing,44634511,21.12,Căn hộ,,
,99.6,2,mid_range,Listing:44826909,,,Listing,44826909,6.04,Nhà phố,,
,90.2,3,affordable,Listing:45178137,,,Listing,45178137,1.83,Biệt thự,,
,50.7,1,affordable,Listing:45270308,,,Listing,45270308,1.29,Nhà phố,,
,112.7,6,mid_range,Listing:44877964,,,Listing,44877964,5.58,Nhà phố,,
,53.9,2,affordable,Listing:45223747,,,Listing,45223747,1.53,Nhà phố,,
,71.8,3,affordable,Listing:45251169,,,Listing,45251169,1.89,Căn hộ,,
,97.2,3,affordable,Listing:45243923,,,Listing,45243923,2.61,Căn hộ,,
,154.1,6,luxury,Listing:45206703,,,Listing,45206703,9.52,Nhà phố,,
,79.3,2,affordable,Listing:45206360,,,Listing,45206360,2.45,Căn hộ,,
,76.0,4,mid_range,Listing:45263608,,,Listing,45263608,3.37,Biệt thự,,
,367.8,6,luxury,Listing:44829409,,,Listing,44829409,28.91,Nhà phố,,
,36.1,0,affordable,Listing:44687572,,,Listing,44687572,1.7,Căn hộ,,
,71.0,3,affordable,Listing:45007564,,,Listing,45007564,1.64,Căn hộ,,
,129.5,4,mid_range,Listing:44046412,,,Listing,44046412,5.76,Căn hộ,,
,232.8,6,luxury,Listing:44751278,,,Listing,44751278,17.5,Căn hộ,,
,66.1,2,affordable,Listing:45191822,,,Listing,45191822,2.86,Biệt thự,,
,159.6,6,luxury,Listing:45259017,,,Listing,45259017,8.13,Nhà phố,,
,92.6,2,mid_range,Listing:45155867,,,Listing,45155867,4.75,Căn hộ,,
,61.7,3,affordable,Listing:45260350,,,Listing,45260350,2.54,Nhà phố,,
,37.2,3,affordable,Listing:45252083,,,Listing,45252083,2.78,Nhà phố,,
,55.3,4,affordable,Listing:44837428,,,Listing,44837428,2.63,Căn hộ,,
,61.9,3,affordable,Listing:44812725,,,Listing,44812725,2.81,Căn hộ,,
,74.2,1,mid_range,Listing:45247851,,,Listing,45247851,4.56,Nhà phố,,
,61.0,1,affordable,Listing:45265219,,,Listing,45265219,1.43,Căn hộ,,
,72.5,2,affordable,Listing:41002296,,,Listing,41002296,2.53,Căn hộ,,
,104.7,3,mid_range,Listing:45167074,,,Listing,45167074,4.65,Căn hộ,,
,378.8,6,luxury,Listing:44963337,,,Listing,44963337,28.37,Nhà phố,,
,57.9,2,affordable,Listing:40484691,,,Listing,40484691,2.1,Căn hộ,,
,407.4,6,luxury,Listing:45266745,,,Listing,45266745,29.01,Căn hộ,,
,68.4,2,affordable,Listing:45265897,,,Listing,45265897,2.45,Căn hộ,,
,51.2,1,affordable,Listing:45257827,,,Listing,45257827,1.66,Đất nền,,
,66.3,3,affordable,Listing:42886620,,,Listing,42886620,2.61,Căn hộ,,
,56.6,2,affordable,Listing:45140058,,,Listing,45140058,2.39,Căn hộ,,
,95.9,5,mid_range,Listing:44718946,,,Listing,44718946,3.78,Nhà phố,,
,49.2,2,affordable,Listing:45051736,,,Listing,45051736,1.5,Căn hộ,,
,80.5,4,mid_range,Listing:44964591,,,Listing,44964591,3.78,Đất nền,,
,62.2,2,affordable,Listing:45075183,,,Listing,45075183,1.47,Căn hộ,,
,61.6,0,affordable,Listing:45181136,,,Listing,45181136,1.55,Nhà phố,,
,87.6,4,mid_range,Listing:44468892,,,Listing,44468892,6.64,Căn hộ,,
,88.2,4,mid_range,Listing:41212871,,,Listing,41212871,5.36,Căn hộ,,
,63.4,2,affordable,Listing:45259507,,,Listing,45259507,1.26,Căn hộ,,
,51.2,1,affordable,Listing:44226284,,,Listing,44226284,1.62,Biệt thự,,
,121.6,4,mid_range,Listing:45255987,,,Listing,45255987,7.24,Căn hộ,,
,111.8,3,mid_range,Listing:45259007,,,Listing,45259007,6.31,Đất nền,,
,61.3,1,affordable,Listing:44935139,,,Listing,44935139,1.94,Căn hộ,,
,65.4,2,affordable,Listing:45134992,,,Listing,45134992,2.61,Căn hộ,,
,53.8,1,affordable,Listing:44261451,,,Listing,44261451,1.36,Đất nền,,
,59.7,1,affordable,Listing:45148623,,,Listing,45148623,1.22,Căn hộ,,
,64.6,1,affordable,Listing:45065540,,,Listing,45065540,2.89,Căn hộ,,
,120.6,5,mid_range,Listing:43821501,,,Listing,43821501,7.52,Căn hộ,,
,142.9,6,mid_range,Listing:44712145,,,Listing,44712145,7.88,Nhà phố,,
,304.0,6,luxury,Listing:45264215,,,Listing,45264215,19.92,Căn hộ,,
,175.5,6,luxury,Listing:45096611,,,Listing,45096611,10.01,Căn hộ,,
,78.9,1,affordable,Listing:45269471,,,Listing,45269471,2.61,Căn hộ,,
,20.0,3,affordable,Listing:44756621,,,Listing,44756621,1.55,Căn hộ,,
,75.2,1,affordable,Listing:45197239,,,Listing,45197239,1.45,Căn hộ,,
,57.6,4,affordable,Listing:45253524,,,Listing,45253524,2.96,Căn hộ,,
,109.3,4,mid_range,Listing:44448600,,,Listing,44448600,5.88,Căn hộ,,
,67.8,1,affordable,Listing:44838709,,,Listing,44838709,1.73,Đất nền,,
,55.8,0,affordable,Listing:42298790,,,Listing,42298790,2.31,Đất nền,,
,125.7,6,mid_range,Listing:45052349,,,Listing,45052349,6.95,Đất nền,,
,56.9,3,affordable,Listing:42539528,,,Listing,42539528,2.2,Nhà phố,,
,64.7,2,affordable,Listing:45260718,,,Listing,45260718,1.29,Nhà phố,,
,85.7,1,affordable,Listing:45269276,,,Listing,45269276,2.81,Nhà phố,,
,62.9,2,affordable,Listing:45265683,,,Listing,45265683,1.64,Căn hộ,,
,58.3,3,affordable,Listing:44909045,,,Listing,44909045,1.52,Căn hộ,,
,157.8,6,mid_range,Listing:45268965,,,Listing,45268965,7.95,Đất nền,,
,49.8,1,affordable,Listing:43115714,,,Listing,43115714,2.83,Đất nền,,
,49.7,2,affordable,Listing:45198685,,,Listing,45198685,1.89,Nhà phố,,
,100.9,4,mid_range,Listing:45054263,,,Listing,45054263,3.41,Căn hộ,,
,52.1,1,affordable,Listing:39387596,,,Listing,39387596,1.35,Căn hộ,,
,73.6,2,affordable,Listing:45125918,,,Listing,45125918,2.34,Căn hộ,,
,77.2,1,affordable,Listing:44241399,,,Listing,44241399,2.33,Căn hộ,,
,46.4,1,affordable,Listing:44477261,,,Listing,44477261,1.44,Biệt thự,,
,38.3,3,affordable,Listing:44597730,,,Listing,44597730,1.85,Căn hộ,,
,117.3,3,mid_range,Listing:45050256,,,Listing,45050256,6.99,Nhà phố,,
,71.9,3,affordable,Listing:44570832,,,Listing,44570832,2.24,Nhà phố,,
,72.9,1,affordable,Listing:45082533,,,Listing,45082533,1.35,Căn hộ,,
,102.3,4,mid_range,Listing:44871874,,,Listing,44871874,3.87,Căn hộ,,
,70.0,0,affordable,Listing:45187163,,,Listing,45187163,1.52,Nhà phố,,
,50.4,1,affordable,Listing:45201015,,,Listing,45201015,2.21,Nhà phố,,
,100.6,2,affordable,Listing:45159575,,,Listing,45159575,2.65,Nhà phố,,
,40.5,3,affordable,Listing:44936128,,,Listing,44936128,1.35,Đất nền,,
,40.9,3,affordable,Listing:45036689,,,Listing,45036689,1.26,Nhà phố,,
,105.0,3,mid_range,Listing:44939112,,,Listing,44939112,5.97,Căn hộ,,
,119.0,4,mid_range,Listing:44798297,,,Listing,44798297,7.49,Đất nền,,
,57.1,2,affordable,Listing:44242335,,,Listing,44242335,1.46,Nhà phố,,
,64.6,3,affordable,Listing:44053901,,,Listing,44053901,2.87,Căn hộ,,
,137.3,6,mid_range,Listing:43459744,,,Listing,43459744,7.15,Đất nền,,
,44.2,2,mid_range,Listing:43152347,,,Listing,43152347,3.03,Biệt thự,,
,145.6,5,mid_range,Listing:43258837,,,Listing,43258837,7.14,Căn hộ,,
,83.3,4,mid_range,Listing:45237993,,,Listing,45237993,3.4,Căn hộ,,
,92.2,2,mid_range,Listing:43110040,,,Listing,43110040,4.14,Biệt thự,,
,104.8,4,mid_range,Listing:44966803,,,Listing,44966803,7.15,Căn hộ,,
,47.2,4,affordable,Listing:44867301,,,Listing,44867301,1.4,Đất nền,,
,66.9,0,mid_range,Listing:45157460,,,Listing,45157460,3.18,Biệt thự,,
,50.9,2,affordable,Listing:44952277,,,Listing,44952277,1.59,Căn hộ,,
,58.2,1,affordable,Listing:45251488,,,Listing,45251488,1.64,Căn hộ,,
,74.0,1,affordable,Listing:45128578,,,Listing,45128578,1.87,Nhà phố,,
,69.3,0,affordable,Listing:45070876,,,Listing,45070876,2.6,Nhà phố,,
,74.0,4,affordable,Listing:45253987,,,Listing,45253987,2.96,Căn hộ,,
,50.7,1,affordable,Listing:44810953,,,Listing,44810953,1.27,Căn hộ,,
,62.7,2,affordable,Listing:44914549,,,Listing,44914549,1.79,Căn hộ,,
,84.9,4,affordable,Listing:45251420,,,Listing,45251420,2.43,Căn hộ,,
,51.5,3,affordable,Listing:45077787,,,Listing,45077787,2.59,Căn hộ,,
,29.3,4,affordable,Listing:43544584,,,Listing,43544584,1.37,Căn hộ,,
,76.9,2,affordable,Listing:44976353,,,Listing,44976353,2.08,Nhà phố,,
,55.4,3,affordable,Listing:43612771,,,Listing,43612771,2.0,Căn hộ,,
,74.7,2,affordable,Listing:45237440,,,Listing,45237440,2.37,Căn hộ,,
,99.5,4,mid_range,Listing:45139147,,,Listing,45139147,5.58,Căn hộ,,
,59.8,2,affordable,Listing:45256975,,,Listing,45256975,2.57,Biệt thự,,
,291.5,6,luxury,Listing:45141560,,,Listing,45141560,22.34,Căn hộ,,
,38.2,4,mid_range,Listing:45154817,,,Listing,45154817,3.24,Đất nền,,
,69.5,1,affordable,Listing:44953962,,,Listing,44953962,1.42,Căn hộ,,
,54.7,4,affordable,Listing:44469361,,,Listing,44469361,2.87,Căn hộ,,
,73.0,2,affordable,Listing:44994255,,,Listing,44994255,1.94,Căn hộ,,
,230.2,6,luxury,Listing:45264351,,,Listing,45264351,17.15,Căn hộ,,
,71.7,1,mid_range,Listing:45259731,,,Listing,45259731,3.37,Nhà phố,,
,71.8,1,affordable,Listing:45183606,,,Listing,45183606,1.6,Nhà phố,,
,64.6,0,affordable,Listing:45265156,,,Listing,45265156,1.4,Nhà phố,,
,65.9,2,affordable,Listing:45056721,,,Listing,45056721,1.89,Đất nền,,
,105.5,6,mid_range,Listing:44334211,,,Listing,44334211,7.77,Nhà phố,,
,217.9,6,luxury,Listing:45162550,,,Listing,45162550,15.77,Căn hộ,,
,115.6,5,mid_range,Listing:45222776,,,Listing,45222776,7.56,Căn hộ,,
,106.7,4,mid_range,Listing:45268380,,,Listing,45268380,4.96,Nhà phố,,
,63.2,1,affordable,Listing:45125514,,,Listing,45125514,1.78,Đất nền,,
,85.2,3,mid_range,Listing:45090623,,,Listing,45090623,5.79,Nhà phố,,
,78.5,2,affordable,Listing:44998731,,,Listing,44998731,2.72,Nhà phố,,
,211.8,6,luxury,Listing:45256036,,,Listing,45256036,16.14,Biệt thự,,
,137.2,6,luxury,Listing:44101006,,,Listing,44101006,10.07,Căn hộ,,
,58.5,2,affordable,Listing:44826933,,,Listing,44826933,2.0,Căn hộ,,
,61.9,3,affordable,Listing:45253260,,,Listing,45253260,2.58,Nhà phố,,
,101.5,4,mid_range,Listing:44871995,,,Listing,44871995,5.67,Biệt thự,,
,49.0,3,affordable,Listing:45267919,,,Listing,45267919,1.86,Căn hộ,,
,109.1,4,mid_range,Listing:45256662,,,Listing,45256662,4.39,Căn hộ,,
,401.4,6,luxury,Listing:45249214,,,Listing,45249214,29.0,Đất nền,,
,81.4,3,affordable,Listing:45264890,,,Listing,45264890,2.89,Nhà phố,,
,37.8,2,affordable,Listing:43411719,,,Listing,43411719,1.5,Căn hộ,,
,44.1,2,affordable,Listing:44952474,,,Listing,44952474,2.16,Căn hộ,,
,37.6,2,affordable,Listing:45266718,,,Listing,45266718,1.73,Căn hộ,,
,71.9,1,affordable,Listing:45269042,,,Listing,45269042,2.26,Đất nền,,
,85.1,4,mid_range,Listing:44974281,,,Listing,44974281,5.45,Đất nền,,
,106.0,5,mid_range,Listing:45201395,,,Listing,45201395,6.04,Nhà phố,,
,70.9,2,affordable,Listing:44146411,,,Listing,44146411,1.22,Căn hộ,,
,39.7,5,affordable,Listing:45266757,,,Listing,45266757,1.87,Căn hộ,,
,64.2,3,affordable,Listing:45259366,,,Listing,45259366,2.91,Căn hộ,,
,96.3,2,mid_range,Listing:43136703,,,Listing,43136703,3.72,Căn hộ,,
,70.1,1,affordable,Listing:44908692,,,Listing,44908692,2.38,Căn hộ,,
,103.1,2,mid_range,Listing:44490870,,,Listing,44490870,5.23,Đất nền,,
,49.6,1,affordable,Listing:44930313,,,Listing,44930313,1.24,Nhà phố,,
,54.0,3,affordable,Listing:45269189,,,Listing,45269189,1.22,Căn hộ,,
,94.8,2,affordable,Listing:45058103,,,Listing,45058103,2.87,Biệt thự,,
,163.1,5,luxury,Listing:45263200,,,Listing,45263200,11.25,Đất nền,,
,62.5,3,affordable,Listing:45166701,,,Listing,45166701,1.58,Nhà phố,,
,274.3,6,luxury,Listing:45137052,,,Listing,45137052,19.71,Nhà phố,,
,65.3,3,affordable,Listing:45131129,,,Listing,45131129,2.02,Căn hộ,,
,91.8,2,mid_range,Listing:45126932,,,Listing,45126932,4.17,Nhà phố,,
,52.4,0,affordable,Listing:45243290,,,Listing,45243290,1.79,Biệt thự,,
,195.8,6,luxury,Listing:44925164,,,Listing,44925164,13.82,Nhà phố,,
,60.4,2,affordable,Listing:45269300,,,Listing,45269300,2.92,Nhà phố,,
,44.0,1,affordable,Listing:43662693,,,Listing,43662693,1.41,Căn hộ,,
,256.3,6,luxury,Listing:45169945,,,Listing,45169945,18.8,Căn hộ,,
,44.4,1,affordable,Listing:44867307,,,Listing,44867307,1.47,Nhà phố,,
,88.2,2,affordable,Listing:45142630,,,Listing,45142630,2.02,Căn hộ,,
,61.2,3,mid_range,Listing:44971549,,,Listing,44971549,4.23,Nhà phố,,
,86.9,3,mid_range,Listing:45253141,,,Listing,45253141,5.76,Căn hộ,,
,101.0,5,mid_range,Listing:45253417,,,Listing,45253417,6.8,Căn hộ,,
,50.3,2,affordable,Listing:45257227,,,Listing,45257227,2.56,Căn hộ,,
,49.4,3,affordable,Listing:45245534,,,Listing,45245534,2.37,Nhà phố,,
,87.4,2,mid_range,Listing:45232260,,,Listing,45232260,4.17,Nhà phố,,
,136.4,6,luxury,Listing:45246980,,,Listing,45246980,9.36,Nhà phố,,
,61.4,0,affordable,Listing:41340827,,,Listing,41340827,1.63,Căn hộ,,
,70.5,0,affordable,Listing:41851869,,,Listing,41851869,2.8,Nhà phố,,
,75.1,5,affordable,Listing:42006475,,,Listing,42006475,2.89,Đất nền,,
,69.7,2,affordable,Listing:43554175,,,Listing,43554175,1.64,Nhà phố,,
,87.5,3,mid_range,Listing:44420531,,,Listing,44420531,3.64,Căn hộ,,
,84.2,3,affordable,Listing:44175755,,,Listing,44175755,2.26,Căn hộ,,
,66.1,2,affordable,Listing:45108824,,,Listing,45108824,2.19,Căn hộ,,
,65.5,4,affordable,Listing:44959043,,,Listing,44959043,2.01,Căn hộ,,
,52.1,2,affordable,Listing:44588604,,,Listing,44588604,1.46,Căn hộ,,
,58.5,2,affordable,Listing:44872005,,,Listing,44872005,2.02,Căn hộ,,
,74.5,4,affordable,Listing:43734431,,,Listing,43734431,2.49,Biệt thự,,
,79.0,2,affordable,Listing:43471444,,,Listing,43471444,2.9,Biệt thự,,
,121.5,3,mid_range,Listing:43683976,,,Listing,43683976,7.19,Căn hộ,,
,66.4,5,affordable,Listing:45186591,,,Listing,45186591,2.79,Nhà phố,,
,49.6,2,affordable,Listing:43684191,,,Listing,43684191,2.2,Đất nền,,
,100.8,4,mid_range,Listing:42764854,,,Listing,42764854,3.23,Đất nền,,
,101.9,4,mid_range,Listing:43676269,,,Listing,43676269,4.95,Nhà phố,,
,106.6,2,affordable,Listing:44218641,,,Listing,44218641,2.79,Nhà phố,,
,23.9,1,affordable,Listing:45265794,,,Listing,45265794,2.07,Biệt thự,,
,62.3,2,affordable,Listing:39919262,,,Listing,39919262,2.75,Căn hộ,,
,43.4,3,affordable,Listing:45025327,,,Listing,45025327,1.59,Căn hộ,,
,86.9,3,mid_range,Listing:45025194,,,Listing,45025194,5.58,Căn hộ,,
,306.0,6,luxury,Listing:45024824,,,Listing,45024824,21.62,Biệt thự,,
,359.3,6,luxury,Listing:45021580,,,Listing,45021580,28.23,Đất nền,,
,74.7,2,affordable,Listing:45016800,,,Listing,45016800,2.79,Nhà phố,,
,49.8,1,affordable,Listing:43161586,,,Listing,43161586,1.32,Nhà phố,,
,65.5,4,affordable,Listing:45250656,,,Listing,45250656,2.81,Căn hộ,,
,51.3,2,affordable,Listing:45268404,,,Listing,45268404,1.91,Nhà phố,,
,176.9,6,luxury,Listing:45074852,,,Listing,45074852,12.24,Căn hộ,,
,98.8,4,mid_range,Listing:45054302,,,Listing,45054302,5.57,Nhà phố,,
,51.8,1,affordable,Listing:45263838,,,Listing,45263838,2.23,Căn hộ,,
,180.6,6,luxury,Listing:45088221,,,Listing,45088221,11.11,Căn hộ,,
,79.5,2,affordable,Listing:45267558,,,Listing,45267558,2.83,Căn hộ,,
,72.4,4,mid_range,Listing:44418681,,,Listing,44418681,4.07,Căn hộ,,
,36.2,2,affordable,Listing:44538130,,,Listing,44538130,1.31,Căn hộ,,
,49.3,3,affordable,Listing:42807823,,,Listing,42807823,1.33,Căn hộ,,
,105.7,4,mid_range,Listing:45256146,,,Listing,45256146,5.57,Căn hộ,,
,52.5,3,affordable,Listing:43317208,,,Listing,43317208,1.83,Căn hộ,,
,69.9,2,affordable,Listing:45256237,,,Listing,45256237,2.73,Đất nền,,
,70.7,1,affordable,Listing:44877579,,,Listing,44877579,2.94,Căn hộ,,
,72.1,4,mid_range,Listing:45211803,,,Listing,45211803,5.12,Biệt thự,,
,53.9,2,affordable,Listing:45249921,,,Listing,45249921,2.73,Căn hộ,,
,95.1,4,mid_range,Listing:45203010,,,Listing,45203010,5.02,Đất nền,,
,197.4,6,luxury,Listing:45158046,,,Listing,45158046,13.96,Nhà phố,,
,342.1,6,luxury,Listing:44732090,,,Listing,44732090,25.69,Biệt thự,,
,46.9,1,affordable,Listing:45078115,,,Listing,45078115,1.54,Biệt thự,,
,109.9,5,mid_range,Listing:45144247,,,Listing,45144247,4.51,Biệt thự,,
,324.9,6,luxury,Listing:45231927,,,Listing,45231927,24.9,Nhà phố,,
,100.7,3,mid_range,Listing:44506557,,,Listing,44506557,7.44,Nhà phố,,
,379.9,6,luxury,Listing:44597054,,,Listing,44597054,29.35,Đất nền,,
,55.0,1,affordable,Listing:45266775,,,Listing,45266775,2.34,Biệt thự,,
,73.6,3,affordable,Listing:42155983,,,Listing,42155983,1.85,Căn hộ,,
,47.3,1,affordable,Listing:44125126,,,Listing,44125126,1.87,Biệt thự,,
,266.0,6,luxury,Listing:45237769,,,Listing,45237769,17.39,Căn hộ,,
,85.3,3,affordable,Listing:45266517,,,Listing,45266517,2.73,Nhà phố,,
,36.2,4,affordable,Listing:45267284,,,Listing,45267284,1.45,Căn hộ,,
,81.7,1,mid_range,Listing:45215573,,,Listing,45215573,3.16,Căn hộ,,
,63.2,3,affordable,Listing:44743670,,,Listing,44743670,2.48,Căn hộ,,
,56.7,1,affordable,Listing:44650774,,,Listing,44650774,1.31,Nhà phố,,
,117.8,3,luxury,Listing:44947505,,,Listing,44947505,8.64,Nhà phố,,
,22.1,1,affordable,Listing:44962142,,,Listing,44962142,1.45,Căn hộ,,
,72.9,3,affordable,Listing:45241427,,,Listing,45241427,2.66,Căn hộ,,
,57.3,3,affordable,Listing:44798739,,,Listing,44798739,1.58,Đất nền,,
,56.0,2,mid_range,Listing:45234228,,,Listing,45234228,3.8,Biệt thự,,
,51.0,1,affordable,Listing:45240961,,,Listing,45240961,1.26,Căn hộ,,
,71.6,4,affordable,Listing:45054497,,,Listing,45054497,2.91,Nhà phố,,
,94.2,4,mid_range,Listing:40691400,,,Listing,40691400,4.99,Căn hộ,,
,280.8,6,luxury,Listing:44477502,,,Listing,44477502,18.46,Nhà phố,,
,83.9,5,mid_range,Listing:44783756,,,Listing,44783756,5.16,Nhà phố,,
,61.1,3,affordable,Listing:44068847,,,Listing,44068847,1.74,Nhà phố,,
,59.5,3,affordable,Listing:44870671,,,Listing,44870671,2.59,Căn hộ,,
,82.8,2,affordable,Listing:44955264,,,Listing,44955264,1.54,Nhà phố,,
,86.7,4,mid_range,Listing:45173815,,,Listing,45173815,4.17,Căn hộ,,
,72.4,3,mid_range,Listing:45256244,,,Listing,45256244,3.4,Căn hộ,,
,73.7,2,affordable,Listing:45257726,,,Listing,45257726,2.29,Căn hộ,,
,48.6,1,affordable,Listing:45256250,,,Listing,45256250,2.87,Nhà phố,,
,78.8,3,affordable,Listing:45255223,,,Listing,45255223,2.22,Căn hộ,,
,66.4,2,affordable,Listing:44745637,,,Listing,44745637,1.79,Biệt thự,,
,100.3,4,mid_range,Listing:45067608,,,Listing,45067608,5.59,Căn hộ,,
,47.7,3,affordable,Listing:44807125,,,Listing,44807125,1.97,Căn hộ,,
,46.8,0,affordable,Listing:45183992,,,Listing,45183992,2.42,Căn hộ,,
,73.4,2,affordable,Listing:45257346,,,Listing,45257346,2.92,Nhà phố,,
,47.4,2,affordable,Listing:44578203,,,Listing,44578203,1.61,Nhà phố,,
,147.7,4,luxury,Listing:45241057,,,Listing,45241057,8.17,Căn hộ,,
,69.4,3,affordable,Listing:45128273,,,Listing,45128273,2.13,Căn hộ,,
,42.1,3,affordable,Listing:45233537,,,Listing,45233537,2.25,Nhà phố,,
,58.1,1,affordable,Listing:45088537,,,Listing,45088537,2.58,Nhà phố,,
,100.3,4,mid_range,Listing:44837561,,,Listing,44837561,3.05,Căn hộ,,
,64.2,3,affordable,Listing:44958250,,,Listing,44958250,2.82,Đất nền,,
,117.1,6,mid_range,Listing:41315903,,,Listing,41315903,7.31,Nhà phố,,
,121.7,5,mid_range,Listing:45263812,,,Listing,45263812,7.11,Căn hộ,,
,110.2,6,mid_range,Listing:44475272,,,Listing,44475272,6.56,Nhà phố,,
,70.8,1,affordable,Listing:45257711,,,Listing,45257711,2.54,Căn hộ,,
,77.1,4,mid_range,Listing:45216160,,,Listing,45216160,3.65,Nhà phố,,
,68.4,1,affordable,Listing:44958480,,,Listing,44958480,2.8,Căn hộ,,
,64.5,2,affordable,Listing:45255630,,,Listing,45255630,2.99,Đất nền,,
,57.2,0,affordable,Listing:45255392,,,Listing,45255392,1.74,Căn hộ,,
,100.1,4,mid_range,Listing:45258179,,,Listing,45258179,4.65,Căn hộ,,
,94.7,3,mid_range,Listing:44385645,,,Listing,44385645,6.19,Đất nền,,
,43.7,1,affordable,Listing:45268305,,,Listing,45268305,1.65,Đất nền,,
,53.2,2,affordable,Listing:45268290,,,Listing,45268290,1.92,Đất nền,,
,60.9,0,affordable,Listing:44673778,,,Listing,44673778,2.82,Đất nền,,
,57.1,3,affordable,Listing:45267186,,,Listing,45267186,1.96,Căn hộ,,
,42.5,1,affordable,Listing:44971187,,,Listing,44971187,1.9,Nhà phố,,
,69.3,2,mid_range,Listing:45255012,,,Listing,45255012,3.78,Căn hộ,,
,58.4,2,affordable,Listing:44466877,,,Listing,44466877,1.52,Đất nền,,
,134.4,6,mid_range,Listing:45213093,,,Listing,45213093,7.54,Nhà phố,,
,47.1,1,affordable,Listing:45260759,,,Listing,45260759,1.29,Căn hộ,,
,81.2,1,affordable,Listing:44620727,,,Listing,44620727,1.78,Căn hộ,,
,84.9,1,affordable,Listing:45207563,,,Listing,45207563,2.92,Căn hộ,,
,164.5,6,luxury,Listing:44895620,,,Listing,44895620,10.48,Đất nền,,
,69.4,2,affordable,Listing:43634809,,,Listing,43634809,2.6,Căn hộ,,
,205.0,6,luxury,Listing:44112412,,,Listing,44112412,15.32,Căn hộ,,
,67.5,5,mid_range,Listing:44421523,,,Listing,44421523,5.87,Nhà phố,,
,79.0,0,affordable,Listing:43981027,,,Listing,43981027,1.81,Căn hộ,,
,54.6,2,affordable,Listing:45267976,,,Listing,45267976,1.51,Biệt thự,,
,39.6,3,affordable,Listing:45068527,,,Listing,45068527,2.07,Nhà phố,,
,95.4,3,mid_range,Listing:44430840,,,Listing,44430840,6.47,Nhà phố,,
,89.9,2,affordable,Listing:44550792,,,Listing,44550792,1.84,Căn hộ,,
,54.0,2,affordable,Listing:45166768,,,Listing,45166768,1.45,Căn hộ,,
,35.3,1,affordable,Listing:44635628,,,Listing,44635628,1.42,Căn hộ,,
,91.9,1,affordable,Listing:44826298,,,Listing,44826298,2.07,Căn hộ,,
,50.5,3,affordable,Listing:45232601,,,Listing,45232601,1.55,Biệt thự,,
,95.5,4,mid_range,Listing:45255721,,,Listing,45255721,7.02,Đất nền,,
,97.3,4,mid_range,Listing:45256231,,,Listing,45256231,4.27,Căn hộ,,
,54.7,2,affordable,Listing:44378630,,,Listing,44378630,1.97,Căn hộ,,
,203.5,6,luxury,Listing:45267208,,,Listing,45267208,13.39,Căn hộ,,
,69.3,1,affordable,Listing:45016734,,,Listing,45016734,1.59,Căn hộ,,
,23.0,3,affordable,Listing:44772828,,,Listing,44772828,1.85,Nhà phố,,
,63.1,2,affordable,Listing:44870510,,,Listing,44870510,2.46,Căn hộ,,
,52.0,3,mid_range,Listing:45210970,,,Listing,45210970,3.11,Nhà phố,,
,76.8,2,affordable,Listing:42587414,,,Listing,42587414,1.89,Đất nền,,
,60.7,2,affordable,Listing:44572247,,,Listing,44572247,1.93,Căn hộ,,
,184.0,6,luxury,Listing:45263889,,,Listing,45263889,11.49,Căn hộ,,
,60.3,4,mid_range,Listing:45065899,,,Listing,45065899,4.64,Nhà phố,,
,63.6,1,affordable,Listing:45054228,,,Listing,45054228,1.32,Căn hộ,,
,72.4,1,affordable,Listing:44755193,,,Listing,44755193,2.5,Căn hộ,,
,100.8,3,mid_range,Listing:45250288,,,Listing,45250288,3.25,Căn hộ,,
,153.4,6,luxury,Listing:45263618,,,Listing,45263618,8.54,Căn hộ,,
,305.1,6,luxury,Listing:44714166,,,Listing,44714166,23.42,Căn hộ,,
,98.5,4,mid_range,Listing:44393683,,,Listing,44393683,6.84,Căn hộ,,
,67.9,3,affordable,Listing:45176415,,,Listing,45176415,1.54,Căn hộ,,
,39.1,3,affordable,Listing:45200975,,,Listing,45200975,1.3,Đất nền,,
,40.5,2,affordable,Listing:44023375,,,Listing,44023375,1.52,Nhà phố,,
,108.9,5,mid_range,Listing:45169295,,,Listing,45169295,6.88,Nhà phố,,
,54.3,1,affordable,Listing:44739249,,,Listing,44739249,1.99,Nhà phố,,
,64.7,2,affordable,Listing:44432789,,,Listing,44432789,2.72,Căn hộ,,
,47.8,1,affordable,Listing:43705497,,,Listing,43705497,1.99,Căn hộ,,
,209.7,6,luxury,Listing:45132834,,,Listing,45132834,15.62,Nhà phố,,
,119.1,3,mid_range,Listing:44986073,,,Listing,44986073,5.93,Căn hộ,,
,108.3,5,mid_range,Listing:44738219,,,Listing,44738219,7.08,Căn hộ,,
,51.9,2,affordable,Listing:44558312,,,Listing,44558312,2.43,Đất nền,,
,146.8,6,mid_range,Listing:44558218,,,Listing,44558218,7.96,Căn hộ,,
,97.8,4,mid_range,Listing:44523302,,,Listing,44523302,5.51,Căn hộ,,
,77.3,0,affordable,Listing:44014149,,,Listing,44014149,1.73,Đất nền,,
,104.7,4,mid_range,Listing:45007922,,,Listing,45007922,6.55,Căn hộ,,
,68.2,3,affordable,Listing:44940395,,,Listing,44940395,3.0,Nhà phố,,
,101.4,5,mid_range,Listing:45248809,,,Listing,45248809,6.96,Căn hộ,,
,57.4,2,affordable,Listing:45255784,,,Listing,45255784,2.77,Căn hộ,,
,357.8,6,luxury,Listing:40513465,,,Listing,40513465,27.67,Nhà phố,,
,63.6,0,affordable,Listing:45052563,,,Listing,45052563,1.73,Căn hộ,,
,77.4,4,affordable,Listing:44961052,,,Listing,44961052,1.99,Đất nền,,
,134.1,2,mid_range,Listing:45267089,,,Listing,45267089,3.36,Biệt thự,,
,20.0,2,affordable,Listing:44455660,,,Listing,44455660,1.71,Đất nền,,
,85.1,3,affordable,Listing:45252189,,,Listing,45252189,2.82,Căn hộ,,
,87.9,4,mid_range,Listing:44745552,,,Listing,44745552,5.29,Căn hộ,,
,76.9,2,affordable,Listing:45264249,,,Listing,45264249,2.04,Nhà phố,,
,61.3,2,affordable,Listing:45258521,,,Listing,45258521,2.74,Biệt thự,,
,44.4,2,affordable,Listing:45251031,,,Listing,45251031,1.38,Căn hộ,,
,63.7,0,affordable,Listing:44717979,,,Listing,44717979,2.05,Đất nền,,
,87.5,2,affordable,Listing:45268387,,,Listing,45268387,2.93,Căn hộ,,
,82.4,4,mid_range,Listing:43232221,,,Listing,43232221,7.01,Nhà phố,,
,119.3,4,mid_range,Listing:44920655,,,Listing,44920655,6.82,Căn hộ,,
,85.1,3,affordable,Listing:45143438,,,Listing,45143438,2.1,Đất nền,,
,56.8,3,affordable,Listing:45117201,,,Listing,45117201,1.55,Nhà phố,,
,41.1,3,affordable,Listing:45148338,,,Listing,45148338,1.54,Nhà phố,,
,69.7,2,affordable,Listing:45177268,,,Listing,45177268,2.64,Đất nền,,
,70.8,3,affordable,Listing:45205679,,,Listing,45205679,2.09,Căn hộ,,
,129.3,5,mid_range,Listing:45250379,,,Listing,45250379,7.3,Nhà phố,,
,27.9,1,affordable,Listing:45137354,,,Listing,45137354,2.34,Căn hộ,,
,39.0,3,affordable,Listing:45109121,,,Listing,45109121,1.39,Căn hộ,,
,115.6,4,luxury,Listing:42177453,,,Listing,42177453,8.3,Căn hộ,,
,71.5,1,affordable,Listing:45230396,,,Listing,45230396,2.88,Nhà phố,,
,50.0,3,affordable,Listing:43357553,,,Listing,43357553,2.5,Căn hộ,,
,67.3,3,affordable,Listing:45158956,,,Listing,45158956,2.95,Nhà phố,,
,77.3,2,affordable,Listing:45158802,,,Listing,45158802,2.88,Nhà phố,,
,78.9,3,affordable,Listing:45184555,,,Listing,45184555,2.97,Nhà phố,,
,52.8,0,affordable,Listing:45184505,,,Listing,45184505,1.85,Căn hộ,,
,79.5,2,affordable,Listing:45184445,,,Listing,45184445,2.86,Căn hộ,,
,123.5,3,mid_range,Listing:45025690,,,Listing,45025690,7.23,Nhà phố,,
,106.9,3,affordable,Listing:45159585,,,Listing,45159585,2.94,Nhà phố,,
,55.6,2,affordable,Listing:45025539,,,Listing,45025539,2.86,Căn hộ,,
,40.5,0,affordable,Listing:44735546,,,Listing,44735546,1.92,Nhà phố,,
,60.5,1,affordable,Listing:45196397,,,Listing,45196397,2.71,Nhà phố,,
,158.5,6,mid_range,Listing:43989563,,,Listing,43989563,7.99,Căn hộ,,
,97.0,5,mid_range,Listing:44488372,,,Listing,44488372,6.59,Căn hộ,,
,129.9,4,mid_range,Listing:45101997,,,Listing,45101997,6.07,Đất nền,,
,51.7,5,affordable,Listing:45102022,,,Listing,45102022,2.21,Biệt thự,,
,78.1,1,affordable,Listing:45137798,,,Listing,45137798,1.91,Nhà phố,,
,82.5,2,affordable,Listing:44348441,,,Listing,44348441,2.51,Căn hộ,,
,54.3,1,affordable,Listing:45183034,,,Listing,45183034,1.63,Nhà phố,,
,92.5,2,affordable,Listing:45177900,,,Listing,45177900,2.93,Nhà phố,,
,113.2,5,mid_range,Listing:44558909,,,Listing,44558909,5.33,Nhà phố,,
,310.9,6,luxury,Listing:45128308,,,Listing,45128308,22.63,Căn hộ,,
,76.0,4,mid_range,Listing:44909325,,,Listing,44909325,3.64,Căn hộ,,
,69.5,1,affordable,Listing:44087696,,,Listing,44087696,2.26,Nhà phố,,
,41.2,3,affordable,Listing:43229879,,,Listing,43229879,2.13,Biệt thự,,
,80.7,3,mid_range,Listing:43817305,,,Listing,43817305,3.73,Nhà phố,,
,281.3,6,luxury,Listing:45152695,,,Listing,45152695,19.76,Nhà phố,,
,82.5,4,mid_range,Listing:40503409,,,Listing,40503409,5.08,Nhà phố,,
,102.8,5,mid_range,Listing:43686285,,,Listing,43686285,5.62,Nhà phố,,
,54.3,1,affordable,Listing:45191212,,,Listing,45191212,1.95,Căn hộ,,
,53.6,4,affordable,Listing:44599657,,,Listing,44599657,2.28,Đất nền,,
,135.5,3,mid_range,Listing:44326273,,,Listing,44326273,5.28,Căn hộ,,
,99.0,4,mid_range,Listing:45235052,,,Listing,45235052,4.29,Nhà phố,,
,131.8,4,mid_range,Listing:45233151,,,Listing,45233151,5.38,Căn hộ,,
,94.5,2,affordable,Listing:45246054,,,Listing,45246054,2.82,Căn hộ,,
,310.3,6,luxury,Listing:44947883,,,Listing,44947883,23.21,Nhà phố,,
,36.2,2,affordable,Listing:44635188,,,Listing,44635188,2.53,Biệt thự,,
,108.5,3,affordable,Listing:45117835,,,Listing,45117835,1.74,Căn hộ,,
,51.6,3,affordable,Listing:45213691,,,Listing,45213691,1.88,Căn hộ,,
,50.1,0,affordable,Listing:44233616,,,Listing,44233616,1.55,Căn hộ,,
,88.3,1,affordable,Listing:44797709,,,Listing,44797709,1.56,Căn hộ,,
,103.6,4,affordable,Listing:41770473,,,Listing,41770473,2.72,Căn hộ,,
,113.9,4,mid_range,Listing:44797734,,,Listing,44797734,6.54,Nhà phố,,
,64.7,0,affordable,Listing:43697094,,,Listing,43697094,1.87,Căn hộ,,
,104.0,5,mid_range,Listing:43197023,,,Listing,43197023,7.22,Nhà phố,,
,61.8,3,affordable,Listing:45119935,,,Listing,45119935,2.13,Căn hộ,,
,48.3,3,affordable,Listing:44487580,,,Listing,44487580,2.33,Căn hộ,,
,102.0,3,mid_range,Listing:44901153,,,Listing,44901153,4.6,Căn hộ,,
,60.5,1,affordable,Listing:43732616,,,Listing,43732616,1.67,Đất nền,,
,79.4,2,affordable,Listing:45114829,,,Listing,45114829,1.77,Căn hộ,,
,108.9,4,mid_range,Listing:44959314,,,Listing,44959314,5.48,Biệt thự,,
,66.9,2,affordable,Listing:44059773,,,Listing,44059773,1.57,Nhà phố,,
,85.2,1,affordable,Listing:45232122,,,Listing,45232122,2.29,Căn hộ,,
,71.0,1,mid_range,Listing:45128667,,,Listing,45128667,3.77,Biệt thự,,
,79.2,5,mid_range,Listing:44819431,,,Listing,44819431,4.47,Căn hộ,,
,78.4,3,affordable,Listing:44872041,,,Listing,44872041,2.2,Nhà phố,,
,336.2,6,luxury,Listing:45047881,,,Listing,45047881,25.7,Căn hộ,,
,95.0,4,mid_range,Listing:44713249,,,Listing,44713249,5.51,Biệt thự,,
,71.8,4,mid_range,Listing:44345057,,,Listing,44345057,3.82,Nhà phố,,
,122.1,5,mid_range,Listing:44965275,,,Listing,44965275,7.08,Nhà phố,,
,63.6,2,affordable,Listing:44966659,,,Listing,44966659,2.97,Căn hộ,,
,86.1,2,mid_range,Listing:44620331,,,Listing,44620331,4.22,Căn hộ,,
,48.5,1,affordable,Listing:44690439,,,Listing,44690439,2.78,Căn hộ,,
,83.8,4,mid_range,Listing:45162192,,,Listing,45162192,6.55,Căn hộ,,
,39.5,1,affordable,Listing:44829093,,,Listing,44829093,1.63,Căn hộ,,
,73.4,0,affordable,Listing:45157462,,,Listing,45157462,1.42,Căn hộ,,
,70.4,3,mid_range,Listing:44913725,,,Listing,44913725,3.31,Nhà phố,,
,88.0,3,mid_range,Listing:44445558,,,Listing,44445558,5.17,Căn hộ,,
,117.7,5,mid_range,Listing:44727477,,,Listing,44727477,6.87,Căn hộ,,
,106.4,4,mid_range,Listing:44585936,,,Listing,44585936,7.48,Căn hộ,,
,57.2,2,affordable,Listing:45141155,,,Listing,45141155,2.61,Căn hộ,,
,62.2,1,affordable,Listing:44879590,,,Listing,44879590,1.25,Căn hộ,,
,51.5,1,affordable,Listing:45101515,,,Listing,45101515,1.58,Nhà phố,,
,91.1,5,mid_range,Listing:44793585,,,Listing,44793585,4.47,Căn hộ,,
,358.2,6,luxury,Listing:45141065,,,Listing,45141065,26.38,Nhà phố,,
,73.2,2,affordable,Listing:43887600,,,Listing,43887600,2.31,Nhà phố,,
,109.9,6,mid_range,Listing:44582802,,,Listing,44582802,7.01,Căn hộ,,
,71.7,2,affordable,Listing:45056889,,,Listing,45056889,2.58,Đất nền,,
,61.4,2,affordable,Listing:44756981,,,Listing,44756981,1.64,Đất nền,,
,87.6,5,mid_range,Listing:44059221,,,Listing,44059221,6.12,Căn hộ,,
,112.9,5,mid_range,Listing:43713934,,,Listing,43713934,5.9,Căn hộ,,
,50.8,2,affordable,Listing:44372316,,,Listing,44372316,2.76,Căn hộ,,
,40.5,0,affordable,Listing:45127270,,,Listing,45127270,2.75,Biệt thự,,
,61.9,0,affordable,Listing:44773246,,,Listing,44773246,2.14,Căn hộ,,
,50.3,3,affordable,Listing:43973754,,,Listing,43973754,2.1,Căn hộ,,
,201.1,6,luxury,Listing:44531779,,,Listing,44531779,14.52,Biệt thự,,
,71.5,1,affordable,Listing:45130115,,,Listing,45130115,2.43,Căn hộ,,
,92.1,3,mid_range,Listing:45093806,,,Listing,45093806,4.44,Căn hộ,,
,69.1,1,affordable,Listing:45237772,,,Listing,45237772,2.6,Nhà phố,,
,132.4,2,mid_range,Listing:45239592,,,Listing,45239592,7.24,Nhà phố,,
,68.2,3,mid_range,Listing:42972398,,,Listing,42972398,3.39,Căn hộ,,
,78.9,2,affordable,Listing:43824759,,,Listing,43824759,1.78,Nhà phố,,
,84.8,5,mid_range,Listing:44884865,,,Listing,44884865,4.39,Căn hộ,,
,47.2,3,affordable,Listing:44059695,,,Listing,44059695,1.94,Nhà phố,,
,62.9,2,affordable,Listing:43017696,,,Listing,43017696,2.99,Căn hộ,,
,81.8,2,affordable,Listing:44854900,,,Listing,44854900,2.71,Căn hộ,,
,53.9,1,affordable,Listing:44905790,,,Listing,44905790,2.76,Nhà phố,,
,56.4,2,affordable,Listing:45019913,,,Listing,45019913,2.41,Căn hộ,,
,43.5,4,affordable,Listing:45025478,,,Listing,45025478,2.48,Căn hộ,,
,82.5,3,affordable,Listing:45264187,,,Listing,45264187,2.12,Căn hộ,,
,112.4,4,mid_range,Listing:45160107,,,Listing,45160107,7.54,Căn hộ,,
,56.2,2,affordable,Listing:44390382,,,Listing,44390382,1.92,Nhà phố,,
,64.4,3,affordable,Listing:44596070,,,Listing,44596070,2.53,Biệt thự,,
,62.2,3,affordable,Listing:44098771,,,Listing,44098771,2.17,Căn hộ,,
,39.3,1,affordable,Listing:45088511,,,Listing,45088511,1.7,Biệt thự,,
,320.4,6,luxury,Listing:44161504,,,Listing,44161504,25.16,Nhà phố,,
,106.9,5,mid_range,Listing:44984143,,,Listing,44984143,7.13,Nhà phố,,
,63.9,1,affordable,Listing:45186557,,,Listing,45186557,1.87,Căn hộ,,
,45.7,2,affordable,Listing:41019599,,,Listing,41019599,2.07,Căn hộ,,
,106.3,5,mid_range,Listing:44784242,,,Listing,44784242,6.84,Nhà phố,,
,75.4,2,affordable,Listing:44487371,,,Listing,44487371,1.35,Nhà phố,,
,78.2,1,affordable,Listing:45010087,,,Listing,45010087,2.37,Căn hộ,,
,77.3,2,affordable,Listing:44460227,,,Listing,44460227,1.2,Nhà phố,,
,64.4,2,affordable,Listing:44971134,,,Listing,44971134,1.61,Biệt thự,,
,54.8,2,affordable,Listing:44884297,,,Listing,44884297,1.54,Nhà phố,,
,43.2,4,affordable,Listing:44425728,,,Listing,44425728,1.64,Đất nền,,
,61.3,3,affordable,Listing:44754807,,,Listing,44754807,2.13,Căn hộ,,
,58.0,3,affordable,Listing:45114937,,,Listing,45114937,2.36,Nhà phố,,
,57.5,2,affordable,Listing:44992813,,,Listing,44992813,2.28,Căn hộ,,
,87.2,1,affordable,Listing:45137965,,,Listing,45137965,2.74,Căn hộ,,
,41.4,1,affordable,Listing:44833225,,,Listing,44833225,1.59,Nhà phố,,
,20.3,2,affordable,Listing:45105861,,,Listing,45105861,1.7,Căn hộ,,
,96.8,2,mid_range,Listing:45155379,,,Listing,45155379,5.8,Nhà phố,,
,59.7,3,affordable,Listing:45149575,,,Listing,45149575,2.9,Nhà phố,,
,51.6,4,affordable,Listing:44963047,,,Listing,44963047,2.19,Nhà phố,,
,68.9,4,affordable,Listing:45140583,,,Listing,45140583,2.82,Nhà phố,,
,45.7,3,affordable,Listing:45250023,,,Listing,45250023,2.75,Căn hộ,,
,115.0,5,mid_range,Listing:45254655,,,Listing,45254655,6.54,Nhà phố,,
,126.3,6,mid_range,Listing:45247769,,,Listing,45247769,7.64,Căn hộ,,
,67.8,2,affordable,Listing:44995869,,,Listing,44995869,2.45,Căn hộ,,
,49.6,3,mid_range,Listing:44652527,,,Listing,44652527,4.45,Biệt thự,,
,49.4,2,affordable,Listing:45212157,,,Listing,45212157,1.87,Căn hộ,,
,48.3,1,affordable,Listing:44389301,,,Listing,44389301,2.07,Căn hộ,,
,100.0,2,affordable,Listing:43928437,,,Listing,43928437,2.69,Căn hộ,,
,106.3,3,mid_range,Listing:45011234,,,Listing,45011234,4.71,Căn hộ,,
,53.6,1,affordable,Listing:45005393,,,Listing,45005393,1.43,Căn hộ,,
,113.0,2,mid_range,Listing:43585255,,,Listing,43585255,5.44,Đất nền,,
,42.5,2,affordable,Listing:44885592,,,Listing,44885592,1.26,Căn hộ,,
,42.5,2,affordable,Listing:45248570,,,Listing,45248570,1.59,Căn hộ,,
,56.0,0,affordable,Listing:44812705,,,Listing,44812705,2.31,Căn hộ,,
,50.9,3,affordable,Listing:45106540,,,Listing,45106540,1.62,Căn hộ,,
,51.9,0,affordable,Listing:45250342,,,Listing,45250342,1.38,Căn hộ,,
,48.3,2,affordable,Listing:45254675,,,Listing,45254675,2.3,Biệt thự,,
,38.4,1,affordable,Listing:45132591,,,Listing,45132591,1.38,Nhà phố,,
,60.5,0,affordable,Listing:45248004,,,Listing,45248004,1.47,Căn hộ,,
,129.4,5,mid_range,Listing:44857911,,,Listing,44857911,7.6,Nhà phố,,
,45.9,2,affordable,Listing:44125406,,,Listing,44125406,1.64,Biệt thự,,
,125.7,4,mid_range,Listing:45227685,,,Listing,45227685,5.33,Căn hộ,,
,69.0,0,affordable,Listing:44973672,,,Listing,44973672,1.32,Biệt thự,,
,64.4,3,affordable,Listing:45237438,,,Listing,45237438,2.1,Nhà phố,,
,72.9,2,affordable,Listing:45059567,,,Listing,45059567,2.63,Đất nền,,
,59.1,3,affordable,Listing:44926293,,,Listing,44926293,1.45,Căn hộ,,
,69.3,4,affordable,Listing:44888767,,,Listing,44888767,2.89,Nhà phố,,
,60.9,3,affordable,Listing:45047879,,,Listing,45047879,2.89,Căn hộ,,
,69.5,1,affordable,Listing:44959298,,,Listing,44959298,1.4,Căn hộ,,
,89.1,5,mid_range,Listing:43900905,,,Listing,43900905,4.9,Căn hộ,,
,58.6,0,affordable,Listing:44807149,,,Listing,44807149,2.25,Căn hộ,,
,39.8,0,affordable,Listing:44827098,,,Listing,44827098,1.43,Nhà phố,,
,75.6,4,mid_range,Listing:45025878,,,Listing,45025878,4.98,Nhà phố,,
,66.7,3,affordable,Listing:44653894,,,Listing,44653894,2.11,Biệt thự,,
,85.5,3,mid_range,Listing:44823393,,,Listing,44823393,4.82,Đất nền,,
,189.0,6,luxury,Listing:44495738,,,Listing,44495738,10.15,Nhà phố,,
,42.5,3,affordable,Listing:43727121,,,Listing,43727121,2.27,Căn hộ,,
,20.0,1,affordable,Listing:44619715,,,Listing,44619715,1.23,Đất nền,,
,36.3,2,affordable,Listing:45250648,,,Listing,45250648,1.49,Biệt thự,,
,70.2,2,affordable,Listing:44713426,,,Listing,44713426,1.56,Biệt thự,,
,74.0,3,affordable,Listing:43899485,,,Listing,43899485,2.25,Căn hộ,,
,72.2,4,affordable,Listing:44689369,,,Listing,44689369,2.57,Căn hộ,,
,50.4,4,affordable,Listing:44452047,,,Listing,44452047,2.22,Biệt thự,,
,117.9,6,mid_range,Listing:43578966,,,Listing,43578966,7.38,Căn hộ,,
,67.6,3,affordable,Listing:44605207,,,Listing,44605207,2.5,Căn hộ,,
,67.5,3,affordable,Listing:45106137,,,Listing,45106137,2.67,Nhà phố,,
,40.2,1,affordable,Listing:45252017,,,Listing,45252017,1.87,Đất nền,,
,62.9,1,affordable,Listing:43637784,,,Listing,43637784,1.36,Căn hộ,,
,50.4,3,affordable,Listing:43698050,,,Listing,43698050,2.73,Nhà phố,,
,212.2,6,luxury,Listing:45124968,,,Listing,45124968,13.32,Nhà phố,,
,74.7,2,affordable,Listing:44156207,,,Listing,44156207,2.37,Căn hộ,,
,116.5,5,mid_range,Listing:44818736,,,Listing,44818736,5.55,Đất nền,,
,79.0,4,affordable,Listing:44935288,,,Listing,44935288,2.46,Căn hộ,,
,72.5,3,affordable,Listing:44645993,,,Listing,44645993,1.58,Căn hộ,,
,131.0,2,mid_range,Listing:44334707,,,Listing,44334707,5.62,Căn hộ,,
,103.0,4,mid_range,Listing:45252025,,,Listing,45252025,5.87,Căn hộ,,
,20.0,3,affordable,Listing:43937421,,,Listing,43937421,1.39,Căn hộ,,
,107.7,4,mid_range,Listing:43588872,,,Listing,43588872,5.91,Căn hộ,,
,61.8,2,affordable,Listing:43857274,,,Listing,43857274,1.96,Đất nền,,
,45.9,3,affordable,Listing:44488972,,,Listing,44488972,1.21,Căn hộ,,
,108.3,3,mid_range,Listing:44790683,,,Listing,44790683,4.54,Căn hộ,,
,63.7,2,affordable,Listing:45252225,,,Listing,45252225,1.31,Căn hộ,,
,404.8,6,luxury,Listing:45229849,,,Listing,45229849,27.75,Căn hộ,,
,54.5,3,affordable,Listing:45141247,,,Listing,45141247,2.81,Căn hộ,,
,62.5,3,affordable,Listing:45063348,,,Listing,45063348,2.52,Căn hộ,,
,76.6,3,affordable,Listing:45109178,,,Listing,45109178,2.76,Căn hộ,,
,52.5,2,affordable,Listing:44290797,,,Listing,44290797,2.07,Căn hộ,,
,74.6,2,affordable,Listing:44997313,,,Listing,44997313,2.57,Căn hộ,,
,123.8,5,mid_range,Listing:45249096,,,Listing,45249096,6.97,Biệt thự,,
,73.7,4,affordable,Listing:45253098,,,Listing,45253098,2.36,Biệt thự,,
,338.9,6,luxury,Listing:44596675,,,Listing,44596675,27.17,Nhà phố,,
,115.2,5,mid_range,Listing:44996895,,,Listing,44996895,7.25,Nhà phố,,
,93.1,5,mid_range,Listing:45102762,,,Listing,45102762,5.68,Biệt thự,,
,132.5,5,mid_range,Listing:44187043,,,Listing,44187043,6.91,Căn hộ,,
,63.8,3,affordable,Listing:45204859,,,Listing,45204859,1.8,Đất nền,,
,66.0,2,affordable,Listing:42991175,,,Listing,42991175,2.89,Căn hộ,,
,62.5,0,affordable,Listing:44957835,,,Listing,44957835,1.61,Căn hộ,,
,59.2,2,affordable,Listing:45055915,,,Listing,45055915,1.33,Căn hộ,,
,71.9,2,affordable,Listing:45144108,,,Listing,45144108,2.13,Căn hộ,,
,85.0,1,affordable,Listing:45140720,,,Listing,45140720,1.21,Nhà phố,,
,134.2,5,mid_range,Listing:45118442,,,Listing,45118442,7.0,Căn hộ,,
,71.5,1,affordable,Listing:45055816,,,Listing,45055816,2.69,Căn hộ,,
,33.5,0,affordable,Listing:44508062,,,Listing,44508062,2.14,Căn hộ,,
,54.7,2,affordable,Listing:45178550,,,Listing,45178550,1.25,Nhà phố,,
,122.0,4,mid_range,Listing:45232121,,,Listing,45232121,7.19,Nhà phố,,
,115.8,3,mid_range,Listing:44666611,,,Listing,44666611,6.25,Căn hộ,,
,83.2,1,affordable,Listing:44821134,,,Listing,44821134,2.35,Biệt thự,,
,373.9,6,luxury,Listing:45009349,,,Listing,45009349,27.54,Căn hộ,,
,139.2,6,mid_range,Listing:45008472,,,Listing,45008472,7.66,Đất nền,,
,86.8,2,mid_range,Listing:45246455,,,Listing,45246455,3.93,Căn hộ,,
,40.3,2,affordable,Listing:43572906,,,Listing,43572906,1.62,Biệt thự,,
,48.1,2,affordable,Listing:44880471,,,Listing,44880471,1.29,Biệt thự,,
,61.3,2,affordable,Listing:45144416,,,Listing,45144416,1.2,Nhà phố,,
,53.1,2,affordable,Listing:44235703,,,Listing,44235703,2.54,Đất nền,,
,65.5,4,affordable,Listing:44733927,,,Listing,44733927,2.66,Căn hộ,,
,212.5,6,luxury,Listing:45097499,,,Listing,45097499,12.36,Căn hộ,,
,58.2,2,affordable,Listing:42513639,,,Listing,42513639,2.43,Nhà phố,,
,52.4,2,affordable,Listing:44859306,,,Listing,44859306,2.78,Nhà phố,,
,68.0,3,mid_range,Listing:44887265,,,Listing,44887265,3.12,Căn hộ,,
,85.0,2,affordable,Listing:44102172,,,Listing,44102172,2.38,Căn hộ,,
,30.1,2,affordable,Listing:45159325,,,Listing,45159325,2.66,Căn hộ,,
,53.6,2,affordable,Listing:45151807,,,Listing,45151807,2.63,Căn hộ,,
,102.6,3,mid_range,Listing:45152244,,,Listing,45152244,6.76,Căn hộ,,
,59.6,1,affordable,Listing:45095939,,,Listing,45095939,2.33,Căn hộ,,
,72.5,3,mid_range,Listing:45154419,,,Listing,45154419,4.35,Nhà phố,,
,122.5,5,mid_range,Listing:45084742,,,Listing,45084742,7.43,Căn hộ,,
,90.4,3,mid_range,Listing:45101930,,,Listing,45101930,5.81,Nhà phố,,
,126.6,3,mid_range,Listing:45152823,,,Listing,45152823,6.46,Nhà phố,,
,53.8,2,affordable,Listing:44971824,,,Listing,44971824,1.38,Biệt thự,,
,132.3,5,mid_range,Listing:44960061,,,Listing,44960061,6.81,Nhà phố,,
,88.8,3,affordable,Listing:44996009,,,Listing,44996009,2.68,Căn hộ,,
,129.5,3,mid_range,Listing:44998073,,,Listing,44998073,7.12,Căn hộ,,
,57.4,3,affordable,Listing:43503286,,,Listing,43503286,1.6,Nhà phố,,
,106.3,4,mid_range,Listing:45248754,,,Listing,45248754,4.21,Căn hộ,,
,57.4,3,affordable,Listing:44855737,,,Listing,44855737,1.62,Biệt thự,,
,61.1,3,affordable,Listing:45249634,,,Listing,45249634,2.6,Nhà phố,,
,55.9,4,affordable,Listing:45143569,,,Listing,45143569,1.64,Căn hộ,,
,82.5,3,mid_range,Listing:45151295,,,Listing,45151295,4.03,Nhà phố,,
,81.6,4,mid_range,Listing:45020016,,,Listing,45020016,3.14,Nhà phố,,
,115.3,5,mid_range,Listing:45155645,,,Listing,45155645,7.42,Căn hộ,,
,77.1,2,affordable,Listing:45164175,,,Listing,45164175,2.64,Biệt thự,,
,222.8,6,luxury,Listing:45054905,,,Listing,45054905,13.36,Biệt thự,,
,53.6,2,affordable,Listing:44441867,,,Listing,44441867,1.64,Căn hộ,,
,127.6,6,mid_range,Listing:45156037,,,Listing,45156037,7.54,Đất nền,,
,38.9,2,affordable,Listing:45128189,,,Listing,45128189,1.87,Nhà phố,,
,77.7,3,affordable,Listing:45136662,,,Listing,45136662,1.6,Căn hộ,,
,75.8,3,affordable,Listing:45075295,,,Listing,45075295,3.0,Đất nền,,
,141.3,4,mid_range,Listing:44009956,,,Listing,44009956,7.51,Căn hộ,,
,208.8,6,luxury,Listing:44489869,,,Listing,44489869,14.57,Nhà phố,,
,74.2,1,affordable,Listing:44010041,,,Listing,44010041,2.79,Nhà phố,,
,81.3,3,affordable,Listing:44832652,,,Listing,44832652,2.78,Căn hộ,,
,114.1,3,mid_range,Listing:44899155,,,Listing,44899155,4.47,Căn hộ,,
,51.5,1,affordable,Listing:43900461,,,Listing,43900461,1.74,Nhà phố,,
,34.4,2,affordable,Listing:44156256,,,Listing,44156256,1.86,Căn hộ,,
,71.0,2,affordable,Listing:44340134,,,Listing,44340134,2.6,Căn hộ,,
,28.8,2,affordable,Listing:44790440,,,Listing,44790440,1.4,Căn hộ,,
,131.3,4,mid_range,Listing:44714315,,,Listing,44714315,6.16,Căn hộ,,
,59.0,1,mid_range,Listing:44954044,,,Listing,44954044,4.61,Đất nền,,
,46.2,3,affordable,Listing:43900366,,,Listing,43900366,2.22,Căn hộ,,
,110.5,4,mid_range,Listing:43496938,,,Listing,43496938,5.16,Đất nền,,
,70.2,2,affordable,Listing:45196417,,,Listing,45196417,1.71,Nhà phố,,
,79.5,5,mid_range,Listing:44359769,,,Listing,44359769,3.64,Căn hộ,,
,68.0,3,affordable,Listing:45197057,,,Listing,45197057,2.77,Nhà phố,,
,68.0,2,affordable,Listing:43873781,,,Listing,43873781,2.4,Căn hộ,,
,40.8,1,affordable,Listing:45197430,,,Listing,45197430,2.62,Căn hộ,,
,130.3,3,mid_range,Listing:45178935,,,Listing,45178935,6.11,Căn hộ,,
,355.7,6,luxury,Listing:44995879,,,Listing,44995879,25.68,Nhà phố,,
,75.7,2,affordable,Listing:43942031,,,Listing,43942031,1.48,Nhà phố,,
,106.1,1,affordable,Listing:45107836,,,Listing,45107836,2.57,Biệt thự,,
,61.3,3,mid_range,Listing:44923306,,,Listing,44923306,4.37,Căn hộ,,
,53.5,1,affordable,Listing:45097170,,,Listing,45097170,2.27,Nhà phố,,
,54.2,2,affordable,Listing:45125769,,,Listing,45125769,2.49,Căn hộ,,
,186.5,6,luxury,Listing:44529715,,,Listing,44529715,13.32,Căn hộ,,
,53.7,3,affordable,Listing:45023000,,,Listing,45023000,2.18,Nhà phố,,
,75.1,2,affordable,Listing:45142553,,,Listing,45142553,2.59,Căn hộ,,
,30.9,2,affordable,Listing:45189213,,,Listing,45189213,1.83,Nhà phố,,
,82.8,1,affordable,Listing:45238334,,,Listing,45238334,1.77,Nhà phố,,
,90.1,4,mid_range,Listing:44629805,,,Listing,44629805,4.92,Căn hộ,,
,57.8,2,affordable,Listing:44786778,,,Listing,44786778,2.66,Đất nền,,
,122.6,5,mid_range,Listing:44742848,,,Listing,44742848,6.55,Căn hộ,,
,72.0,2,affordable,Listing:44786880,,,Listing,44786880,2.17,Căn hộ,,
,89.5,4,mid_range,Listing:45130272,,,Listing,45130272,4.22,Đất nền,,
,106.2,3,mid_range,Listing:45240894,,,Listing,45240894,5.84,Căn hộ,,
,82.4,5,mid_range,Listing:45101549,,,Listing,45101549,4.37,Căn hộ,,
,46.2,3,affordable,Listing:45074990,,,Listing,45074990,1.67,Căn hộ,,
,34.8,2,affordable,Listing:45101591,,,Listing,45101591,2.39,Nhà phố,,
,66.4,1,affordable,Listing:44526452,,,Listing,44526452,2.47,Căn hộ,,
,57.4,1,affordable,Listing:45202806,,,Listing,45202806,1.94,Căn hộ,,
,60.8,4,affordable,Listing:40489660,,,Listing,40489660,2.07,Nhà phố,,
,65.1,0,affordable,Listing:44616036,,,Listing,44616036,1.43,Căn hộ,,
,122.0,5,mid_range,Listing:44624437,,,Listing,44624437,6.83,Căn hộ,,
,97.5,3,mid_range,Listing:45104256,,,Listing,45104256,4.23,Nhà phố,,
,129.2,3,mid_range,Listing:44840966,,,Listing,44840966,6.24,Căn hộ,,
,43.6,3,affordable,Listing:45204788,,,Listing,45204788,1.34,Đất nền,,
,59.4,1,affordable,Listing:45093376,,,Listing,45093376,1.59,Nhà phố,,
,44.6,2,affordable,Listing:45229984,,,Listing,45229984,1.55,Căn hộ,,
,74.5,2,affordable,Listing:44440058,,,Listing,44440058,1.65,Căn hộ,,
,53.0,2,affordable,Listing:45233856,,,Listing,45233856,1.3,Căn hộ,,
,87.4,3,affordable,Listing:44186994,,,Listing,44186994,2.26,Nhà phố,,
,122.9,5,mid_range,Listing:45232672,,,Listing,45232672,7.11,Căn hộ,,
,84.3,4,affordable,Listing:45088361,,,Listing,45088361,2.88,Nhà phố,,
,52.9,1,affordable,Listing:44511198,,,Listing,44511198,2.34,Căn hộ,,
,67.6,3,affordable,Listing:44438384,,,Listing,44438384,2.65,Căn hộ,,
,130.5,5,luxury,Listing:43813634,,,Listing,43813634,8.04,Căn hộ,,
,82.1,3,mid_range,Listing:43113947,,,Listing,43113947,4.23,Đất nền,,
,57.9,4,affordable,Listing:45144302,,,Listing,45144302,2.17,Căn hộ,,
,120.7,5,mid_range,Listing:45246442,,,Listing,45246442,7.39,Nhà phố,,
,40.6,1,affordable,Listing:45247355,,,Listing,45247355,2.52,Căn hộ,,
,67.5,1,affordable,Listing:45237954,,,Listing,45237954,1.9,Biệt thự,,
,29.0,3,affordable,Listing:45247316,,,Listing,45247316,1.91,Căn hộ,,
,384.0,6,luxury,Listing:45220098,,,Listing,45220098,29.47,Đất nền,,
,51.2,1,affordable,Listing:45171086,,,Listing,45171086,2.24,Biệt thự,,
,90.4,2,mid_range,Listing:45230039,,,Listing,45230039,3.36,Căn hộ,,
,36.0,1,affordable,Listing:45082473,,,Listing,45082473,1.4,Nhà phố,,
,47.5,3,affordable,Listing:45204910,,,Listing,45204910,2.56,Căn hộ,,
,46.1,0,affordable,Listing:45247172,,,Listing,45247172,1.88,Đất nền,,
,51.7,0,affordable,Listing:44740495,,,Listing,44740495,1.33,Biệt thự,,
,35.2,3,affordable,Listing:44418456,,,Listing,44418456,2.03,Nhà phố,,
,146.6,6,luxury,Listing:44397207,,,Listing,44397207,10.2,Đất nền,,
,42.2,2,mid_range,Listing:45121026,,,Listing,45121026,3.25,Biệt thự,,
,73.2,3,mid_range,Listing:45144226,,,Listing,45144226,3.68,Căn hộ,,
,93.3,6,mid_range,Listing:43499957,,,Listing,43499957,5.41,Căn hộ,,
,111.5,4,mid_range,Listing:44995636,,,Listing,44995636,5.73,Nhà phố,,
,45.6,2,affordable,Listing:44990536,,,Listing,44990536,1.45,Đất nền,,
,117.5,5,mid_range,Listing:44954094,,,Listing,44954094,7.08,Căn hộ,,
,81.0,2,affordable,Listing:45108854,,,Listing,45108854,2.57,Căn hộ,,
,62.9,5,affordable,Listing:44066576,,,Listing,44066576,2.56,Căn hộ,,
,68.9,3,mid_range,Listing:45244387,,,Listing,45244387,3.62,Căn hộ,,
,86.7,3,affordable,Listing:44886954,,,Listing,44886954,2.88,Đất nền,,
,30.2,1,affordable,Listing:45247040,,,Listing,45247040,1.67,Căn hộ,,
,143.1,6,mid_range,Listing:45133836,,,Listing,45133836,7.76,Căn hộ,,
,131.9,4,mid_range,Listing:42180154,,,Listing,42180154,7.63,Căn hộ,,
,50.8,0,affordable,Listing:45247303,,,Listing,45247303,1.67,Căn hộ,,
,68.2,3,affordable,Listing:45219816,,,Listing,45219816,2.54,Đất nền,,
,103.6,3,mid_range,Listing:44954267,,,Listing,44954267,3.8,Nhà phố,,
,121.0,4,mid_range,Listing:44621409,,,Listing,44621409,5.71,Căn hộ,,
,80.3,2,affordable,Listing:45088499,,,Listing,45088499,1.22,Căn hộ,,
,40.3,0,affordable,Listing:44348188,,,Listing,44348188,1.27,Căn hộ,,
,64.4,2,affordable,Listing:44640984,,,Listing,44640984,2.63,Căn hộ,,
,171.6,5,luxury,Listing:45246086,,,Listing,45246086,10.19,Căn hộ,,
,55.9,1,affordable,Listing:45093839,,,Listing,45093839,2.87,Biệt thự,,
,70.1,2,affordable,Listing:44881508,,,Listing,44881508,2.06,Đất nền,,
,124.3,4,mid_range,Listing:45245678,,,Listing,45245678,6.9,Căn hộ,,
,272.1,6,luxury,Listing:45118036,,,Listing,45118036,19.35,Biệt thự,,
,39.6,4,affordable,Listing:44732699,,,Listing,44732699,2.94,Căn hộ,,
,82.3,2,mid_range,Listing:45246006,,,Listing,45246006,3.32,Biệt thự,,
,52.6,1,affordable,Listing:44842280,,,Listing,44842280,1.49,Căn hộ,,
,41.3,2,affordable,Listing:42235197,,,Listing,42235197,1.95,Nhà phố,,
,116.8,4,mid_range,Listing:44694186,,,Listing,44694186,6.49,Căn hộ,,
,327.1,6,luxury,Listing:45245743,,,Listing,45245743,23.49,Căn hộ,,
,57.0,1,affordable,Listing:44426090,,,Listing,44426090,1.66,Căn hộ,,
,341.0,6,luxury,Listing:45065862,,,Listing,45065862,26.39,Biệt thự,,
,46.3,2,affordable,Listing:44732057,,,Listing,44732057,1.23,Căn hộ,,
,326.2,6,luxury,Listing:45246152,,,Listing,45246152,25.06,Căn hộ,,
,66.1,2,affordable,Listing:44881518,,,Listing,44881518,2.15,Biệt thự,,
,74.7,3,affordable,Listing:44543331,,,Listing,44543331,2.71,Căn hộ,,
,60.3,3,affordable,Listing:45118041,,,Listing,45118041,2.7,Căn hộ,,
,83.5,5,mid_range,Listing:45205916,,,Listing,45205916,4.79,Căn hộ,,
,212.2,6,luxury,Listing:45242102,,,Listing,45242102,14.26,Căn hộ,,
,321.6,6,luxury,Listing:45093729,,,Listing,45093729,24.49,Nhà phố,,
,84.3,4,mid_range,Listing:44994529,,,Listing,44994529,3.81,Căn hộ,,
,311.5,6,luxury,Listing:45246268,,,Listing,45246268,24.57,Nhà phố,,
,133.5,4,mid_range,Listing:44730405,,,Listing,44730405,7.3,Nhà phố,,
,75.7,2,mid_range,Listing:45243471,,,Listing,45243471,4.38,Nhà phố,,
,78.0,1,affordable,Listing:45244632,,,Listing,45244632,2.56,Nhà phố,,
,91.8,4,mid_range,Listing:45243957,,,Listing,45243957,5.6,Nhà phố,,
,50.5,3,affordable,Listing:45240083,,,Listing,45240083,2.48,Nhà phố,,
,45.9,3,affordable,Listing:44538856,,,Listing,44538856,1.86,Nhà phố,,
,57.0,1,affordable,Listing:41641818,,,Listing,41641818,1.83,Căn hộ,,
,72.5,1,affordable,Listing:45152520,,,Listing,45152520,2.08,Căn hộ,,
,65.9,2,affordable,Listing:45245900,,,Listing,45245900,1.81,Nhà phố,,
,94.7,3,mid_range,Listing:45244754,,,Listing,45244754,5.16,Căn hộ,,
,89.6,2,mid_range,Listing:45240240,,,Listing,45240240,3.6,Căn hộ,,
,75.6,3,affordable,Listing:43955966,,,Listing,43955966,2.82,Đất nền,,
,56.1,1,affordable,Listing:45174323,,,Listing,45174323,2.49,Biệt thự,,
,332.4,6,luxury,Listing:45020835,,,Listing,45020835,25.06,Đất nền,,
,102.6,5,mid_range,Listing:45245437,,,Listing,45245437,6.12,Đất nền,,
,65.8,2,affordable,Listing:45111083,,,Listing,45111083,1.2,Căn hộ,,
,72.3,4,affordable,Listing:45190792,,,Listing,45190792,2.28,Nhà phố,,
,52.9,3,affordable,Listing:45244640,,,Listing,45244640,2.92,Căn hộ,,
,56.7,1,affordable,Listing:45245193,,,Listing,45245193,2.52,Căn hộ,,
,114.6,5,mid_range,Listing:45174425,,,Listing,45174425,6.2,Đất nền,,
,72.5,3,mid_range,Listing:45195213,,,Listing,45195213,3.92,Căn hộ,,
,38.8,3,affordable,Listing:45161542,,,Listing,45161542,1.93,Nhà phố,,
,100.4,2,mid_range,Listing:45240385,,,Listing,45240385,5.05,Nhà phố,,
,99.9,2,affordable,Listing:44833424,,,Listing,44833424,2.81,Đất nền,,
,93.4,4,mid_range,Listing:45005604,,,Listing,45005604,5.35,Căn hộ,,
,54.6,5,affordable,Listing:45236756,,,Listing,45236756,2.86,Nhà phố,,
,63.0,2,mid_range,Listing:45231699,,,Listing,45231699,3.24,Đất nền,,
,83.3,4,affordable,Listing:45242353,,,Listing,45242353,2.32,Căn hộ,,
,73.7,1,affordable,Listing:45140536,,,Listing,45140536,2.55,Đất nền,,
,67.8,0,affordable,Listing:44668641,,,Listing,44668641,1.81,Căn hộ,,
,65.7,3,affordable,Listing:44932247,,,Listing,44932247,1.97,Nhà phố,,
,71.0,1,affordable,Listing:45241889,,,Listing,45241889,2.31,Căn hộ,,
,103.6,3,affordable,Listing:40626546,,,Listing,40626546,2.79,Căn hộ,,
,350.9,6,luxury,Listing:45242724,,,Listing,45242724,25.98,Nhà phố,,
,71.6,3,affordable,Listing:44244182,,,Listing,44244182,2.64,Căn hộ,,
,67.4,1,affordable,Listing:43173312,,,Listing,43173312,2.64,Căn hộ,,
,46.0,2,affordable,Listing:45026281,,,Listing,45026281,1.26,Căn hộ,,
,88.1,3,affordable,Listing:45058266,,,Listing,45058266,2.59,Căn hộ,,
,45.4,4,affordable,Listing:45235440,,,Listing,45235440,2.26,Căn hộ,,
,211.7,6,luxury,Listing:45244241,,,Listing,45244241,13.88,Nhà phố,,
,89.7,1,affordable,Listing:44890833,,,Listing,44890833,2.31,Nhà phố,,
,71.7,2,mid_range,Listing:45215996,,,Listing,45215996,3.43,Nhà phố,,
,46.0,2,affordable,Listing:45243708,,,Listing,45243708,2.57,Nhà phố,,
,49.8,1,affordable,Listing:44648582,,,Listing,44648582,1.3,Căn hộ,,
,73.8,4,mid_range,Listing:43153771,,,Listing,43153771,6.26,Nhà phố,,
,57.3,4,affordable,Listing:45160018,,,Listing,45160018,3.0,Nhà phố,,
,62.6,2,affordable,Listing:44428066,,,Listing,44428066,2.08,Đất nền,,
,56.0,0,affordable,Listing:41358196,,,Listing,41358196,1.47,Căn hộ,,
,73.4,0,affordable,Listing:45237780,,,Listing,45237780,2.19,Căn hộ,,
,165.6,6,luxury,Listing:45240363,,,Listing,45240363,12.69,Biệt thự,,
,96.3,3,mid_range,Listing:45242594,,,Listing,45242594,5.56,Căn hộ,,
,48.7,3,affordable,Listing:45207820,,,Listing,45207820,1.62,Căn hộ,,
,178.3,6,luxury,Listing:44296142,,,Listing,44296142,10.68,Căn hộ,,
,107.9,6,mid_range,Listing:44459429,,,Listing,44459429,7.33,Đất nền,,
,76.4,2,affordable,Listing:45231780,,,Listing,45231780,2.24,Nhà phố,,
,110.3,5,mid_range,Listing:45222961,,,Listing,45222961,5.97,Căn hộ,,
,89.9,2,mid_range,Listing:44487231,,,Listing,44487231,3.24,Nhà phố,,
,67.7,3,affordable,Listing:45239656,,,Listing,45239656,1.3,Đất nền,,
,128.9,4,luxury,Listing:45241462,,,Listing,45241462,8.42,Biệt thự,,
,47.5,4,affordable,Listing:42156226,,,Listing,42156226,2.46,Căn hộ,,
,133.0,5,mid_range,Listing:45242428,,,Listing,45242428,6.44,Căn hộ,,
,274.7,6,luxury,Listing:44887491,,,Listing,44887491,18.72,Căn hộ,,
,102.8,3,mid_range,Listing:44263973,,,Listing,44263973,4.53,Đất nền,,
,110.5,5,mid_range,Listing:45241974,,,Listing,45241974,5.73,Căn hộ,,
,51.6,3,affordable,Listing:45239681,,,Listing,45239681,1.49,Căn hộ,,
,54.6,1,affordable,Listing:45230659,,,Listing,45230659,1.97,Căn hộ,,
,69.4,2,affordable,Listing:45223417,,,Listing,45223417,1.37,Nhà phố,,
,112.1,4,mid_range,Listing:44127135,,,Listing,44127135,5.99,Căn hộ,,
,59.1,2,affordable,Listing:38237735,,,Listing,38237735,1.45,Nhà phố,,
,141.9,5,mid_range,Listing:45054518,,,Listing,45054518,7.21,Căn hộ,,
,143.9,4,mid_range,Listing:36834013,,,Listing,36834013,6.16,Căn hộ,,
,128.2,4,mid_range,Listing:37178168,,,Listing,37178168,6.81,Căn hộ,,
,35.5,3,affordable,Listing:45066832,,,Listing,45066832,2.73,Nhà phố,,
,289.5,6,luxury,Listing:43751182,,,Listing,43751182,21.17,Căn hộ,,
,65.1,1,affordable,Listing:44648382,,,Listing,44648382,2.69,Nhà phố,,
,53.6,3,affordable,Listing:44417445,,,Listing,44417445,2.2,Căn hộ,,
,53.3,1,affordable,Listing:44655376,,,Listing,44655376,1.54,Nhà phố,,
,67.6,2,affordable,Listing:45076615,,,Listing,45076615,1.46,Đất nền,,
,75.6,4,affordable,Listing:44382702,,,Listing,44382702,2.66,Đất nền,,
,72.0,2,affordable,Listing:43015737,,,Listing,43015737,2.46,Căn hộ,,
,65.5,2,affordable,Listing:44091096,,,Listing,44091096,1.78,Nhà phố,,
,79.3,2,affordable,Listing:44786304,,,Listing,44786304,2.29,Căn hộ,,
,75.4,1,mid_range,Listing:42159430,,,Listing,42159430,3.07,Căn hộ,,
,45.8,4,affordable,Listing:44965090,,,Listing,44965090,1.76,Nhà phố,,
,131.2,4,mid_range,Listing:44351675,,,Listing,44351675,6.25,Đất nền,,
,57.9,1,affordable,Listing:43716412,,,Listing,43716412,1.7,Căn hộ,,
,194.2,6,luxury,Listing:45104556,,,Listing,45104556,12.96,Căn hộ,,
,190.9,6,luxury,Listing:44897311,,,Listing,44897311,11.31,Nhà phố,,
,61.9,3,affordable,Listing:42956794,,,Listing,42956794,2.62,Căn hộ,,
,83.6,2,affordable,Listing:44368428,,,Listing,44368428,1.63,Căn hộ,,
,55.7,1,affordable,Listing:43377808,,,Listing,43377808,1.3,Căn hộ,,
,53.2,1,affordable,Listing:44827162,,,Listing,44827162,2.19,Căn hộ,,
,53.4,3,affordable,Listing:42850213,,,Listing,42850213,2.84,Căn hộ,,
,116.9,4,mid_range,Listing:44041170,,,Listing,44041170,6.16,Căn hộ,,
,116.2,4,mid_range,Listing:44733999,,,Listing,44733999,7.24,Đất nền,,
,80.8,2,affordable,Listing:40018547,,,Listing,40018547,2.24,Đất nền,,
,71.6,3,affordable,Listing:42687922,,,Listing,42687922,2.41,Căn hộ,,
,72.8,4,mid_range,Listing:44905888,,,Listing,44905888,3.96,Căn hộ,,
,91.1,3,mid_range,Listing:44041264,,,Listing,44041264,5.94,Căn hộ,,
,63.6,4,affordable,Listing:45206386,,,Listing,45206386,2.58,Nhà phố,,
,48.9,2,affordable,Listing:44716797,,,Listing,44716797,2.24,Căn hộ,,
,43.4,1,affordable,Listing:45176450,,,Listing,45176450,1.7,Nhà phố,,
,32.4,2,affordable,Listing:45144435,,,Listing,45144435,1.3,Đất nền,,
,54.2,2,affordable,Listing:44615822,,,Listing,44615822,2.71,Căn hộ,,
,117.9,6,mid_range,Listing:44669242,,,Listing,44669242,7.05,Nhà phố,,
,56.1,3,mid_range,Listing:44915368,,,Listing,44915368,3.13,Căn hộ,,
,52.7,3,affordable,Listing:45112879,,,Listing,45112879,2.77,Nhà phố,,
,129.3,4,mid_range,Listing:45125747,,,Listing,45125747,7.92,Nhà phố,,
,110.5,4,mid_range,Listing:44624881,,,Listing,44624881,6.02,Căn hộ,,
,48.1,1,affordable,Listing:44915344,,,Listing,44915344,1.81,Nhà phố,,
,65.1,1,affordable,Listing:43100236,,,Listing,43100236,1.68,Căn hộ,,
,68.6,4,affordable,Listing:45143281,,,Listing,45143281,2.67,Đất nền,,
,61.2,2,affordable,Listing:45206027,,,Listing,45206027,1.45,Đất nền,,
,74.7,1,affordable,Listing:45087480,,,Listing,45087480,2.36,Căn hộ,,
,160.9,5,mid_range,Listing:45157388,,,Listing,45157388,7.2,Căn hộ,,
,171.3,6,luxury,Listing:45077780,,,Listing,45077780,12.01,Nhà phố,,
,85.9,5,mid_range,Listing:45081886,,,Listing,45081886,5.11,Căn hộ,,
,65.0,1,affordable,Listing:45128056,,,Listing,45128056,1.97,Đất nền,,
,69.6,1,mid_range,Listing:45146527,,,Listing,45146527,3.61,Căn hộ,,
,127.5,4,mid_range,Listing:45229568,,,Listing,45229568,6.57,Căn hộ,,
,221.3,6,luxury,Listing:45059852,,,Listing,45059852,17.39,Căn hộ,,
,285.8,6,luxury,Listing:44775591,,,Listing,44775591,20.15,Nhà phố,,
,78.4,1,affordable,Listing:44620918,,,Listing,44620918,2.46,Căn hộ,,
,115.2,5,mid_range,Listing:45210238,,,Listing,45210238,7.86,Căn hộ,,
,53.5,1,affordable,Listing:45201082,,,Listing,45201082,1.59,Căn hộ,,
,86.8,2,affordable,Listing:44820662,,,Listing,44820662,1.98,Căn hộ,,
,86.5,4,affordable,Listing:45102993,,,Listing,45102993,2.71,Đất nền,,
,65.4,4,mid_range,Listing:44945981,,,Listing,44945981,3.04,Căn hộ,,
,64.6,4,affordable,Listing:45104283,,,Listing,45104283,2.28,Căn hộ,,
,39.7,0,affordable,Listing:45160333,,,Listing,45160333,1.68,Biệt thự,,
,75.6,2,affordable,Listing:45157309,,,Listing,45157309,2.76,Căn hộ,,
,37.2,1,affordable,Listing:44398073,,,Listing,44398073,2.39,Căn hộ,,
,94.5,5,mid_range,Listing:44804549,,,Listing,44804549,5.72,Đất nền,,
,53.4,0,affordable,Listing:44830541,,,Listing,44830541,1.21,Căn hộ,,
,41.3,2,affordable,Listing:45114495,,,Listing,45114495,2.25,Nhà phố,,
,41.6,3,affordable,Listing:45154879,,,Listing,45154879,1.24,Căn hộ,,
,83.5,1,mid_range,Listing:44746209,,,Listing,44746209,4.56,Nhà phố,,
,51.5,2,affordable,Listing:44891727,,,Listing,44891727,1.93,Căn hộ,,
,358.9,6,luxury,Listing:44959037,,,Listing,44959037,28.03,Căn hộ,,
,89.6,1,affordable,Listing:44878017,,,Listing,44878017,2.25,Nhà phố,,
,116.3,6,mid_range,Listing:42182617,,,Listing,42182617,7.74,Căn hộ,,
,63.7,2,affordable,Listing:45005790,,,Listing,45005790,1.33,Căn hộ,,
,70.3,4,affordable,Listing:44942882,,,Listing,44942882,2.9,Đất nền,,
,95.9,3,mid_range,Listing:45240681,,,Listing,45240681,4.3,Căn hộ,,
,49.3,3,affordable,Listing:45163698,,,Listing,45163698,2.8,Căn hộ,,
,51.7,3,affordable,Listing:44835622,,,Listing,44835622,1.67,Căn hộ,,
,119.4,5,mid_range,Listing:45085966,,,Listing,45085966,6.34,Căn hộ,,
,56.2,4,affordable,Listing:45043941,,,Listing,45043941,1.79,Biệt thự,,
,82.1,2,affordable,Listing:45238048,,,Listing,45238048,2.83,Nhà phố,,
,58.9,2,affordable,Listing:45236792,,,Listing,45236792,2.54,Nhà phố,,
,48.0,2,affordable,Listing:45104084,,,Listing,45104084,2.14,Căn hộ,,
,85.9,3,affordable,Listing:45240745,,,Listing,45240745,2.75,Căn hộ,,
,70.7,4,mid_range,Listing:45221402,,,Listing,45221402,3.76,Nhà phố,,
,141.4,4,mid_range,Listing:45233688,,,Listing,45233688,7.92,Căn hộ,,
,84.1,4,mid_range,Listing:45202146,,,Listing,45202146,5.39,Căn hộ,,
,39.7,1,mid_range,Listing:44841956,,,Listing,44841956,3.05,Căn hộ,,
,60.1,2,affordable,Listing:44912644,,,Listing,44912644,2.31,Biệt thự,,
,81.2,3,affordable,Listing:44857859,,,Listing,44857859,2.59,Nhà phố,,
,69.4,4,affordable,Listing:45157792,,,Listing,45157792,1.24,Nhà phố,,
,56.1,2,affordable,Listing:45010057,,,Listing,45010057,1.45,Nhà phố,,
,88.7,4,mid_range,Listing:44990934,,,Listing,44990934,3.26,Căn hộ,,
,125.4,3,mid_range,Listing:45056553,,,Listing,45056553,6.55,Nhà phố,,
,83.1,4,mid_range,Listing:44854998,,,Listing,44854998,4.26,Căn hộ,,
,50.5,2,affordable,Listing:45215331,,,Listing,45215331,1.7,Đất nền,,
,86.4,3,affordable,Listing:44881676,,,Listing,44881676,2.14,Căn hộ,,
,27.7,1,affordable,Listing:44907937,,,Listing,44907937,1.42,Nhà phố,,
,66.5,6,affordable,Listing:45035345,,,Listing,45035345,1.85,Đất nền,,
,63.2,2,affordable,Listing:44922460,,,Listing,44922460,2.4,Căn hộ,,
,89.6,5,mid_range,Listing:45222316,,,Listing,45222316,5.84,Căn hộ,,
,86.5,4,affordable,Listing:45025939,,,Listing,45025939,2.68,Nhà phố,,
,136.7,5,mid_range,Listing:44233376,,,Listing,44233376,6.19,Căn hộ,,
,65.9,1,affordable,Listing:43903476,,,Listing,43903476,2.56,Căn hộ,,
,141.0,6,luxury,Listing:45204163,,,Listing,45204163,8.72,Đất nền,,
,87.7,4,mid_range,Listing:45240090,,,Listing,45240090,4.16,Đất nền,,
,125.5,3,mid_range,Listing:45215597,,,Listing,45215597,6.91,Căn hộ,,
,99.2,3,mid_range,Listing:45104897,,,Listing,45104897,4.24,Căn hộ,,
,131.9,4,mid_range,Listing:45239064,,,Listing,45239064,6.18,Căn hộ,,
,152.9,5,mid_range,Listing:45239402,,,Listing,45239402,6.48,Căn hộ,,
,58.4,1,affordable,Listing:44515581,,,Listing,44515581,1.23,Nhà phố,,
,105.0,2,mid_range,Listing:45163492,,,Listing,45163492,5.53,Căn hộ,,
,69.5,2,affordable,Listing:43216915,,,Listing,43216915,2.44,Nhà phố,,
,189.4,6,luxury,Listing:45016818,,,Listing,45016818,11.53,Biệt thự,,
,56.3,1,affordable,Listing:45047466,,,Listing,45047466,1.51,Căn hộ,,
,170.4,6,luxury,Listing:45128479,,,Listing,45128479,12.6,Căn hộ,,
,60.7,2,mid_range,Listing:41491999,,,Listing,41491999,4.75,Đất nền,,
,44.4,2,affordable,Listing:44554063,,,Listing,44554063,1.42,Căn hộ,,
,77.2,1,affordable,Listing:45194730,,,Listing,45194730,2.21,Nhà phố,,
,156.4,4,luxury,Listing:45239247,,,Listing,45239247,8.35,Nhà phố,,
,47.9,1,affordable,Listing:44766246,,,Listing,44766246,1.54,Biệt thự,,
,61.4,2,affordable,Listing:45238719,,,Listing,45238719,1.51,Căn hộ,,
,98.8,6,mid_range,Listing:45099519,,,Listing,45099519,7.14,Đất nền,,
,122.9,4,mid_range,Listing:44346982,,,Listing,44346982,7.19,Căn hộ,,
,139.3,6,mid_range,Listing:44943702,,,Listing,44943702,7.1,Đất nền,,
,81.1,3,affordable,Listing:45195267,,,Listing,45195267,2.92,Căn hộ,,
,90.7,3,affordable,Listing:45152166,,,Listing,45152166,2.51,Căn hộ,,
,232.6,6,luxury,Listing:45155061,,,Listing,45155061,16.78,Nhà phố,,
,112.5,3,mid_range,Listing:45207213,,,Listing,45207213,5.18,Căn hộ,,
,73.5,0,affordable,Listing:43771765,,,Listing,43771765,2.26,Đất nền,,
,99.3,5,mid_range,Listing:45156507,,,Listing,45156507,6.58,Căn hộ,,
,138.9,5,mid_range,Listing:45236908,,,Listing,45236908,7.02,Căn hộ,,
,86.3,3,affordable,Listing:45238149,,,Listing,45238149,2.53,Đất nền,,
,82.7,4,mid_range,Listing:45126351,,,Listing,45126351,4.35,Đất nền,,
,43.4,3,affordable,Listing:45234835,,,Listing,45234835,2.02,Căn hộ,,
,65.0,2,affordable,Listing:44593731,,,Listing,44593731,1.96,Nhà phố,,
,65.7,3,affordable,Listing:45099850,,,Listing,45099850,2.85,Biệt thự,,
,385.4,6,luxury,Listing:44271574,,,Listing,44271574,28.98,Căn hộ,,
,73.3,1,affordable,Listing:45237139,,,Listing,45237139,2.08,Căn hộ,,
,36.9,3,affordable,Listing:45237701,,,Listing,45237701,1.8,Nhà phố,,
,65.1,2,affordable,Listing:45046681,,,Listing,45046681,2.1,Căn hộ,,
,283.0,6,luxury,Listing:43714148,,,Listing,43714148,21.7,Căn hộ,,
,88.6,2,affordable,Listing:43899935,,,Listing,43899935,2.66,Căn hộ,,
,42.6,2,affordable,Listing:44890363,,,Listing,44890363,2.13,Căn hộ,,
,61.8,4,affordable,Listing:45139954,,,Listing,45139954,2.51,Đất nền,,
,353.9,6,luxury,Listing:45237121,,,Listing,45237121,28.29,Căn hộ,,
,60.0,4,affordable,Listing:45239086,,,Listing,45239086,1.96,Căn hộ,,
,57.0,4,affordable,Listing:43937374,,,Listing,43937374,2.88,Căn hộ,,
,71.4,2,affordable,Listing:44106429,,,Listing,44106429,2.35,Căn hộ,,
,62.4,4,affordable,Listing:44408705,,,Listing,44408705,2.37,Căn hộ,,
,65.8,2,affordable,Listing:44997886,,,Listing,44997886,1.66,Biệt thự,,
,68.7,1,affordable,Listing:45039548,,,Listing,45039548,2.76,Căn hộ,,
,55.0,2,affordable,Listing:44842530,,,Listing,44842530,1.23,Nhà phố,,
,61.1,2,affordable,Listing:45200981,,,Listing,45200981,2.54,Căn hộ,,
,372.2,6,luxury,Listing:44928352,,,Listing,44928352,27.2,Đất nền,,
,355.5,6,luxury,Listing:42585581,,,Listing,42585581,25.91,Căn hộ,,
,95.6,4,mid_range,Listing:44669387,,,Listing,44669387,5.59,Căn hộ,,
,116.3,4,mid_range,Listing:44723754,,,Listing,44723754,5.43,Căn hộ,,
,54.0,2,affordable,Listing:43482908,,,Listing,43482908,1.42,Biệt thự,,
,57.1,2,affordable,Listing:44953993,,,Listing,44953993,2.05,Nhà phố,,
,67.0,1,affordable,Listing:45236705,,,Listing,45236705,2.83,Nhà phố,,
,38.2,2,affordable,Listing:44544650,,,Listing,44544650,1.93,Nhà phố,,
,71.9,0,affordable,Listing:44496308,,,Listing,44496308,2.24,Căn hộ,,
,66.0,0,affordable,Listing:43485499,,,Listing,43485499,2.71,Căn hộ,,
,337.8,6,luxury,Listing:43684811,,,Listing,43684811,25.43,Đất nền,,
,99.2,5,mid_range,Listing:44566903,,,Listing,44566903,6.57,Nhà phố,,
,68.4,2,affordable,Listing:45237543,,,Listing,45237543,2.82,Căn hộ,,
,88.0,4,mid_range,Listing:44855726,,,Listing,44855726,5.03,Biệt thự,,
,90.3,3,affordable,Listing:45201565,,,Listing,45201565,1.48,Căn hộ,,
,76.4,3,affordable,Listing:45124957,,,Listing,45124957,2.17,Nhà phố,,
,80.6,1,affordable,Listing:44723894,,,Listing,44723894,1.65,Căn hộ,,
,89.7,3,mid_range,Listing:44956234,,,Listing,44956234,3.7,Nhà phố,,
,210.2,6,luxury,Listing:44587740,,,Listing,44587740,14.53,Nhà phố,,
,32.2,1,affordable,Listing:45182811,,,Listing,45182811,1.23,Căn hộ,,
,81.2,1,mid_range,Listing:45237194,,,Listing,45237194,3.56,Đất nền,,
,102.1,3,mid_range,Listing:45197066,,,Listing,45197066,6.47,Nhà phố,,
,26.8,2,affordable,Listing:45236592,,,Listing,45236592,1.54,Đất nền,,
,70.7,4,mid_range,Listing:45237270,,,Listing,45237270,5.09,Căn hộ,,
,53.4,2,affordable,Listing:45163490,,,Listing,45163490,2.85,Nhà phố,,
,69.4,2,affordable,Listing:45094268,,,Listing,45094268,2.45,Căn hộ,,
,272.5,6,luxury,Listing:45230780,,,Listing,45230780,19.29,Căn hộ,,
,45.6,3,affordable,Listing:45161284,,,Listing,45161284,2.35,Biệt thự,,
,76.8,2,affordable,Listing:45236774,,,Listing,45236774,2.6,Căn hộ,,
,34.6,3,affordable,Listing:44492641,,,Listing,44492641,1.76,Nhà phố,,
,320.8,6,luxury,Listing:45204924,,,Listing,45204924,22.13,Căn hộ,,
,47.2,4,affordable,Listing:45236333,,,Listing,45236333,2.38,Nhà phố,,
,63.0,1,affordable,Listing:45235509,,,Listing,45235509,2.18,Căn hộ,,
,73.9,3,mid_range,Listing:45233717,,,Listing,45233717,4.87,Căn hộ,,
,302.8,6,luxury,Listing:45197030,,,Listing,45197030,23.67,Căn hộ,,
,79.3,3,affordable,Listing:43552850,,,Listing,43552850,1.4,Nhà phố,,
,68.8,3,affordable,Listing:45236404,,,Listing,45236404,2.65,Căn hộ,,
,58.1,3,affordable,Listing:45046696,,,Listing,45046696,2.28,Nhà phố,,
,147.9,5,mid_range,Listing:44243423,,,Listing,44243423,7.9,Căn hộ,,
,112.8,1,mid_range,Listing:45234974,,,Listing,45234974,5.02,Căn hộ,,
,44.6,2,affordable,Listing:44717765,,,Listing,44717765,1.3,Căn hộ,,
,65.5,2,affordable,Listing:45231828,,,Listing,45231828,1.8,Căn hộ,,
,48.1,2,affordable,Listing:45235999,,,Listing,45235999,1.68,Căn hộ,,
,60.3,3,affordable,Listing:43552729,,,Listing,43552729,2.36,Căn hộ,,
,71.7,2,affordable,Listing:45004644,,,Listing,45004644,2.45,Căn hộ,,
,41.5,4,mid_range,Listing:45011337,,,Listing,45011337,3.22,Đất nền,,
,57.0,3,affordable,Listing:44607260,,,Listing,44607260,2.23,Căn hộ,,
,122.2,5,mid_range,Listing:45233273,,,Listing,45233273,7.0,Căn hộ,,
,73.2,2,affordable,Listing:45226530,,,Listing,45226530,2.7,Căn hộ,,
,117.5,5,mid_range,Listing:44955433,,,Listing,44955433,7.63,Nhà phố,,
,46.0,3,affordable,Listing:45231990,,,Listing,45231990,1.35,Căn hộ,,
,102.0,4,mid_range,Listing:45233147,,,Listing,45233147,5.18,Căn hộ,,
,106.0,4,mid_range,Listing:45231422,,,Listing,45231422,7.16,Đất nền,,
,65.0,4,affordable,Listing:45231197,,,Listing,45231197,2.91,Nhà phố,,
,34.4,0,affordable,Listing:45232540,,,Listing,45232540,1.28,Căn hộ,,
,20.0,3,affordable,Listing:45233939,,,Listing,45233939,1.28,Nhà phố,,
,82.3,2,affordable,Listing:45130372,,,Listing,45130372,2.16,Căn hộ,,
,136.0,5,mid_range,Listing:45230738,,,Listing,45230738,7.4,Nhà phố,,
,62.7,2,affordable,Listing:45233559,,,Listing,45233559,2.79,Nhà phố,,
,81.6,3,affordable,Listing:45000212,,,Listing,45000212,2.4,Căn hộ,,
,53.7,2,affordable,Listing:45225926,,,Listing,45225926,2.93,Đất nền,,
,67.4,1,affordable,Listing:41316802,,,Listing,41316802,2.01,Biệt thự,,
,54.8,2,mid_range,Listing:44627527,,,Listing,44627527,3.76,Đất nền,,
,155.4,5,luxury,Listing:44902908,,,Listing,44902908,9.42,Căn hộ,,
,133.2,3,mid_range,Listing:45226241,,,Listing,45226241,5.44,Căn hộ,,
,358.7,6,luxury,Listing:44637401,,,Listing,44637401,25.52,Căn hộ,,
,93.0,0,affordable,Listing:44962250,,,Listing,44962250,2.51,Căn hộ,,
,46.8,1,affordable,Listing:45002237,,,Listing,45002237,2.77,Căn hộ,,
,38.9,2,affordable,Listing:45088744,,,Listing,45088744,2.96,Nhà phố,,
,70.5,1,affordable,Listing:44173180,,,Listing,44173180,2.65,Căn hộ,,
,101.0,3,mid_range,Listing:43632247,,,Listing,43632247,6.5,Biệt thự,,
,52.4,1,affordable,Listing:44957857,,,Listing,44957857,1.69,Căn hộ,,
,80.2,2,affordable,Listing:45133082,,,Listing,45133082,1.85,Căn hộ,,
,147.4,6,luxury,Listing:44927379,,,Listing,44927379,11.3,Nhà phố,,
,46.4,1,affordable,Listing:44768286,,,Listing,44768286,1.6,Đất nền,,
,42.2,2,affordable,Listing:44893598,,,Listing,44893598,1.35,Căn hộ,,
,65.5,3,affordable,Listing:44223267,,,Listing,44223267,1.79,Đất nền,,
,106.0,5,mid_range,Listing:43845241,,,Listing,43845241,6.08,Nhà phố,,
,44.3,4,affordable,Listing:44815609,,,Listing,44815609,1.61,Căn hộ,,
,44.7,3,affordable,Listing:45206831,,,Listing,45206831,2.51,Căn hộ,,
,71.5,2,affordable,Listing:44896645,,,Listing,44896645,2.99,Nhà phố,,
,98.0,3,affordable,Listing:45075070,,,Listing,45075070,1.58,Căn hộ,,
,287.2,6,luxury,Listing:44030072,,,Listing,44030072,21.22,Căn hộ,,
,126.6,3,mid_range,Listing:44932111,,,Listing,44932111,5.63,Căn hộ,,
,56.5,2,affordable,Listing:45206785,,,Listing,45206785,2.4,Căn hộ,,
,110.7,6,mid_range,Listing:45206609,,,Listing,45206609,6.89,Căn hộ,,
,70.7,3,affordable,Listing:45211253,,,Listing,45211253,1.71,Nhà phố,,
,91.5,4,mid_range,Listing:45211849,,,Listing,45211849,3.55,Đất nền,,
,48.0,1,affordable,Listing:45174871,,,Listing,45174871,1.24,Căn hộ,,
,126.3,5,mid_range,Listing:44843357,,,Listing,44843357,7.16,Đất nền,,
,126.0,4,mid_range,Listing:45147484,,,Listing,45147484,6.91,Căn hộ,,
,69.5,2,mid_range,Listing:44049981,,,Listing,44049981,3.43,Nhà phố,,
,89.4,0,affordable,Listing:44984569,,,Listing,44984569,2.55,Nhà phố,,
,66.5,2,affordable,Listing:44826534,,,Listing,44826534,2.0,Căn hộ,,
,58.5,2,affordable,Listing:45113000,,,Listing,45113000,2.51,Căn hộ,,
,46.1,3,affordable,Listing:45143586,,,Listing,45143586,1.43,Biệt thự,,
,48.1,3,affordable,Listing:42434242,,,Listing,42434242,1.59,Căn hộ,,
,61.3,4,affordable,Listing:41287063,,,Listing,41287063,2.16,Căn hộ,,
,263.7,6,luxury,Listing:45143009,,,Listing,45143009,18.54,Căn hộ,,
,146.1,3,mid_range,Listing:44052208,,,Listing,44052208,6.33,Nhà phố,,
,132.5,6,mid_range,Listing:44881404,,,Listing,44881404,7.89,Căn hộ,,
,66.5,3,mid_range,Listing:45085834,,,Listing,45085834,3.27,Căn hộ,,
,71.5,3,affordable,Listing:45075879,,,Listing,45075879,2.18,Nhà phố,,
,83.8,4,mid_range,Listing:45104610,,,Listing,45104610,4.0,Đất nền,,
,102.2,6,mid_range,Listing:44838922,,,Listing,44838922,4.74,Căn hộ,,
,62.1,2,affordable,Listing:43400223,,,Listing,43400223,2.14,Căn hộ,,
,45.4,2,affordable,Listing:44895598,,,Listing,44895598,1.26,Căn hộ,,
,58.0,3,affordable,Listing:44723041,,,Listing,44723041,2.39,Căn hộ,,
,77.5,3,affordable,Listing:45127331,,,Listing,45127331,2.03,Căn hộ,,
,94.1,5,mid_range,Listing:45119127,,,Listing,45119127,5.41,Biệt thự,,
,70.1,3,affordable,Listing:45079321,,,Listing,45079321,1.61,Căn hộ,,
,75.0,2,affordable,Listing:45099576,,,Listing,45099576,2.77,Căn hộ,,
,69.1,3,affordable,Listing:45054328,,,Listing,45054328,1.56,Căn hộ,,
,77.0,1,affordable,Listing:45226264,,,Listing,45226264,1.84,Căn hộ,,
,90.0,5,mid_range,Listing:44821503,,,Listing,44821503,7.71,Nhà phố,,
,125.4,5,mid_range,Listing:45206352,,,Listing,45206352,5.56,Nhà phố,,
,57.6,2,affordable,Listing:44621627,,,Listing,44621627,2.66,Căn hộ,,
,43.7,3,affordable,Listing:44366917,,,Listing,44366917,1.58,Đất nền,,
,56.1,1,affordable,Listing:45215285,,,Listing,45215285,1.51,Căn hộ,,
,48.5,4,affordable,Listing:45022529,,,Listing,45022529,2.99,Căn hộ,,
,110.2,4,mid_range,Listing:44693702,,,Listing,44693702,6.64,Căn hộ,,
,57.3,3,affordable,Listing:45088747,,,Listing,45088747,1.57,Căn hộ,,
,221.2,6,luxury,Listing:45150988,,,Listing,45150988,16.28,Căn hộ,,
,51.6,2,affordable,Listing:45230335,,,Listing,45230335,1.41,Nhà phố,,
,327.3,6,luxury,Listing:45081038,,,Listing,45081038,22.6,Biệt thự,,
,91.9,2,mid_range,Listing:45228090,,,Listing,45228090,4.57,Đất nền,,
,49.8,3,affordable,Listing:45226656,,,Listing,45226656,2.26,Căn hộ,,
,40.7,1,affordable,Listing:44264563,,,Listing,44264563,1.55,Nhà phố,,
,68.0,3,affordable,Listing:45179313,,,Listing,45179313,1.89,Nhà phố,,
,76.4,3,mid_range,Listing:45158022,,,Listing,45158022,4.92,Biệt thự,,
,81.2,2,affordable,Listing:45229038,,,Listing,45229038,1.89,Đất nền,,
,43.4,1,affordable,Listing:45230794,,,Listing,45230794,1.39,Căn hộ,,
,87.1,4,mid_range,Listing:44973410,,,Listing,44973410,5.6,Nhà phố,,
,63.3,0,affordable,Listing:45229471,,,Listing,45229471,1.71,Căn hộ,,
,45.7,2,affordable,Listing:45156333,,,Listing,45156333,2.81,Nhà phố,,
,72.3,2,mid_range,Listing:44797875,,,Listing,44797875,3.56,Đất nền,,
,128.9,6,mid_range,Listing:43529769,,,Listing,43529769,7.91,Đất nền,,
,82.6,2,mid_range,Listing:44350421,,,Listing,44350421,3.95,Căn hộ,,
,68.0,2,affordable,Listing:45230960,,,Listing,45230960,2.17,Nhà phố,,
,84.1,3,mid_range,Listing:44437606,,,Listing,44437606,3.03,Đất nền,,
,66.8,4,mid_range,Listing:45160821,,,Listing,45160821,4.69,Nhà phố,,
,66.0,2,affordable,Listing:44965768,,,Listing,44965768,2.21,Căn hộ,,
,56.5,2,affordable,Listing:43717341,,,Listing,43717341,1.84,Căn hộ,,
,59.3,3,affordable,Listing:45156251,,,Listing,45156251,2.92,Nhà phố,,
,72.9,3,affordable,Listing:45118404,,,Listing,45118404,2.52,Căn hộ,,
,44.6,1,affordable,Listing:45004927,,,Listing,45004927,1.42,Căn hộ,,
,78.3,1,affordable,Listing:44974004,,,Listing,44974004,2.67,Nhà phố,,
,89.7,3,mid_range,Listing:45158976,,,Listing,45158976,4.52,Căn hộ,,
,98.8,2,mid_range,Listing:45158302,,,Listing,45158302,4.43,Nhà phố,,
,21.6,3,affordable,Listing:45230461,,,Listing,45230461,1.4,Đất nền,,
,77.8,2,affordable,Listing:43529622,,,Listing,43529622,1.46,Nhà phố,,
,111.8,6,mid_range,Listing:44732236,,,Listing,44732236,7.16,Nhà phố,,
,101.9,4,mid_range,Listing:45225478,,,Listing,45225478,7.07,Căn hộ,,
,70.2,3,affordable,Listing:44442368,,,Listing,44442368,2.46,Biệt thự,,
,40.3,3,mid_range,Listing:45215802,,,Listing,45215802,3.77,Căn hộ,,
,93.5,4,mid_range,Listing:45150425,,,Listing,45150425,5.8,Căn hộ,,
,84.4,3,mid_range,Listing:44732427,,,Listing,44732427,4.94,Nhà phố,,
,70.5,1,affordable,Listing:44922562,,,Listing,44922562,1.93,Căn hộ,,
,53.8,3,affordable,Listing:45178416,,,Listing,45178416,2.64,Căn hộ,,
,69.9,2,affordable,Listing:45215169,,,Listing,45215169,2.7,Căn hộ,,
,37.0,3,affordable,Listing:44566729,,,Listing,44566729,2.19,Căn hộ,,
,60.6,3,affordable,Listing:45162505,,,Listing,45162505,2.13,Đất nền,,
,200.7,6,luxury,Listing:45146010,,,Listing,45146010,13.79,Nhà phố,,
,64.7,1,affordable,Listing:45228207,,,Listing,45228207,2.7,Căn hộ,,
,105.8,2,affordable,Listing:44731452,,,Listing,44731452,2.02,Đất nền,,
,63.3,2,affordable,Listing:42953705,,,Listing,42953705,2.93,Căn hộ,,
,47.4,1,affordable,Listing:45230255,,,Listing,45230255,2.2,Căn hộ,,
,53.7,1,affordable,Listing:45094468,,,Listing,45094468,1.21,Căn hộ,,
,51.6,1,affordable,Listing:44929100,,,Listing,44929100,1.23,Căn hộ,,
,69.7,2,affordable,Listing:44593015,,,Listing,44593015,1.71,Nhà phố,,
,66.3,1,affordable,Listing:45227842,,,Listing,45227842,2.93,Căn hộ,,
,243.1,6,luxury,Listing:44467169,,,Listing,44467169,16.13,Nhà phố,,
,72.8,3,affordable,Listing:44845982,,,Listing,44845982,2.92,Căn hộ,,
,265.3,6,luxury,Listing:43614651,,,Listing,43614651,18.23,Nhà phố,,
,109.7,4,mid_range,Listing:44578059,,,Listing,44578059,6.39,Đất nền,,
,90.6,2,affordable,Listing:44905121,,,Listing,44905121,2.97,Căn hộ,,
,79.0,3,mid_range,Listing:45193243,,,Listing,45193243,7.13,Căn hộ,,
,49.3,2,affordable,Listing:45088101,,,Listing,45088101,2.11,Căn hộ,,
,33.3,1,affordable,Listing:43860470,,,Listing,43860470,1.32,Nhà phố,,
,76.3,2,affordable,Listing:45186439,,,Listing,45186439,2.56,Căn hộ,,
,104.8,3,mid_range,Listing:45228050,,,Listing,45228050,4.54,Căn hộ,,
,55.0,2,affordable,Listing:45229581,,,Listing,45229581,1.63,Nhà phố,,
,84.7,1,affordable,Listing:45228540,,,Listing,45228540,2.74,Đất nền,,
,51.2,2,affordable,Listing:45161952,,,Listing,45161952,2.35,Căn hộ,,
,44.7,2,affordable,Listing:43530901,,,Listing,43530901,1.33,Căn hộ,,
,79.6,3,affordable,Listing:43419726,,,Listing,43419726,2.41,Căn hộ,,
,78.5,5,mid_range,Listing:44542346,,,Listing,44542346,3.08,Căn hộ,,
,38.9,2,affordable,Listing:45039085,,,Listing,45039085,1.4,Nhà phố,,
,66.1,2,affordable,Listing:43988683,,,Listing,43988683,2.27,Nhà phố,,
,80.5,3,mid_range,Listing:44837259,,,Listing,44837259,3.68,Nhà phố,,
,97.9,3,mid_range,Listing:44704691,,,Listing,44704691,5.12,Căn hộ,,
,119.5,4,mid_range,Listing:45183074,,,Listing,45183074,4.98,Nhà phố,,
,81.4,2,affordable,Listing:45228388,,,Listing,45228388,2.24,Căn hộ,,
,94.5,3,mid_range,Listing:45025850,,,Listing,45025850,4.98,Căn hộ,,
,358.0,6,luxury,Listing:44407311,,,Listing,44407311,25.6,Căn hộ,,
,133.4,5,luxury,Listing:45194032,,,Listing,45194032,8.32,Căn hộ,,
,109.2,3,mid_range,Listing:45211053,,,Listing,45211053,4.8,Căn hộ,,
,71.3,1,affordable,Listing:45194358,,,Listing,45194358,1.46,Căn hộ,,
,119.0,5,mid_range,Listing:45078935,,,Listing,45078935,6.04,Căn hộ,,
,142.1,4,mid_range,Listing:43517747,,,Listing,43517747,7.85,Nhà phố,,
,51.5,2,affordable,Listing:45172012,,,Listing,45172012,2.39,Căn hộ,,
,60.8,2,mid_range,Listing:44671246,,,Listing,44671246,4.64,Nhà phố,,
,84.9,1,affordable,Listing:45224019,,,Listing,45224019,2.92,Căn hộ,,
,59.7,2,affordable,Listing:44970036,,,Listing,44970036,1.47,Nhà phố,,
,386.7,6,luxury,Listing:45227552,,,Listing,45227552,29.43,Đất nền,,
,63.9,2,affordable,Listing:45226611,,,Listing,45226611,1.54,Nhà phố,,
,47.9,3,affordable,Listing:45158883,,,Listing,45158883,1.97,Nhà phố,,
,70.9,2,affordable,Listing:45226878,,,Listing,45226878,2.69,Căn hộ,,
,109.3,3,mid_range,Listing:42777274,,,Listing,42777274,6.47,Căn hộ,,
,311.6,6,luxury,Listing:44670333,,,Listing,44670333,22.91,Căn hộ,,
,53.9,4,affordable,Listing:45223231,,,Listing,45223231,2.82,Căn hộ,,
,258.2,6,luxury,Listing:45018689,,,Listing,45018689,18.25,Căn hộ,,
,346.3,6,luxury,Listing:45013698,,,Listing,45013698,26.05,Căn hộ,,
,62.1,2,mid_range,Listing:45177905,,,Listing,45177905,3.63,Nhà phố,,
,43.8,3,affordable,Listing:45226387,,,Listing,45226387,2.15,Nhà phố,,
,105.8,4,mid_range,Listing:44827360,,,Listing,44827360,6.67,Căn hộ,,
,66.4,4,affordable,Listing:42928021,,,Listing,42928021,2.82,Nhà phố,,
,55.3,1,mid_range,Listing:44977392,,,Listing,44977392,3.34,Nhà phố,,
,99.7,3,mid_range,Listing:45216200,,,Listing,45216200,6.58,Đất nền,,
,34.7,2,affordable,Listing:45224513,,,Listing,45224513,1.49,Căn hộ,,
,355.6,6,luxury,Listing:45220203,,,Listing,45220203,26.13,Căn hộ,,
,368.3,6,luxury,Listing:44869947,,,Listing,44869947,27.8,Đất nền,,
,85.3,3,affordable,Listing:45204718,,,Listing,45204718,2.98,Căn hộ,,
,119.2,5,mid_range,Listing:44673808,,,Listing,44673808,7.99,Căn hộ,,
,112.8,5,mid_range,Listing:45223119,,,Listing,45223119,5.71,Căn hộ,,
,76.0,1,affordable,Listing:45196546,,,Listing,45196546,2.26,Căn hộ,,
,80.9,2,mid_range,Listing:45224956,,,Listing,45224956,3.86,Nhà phố,,
,79.4,2,affordable,Listing:45224841,,,Listing,45224841,2.53,Căn hộ,,
,53.4,0,affordable,Listing:45225361,,,Listing,45225361,1.46,Căn hộ,,
,179.1,6,luxury,Listing:45224284,,,Listing,45224284,13.09,Đất nền,,
,58.0,4,mid_range,Listing:45201374,,,Listing,45201374,4.35,Căn hộ,,
,81.3,2,affordable,Listing:45223173,,,Listing,45223173,1.3,Căn hộ,,
,77.1,3,affordable,Listing:45224366,,,Listing,45224366,2.48,Đất nền,,
,45.1,1,affordable,Listing:45219566,,,Listing,45219566,2.17,Căn hộ,,
,143.4,6,luxury,Listing:45223742,,,Listing,45223742,10.08,Nhà phố,,
,62.7,3,affordable,Listing:45189911,,,Listing,45189911,2.36,Nhà phố,,
,133.7,5,luxury,Listing:45223994,,,Listing,45223994,9.54,Nhà phố,,
,76.9,4,mid_range,Listing:45223899,,,Listing,45223899,4.03,Căn hộ,,
,112.7,6,mid_range,Listing:45210079,,,Listing,45210079,5.71,Nhà phố,,
,73.6,3,mid_range,Listing:45222624,,,Listing,45222624,4.66,Căn hộ,,
,74.1,3,affordable,Listing:45195316,,,Listing,45195316,2.01,Căn hộ,,
,90.8,3,mid_range,Listing:45188877,,,Listing,45188877,4.71,Căn hộ,,
,69.6,1,affordable,Listing:44944990,,,Listing,44944990,2.76,Nhà phố,,
,41.2,2,affordable,Listing:45223953,,,Listing,45223953,2.29,Căn hộ,,
,403.2,6,luxury,Listing:45222354,,,Listing,45222354,29.98,Căn hộ,,
,82.9,3,mid_range,Listing:45222510,,,Listing,45222510,4.23,Căn hộ,,
,83.1,3,affordable,Listing:45215261,,,Listing,45215261,2.74,Căn hộ,,
,54.6,0,affordable,Listing:45224328,,,Listing,45224328,2.08,Căn hộ,,
,46.5,2,affordable,Listing:45190535,,,Listing,45190535,2.92,Biệt thự,,
,50.6,3,affordable,Listing:45224178,,,Listing,45224178,2.35,Căn hộ,,
,114.9,4,mid_range,Listing:45192385,,,Listing,45192385,5.65,Căn hộ,,
,65.0,3,affordable,Listing:45223466,,,Listing,45223466,2.57,Căn hộ,,
,63.1,2,affordable,Listing:45199308,,,Listing,45199308,2.53,Đất nền,,
,68.4,1,affordable,Listing:44994534,,,Listing,44994534,1.67,Căn hộ,,
,54.6,2,affordable,Listing:45009771,,,Listing,45009771,1.47,Căn hộ,,
,54.2,0,affordable,Listing:45223116,,,Listing,45223116,2.55,Nhà phố,,
,61.0,1,affordable,Listing:39328171,,,Listing,39328171,1.23,Căn hộ,,
,26.5,1,affordable,Listing:45061609,,,Listing,45061609,1.41,Nhà phố,,
,64.1,2,mid_range,Listing:45032097,,,Listing,45032097,3.76,Đất nền,,
,63.1,2,affordable,Listing:44126704,,,Listing,44126704,2.48,Nhà phố,,
,95.7,4,affordable,Listing:43552916,,,Listing,43552916,2.76,Căn hộ,,
,98.2,2,affordable,Listing:45051102,,,Listing,45051102,2.53,Căn hộ,,
,66.7,3,affordable,Listing:44329060,,,Listing,44329060,1.85,Nhà phố,,
,262.7,6,luxury,Listing:42104888,,,Listing,42104888,18.21,Căn hộ,,
,52.2,1,affordable,Listing:45083827,,,Listing,45083827,1.24,Căn hộ,,
,67.7,3,affordable,Listing:45149696,,,Listing,45149696,2.54,Căn hộ,,
,80.7,3,mid_range,Listing:44773068,,,Listing,44773068,4.12,Nhà phố,,
,354.1,6,luxury,Listing:45057882,,,Listing,45057882,26.94,Căn hộ,,
,57.3,2,affordable,Listing:45184381,,,Listing,45184381,2.8,Căn hộ,,
,55.8,3,affordable,Listing:45158404,,,Listing,45158404,2.32,Căn hộ,,
,30.7,1,affordable,Listing:44953675,,,Listing,44953675,1.46,Đất nền,,
,122.1,4,mid_range,Listing:45199407,,,Listing,45199407,5.29,Biệt thự,,
,374.6,6,luxury,Listing:45197139,,,Listing,45197139,28.74,Nhà phố,,
,46.1,2,affordable,Listing:45204762,,,Listing,45204762,1.72,Căn hộ,,
,40.6,2,affordable,Listing:45202785,,,Listing,45202785,1.5,Căn hộ,,
,81.4,1,affordable,Listing:45221695,,,Listing,45221695,1.23,Căn hộ,,
,45.8,1,affordable,Listing:45205027,,,Listing,45205027,1.27,Nhà phố,,
,43.3,2,affordable,Listing:45192019,,,Listing,45192019,1.97,Nhà phố,,
,97.6,4,mid_range,Listing:45090654,,,Listing,45090654,6.4,Đất nền,,
,68.5,1,affordable,Listing:44852119,,,Listing,44852119,2.49,Căn hộ,,
,43.4,3,affordable,Listing:45060455,,,Listing,45060455,2.21,Biệt thự,,
,100.1,2,mid_range,Listing:45146331,,,Listing,45146331,4.79,Đất nền,,
,122.1,6,mid_range,Listing:44945736,,,Listing,44945736,7.46,Căn hộ,,
,88.3,2,affordable,Listing:45066979,,,Listing,45066979,2.63,Căn hộ,,
,74.4,3,affordable,Listing:44745929,,,Listing,44745929,2.69,Nhà phố,,
,121.8,2,mid_range,Listing:45158517,,,Listing,45158517,3.84,Nhà phố,,
,49.4,3,affordable,Listing:44815225,,,Listing,44815225,2.41,Căn hộ,,
,82.6,3,affordable,Listing:44492541,,,Listing,44492541,2.76,Căn hộ,,
,49.8,3,affordable,Listing:44730435,,,Listing,44730435,1.49,Căn hộ,,
,50.7,2,affordable,Listing:45119458,,,Listing,45119458,1.63,Nhà phố,,
,312.3,6,luxury,Listing:44886746,,,Listing,44886746,20.86,Căn hộ,,
,71.7,1,affordable,Listing:45011708,,,Listing,45011708,2.89,Căn hộ,,
,46.4,1,affordable,Listing:45160024,,,Listing,45160024,1.86,Căn hộ,,
,62.5,2,affordable,Listing:45080508,,,Listing,45080508,1.65,Nhà phố,,
,58.3,2,affordable,Listing:44307759,,,Listing,44307759,2.02,Căn hộ,,
,139.5,4,mid_range,Listing:45138486,,,Listing,45138486,7.07,Căn hộ,,
,90.5,4,mid_range,Listing:43605941,,,Listing,43605941,5.47,Căn hộ,,
,76.4,1,affordable,Listing:43639251,,,Listing,43639251,2.41,Nhà phố,,
,83.6,4,mid_range,Listing:44939017,,,Listing,44939017,4.22,Căn hộ,,
,59.7,3,mid_range,Listing:43596772,,,Listing,43596772,3.62,Căn hộ,,
,62.3,1,affordable,Listing:43788665,,,Listing,43788665,2.72,Căn hộ,,
,319.1,6,luxury,Listing:45072572,,,Listing,45072572,24.54,Đất nền,,
,100.3,3,mid_range,Listing:42583860,,,Listing,42583860,5.55,Biệt thự,,
,104.8,2,mid_range,Listing:44549064,,,Listing,44549064,4.94,Căn hộ,,
,80.0,3,mid_range,Listing:44805680,,,Listing,44805680,4.23,Nhà phố,,
,136.9,5,mid_range,Listing:43272904,,,Listing,43272904,7.95,Căn hộ,,
,132.6,5,luxury,Listing:43609282,,,Listing,43609282,8.49,Biệt thự,,
,53.6,1,affordable,Listing:44751479,,,Listing,44751479,1.49,Nhà phố,,
,90.5,3,mid_range,Listing:45116083,,,Listing,45116083,5.02,Căn hộ,,
,125.9,2,mid_range,Listing:44626770,,,Listing,44626770,7.06,Căn hộ,,
,72.5,1,affordable,Listing:45186272,,,Listing,45186272,1.71,Nhà phố,,
,280.5,6,luxury,Listing:44890005,,,Listing,44890005,19.92,Căn hộ,,
,54.0,2,affordable,Listing:44927823,,,Listing,44927823,1.34,Nhà phố,,
,68.7,3,affordable,Listing:45088684,,,Listing,45088684,2.28,Nhà phố,,
,132.0,5,mid_range,Listing:44532538,,,Listing,44532538,5.89,Đất nền,,
,48.6,2,affordable,Listing:44522657,,,Listing,44522657,1.49,Căn hộ,,
,55.1,2,affordable,Listing:45205943,,,Listing,45205943,1.4,Nhà phố,,
,44.8,3,affordable,Listing:44549533,,,Listing,44549533,1.44,Căn hộ,,
,40.5,0,affordable,Listing:42700245,,,Listing,42700245,1.48,Căn hộ,,
,59.7,1,affordable,Listing:45210106,,,Listing,45210106,2.45,Nhà phố,,
,63.6,4,affordable,Listing:45163791,,,Listing,45163791,2.4,Căn hộ,,
,69.1,3,affordable,Listing:44564031,,,Listing,44564031,2.8,Nhà phố,,
,81.1,3,affordable,Listing:44868771,,,Listing,44868771,2.07,Căn hộ,,
,74.8,3,affordable,Listing:45125602,,,Listing,45125602,2.92,Căn hộ,,
,78.2,2,affordable,Listing:45118111,,,Listing,45118111,2.04,Căn hộ,,
,42.9,2,affordable,Listing:45221498,,,Listing,45221498,1.25,Căn hộ,,
,73.6,2,affordable,Listing:44959065,,,Listing,44959065,2.84,Nhà phố,,
,85.6,5,mid_range,Listing:45221343,,,Listing,45221343,5.76,Căn hộ,,
,65.2,1,affordable,Listing:44502536,,,Listing,44502536,1.21,Căn hộ,,
,130.9,3,mid_range,Listing:45099055,,,Listing,45099055,6.32,Căn hộ,,
,74.0,2,affordable,Listing:44899680,,,Listing,44899680,1.77,Căn hộ,,
,55.2,2,affordable,Listing:45194127,,,Listing,45194127,2.43,Đất nền,,
,58.9,2,affordable,Listing:45220782,,,Listing,45220782,2.19,Căn hộ,,
,59.4,0,affordable,Listing:44767187,,,Listing,44767187,2.29,Biệt thự,,
,47.7,3,affordable,Listing:45196522,,,Listing,45196522,2.71,Căn hộ,,
,158.5,4,mid_range,Listing:45220383,,,Listing,45220383,7.91,Căn hộ,,
,110.1,4,mid_range,Listing:44454285,,,Listing,44454285,5.64,Căn hộ,,
,126.2,4,mid_range,Listing:45217777,,,Listing,45217777,6.42,Nhà phố,,
,65.0,3,affordable,Listing:45221253,,,Listing,45221253,1.23,Căn hộ,,
,59.7,2,affordable,Listing:45220106,,,Listing,45220106,1.93,Căn hộ,,
,51.2,3,affordable,Listing:45096390,,,Listing,45096390,1.41,Căn hộ,,
,78.2,2,mid_range,Listing:44959929,,,Listing,44959929,3.3,Căn hộ,,
,44.7,1,affordable,Listing:45115875,,,Listing,45115875,2.31,Nhà phố,,
,104.3,3,mid_range,Listing:44456195,,,Listing,44456195,4.13,Đất nền,,
,58.7,1,affordable,Listing:44200919,,,Listing,44200919,2.43,Căn hộ,,
,63.7,3,affordable,Listing:44234452,,,Listing,44234452,2.04,Căn hộ,,
,71.5,3,affordable,Listing:43011177,,,Listing,43011177,2.33,Căn hộ,,
,95.5,4,mid_range,Listing:43220620,,,Listing,43220620,5.04,Biệt thự,,
,363.2,6,luxury,Listing:45197120,,,Listing,45197120,29.71,Căn hộ,,
,119.4,5,mid_range,Listing:42505985,,,Listing,42505985,5.09,Đất nền,,
,77.2,2,mid_range,Listing:45194190,,,Listing,45194190,3.06,Nhà phố,,
,53.8,3,affordable,Listing:44777477,,,Listing,44777477,1.69,Nhà phố,,
,57.4,2,affordable,Listing:44992654,,,Listing,44992654,2.93,Căn hộ,,
,83.3,1,affordable,Listing:44993942,,,Listing,44993942,1.29,Căn hộ,,
,48.4,0,affordable,Listing:45212387,,,Listing,45212387,1.61,Căn hộ,,
,352.4,6,luxury,Listing:45220144,,,Listing,45220144,25.26,Căn hộ,,
,36.1,3,affordable,Listing:44026736,,,Listing,44026736,2.16,Biệt thự,,
,53.0,0,affordable,Listing:45113537,,,Listing,45113537,2.59,Căn hộ,,
,51.8,3,affordable,Listing:45053231,,,Listing,45053231,2.04,Căn hộ,,
,92.2,3,affordable,Listing:45081815,,,Listing,45081815,2.94,Nhà phố,,
,91.7,3,mid_range,Listing:44113870,,,Listing,44113870,3.84,Đất nền,,
,67.2,2,affordable,Listing:45217136,,,Listing,45217136,2.17,Nhà phố,,
,109.9,5,mid_range,Listing:45215158,,,Listing,45215158,7.48,Căn hộ,,
,44.5,0,affordable,Listing:45217976,,,Listing,45217976,1.8,Nhà phố,,
,44.7,2,affordable,Listing:44147966,,,Listing,44147966,2.43,Căn hộ,,
,38.5,3,affordable,Listing:44493837,,,Listing,44493837,1.52,Căn hộ,,
,70.1,1,affordable,Listing:45210343,,,Listing,45210343,2.79,Căn hộ,,
,75.7,2,affordable,Listing:45159288,,,Listing,45159288,2.38,Căn hộ,,
,74.7,2,affordable,Listing:44979694,,,Listing,44979694,2.27,Căn hộ,,
,45.3,4,affordable,Listing:45218089,,,Listing,45218089,2.65,Căn hộ,,
,42.3,0,affordable,Listing:44558555,,,Listing,44558555,1.23,Căn hộ,,
,116.4,6,mid_range,Listing:45029262,,,Listing,45029262,5.83,Nhà phố,,
,375.2,6,luxury,Listing:44558902,,,Listing,44558902,28.42,Nhà phố,,
,227.3,6,luxury,Listing:45218919,,,Listing,45218919,16.85,Nhà phố,,
,77.7,1,affordable,Listing:45210546,,,Listing,45210546,1.28,Nhà phố,,
,193.9,6,luxury,Listing:45217702,,,Listing,45217702,12.28,Nhà phố,,
,47.0,2,affordable,Listing:44999864,,,Listing,44999864,2.71,Căn hộ,,
,60.2,3,mid_range,Listing:45215592,,,Listing,45215592,3.0,Căn hộ,,
,46.1,3,affordable,Listing:45216538,,,Listing,45216538,2.32,Nhà phố,,
,26.7,1,affordable,Listing:45216887,,,Listing,45216887,2.13,Nhà phố,,
,89.0,5,mid_range,Listing:44900177,,,Listing,44900177,3.68,Căn hộ,,
,80.1,3,affordable,Listing:45202884,,,Listing,45202884,2.92,Đất nền,,
,88.6,3,mid_range,Listing:44216029,,,Listing,44216029,4.91,Căn hộ,,
,73.8,4,affordable,Listing:44707165,,,Listing,44707165,2.49,Nhà phố,,
,65.5,3,affordable,Listing:44122851,,,Listing,44122851,2.87,Nhà phố,,
,51.8,2,affordable,Listing:45177340,,,Listing,45177340,1.85,Căn hộ,,
,43.8,1,affordable,Listing:45218954,,,Listing,45218954,1.54,Biệt thự,,
,46.6,2,affordable,Listing:44609961,,,Listing,44609961,2.06,Căn hộ,,
,59.2,2,affordable,Listing:45218235,,,Listing,45218235,1.67,Căn hộ,,
,61.1,1,affordable,Listing:45218912,,,Listing,45218912,1.49,Căn hộ,,
,114.2,4,mid_range,Listing:45217235,,,Listing,45217235,6.61,Đất nền,,
,33.1,3,affordable,Listing:45197650,,,Listing,45197650,1.94,Căn hộ,,
,55.1,3,affordable,Listing:44538240,,,Listing,44538240,1.92,Nhà phố,,
,338.3,6,luxury,Listing:44640570,,,Listing,44640570,26.4,Căn hộ,,
,39.1,1,affordable,Listing:45207951,,,Listing,45207951,1.27,Đất nền,,
,84.5,4,mid_range,Listing:44607479,,,Listing,44607479,3.2,Căn hộ,,
,108.0,5,mid_range,Listing:45214116,,,Listing,45214116,7.47,Căn hộ,,
,50.3,3,affordable,Listing:45214928,,,Listing,45214928,2.75,Căn hộ,,
,100.4,4,mid_range,Listing:44117018,,,Listing,44117018,3.71,Căn hộ,,
,59.1,3,affordable,Listing:45197627,,,Listing,45197627,1.38,Nhà phố,,
,52.8,1,affordable,Listing:44889787,,,Listing,44889787,1.74,Căn hộ,,
,393.5,6,luxury,Listing:45214926,,,Listing,45214926,28.32,Căn hộ,,
,63.7,1,affordable,Listing:44699370,,,Listing,44699370,2.31,Căn hộ,,
,121.2,6,luxury,Listing:45214777,,,Listing,45214777,9.41,Căn hộ,,
,92.6,5,mid_range,Listing:44102841,,,Listing,44102841,5.22,Căn hộ,,
,82.6,2,mid_range,Listing:45160758,,,Listing,45160758,3.98,Căn hộ,,
,56.1,3,affordable,Listing:44969367,,,Listing,44969367,1.86,Căn hộ,,
,52.3,2,affordable,Listing:45146401,,,Listing,45146401,1.43,Nhà phố,,
,71.5,0,affordable,Listing:45109536,,,Listing,45109536,1.69,Căn hộ,,
,108.3,4,mid_range,Listing:45182878,,,Listing,45182878,6.87,Biệt thự,,
,69.7,1,affordable,Listing:45128126,,,Listing,45128126,1.62,Nhà phố,,
,54.8,2,affordable,Listing:45112753,,,Listing,45112753,2.14,Nhà phố,,
,69.4,3,mid_range,Listing:45154072,,,Listing,45154072,3.43,Đất nền,,
,81.8,2,affordable,Listing:45050074,,,Listing,45050074,2.91,Căn hộ,,
,40.7,2,affordable,Listing:44806109,,,Listing,44806109,1.95,Căn hộ,,
,73.8,1,affordable,Listing:45059651,,,Listing,45059651,2.81,Căn hộ,,
,100.0,4,mid_range,Listing:44920943,,,Listing,44920943,7.12,Đất nền,,
,93.6,2,affordable,Listing:45099274,,,Listing,45099274,1.55,Căn hộ,,
,86.7,3,mid_range,Listing:45207606,,,Listing,45207606,4.44,Căn hộ,,
,49.6,1,affordable,Listing:44814841,,,Listing,44814841,1.51,Căn hộ,,
,99.5,3,affordable,Listing:45036065,,,Listing,45036065,3.0,Căn hộ,,
,65.3,5,affordable,Listing:45105255,,,Listing,45105255,2.89,Nhà phố,,
,71.0,3,affordable,Listing:44643381,,,Listing,44643381,2.89,Nhà phố,,
,273.8,6,luxury,Listing:43570256,,,Listing,43570256,20.77,Căn hộ,,
,128.7,5,mid_range,Listing:44633584,,,Listing,44633584,7.76,Biệt thự,,
,74.2,3,affordable,Listing:44646439,,,Listing,44646439,2.92,Căn hộ,,
,36.4,4,affordable,Listing:44427635,,,Listing,44427635,2.47,Nhà phố,,
,53.6,3,affordable,Listing:45048496,,,Listing,45048496,2.86,Căn hộ,,
,92.5,4,mid_range,Listing:44646136,,,Listing,44646136,5.59,Đất nền,,
,64.2,3,affordable,Listing:45057486,,,Listing,45057486,1.39,Đất nền,,
,90.5,4,mid_range,Listing:44979444,,,Listing,44979444,4.4,Căn hộ,,
,71.5,2,mid_range,Listing:44918394,,,Listing,44918394,3.61,Căn hộ,,
,39.6,1,affordable,Listing:43829753,,,Listing,43829753,1.93,Nhà phố,,
,44.9,3,affordable,Listing:44904491,,,Listing,44904491,1.74,Căn hộ,,
,86.0,4,mid_range,Listing:45148125,,,Listing,45148125,3.28,Căn hộ,,
,265.8,6,luxury,Listing:39078021,,,Listing,39078021,19.95,Nhà phố,,
,78.0,3,mid_range,Listing:45121517,,,Listing,45121517,4.46,Đất nền,,
,86.1,2,mid_range,Listing:44850188,,,Listing,44850188,3.35,Căn hộ,,
,64.9,1,affordable,Listing:45062729,,,Listing,45062729,1.99,Căn hộ,,
,148.4,6,luxury,Listing:44995495,,,Listing,44995495,9.08,Căn hộ,,
,337.9,6,luxury,Listing:45157943,,,Listing,45157943,23.04,Căn hộ,,
,33.7,2,affordable,Listing:44905609,,,Listing,44905609,1.74,Nhà phố,,
,36.1,3,affordable,Listing:44978120,,,Listing,44978120,1.87,Biệt thự,,
,279.9,6,luxury,Listing:45110126,,,Listing,45110126,21.6,Căn hộ,,
,20.0,2,affordable,Listing:45194196,,,Listing,45194196,1.82,Căn hộ,,
,96.4,3,mid_range,Listing:43102591,,,Listing,43102591,6.22,Căn hộ,,
,108.8,2,affordable,Listing:45019799,,,Listing,45019799,2.44,Nhà phố,,
,338.5,6,luxury,Listing:45073914,,,Listing,45073914,26.51,Căn hộ,,
,82.1,2,mid_range,Listing:44867479,,,Listing,44867479,3.09,Biệt thự,,
,69.7,5,mid_range,Listing:44779145,,,Listing,44779145,6.13,Căn hộ,,
,64.4,4,affordable,Listing:45150817,,,Listing,45150817,2.29,Căn hộ,,
,75.7,2,mid_range,Listing:44934807,,,Listing,44934807,4.3,Căn hộ,,
,94.9,4,mid_range,Listing:45143748,,,Listing,45143748,4.97,Nhà phố,,
,245.1,6,luxury,Listing:45205124,,,Listing,45205124,18.99,Nhà phố,,
,77.2,4,mid_range,Listing:45021271,,,Listing,45021271,4.78,Căn hộ,,
,41.2,3,affordable,Listing:44766282,,,Listing,44766282,2.26,Căn hộ,,
,37.9,4,affordable,Listing:45207948,,,Listing,45207948,1.78,Căn hộ,,
,157.0,4,mid_range,Listing:44858898,,,Listing,44858898,7.11,Nhà phố,,
,240.4,6,luxury,Listing:45050974,,,Listing,45050974,17.71,Căn hộ,,
,47.9,2,affordable,Listing:44886440,,,Listing,44886440,2.85,Căn hộ,,
,337.1,6,luxury,Listing:45200842,,,Listing,45200842,26.37,Căn hộ,,
,75.5,3,mid_range,Listing:45209564,,,Listing,45209564,4.28,Căn hộ,,
,80.7,2,affordable,Listing:44372189,,,Listing,44372189,2.11,Căn hộ,,
,332.0,6,luxury,Listing:44932665,,,Listing,44932665,24.65,Nhà phố,,
,74.6,1,affordable,Listing:45181110,,,Listing,45181110,1.22,Căn hộ,,
,67.8,3,mid_range,Listing:44932544,,,Listing,44932544,4.02,Nhà phố,,
,130.0,3,mid_range,Listing:44986783,,,Listing,44986783,7.21,Căn hộ,,
,60.9,0,affordable,Listing:44925166,,,Listing,44925166,1.22,Nhà phố,,
,55.4,3,affordable,Listing:45197397,,,Listing,45197397,1.78,Biệt thự,,
,70.6,2,affordable,Listing:45213268,,,Listing,45213268,2.43,Căn hộ,,
,78.9,3,mid_range,Listing:44611580,,,Listing,44611580,3.08,Căn hộ,,
,73.9,3,affordable,Listing:45161234,,,Listing,45161234,2.22,Căn hộ,,
,110.8,3,mid_range,Listing:45200648,,,Listing,45200648,5.92,Căn hộ,,
,75.9,2,mid_range,Listing:45213326,,,Listing,45213326,4.7,Nhà phố,,
,89.5,3,mid_range,Listing:43531387,,,Listing,43531387,3.88,Nhà phố,,
,40.0,1,affordable,Listing:45094868,,,Listing,45094868,1.63,Nhà phố,,
,80.3,1,affordable,Listing:44315206,,,Listing,44315206,2.37,Đất nền,,
,54.6,1,affordable,Listing:43989783,,,Listing,43989783,2.86,Căn hộ,,
,184.2,6,luxury,Listing:45201231,,,Listing,45201231,12.38,Nhà phố,,
,84.0,1,affordable,Listing:45189941,,,Listing,45189941,1.33,Nhà phố,,
,282.6,6,luxury,Listing:43377676,,,Listing,43377676,21.43,Biệt thự,,
,71.7,0,affordable,Listing:44936092,,,Listing,44936092,1.84,Nhà phố,,
,108.2,4,mid_range,Listing:45161667,,,Listing,45161667,6.73,Căn hộ,,
,75.6,2,affordable,Listing:44242606,,,Listing,44242606,1.87,Căn hộ,,
,350.1,6,luxury,Listing:44222729,,,Listing,44222729,25.42,Căn hộ,,
,73.8,3,mid_range,Listing:45211234,,,Listing,45211234,5.76,Căn hộ,,
,65.6,2,affordable,Listing:45080258,,,Listing,45080258,2.6,Căn hộ,,
,40.5,1,affordable,Listing:45172741,,,Listing,45172741,1.89,Căn hộ,,
,43.7,0,affordable,Listing:45211836,,,Listing,45211836,1.61,Căn hộ,,
,71.5,1,mid_range,Listing:45206999,,,Listing,45206999,3.45,Nhà phố,,
,65.1,2,affordable,Listing:44907827,,,Listing,44907827,2.85,Nhà phố,,
,30.1,2,affordable,Listing:44665507,,,Listing,44665507,1.87,Căn hộ,,
,30.9,3,affordable,Listing:44907090,,,Listing,44907090,2.05,Nhà phố,,
,129.9,4,mid_range,Listing:44896332,,,Listing,44896332,7.65,Biệt thự,,
,69.1,3,affordable,Listing:44307723,,,Listing,44307723,2.53,Căn hộ,,
,61.7,2,affordable,Listing:45122141,,,Listing,45122141,3.0,Biệt thự,,
,65.0,3,affordable,Listing:45211431,,,Listing,45211431,2.8,Căn hộ,,
,67.4,2,affordable,Listing:44654114,,,Listing,44654114,2.02,Nhà phố,,
,41.7,2,affordable,Listing:45209086,,,Listing,45209086,1.98,Biệt thự,,
,71.0,1,affordable,Listing:45147698,,,Listing,45147698,1.63,Biệt thự,,
,139.9,6,mid_range,Listing:44524721,,,Listing,44524721,6.05,Căn hộ,,
,48.9,1,affordable,Listing:45211771,,,Listing,45211771,2.22,Căn hộ,,
,116.7,3,mid_range,Listing:45213303,,,Listing,45213303,6.09,Căn hộ,,
,66.9,2,affordable,Listing:45209973,,,Listing,45209973,1.91,Căn hộ,,
,38.7,2,affordable,Listing:45200898,,,Listing,45200898,2.98,Căn hộ,,
,122.6,6,mid_range,Listing:45153903,,,Listing,45153903,7.44,Nhà phố,,
,78.1,1,affordable,Listing:45209835,,,Listing,45209835,1.99,Nhà phố,,
,95.1,2,affordable,Listing:44548644,,,Listing,44548644,2.44,Căn hộ,,
,274.7,6,luxury,Listing:45205900,,,Listing,45205900,20.89,Căn hộ,,
,39.7,2,affordable,Listing:45061303,,,Listing,45061303,2.32,Biệt thự,,
,72.8,1,affordable,Listing:45180105,,,Listing,45180105,1.82,Nhà phố,,
,380.0,6,luxury,Listing:45175886,,,Listing,45175886,27.22,Căn hộ,,
,106.1,3,mid_range,Listing:45175429,,,Listing,45175429,4.97,Căn hộ,,
,78.2,2,affordable,Listing:44637565,,,Listing,44637565,1.39,Căn hộ,,
,98.4,4,mid_range,Listing:45211536,,,Listing,45211536,6.25,Nhà phố,,
,46.6,2,affordable,Listing:45212454,,,Listing,45212454,1.39,Nhà phố,,
,93.1,3,mid_range,Listing:45021898,,,Listing,45021898,4.41,Nhà phố,,
,66.7,3,affordable,Listing:45207627,,,Listing,45207627,2.29,Nhà phố,,
,96.3,4,mid_range,Listing:44431816,,,Listing,44431816,6.19,Căn hộ,,
,46.5,3,affordable,Listing:45212565,,,Listing,45212565,1.25,Nhà phố,,
,56.8,1,affordable,Listing:45101382,,,Listing,45101382,1.25,Căn hộ,,
,48.8,3,affordable,Listing:44973643,,,Listing,44973643,2.02,Căn hộ,,
,82.1,3,mid_range,Listing:44926521,,,Listing,44926521,3.27,Căn hộ,,
,85.8,2,affordable,Listing:45207570,,,Listing,45207570,2.29,Căn hộ,,
,64.6,2,affordable,Listing:45212198,,,Listing,45212198,2.25,Căn hộ,,
,140.5,4,mid_range,Listing:44909092,,,Listing,44909092,7.39,Nhà phố,,
,53.9,1,affordable,Listing:45160970,,,Listing,45160970,2.2,Căn hộ,,
,63.9,2,affordable,Listing:44392855,,,Listing,44392855,1.67,Căn hộ,,
,83.0,2,affordable,Listing:45080935,,,Listing,45080935,2.68,Đất nền,,
,47.3,0,affordable,Listing:45204210,,,Listing,45204210,1.6,Nhà phố,,
,77.5,3,affordable,Listing:45086734,,,Listing,45086734,2.22,Căn hộ,,
,249.2,6,luxury,Listing:45179980,,,Listing,45179980,15.65,Căn hộ,,
,64.1,2,mid_range,Listing:45211549,,,Listing,45211549,3.31,Biệt thự,,
,87.4,3,mid_range,Listing:45016430,,,Listing,45016430,4.57,Căn hộ,,
,47.5,4,affordable,Listing:43691212,,,Listing,43691212,1.85,Đất nền,,
,84.6,2,mid_range,Listing:45211035,,,Listing,45211035,4.59,Nhà phố,,
,71.7,4,affordable,Listing:44506594,,,Listing,44506594,2.84,Đất nền,,
,84.4,4,mid_range,Listing:45210609,,,Listing,45210609,4.27,Căn hộ,,
,32.6,2,affordable,Listing:45019081,,,Listing,45019081,1.66,Căn hộ,,
,54.9,0,affordable,Listing:44945779,,,Listing,44945779,2.9,Đất nền,,
,110.1,6,mid_range,Listing:45041250,,,Listing,45041250,6.12,Nhà phố,,
,60.9,1,affordable,Listing:45025831,,,Listing,45025831,1.93,Căn hộ,,
,65.6,3,affordable,Listing:42234179,,,Listing,42234179,2.47,Căn hộ,,
,70.5,6,mid_range,Listing:43345599,,,Listing,43345599,3.64,Đất nền,,
,301.2,6,luxury,Listing:45205881,,,Listing,45205881,21.15,Nhà phố,,
,52.2,3,affordable,Listing:45207560,,,Listing,45207560,1.31,Biệt thự,,
,73.5,2,affordable,Listing:45202069,,,Listing,45202069,2.73,Biệt thự,,
,72.5,2,affordable,Listing:44972785,,,Listing,44972785,2.26,Căn hộ,,
,62.1,1,affordable,Listing:45209430,,,Listing,45209430,1.37,Đất nền,,
,102.9,2,affordable,Listing:45205298,,,Listing,45205298,2.73,Căn hộ,,
,65.4,4,affordable,Listing:45207388,,,Listing,45207388,2.77,Căn hộ,,
,80.4,3,mid_range,Listing:45205834,,,Listing,45205834,4.66,Căn hộ,,
,108.1,1,mid_range,Listing:45209045,,,Listing,45209045,4.0,Nhà phố,,
,142.1,5,luxury,Listing:45178622,,,Listing,45178622,8.2,Căn hộ,,
,386.7,6,luxury,Listing:45205957,,,Listing,45205957,28.87,Căn hộ,,
,57.1,4,affordable,Listing:45199044,,,Listing,45199044,1.86,Đất nền,,
,58.8,2,affordable,Listing:45043691,,,Listing,45043691,1.43,Biệt thự,,
,110.6,2,mid_range,Listing:45197649,,,Listing,45197649,4.36,Căn hộ,,
,83.0,3,affordable,Listing:44494201,,,Listing,44494201,2.31,Nhà phố,,
,120.5,5,mid_range,Listing:44247860,,,Listing,44247860,6.82,Nhà phố,,
,40.7,0,affordable,Listing:45020850,,,Listing,45020850,1.47,Nhà phố,,
,99.5,3,mid_range,Listing:44644396,,,Listing,44644396,4.55,Nhà phố,,
,64.9,2,affordable,Listing:44234870,,,Listing,44234870,2.03,Căn hộ,,
,87.9,3,mid_range,Listing:44866741,,,Listing,44866741,5.16,Nhà phố,,
,55.6,3,mid_range,Listing:42418438,,,Listing,42418438,4.31,Căn hộ,,
,140.1,6,luxury,Listing:45196395,,,Listing,45196395,10.95,Căn hộ,,
,49.9,3,affordable,Listing:45204741,,,Listing,45204741,1.68,Căn hộ,,
,133.4,6,mid_range,Listing:44432198,,,Listing,44432198,7.02,Căn hộ,,
,82.5,2,mid_range,Listing:45200445,,,Listing,45200445,4.19,Căn hộ,,
,56.1,3,mid_range,Listing:45207129,,,Listing,45207129,3.67,Căn hộ,,
,54.9,0,affordable,Listing:45159337,,,Listing,45159337,2.12,Biệt thự,,
,36.0,2,affordable,Listing:44942764,,,Listing,44942764,2.42,Căn hộ,,
,63.4,3,affordable,Listing:45179386,,,Listing,45179386,2.44,Căn hộ,,
,86.6,3,mid_range,Listing:44962461,,,Listing,44962461,4.19,Biệt thự,,
,49.0,1,affordable,Listing:45179428,,,Listing,45179428,2.24,Nhà phố,,
,305.3,6,luxury,Listing:45209348,,,Listing,45209348,20.57,Căn hộ,,
,89.6,2,affordable,Listing:45205140,,,Listing,45205140,2.8,Nhà phố,,
,118.0,4,mid_range,Listing:45197605,,,Listing,45197605,7.56,Căn hộ,,
,111.7,4,mid_range,Listing:45200941,,,Listing,45200941,4.94,Nhà phố,,
,55.5,3,affordable,Listing:45201401,,,Listing,45201401,1.7,Căn hộ,,
,49.0,1,affordable,Listing:45025943,,,Listing,45025943,2.34,Căn hộ,,
,120.7,6,luxury,Listing:45205934,,,Listing,45205934,8.15,Căn hộ,,
,36.8,3,affordable,Listing:45200912,,,Listing,45200912,1.43,Nhà phố,,
,205.6,6,luxury,Listing:45197820,,,Listing,45197820,15.29,Nhà phố,,
,121.5,6,mid_range,Listing:45207858,,,Listing,45207858,7.28,Nhà phố,,
,65.7,1,affordable,Listing:45200970,,,Listing,45200970,1.51,Căn hộ,,
,54.5,3,affordable,Listing:45199676,,,Listing,45199676,1.84,Đất nền,,
,83.3,5,mid_range,Listing:44107340,,,Listing,44107340,4.16,Căn hộ,,
,124.1,5,mid_range,Listing:44999155,,,Listing,44999155,7.61,Căn hộ,,
,90.4,6,mid_range,Listing:45197229,,,Listing,45197229,7.99,Nhà phố,,
,24.1,2,affordable,Listing:45203351,,,Listing,45203351,1.59,Nhà phố,,
,64.1,2,affordable,Listing:45204306,,,Listing,45204306,1.94,Căn hộ,,
,81.8,2,mid_range,Listing:45200887,,,Listing,45200887,3.17,Nhà phố,,
,60.4,1,affordable,Listing:45025394,,,Listing,45025394,1.83,Căn hộ,,
,131.6,4,mid_range,Listing:45188564,,,Listing,45188564,7.41,Căn hộ,,
,44.1,1,affordable,Listing:45201686,,,Listing,45201686,2.08,Căn hộ,,
,52.2,2,affordable,Listing:45191977,,,Listing,45191977,2.39,Căn hộ,,
,93.1,2,mid_range,Listing:45203340,,,Listing,45203340,4.47,Căn hộ,,
,126.7,5,mid_range,Listing:44942519,,,Listing,44942519,7.24,Căn hộ,,
,56.6,4,affordable,Listing:44872082,,,Listing,44872082,2.42,Biệt thự,,
,40.4,1,affordable,Listing:45203396,,,Listing,45203396,2.71,Nhà phố,,
,123.1,4,mid_range,Listing:45037137,,,Listing,45037137,7.57,Căn hộ,,
,98.4,5,mid_range,Listing:45203198,,,Listing,45203198,5.61,Căn hộ,,
,77.5,2,affordable,Listing:45201332,,,Listing,45201332,2.04,Căn hộ,,
,82.1,2,mid_range,Listing:45012028,,,Listing,45012028,3.78,Nhà phố,,
,31.3,0,affordable,Listing:45200102,,,Listing,45200102,2.4,Đất nền,,
,28.2,0,affordable,Listing:45204282,,,Listing,45204282,1.22,Căn hộ,,
,307.7,6,luxury,Listing:45194838,,,Listing,45194838,21.05,Nhà phố,,
,162.3,5,mid_range,Listing:44871770,,,Listing,44871770,7.56,Đất nền,,
,116.6,6,mid_range,Listing:45197452,,,Listing,45197452,5.74,Căn hộ,,
,83.4,3,affordable,Listing:45200834,,,Listing,45200834,1.77,Nhà phố,,
,64.4,1,affordable,Listing:45203152,,,Listing,45203152,1.82,Căn hộ,,
,96.2,5,mid_range,Listing:45191353,,,Listing,45191353,6.15,Căn hộ,,
,119.2,2,mid_range,Listing:44991295,,,Listing,44991295,4.77,Nhà phố,,
,71.5,2,affordable,Listing:44950030,,,Listing,44950030,2.7,Đất nền,,
,54.5,1,affordable,Listing:45147655,,,Listing,45147655,2.51,Nhà phố,,
,347.2,6,luxury,Listing:44598029,,,Listing,44598029,26.8,Căn hộ,,
,53.6,2,affordable,Listing:45203517,,,Listing,45203517,1.61,Căn hộ,,
,343.2,6,luxury,Listing:45000100,,,Listing,45000100,24.72,Căn hộ,,
,43.9,2,affordable,Listing:45197594,,,Listing,45197594,1.74,Căn hộ,,
,371.9,6,luxury,Listing:44601914,,,Listing,44601914,29.64,Căn hộ,,
,113.0,5,mid_range,Listing:45188438,,,Listing,45188438,6.9,Căn hộ,,
,25.3,2,affordable,Listing:45146196,,,Listing,45146196,2.03,Căn hộ,,
,50.3,2,affordable,Listing:43925266,,,Listing,43925266,1.27,Căn hộ,,
,110.0,4,mid_range,Listing:44198865,,,Listing,44198865,7.48,Biệt thự,,
,306.1,6,luxury,Listing:44219885,,,Listing,44219885,25.35,Biệt thự,,
,73.7,2,mid_range,Listing:43827731,,,Listing,43827731,3.29,Căn hộ,,
,93.1,1,mid_range,Listing:44881605,,,Listing,44881605,4.58,Biệt thự,,
,104.4,5,mid_range,Listing:40799444,,,Listing,40799444,4.39,Căn hộ,,
,88.2,2,affordable,Listing:44970677,,,Listing,44970677,2.2,Nhà phố,,
,72.1,4,mid_range,Listing:44889916,,,Listing,44889916,3.3,Nhà phố,,
,36.2,2,affordable,Listing:44864665,,,Listing,44864665,1.65,Nhà phố,,
,55.1,1,affordable,Listing:45198077,,,Listing,45198077,1.99,Căn hộ,,
,128.0,3,mid_range,Listing:45204682,,,Listing,45204682,6.67,Biệt thự,,
,41.8,2,affordable,Listing:44994985,,,Listing,44994985,1.28,Căn hộ,,
,20.0,2,affordable,Listing:44925710,,,Listing,44925710,1.25,Nhà phố,,
,83.0,3,mid_range,Listing:44632687,,,Listing,44632687,4.42,Biệt thự,,
,70.1,1,affordable,Listing:45156404,,,Listing,45156404,1.34,Nhà phố,,
,58.9,0,affordable,Listing:45200939,,,Listing,45200939,2.24,Căn hộ,,
,56.0,2,affordable,Listing:44995126,,,Listing,44995126,2.89,Căn hộ,,
,55.5,2,affordable,Listing:43847525,,,Listing,43847525,1.68,Căn hộ,,
,59.3,4,affordable,Listing:45206256,,,Listing,45206256,2.78,Nhà phố,,
,114.5,4,mid_range,Listing:45203024,,,Listing,45203024,6.04,Căn hộ,,
,56.0,3,affordable,Listing:44904377,,,Listing,44904377,1.81,Căn hộ,,
,252.0,6,luxury,Listing:43550205,,,Listing,43550205,17.66,Căn hộ,,
,108.6,4,mid_range,Listing:44743191,,,Listing,44743191,5.42,Căn hộ,,
,100.7,3,mid_range,Listing:44977592,,,Listing,44977592,6.01,Nhà phố,,
,142.0,5,mid_range,Listing:43158878,,,Listing,43158878,7.68,Nhà phố,,
,39.8,2,affordable,Listing:44823332,,,Listing,44823332,1.68,Nhà phố,,
,58.6,2,affordable,Listing:45066544,,,Listing,45066544,1.6,Căn hộ,,
,60.2,2,affordable,Listing:45138082,,,Listing,45138082,1.84,Biệt thự,,
,111.3,6,mid_range,Listing:44106841,,,Listing,44106841,7.04,Căn hộ,,
,130.8,5,mid_range,Listing:45159419,,,Listing,45159419,7.59,Căn hộ,,
,133.8,4,mid_range,Listing:44694701,,,Listing,44694701,7.19,Nhà phố,,
,55.4,3,affordable,Listing:44907913,,,Listing,44907913,1.95,Căn hộ,,
,55.9,4,affordable,Listing:45093795,,,Listing,45093795,2.35,Căn hộ,,
,63.9,4,affordable,Listing:45085394,,,Listing,45085394,1.84,Biệt thự,,
,54.6,4,affordable,Listing:45118395,,,Listing,45118395,1.23,Căn hộ,,
,118.0,2,mid_range,Listing:44455775,,,Listing,44455775,5.63,Biệt thự,,
,76.3,3,affordable,Listing:45188014,,,Listing,45188014,2.66,Căn hộ,,
,114.3,4,mid_range,Listing:45179449,,,Listing,45179449,6.95,Biệt thự,,
,40.8,2,affordable,Listing:44957948,,,Listing,44957948,1.94,Căn hộ,,
,129.6,4,mid_range,Listing:45011206,,,Listing,45011206,6.95,Căn hộ,,
,104.6,4,mid_range,Listing:44695109,,,Listing,44695109,6.38,Căn hộ,,
,164.6,6,luxury,Listing:45029669,,,Listing,45029669,13.8,Căn hộ,,
,124.0,6,mid_range,Listing:44856748,,,Listing,44856748,7.22,Đất nền,,
,104.5,3,affordable,Listing:42742297,,,Listing,42742297,2.84,Đất nền,,
,46.8,1,affordable,Listing:44807468,,,Listing,44807468,1.29,Căn hộ,,
,82.1,1,affordable,Listing:45029240,,,Listing,45029240,1.91,Căn hộ,,
,21.0,0,affordable,Listing:45140831,,,Listing,45140831,1.29,Nhà phố,,
,60.1,3,affordable,Listing:44927947,,,Listing,44927947,2.47,Nhà phố,,
,85.4,2,affordable,Listing:45065182,,,Listing,45065182,2.34,Căn hộ,,
,39.9,2,affordable,Listing:44702970,,,Listing,44702970,1.35,Căn hộ,,
,54.7,1,affordable,Listing:44532561,,,Listing,44532561,1.72,Nhà phố,,
,64.8,3,affordable,Listing:45117695,,,Listing,45117695,2.41,Nhà phố,,
,67.4,3,affordable,Listing:44646251,,,Listing,44646251,2.51,Biệt thự,,
,54.1,0,affordable,Listing:44209474,,,Listing,44209474,1.64,Căn hộ,,
,61.5,4,affordable,Listing:39547835,,,Listing,39547835,1.52,Biệt thự,,
,56.6,3,affordable,Listing:44760660,,,Listing,44760660,2.71,Căn hộ,,
,81.5,2,affordable,Listing:44110260,,,Listing,44110260,1.95,Căn hộ,,
,75.1,2,affordable,Listing:44330887,,,Listing,44330887,1.85,Biệt thự,,
,67.4,3,affordable,Listing:45145693,,,Listing,45145693,1.46,Căn hộ,,
,26.5,2,affordable,Listing:45103011,,,Listing,45103011,1.21,Căn hộ,,
,401.8,6,luxury,Listing:44784446,,,Listing,44784446,29.69,Nhà phố,,
,65.3,3,affordable,Listing:44994501,,,Listing,44994501,2.2,Căn hộ,,
,88.4,3,mid_range,Listing:40194916,,,Listing,40194916,5.3,Căn hộ,,
,75.3,1,affordable,Listing:44921476,,,Listing,44921476,2.21,Căn hộ,,
,67.2,3,mid_range,Listing:45136396,,,Listing,45136396,3.13,Nhà phố,,
,79.9,3,affordable,Listing:44518664,,,Listing,44518664,2.48,Biệt thự,,
,68.9,3,affordable,Listing:45115035,,,Listing,45115035,2.2,Đất nền,,
,82.2,3,mid_range,Listing:44998978,,,Listing,44998978,4.87,Căn hộ,,
,38.9,2,affordable,Listing:44256277,,,Listing,44256277,1.96,Căn hộ,,
,97.4,3,affordable,Listing:44775602,,,Listing,44775602,2.39,Nhà phố,,
,76.9,1,affordable,Listing:44767653,,,Listing,44767653,2.19,Căn hộ,,
,46.9,3,affordable,Listing:44694604,,,Listing,44694604,1.29,Căn hộ,,
,49.8,2,affordable,Listing:45115514,,,Listing,45115514,2.17,Căn hộ,,
,54.6,0,affordable,Listing:44779505,,,Listing,44779505,1.9,Căn hộ,,
,70.4,1,affordable,Listing:44489969,,,Listing,44489969,1.59,Đất nền,,
,50.6,1,affordable,Listing:45113570,,,Listing,45113570,2.04,Nhà phố,,
,33.8,1,affordable,Listing:44102522,,,Listing,44102522,1.63,Nhà phố,,
,120.7,4,mid_range,Listing:44960320,,,Listing,44960320,6.32,Đất nền,,
,31.5,1,affordable,Listing:45019731,,,Listing,45019731,1.4,Nhà phố,,
,53.3,2,affordable,Listing:44973308,,,Listing,44973308,1.49,Đất nền,,
,87.8,3,mid_range,Listing:45073001,,,Listing,45073001,5.46,Căn hộ,,
,64.5,0,affordable,Listing:44979748,,,Listing,44979748,1.86,Căn hộ,,
,66.1,3,affordable,Listing:44778893,,,Listing,44778893,2.24,Căn hộ,,
,52.1,2,affordable,Listing:44992923,,,Listing,44992923,1.67,Căn hộ,,
,45.5,3,affordable,Listing:44050057,,,Listing,44050057,2.79,Căn hộ,,
,28.3,1,affordable,Listing:44951818,,,Listing,44951818,1.32,Căn hộ,,
,50.3,1,affordable,Listing:44821275,,,Listing,44821275,2.21,Nhà phố,,
,56.6,1,affordable,Listing:44866587,,,Listing,44866587,1.66,Đất nền,,
,92.8,4,mid_range,Listing:44014133,,,Listing,44014133,5.65,Nhà phố,,
,101.4,3,mid_range,Listing:44243862,,,Listing,44243862,5.57,Căn hộ,,
,132.0,5,mid_range,Listing:43866971,,,Listing,43866971,7.45,Nhà phố,,
,68.7,0,affordable,Listing:45046256,,,Listing,45046256,1.36,Căn hộ,,
,105.2,4,mid_range,Listing:45182464,,,Listing,45182464,3.35,Đất nền,,
,61.6,3,mid_range,Listing:45096436,,,Listing,45096436,4.65,Nhà phố,,
,94.0,1,mid_range,Listing:44419144,,,Listing,44419144,4.68,Căn hộ,,
,66.3,2,affordable,Listing:45112027,,,Listing,45112027,1.77,Đất nền,,
,67.2,3,affordable,Listing:44845891,,,Listing,44845891,2.12,Căn hộ,,
,53.4,2,mid_range,Listing:44857952,,,Listing,44857952,3.12,Nhà phố,,
,106.5,4,mid_range,Listing:44281973,,,Listing,44281973,5.29,Nhà phố,,
,84.2,4,mid_range,Listing:45074461,,,Listing,45074461,5.27,Nhà phố,,
,55.8,2,affordable,Listing:45077279,,,Listing,45077279,1.24,Nhà phố,,
,85.6,2,mid_range,Listing:44693153,,,Listing,44693153,4.18,Căn hộ,,
,119.6,3,mid_range,Listing:45059816,,,Listing,45059816,7.17,Đất nền,,
,61.6,1,affordable,Listing:44082194,,,Listing,44082194,1.85,Căn hộ,,
,110.3,4,mid_range,Listing:45109123,,,Listing,45109123,5.59,Căn hộ,,
,65.1,0,affordable,Listing:45150820,,,Listing,45150820,2.0,Nhà phố,,
,63.7,3,affordable,Listing:44965051,,,Listing,44965051,2.66,Nhà phố,,
,60.0,1,affordable,Listing:44628735,,,Listing,44628735,2.29,Nhà phố,,
,97.6,4,mid_range,Listing:44870124,,,Listing,44870124,5.42,Căn hộ,,
,173.9,6,luxury,Listing:45158225,,,Listing,45158225,14.15,Căn hộ,,
,51.3,2,affordable,Listing:45004726,,,Listing,45004726,1.36,Căn hộ,,
,57.3,3,mid_range,Listing:44094490,,,Listing,44094490,3.52,Căn hộ,,
,98.9,2,mid_range,Listing:43504875,,,Listing,43504875,5.12,Căn hộ,,
,65.6,1,affordable,Listing:43381561,,,Listing,43381561,2.28,Căn hộ,,
,272.2,6,luxury,Listing:45107518,,,Listing,45107518,19.93,Đất nền,,
,55.1,0,affordable,Listing:45071051,,,Listing,45071051,1.43,Nhà phố,,
,66.2,1,mid_range,Listing:45109871,,,Listing,45109871,3.4,Nhà phố,,
,79.9,2,affordable,Listing:45055037,,,Listing,45055037,1.61,Đất nền,,
,97.7,3,mid_range,Listing:44921021,,,Listing,44921021,5.51,Căn hộ,,
,107.4,3,affordable,Listing:44178154,,,Listing,44178154,2.45,Căn hộ,,
,58.9,1,affordable,Listing:44653498,,,Listing,44653498,2.07,Biệt thự,,
,38.4,2,affordable,Listing:44617350,,,Listing,44617350,1.32,Căn hộ,,
,77.2,3,mid_range,Listing:45005189,,,Listing,45005189,4.27,Nhà phố,,
,108.7,4,mid_range,Listing:44653135,,,Listing,44653135,7.12,Căn hộ,,
,66.0,3,affordable,Listing:45157561,,,Listing,45157561,2.51,Nhà phố,,
,101.6,4,mid_range,Listing:44961717,,,Listing,44961717,5.55,Nhà phố,,
,77.9,1,affordable,Listing:44672339,,,Listing,44672339,2.18,Căn hộ,,
,52.5,2,affordable,Listing:44765040,,,Listing,44765040,1.46,Căn hộ,,
,20.0,1,affordable,Listing:45136321,,,Listing,45136321,1.49,Nhà phố,,
,86.5,4,affordable,Listing:45057883,,,Listing,45057883,2.93,Đất nền,,
,409.2,6,luxury,Listing:44827272,,,Listing,44827272,28.65,Căn hộ,,
,85.5,5,mid_range,Listing:44602658,,,Listing,44602658,4.64,Nhà phố,,
,193.6,6,luxury,Listing:45021961,,,Listing,45021961,11.92,Nhà phố,,
,191.2,6,luxury,Listing:44806114,,,Listing,44806114,15.13,Căn hộ,,
,89.2,1,mid_range,Listing:45086761,,,Listing,45086761,4.85,Căn hộ,,
,269.5,6,luxury,Listing:42712261,,,Listing,42712261,20.18,Căn hộ,,
,104.2,4,mid_range,Listing:44874356,,,Listing,44874356,5.47,Căn hộ,,
,96.2,3,affordable,Listing:45071789,,,Listing,45071789,2.53,Căn hộ,,
,68.1,4,affordable,Listing:45046712,,,Listing,45046712,2.55,Biệt thự,,
,88.4,4,affordable,Listing:45112663,,,Listing,45112663,2.18,Căn hộ,,
,73.3,1,affordable,Listing:45111527,,,Listing,45111527,2.85,Đất nền,,
,79.4,2,mid_range,Listing:44803935,,,Listing,44803935,4.5,Nhà phố,,
,64.2,1,affordable,Listing:44462542,,,Listing,44462542,1.22,Căn hộ,,
,37.9,3,affordable,Listing:45156885,,,Listing,45156885,2.48,Căn hộ,,
,70.9,2,affordable,Listing:45144385,,,Listing,45144385,2.53,Căn hộ,,
,57.2,4,affordable,Listing:45145097,,,Listing,45145097,2.5,Căn hộ,,
,50.4,2,affordable,Listing:45140813,,,Listing,45140813,1.81,Căn hộ,,
,168.6,6,luxury,Listing:43667101,,,Listing,43667101,11.92,Căn hộ,,
,78.1,4,affordable,Listing:44562367,,,Listing,44562367,2.43,Biệt thự,,
,82.9,2,affordable,Listing:44812838,,,Listing,44812838,2.81,Căn hộ,,
,48.2,3,affordable,Listing:45144414,,,Listing,45144414,2.75,Nhà phố,,
,73.9,2,affordable,Listing:45159379,,,Listing,45159379,2.58,Căn hộ,,
,22.0,3,affordable,Listing:44317577,,,Listing,44317577,1.29,Căn hộ,,
,67.7,3,affordable,Listing:45061258,,,Listing,45061258,2.47,Căn hộ,,
,192.6,6,luxury,Listing:45159535,,,Listing,45159535,12.12,Nhà phố,,
,80.9,1,affordable,Listing:45159692,,,Listing,45159692,2.1,Căn hộ,,
,36.2,5,affordable,Listing:43427039,,,Listing,43427039,2.17,Căn hộ,,
,60.9,2,affordable,Listing:44653985,,,Listing,44653985,1.96,Căn hộ,,
,119.3,5,mid_range,Listing:44855742,,,Listing,44855742,7.08,Đất nền,,
,60.8,2,affordable,Listing:44868116,,,Listing,44868116,1.47,Đất nền,,
,20.0,1,affordable,Listing:44568685,,,Listing,44568685,1.38,Căn hộ,,
,28.0,1,affordable,Listing:45135598,,,Listing,45135598,1.57,Biệt thự,,
,96.9,3,mid_range,Listing:45158443,,,Listing,45158443,5.19,Căn hộ,,
,52.0,3,affordable,Listing:45137755,,,Listing,45137755,2.37,Căn hộ,,
,154.1,2,mid_range,Listing:45102649,,,Listing,45102649,6.36,Căn hộ,,
,56.6,2,affordable,Listing:45154603,,,Listing,45154603,1.78,Nhà phố,,
,111.7,3,mid_range,Listing:45039538,,,Listing,45039538,6.57,Căn hộ,,
,94.9,3,affordable,Listing:44770103,,,Listing,44770103,2.72,Căn hộ,,
,97.1,4,mid_range,Listing:44359327,,,Listing,44359327,5.36,Nhà phố,,
,72.1,2,affordable,Listing:43182533,,,Listing,43182533,2.9,Nhà phố,,
,50.2,3,affordable,Listing:45038422,,,Listing,45038422,1.71,Nhà phố,,
,121.7,3,mid_range,Listing:41774490,,,Listing,41774490,5.57,Căn hộ,,
,93.2,4,mid_range,Listing:44604790,,,Listing,44604790,4.67,Căn hộ,,
,80.6,3,affordable,Listing:45110527,,,Listing,45110527,2.56,Căn hộ,,
,77.9,4,mid_range,Listing:45158919,,,Listing,45158919,3.31,Căn hộ,,
,42.7,1,affordable,Listing:44958631,,,Listing,44958631,2.33,Căn hộ,,
,63.0,2,affordable,Listing:44818037,,,Listing,44818037,2.98,Nhà phố,,
,177.2,6,luxury,Listing:45124350,,,Listing,45124350,12.34,Đất nền,,
,56.0,0,affordable,Listing:41866409,,,Listing,41866409,1.57,Nhà phố,,
,99.8,2,mid_range,Listing:43756245,,,Listing,43756245,5.02,Nhà phố,,
,70.0,4,mid_range,Listing:44119225,,,Listing,44119225,3.77,Căn hộ,,
,85.3,2,affordable,Listing:43981506,,,Listing,43981506,2.51,Căn hộ,,
,70.5,2,affordable,Listing:43667257,,,Listing,43667257,2.01,Căn hộ,,
,98.5,4,mid_range,Listing:44118622,,,Listing,44118622,6.56,Đất nền,,
,50.6,3,affordable,Listing:45115150,,,Listing,45115150,2.44,Căn hộ,,
,84.7,4,affordable,Listing:43605274,,,Listing,43605274,2.78,Căn hộ,,
,73.3,1,affordable,Listing:44326394,,,Listing,44326394,2.11,Nhà phố,,
,74.5,0,affordable,Listing:44244300,,,Listing,44244300,1.55,Căn hộ,,
,90.8,1,mid_range,Listing:45028627,,,Listing,45028627,4.25,Biệt thự,,
,52.4,1,affordable,Listing:45158901,,,Listing,45158901,2.28,Căn hộ,,
,122.7,5,mid_range,Listing:45125647,,,Listing,45125647,7.82,Nhà phố,,
,55.5,1,affordable,Listing:44915785,,,Listing,44915785,2.32,Nhà phố,,
,162.6,6,mid_range,Listing:44781986,,,Listing,44781986,7.45,Căn hộ,,
,85.6,2,affordable,Listing:44887471,,,Listing,44887471,1.75,Căn hộ,,
,61.3,2,affordable,Listing:44728156,,,Listing,44728156,2.97,Nhà phố,,
,56.9,1,affordable,Listing:43851729,,,Listing,43851729,2.18,Căn hộ,,
,62.1,2,affordable,Listing:44554823,,,Listing,44554823,1.78,Căn hộ,,
,61.9,3,mid_range,Listing:44552530,,,Listing,44552530,3.05,Nhà phố,,
,79.0,3,affordable,Listing:43649617,,,Listing,43649617,2.46,Căn hộ,,
,100.5,2,affordable,Listing:44566005,,,Listing,44566005,2.35,Căn hộ,,
,45.4,4,affordable,Listing:44687019,,,Listing,44687019,2.48,Nhà phố,,
,63.6,0,affordable,Listing:44596754,,,Listing,44596754,1.42,Nhà phố,,
,57.5,3,affordable,Listing:45039093,,,Listing,45039093,2.5,Căn hộ,,
,78.1,2,mid_range,Listing:45189623,,,Listing,45189623,3.13,Nhà phố,,
,125.9,4,mid_range,Listing:45196467,,,Listing,45196467,7.64,Căn hộ,,
,38.0,3,affordable,Listing:44994010,,,Listing,44994010,1.89,Căn hộ,,
,127.4,3,mid_range,Listing:44995391,,,Listing,44995391,6.73,Căn hộ,,
,68.3,0,affordable,Listing:45196514,,,Listing,45196514,1.92,Căn hộ,,
,87.9,4,mid_range,Listing:44732398,,,Listing,44732398,5.26,Căn hộ,,
,59.1,2,affordable,Listing:43797312,,,Listing,43797312,1.78,Căn hộ,,
,64.3,2,affordable,Listing:43829084,,,Listing,43829084,1.98,Nhà phố,,
,49.2,2,affordable,Listing:44869986,,,Listing,44869986,1.52,Căn hộ,,
,71.2,1,affordable,Listing:44965534,,,Listing,44965534,2.84,Căn hộ,,
,76.7,2,affordable,Listing:45196346,,,Listing,45196346,2.67,Căn hộ,,
,52.2,4,affordable,Listing:45195564,,,Listing,45195564,2.55,Nhà phố,,
,69.7,3,mid_range,Listing:44871072,,,Listing,44871072,4.68,Căn hộ,,
,108.1,5,mid_range,Listing:44278606,,,Listing,44278606,5.8,Nhà phố,,
,148.7,6,mid_range,Listing:45196132,,,Listing,45196132,7.81,Biệt thự,,
,96.5,6,mid_range,Listing:45189133,,,Listing,45189133,6.33,Căn hộ,,
,67.1,3,affordable,Listing:44983989,,,Listing,44983989,2.19,Nhà phố,,
,104.0,3,mid_range,Listing:45073172,,,Listing,45073172,4.85,Nhà phố,,
,92.9,4,mid_range,Listing:45105953,,,Listing,45105953,4.79,Đất nền,,
,35.5,3,affordable,Listing:45005291,,,Listing,45005291,2.36,Căn hộ,,
,125.2,4,mid_range,Listing:45136621,,,Listing,45136621,6.42,Căn hộ,,
,142.2,5,luxury,Listing:45190029,,,Listing,45190029,10.17,Căn hộ,,
,83.1,3,affordable,Listing:45158736,,,Listing,45158736,2.28,Căn hộ,,
,75.9,4,mid_range,Listing:45066800,,,Listing,45066800,4.13,Căn hộ,,
,47.5,1,affordable,Listing:44972736,,,Listing,44972736,1.76,Căn hộ,,
,47.5,1,affordable,Listing:45105755,,,Listing,45105755,1.43,Biệt thự,,
,103.1,5,mid_range,Listing:45091598,,,Listing,45091598,6.25,Đất nền,,
,28.6,2,affordable,Listing:45154503,,,Listing,45154503,2.65,Căn hộ,,
,84.5,2,mid_range,Listing:45190126,,,Listing,45190126,5.07,Căn hộ,,
,101.6,4,mid_range,Listing:43941044,,,Listing,43941044,5.78,Căn hộ,,
,62.4,2,affordable,Listing:44908022,,,Listing,44908022,2.87,Biệt thự,,
,94.7,3,mid_range,Listing:44986327,,,Listing,44986327,4.19,Nhà phố,,
,44.7,2,affordable,Listing:44908020,,,Listing,44908020,2.63,Căn hộ,,
,70.4,3,affordable,Listing:44952217,,,Listing,44952217,2.28,Nhà phố,,
,73.1,2,affordable,Listing:44573847,,,Listing,44573847,2.44,Căn hộ,,
,119.8,5,mid_range,Listing:45074986,,,Listing,45074986,7.84,Nhà phố,,
,68.0,1,affordable,Listing:43493098,,,Listing,43493098,1.5,Căn hộ,,
,57.0,3,affordable,Listing:45100155,,,Listing,45100155,1.65,Nhà phố,,
,94.2,1,affordable,Listing:44233647,,,Listing,44233647,2.71,Nhà phố,,
,127.9,5,mid_range,Listing:45170269,,,Listing,45170269,7.34,Căn hộ,,
,120.1,2,mid_range,Listing:44639724,,,Listing,44639724,5.52,Nhà phố,,
,169.7,6,luxury,Listing:44197096,,,Listing,44197096,12.32,Căn hộ,,
,29.2,4,affordable,Listing:45193148,,,Listing,45193148,1.89,Nhà phố,,
,55.5,1,affordable,Listing:45194695,,,Listing,45194695,2.36,Căn hộ,,
,54.2,1,affordable,Listing:42034419,,,Listing,42034419,1.68,Căn hộ,,
,71.5,2,affordable,Listing:45195095,,,Listing,45195095,1.32,Đất nền,,
,122.1,4,mid_range,Listing:45193938,,,Listing,45193938,6.56,Nhà phố,,
,65.9,5,mid_range,Listing:44229900,,,Listing,44229900,4.91,Nhà phố,,
,97.3,3,mid_range,Listing:44755959,,,Listing,44755959,6.23,Nhà phố,,
,115.8,5,mid_range,Listing:44519047,,,Listing,44519047,7.66,Căn hộ,,
,157.7,6,luxury,Listing:45193147,,,Listing,45193147,11.45,Căn hộ,,
,77.5,3,mid_range,Listing:45192813,,,Listing,45192813,5.22,Căn hộ,,
,76.6,3,mid_range,Listing:44987007,,,Listing,44987007,4.02,Đất nền,,
,150.9,6,luxury,Listing:45192745,,,Listing,45192745,11.0,Căn hộ,,
,60.9,2,affordable,Listing:44961499,,,Listing,44961499,2.67,Căn hộ,,
,96.4,3,mid_range,Listing:45173672,,,Listing,45173672,3.18,Nhà phố,,
,59.2,4,mid_range,Listing:44907969,,,Listing,44907969,6.36,Căn hộ,,
,308.5,6,luxury,Listing:45193895,,,Listing,45193895,22.22,Căn hộ,,
,80.6,2,affordable,Listing:44258163,,,Listing,44258163,2.75,Căn hộ,,
,64.9,1,affordable,Listing:44900702,,,Listing,44900702,2.62,Căn hộ,,
,117.1,2,mid_range,Listing:44317266,,,Listing,44317266,4.85,Nhà phố,,
,61.2,0,affordable,Listing:44234748,,,Listing,44234748,1.39,Căn hộ,,
,50.1,2,affordable,Listing:45171095,,,Listing,45171095,2.48,Nhà phố,,
,58.7,1,affordable,Listing:44574462,,,Listing,44574462,1.6,Đất nền,,
,243.1,6,luxury,Listing:44568568,,,Listing,44568568,17.27,Căn hộ,,
,124.4,5,mid_range,Listing:44309039,,,Listing,44309039,6.27,Căn hộ,,
,127.2,5,mid_range,Listing:45192150,,,Listing,45192150,6.87,Biệt thự,,
,34.9,1,affordable,Listing:43981188,,,Listing,43981188,1.21,Đất nền,,
,337.7,6,luxury,Listing:44396824,,,Listing,44396824,25.89,Căn hộ,,
,49.5,2,affordable,Listing:44510328,,,Listing,44510328,1.84,Căn hộ,,
,57.1,4,mid_range,Listing:44357586,,,Listing,44357586,3.7,Đất nền,,
,110.8,3,mid_range,Listing:43257879,,,Listing,43257879,6.92,Nhà phố,,
,55.4,2,affordable,Listing:44903568,,,Listing,44903568,1.79,Căn hộ,,
,111.9,4,mid_range,Listing:45182658,,,Listing,45182658,5.76,Nhà phố,,
,79.7,1,affordable,Listing:45190121,,,Listing,45190121,2.79,Căn hộ,,
,66.8,3,affordable,Listing:44970216,,,Listing,44970216,1.83,Biệt thự,,
,176.8,6,luxury,Listing:45189972,,,Listing,45189972,15.1,Biệt thự,,
,113.5,5,mid_range,Listing:45190095,,,Listing,45190095,7.05,Căn hộ,,
,40.1,3,affordable,Listing:45005046,,,Listing,45005046,2.39,Biệt thự,,
,63.4,2,affordable,Listing:43248160,,,Listing,43248160,2.68,Căn hộ,,
,67.8,1,affordable,Listing:44040604,,,Listing,44040604,1.8,Nhà phố,,
,69.0,2,affordable,Listing:44974689,,,Listing,44974689,2.98,Nhà phố,,
,137.8,5,mid_range,Listing:45189879,,,Listing,45189879,6.95,Nhà phố,,
,49.7,4,affordable,Listing:45190196,,,Listing,45190196,2.32,Nhà phố,,
,78.0,6,mid_range,Listing:44962221,,,Listing,44962221,6.4,Nhà phố,,
,131.5,6,mid_range,Listing:44582359,,,Listing,44582359,7.79,Căn hộ,,
,70.3,5,mid_range,Listing:45187396,,,Listing,45187396,5.41,Căn hộ,,
,135.9,3,mid_range,Listing:45189306,,,Listing,45189306,6.94,Nhà phố,,
,65.8,2,affordable,Listing:45027581,,,Listing,45027581,1.54,Biệt thự,,
,99.3,3,mid_range,Listing:44657233,,,Listing,44657233,6.13,Căn hộ,,
,66.4,2,affordable,Listing:45085955,,,Listing,45085955,1.51,Căn hộ,,
,72.0,2,affordable,Listing:44275170,,,Listing,44275170,1.32,Nhà phố,,
,160.5,6,luxury,Listing:44741333,,,Listing,44741333,10.44,Nhà phố,,
,68.5,3,affordable,Listing:44895602,,,Listing,44895602,2.89,Nhà phố,,
,23.9,3,affordable,Listing:43864867,,,Listing,43864867,1.34,Căn hộ,,
,58.8,2,affordable,Listing:44891235,,,Listing,44891235,1.57,Căn hộ,,
,66.8,1,affordable,Listing:44855408,,,Listing,44855408,1.44,Nhà phố,,
,216.5,6,luxury,Listing:44748663,,,Listing,44748663,15.11,Nhà phố,,
,140.1,6,luxury,Listing:43993246,,,Listing,43993246,12.52,Nhà phố,,
,89.8,5,mid_range,Listing:44911250,,,Listing,44911250,4.89,Nhà phố,,
,49.8,4,affordable,Listing:42962075,,,Listing,42962075,1.21,Căn hộ,,
,50.4,3,affordable,Listing:42647679,,,Listing,42647679,1.75,Nhà phố,,
,37.2,3,affordable,Listing:45035264,,,Listing,45035264,2.37,Nhà phố,,
,52.0,1,affordable,Listing:44581794,,,Listing,44581794,1.77,Căn hộ,,
,74.0,1,affordable,Listing:44809050,,,Listing,44809050,1.8,Căn hộ,,
,61.2,1,affordable,Listing:44809962,,,Listing,44809962,1.57,Căn hộ,,
,37.4,1,affordable,Listing:44626301,,,Listing,44626301,2.23,Nhà phố,,
,65.2,4,mid_range,Listing:44237400,,,Listing,44237400,5.32,Đất nền,,
,85.4,2,mid_range,Listing:44482212,,,Listing,44482212,3.68,Căn hộ,,
,156.7,5,mid_range,Listing:44437333,,,Listing,44437333,7.34,Căn hộ,,
,36.7,1,affordable,Listing:45113592,,,Listing,45113592,1.68,Căn hộ,,
,72.8,3,affordable,Listing:45114950,,,Listing,45114950,1.57,Nhà phố,,
,52.3,4,affordable,Listing:45175797,,,Listing,45175797,2.07,Căn hộ,,
,118.8,5,mid_range,Listing:45066515,,,Listing,45066515,6.82,Căn hộ,,
,93.8,4,mid_range,Listing:44296343,,,Listing,44296343,6.76,Đất nền,,
,33.2,2,affordable,Listing:44635046,,,Listing,44635046,1.32,Căn hộ,,
,29.8,1,affordable,Listing:45042578,,,Listing,45042578,1.63,Căn hộ,,
,140.9,4,mid_range,Listing:45147884,,,Listing,45147884,7.98,Căn hộ,,
,143.7,6,luxury,Listing:44962765,,,Listing,44962765,12.12,Căn hộ,,
,192.2,6,luxury,Listing:45182940,,,Listing,45182940,11.48,Căn hộ,,
,102.8,4,mid_range,Listing:45177634,,,Listing,45177634,5.3,Căn hộ,,
,46.0,3,affordable,Listing:45185315,,,Listing,45185315,1.7,Căn hộ,,
,118.1,6,mid_range,Listing:45180546,,,Listing,45180546,7.64,Biệt thự,,
,358.5,6,luxury,Listing:43486829,,,Listing,43486829,25.33,Căn hộ,,
,64.7,2,affordable,Listing:44356263,,,Listing,44356263,1.69,Nhà phố,,
,67.3,2,affordable,Listing:45064811,,,Listing,45064811,1.77,Biệt thự,,
,80.3,2,affordable,Listing:44407762,,,Listing,44407762,2.02,Căn hộ,,
,70.8,2,affordable,Listing:44804938,,,Listing,44804938,1.78,Căn hộ,,
,89.8,3,affordable,Listing:44761704,,,Listing,44761704,2.52,Đất nền,,
,144.7,4,mid_range,Listing:45134738,,,Listing,45134738,7.52,Đất nền,,
,63.6,2,affordable,Listing:45028711,,,Listing,45028711,1.28,Căn hộ,,
,73.7,2,mid_range,Listing:44718891,,,Listing,44718891,3.99,Đất nền,,
,42.1,4,affordable,Listing:45187744,,,Listing,45187744,2.51,Căn hộ,,
,62.3,3,affordable,Listing:44530689,,,Listing,44530689,2.24,Căn hộ,,
,70.1,4,mid_range,Listing:42847003,,,Listing,42847003,5.43,Căn hộ,,
,57.2,3,affordable,Listing:44795201,,,Listing,44795201,2.01,Căn hộ,,
,68.3,3,affordable,Listing:44723798,,,Listing,44723798,2.92,Căn hộ,,
,54.9,2,affordable,Listing:43859732,,,Listing,43859732,2.54,Căn hộ,,
,49.9,2,affordable,Listing:44542530,,,Listing,44542530,2.8,Căn hộ,,
,83.8,2,affordable,Listing:44202556,,,Listing,44202556,2.8,Căn hộ,,
,79.6,2,mid_range,Listing:44609746,,,Listing,44609746,4.43,Căn hộ,,
,52.2,0,affordable,Listing:42255314,,,Listing,42255314,1.98,Căn hộ,,
,96.0,5,mid_range,Listing:43869611,,,Listing,43869611,4.79,Căn hộ,,
,75.3,2,affordable,Listing:45175540,,,Listing,45175540,2.33,Nhà phố,,
,50.4,0,affordable,Listing:44984666,,,Listing,44984666,1.73,Căn hộ,,
,64.6,2,affordable,Listing:44809525,,,Listing,44809525,2.58,Nhà phố,,
,108.1,4,mid_range,Listing:44738155,,,Listing,44738155,4.93,Biệt thự,,
,53.7,2,affordable,Listing:43644920,,,Listing,43644920,1.31,Căn hộ,,
,76.9,0,affordable,Listing:45184928,,,Listing,45184928,2.26,Nhà phố,,
,101.3,5,mid_range,Listing:44910730,,,Listing,44910730,5.74,Căn hộ,,
,41.0,1,affordable,Listing:44836443,,,Listing,44836443,1.81,Đất nền,,
,67.3,3,affordable,Listing:43553145,,,Listing,43553145,2.62,Căn hộ,,
,105.7,1,affordable,Listing:45147617,,,Listing,45147617,2.61,Căn hộ,,
,39.4,1,affordable,Listing:45137642,,,Listing,45137642,1.99,Căn hộ,,
,151.9,5,luxury,Listing:44189753,,,Listing,44189753,8.33,Căn hộ,,
,63.1,1,affordable,Listing:44823146,,,Listing,44823146,2.18,Nhà phố,,
,65.2,1,affordable,Listing:45082646,,,Listing,45082646,2.85,Căn hộ,,
,72.8,1,affordable,Listing:45095398,,,Listing,45095398,2.98,Căn hộ,,
,49.0,2,affordable,Listing:45125181,,,Listing,45125181,1.84,Căn hộ,,
,98.2,0,mid_range,Listing:44623266,,,Listing,44623266,4.34,Nhà phố,,
,35.3,2,affordable,Listing:45098440,,,Listing,45098440,1.32,Căn hộ,,
,91.5,3,affordable,Listing:44874488,,,Listing,44874488,2.69,Đất nền,,
,46.9,1,affordable,Listing:44440279,,,Listing,44440279,1.84,Căn hộ,,
,63.3,1,affordable,Listing:44882777,,,Listing,44882777,1.93,Đất nền,,
,47.3,2,affordable,Listing:44984622,,,Listing,44984622,1.98,Đất nền,,
,235.9,6,luxury,Listing:44986630,,,Listing,44986630,14.72,Nhà phố,,
,52.2,2,affordable,Listing:44363864,,,Listing,44363864,1.45,Căn hộ,,
,55.7,1,affordable,Listing:44625052,,,Listing,44625052,1.6,Căn hộ,,
,203.3,6,luxury,Listing:44668486,,,Listing,44668486,15.62,Căn hộ,,
,53.4,2,affordable,Listing:43103719,,,Listing,43103719,2.57,Căn hộ,,
,182.2,6,luxury,Listing:44448048,,,Listing,44448048,15.85,Nhà phố,,
,137.3,3,mid_range,Listing:43535889,,,Listing,43535889,7.25,Căn hộ,,
,64.0,2,affordable,Listing:45186326,,,Listing,45186326,2.68,Căn hộ,,
,85.6,3,mid_range,Listing:44667920,,,Listing,44667920,3.01,Căn hộ,,
,43.9,2,affordable,Listing:44667824,,,Listing,44667824,1.89,Căn hộ,,
,57.0,2,affordable,Listing:44461404,,,Listing,44461404,1.36,Căn hộ,,
,75.7,3,affordable,Listing:44989845,,,Listing,44989845,2.68,Căn hộ,,
,82.7,2,affordable,Listing:45186080,,,Listing,45186080,2.33,Căn hộ,,
,54.4,2,affordable,Listing:44464695,,,Listing,44464695,2.02,Căn hộ,,
,44.1,4,affordable,Listing:45184677,,,Listing,45184677,2.81,Căn hộ,,
,76.6,4,affordable,Listing:44983045,,,Listing,44983045,2.81,Căn hộ,,
,278.1,6,luxury,Listing:45186485,,,Listing,45186485,19.92,Nhà phố,,
,68.8,4,affordable,Listing:45186794,,,Listing,45186794,2.81,Căn hộ,,
,79.6,1,affordable,Listing:44668223,,,Listing,44668223,1.31,Căn hộ,,
,50.6,2,affordable,Listing:44130060,,,Listing,44130060,2.57,Căn hộ,,
,80.0,1,affordable,Listing:45183885,,,Listing,45183885,1.21,Nhà phố,,
,93.9,3,mid_range,Listing:44461338,,,Listing,44461338,5.08,Nhà phố,,
,94.0,4,mid_range,Listing:44755723,,,Listing,44755723,4.56,Căn hộ,,
,41.2,2,affordable,Listing:45186281,,,Listing,45186281,1.32,Nhà phố,,
,63.5,2,affordable,Listing:45186061,,,Listing,45186061,2.95,Đất nền,,
,97.9,5,mid_range,Listing:45186265,,,Listing,45186265,6.43,Đất nền,,
,66.1,3,mid_range,Listing:44973206,,,Listing,44973206,4.47,Căn hộ,,
,41.1,1,affordable,Listing:44615797,,,Listing,44615797,1.96,Biệt thự,,
,64.5,2,mid_range,Listing:45186361,,,Listing,45186361,3.79,Căn hộ,,
,59.6,2,affordable,Listing:45186062,,,Listing,45186062,2.74,Căn hộ,,
,80.0,2,mid_range,Listing:45185949,,,Listing,45185949,3.01,Nhà phố,,
,65.3,1,mid_range,Listing:43873485,,,Listing,43873485,3.01,Đất nền,,
,75.1,2,affordable,Listing:45185441,,,Listing,45185441,2.78,Nhà phố,,
,49.1,3,affordable,Listing:45184357,,,Listing,45184357,1.88,Đất nền,,
,101.0,3,mid_range,Listing:45184337,,,Listing,45184337,6.05,Biệt thự,,
,67.8,2,affordable,Listing:44998106,,,Listing,44998106,2.2,Nhà phố,,
,73.1,3,mid_range,Listing:42491572,,,Listing,42491572,3.52,Nhà phố,,
,45.2,2,affordable,Listing:45182579,,,Listing,45182579,2.36,Căn hộ,,
,248.1,6,luxury,Listing:44390177,,,Listing,44390177,16.12,Căn hộ,,
,69.7,1,affordable,Listing:45182521,,,Listing,45182521,1.28,Căn hộ,,
,396.8,6,luxury,Listing:45182855,,,Listing,45182855,28.97,Nhà phố,,
,53.4,1,affordable,Listing:45183579,,,Listing,45183579,2.23,Căn hộ,,
,73.1,2,affordable,Listing:44900791,,,Listing,44900791,1.91,Căn hộ,,
,60.5,3,affordable,Listing:45183862,,,Listing,45183862,2.39,Căn hộ,,
,84.4,2,mid_range,Listing:44928768,,,Listing,44928768,3.86,Nhà phố,,
,59.6,1,affordable,Listing:44477523,,,Listing,44477523,1.89,Căn hộ,,
,40.5,1,affordable,Listing:45182692,,,Listing,45182692,2.09,Nhà phố,,
,353.9,6,luxury,Listing:44991259,,,Listing,44991259,27.39,Căn hộ,,
,71.4,3,mid_range,Listing:44738732,,,Listing,44738732,3.3,Căn hộ,,
,60.5,2,affordable,Listing:42171811,,,Listing,42171811,1.5,Đất nền,,
,135.2,4,mid_range,Listing:44649013,,,Listing,44649013,6.84,Nhà phố,,
,38.5,2,affordable,Listing:40741946,,,Listing,40741946,1.7,Căn hộ,,
,69.8,3,affordable,Listing:45140241,,,Listing,45140241,2.91,Căn hộ,,
,343.1,6,luxury,Listing:44606125,,,Listing,44606125,26.31,Nhà phố,,
,70.1,2,mid_range,Listing:45119799,,,Listing,45119799,4.05,Nhà phố,,
,76.9,4,affordable,Listing:43685879,,,Listing,43685879,1.59,Biệt thự,,
,53.6,3,affordable,Listing:40950675,,,Listing,40950675,2.13,Căn hộ,,
,40.6,3,affordable,Listing:45155702,,,Listing,45155702,2.3,Biệt thự,,
,110.7,4,mid_range,Listing:44127342,,,Listing,44127342,5.89,Biệt thự,,
,61.5,0,affordable,Listing:44001072,,,Listing,44001072,2.63,Căn hộ,,
,66.8,3,affordable,Listing:45095841,,,Listing,45095841,2.12,Căn hộ,,
,74.4,4,mid_range,Listing:44869367,,,Listing,44869367,6.0,Căn hộ,,
,69.7,2,affordable,Listing:44875078,,,Listing,44875078,1.77,Căn hộ,,
,51.5,2,affordable,Listing:45059133,,,Listing,45059133,2.58,Nhà phố,,
,62.4,2,affordable,Listing:45062732,,,Listing,45062732,1.54,Đất nền,,
,88.8,4,mid_range,Listing:45177307,,,Listing,45177307,7.27,Nhà phố,,
,58.9,4,affordable,Listing:45178705,,,Listing,45178705,1.85,Nhà phố,,
,115.7,3,mid_range,Listing:45180426,,,Listing,45180426,4.87,Nhà phố,,
,69.2,4,affordable,Listing:44893724,,,Listing,44893724,2.66,Nhà phố,,
,54.3,4,affordable,Listing:44900300,,,Listing,44900300,1.88,Biệt thự,,
,42.9,2,affordable,Listing:44892290,,,Listing,44892290,1.34,Căn hộ,,
,76.7,2,affordable,Listing:44821696,,,Listing,44821696,1.93,Căn hộ,,
,106.5,3,mid_range,Listing:44813625,,,Listing,44813625,4.54,Căn hộ,,
,98.8,5,mid_range,Listing:45080276,,,Listing,45080276,7.7,Căn hộ,,
,69.7,1,affordable,Listing:45075311,,,Listing,45075311,2.98,Căn hộ,,
,67.4,2,affordable,Listing:44652093,,,Listing,44652093,2.44,Căn hộ,,
,33.3,0,affordable,Listing:44419047,,,Listing,44419047,2.28,Biệt thự,,
,93.8,2,mid_range,Listing:44872978,,,Listing,44872978,3.4,Căn hộ,,
,113.3,4,mid_range,Listing:44000659,,,Listing,44000659,4.13,Đất nền,,
,154.2,4,mid_range,Listing:45090864,,,Listing,45090864,6.79,Căn hộ,,
,273.1,6,luxury,Listing:44810058,,,Listing,44810058,20.96,Căn hộ,,
,44.0,2,affordable,Listing:43286721,,,Listing,43286721,2.0,Căn hộ,,
,270.1,6,luxury,Listing:44870565,,,Listing,44870565,19.09,Căn hộ,,
,50.8,1,affordable,Listing:44838169,,,Listing,44838169,1.26,Căn hộ,,
,76.4,0,affordable,Listing:45092572,,,Listing,45092572,2.03,Căn hộ,,
,75.7,2,affordable,Listing:45109389,,,Listing,45109389,1.47,Căn hộ,,
,34.3,3,affordable,Listing:45109943,,,Listing,45109943,1.45,Biệt thự,,
,380.6,6,luxury,Listing:45019432,,,Listing,45019432,28.93,Căn hộ,,
,66.2,2,affordable,Listing:44364238,,,Listing,44364238,2.04,Nhà phố,,
,107.2,4,mid_range,Listing:45108028,,,Listing,45108028,6.65,Đất nền,,
,46.2,2,affordable,Listing:45113170,,,Listing,45113170,1.54,Căn hộ,,
,57.5,2,affordable,Listing:45026350,,,Listing,45026350,1.54,Nhà phố,,
,30.2,3,affordable,Listing:45175377,,,Listing,45175377,1.75,Căn hộ,,
,63.9,1,affordable,Listing:45151537,,,Listing,45151537,2.27,Căn hộ,,
,84.8,1,affordable,Listing:45131288,,,Listing,45131288,2.14,Căn hộ,,
,83.7,2,affordable,Listing:44269504,,,Listing,44269504,1.6,Căn hộ,,
,68.5,3,mid_range,Listing:45143221,,,Listing,45143221,3.88,Căn hộ,,
,48.6,1,affordable,Listing:45127299,,,Listing,45127299,2.43,Căn hộ,,
,109.1,2,mid_range,Listing:45181467,,,Listing,45181467,5.77,Căn hộ,,
,49.0,0,affordable,Listing:44561082,,,Listing,44561082,1.53,Biệt thự,,
,48.4,0,affordable,Listing:45150652,,,Listing,45150652,2.0,Căn hộ,,
,103.3,5,mid_range,Listing:45181336,,,Listing,45181336,6.32,Nhà phố,,
,114.5,3,mid_range,Listing:45181392,,,Listing,45181392,4.72,Nhà phố,,
,45.7,2,affordable,Listing:41010971,,,Listing,41010971,2.86,Căn hộ,,
,103.0,3,mid_range,Listing:45025536,,,Listing,45025536,4.32,Căn hộ,,
,59.4,1,affordable,Listing:45135481,,,Listing,45135481,1.3,Căn hộ,,
,70.9,4,mid_range,Listing:45144292,,,Listing,45144292,4.05,Căn hộ,,
,61.9,2,affordable,Listing:45181375,,,Listing,45181375,2.94,Đất nền,,
,56.3,2,affordable,Listing:44454746,,,Listing,44454746,1.21,Căn hộ,,
,51.7,1,affordable,Listing:45103339,,,Listing,45103339,2.14,Nhà phố,,
,65.7,3,mid_range,Listing:45180487,,,Listing,45180487,4.89,Đất nền,,
,110.7,5,mid_range,Listing:45180731,,,Listing,45180731,4.89,Căn hộ,,
,102.2,5,mid_range,Listing:45180898,,,Listing,45180898,5.03,Căn hộ,,
,37.3,0,affordable,Listing:45091266,,,Listing,45091266,1.27,Đất nền,,
,75.1,4,affordable,Listing:43371877,,,Listing,43371877,2.67,Nhà phố,,
,68.1,2,mid_range,Listing:39124630,,,Listing,39124630,3.48,Căn hộ,,
,71.4,3,affordable,Listing:45178501,,,Listing,45178501,2.1,Căn hộ,,
,42.5,0,affordable,Listing:45178659,,,Listing,45178659,1.23,Căn hộ,,
,43.6,2,affordable,Listing:45179743,,,Listing,45179743,1.28,Đất nền,,
,91.7,3,affordable,Listing:45175447,,,Listing,45175447,2.44,Căn hộ,,
,340.9,6,luxury,Listing:45179131,,,Listing,45179131,27.3,Nhà phố,,
,64.3,1,affordable,Listing:45178730,,,Listing,45178730,1.58,Biệt thự,,
,144.5,5,mid_range,Listing:45178962,,,Listing,45178962,7.53,Căn hộ,,
,92.0,3,affordable,Listing:44956282,,,Listing,44956282,2.82,Biệt thự,,
,77.0,3,mid_range,Listing:45177946,,,Listing,45177946,4.24,Căn hộ,,
,76.4,2,affordable,Listing:44952298,,,Listing,44952298,1.49,Nhà phố,,
,56.2,4,affordable,Listing:45177579,,,Listing,45177579,2.29,Căn hộ,,
,45.7,2,affordable,Listing:45151240,,,Listing,45151240,1.31,Đất nền,,
,222.2,6,luxury,Listing:45177740,,,Listing,45177740,14.88,Căn hộ,,
,71.7,2,affordable,Listing:45082255,,,Listing,45082255,2.32,Biệt thự,,
,347.0,6,luxury,Listing:43849808,,,Listing,43849808,25.37,Căn hộ,,
,108.8,5,mid_range,Listing:45012434,,,Listing,45012434,6.14,Căn hộ,,
,305.8,6,luxury,Listing:45079310,,,Listing,45079310,23.8,Căn hộ,,
,91.0,4,affordable,Listing:45124353,,,Listing,45124353,2.26,Căn hộ,,
,213.5,6,luxury,Listing:45037091,,,Listing,45037091,15.54,Căn hộ,,
,94.6,2,affordable,Listing:45136082,,,Listing,45136082,2.84,Căn hộ,,
,155.3,5,mid_range,Listing:45094154,,,Listing,45094154,6.38,Nhà phố,,
,43.6,0,affordable,Listing:45146343,,,Listing,45146343,1.98,Căn hộ,,
,20.0,3,affordable,Listing:45148583,,,Listing,45148583,2.27,Căn hộ,,
,52.0,2,affordable,Listing:45075027,,,Listing,45075027,2.47,Nhà phố,,
,59.8,0,affordable,Listing:44616457,,,Listing,44616457,1.7,Nhà phố,,
,93.6,3,mid_range,Listing:45125907,,,Listing,45125907,3.88,Đất nền,,
,46.4,4,affordable,Listing:45117378,,,Listing,45117378,2.67,Căn hộ,,
,49.3,4,affordable,Listing:45054515,,,Listing,45054515,2.65,Căn hộ,,
,52.1,0,affordable,Listing:45048044,,,Listing,45048044,2.49,Căn hộ,,
,77.9,2,mid_range,Listing:45116634,,,Listing,45116634,6.03,Căn hộ,,
,39.9,2,affordable,Listing:45116827,,,Listing,45116827,1.21,Căn hộ,,
,75.8,5,mid_range,Listing:44816274,,,Listing,44816274,5.3,Biệt thự,,
,34.7,0,affordable,Listing:44888323,,,Listing,44888323,1.24,Căn hộ,,
,70.7,2,affordable,Listing:45071879,,,Listing,45071879,2.32,Nhà phố,,
,114.4,5,mid_range,Listing:45116925,,,Listing,45116925,5.79,Nhà phố,,
,135.6,4,mid_range,Listing:45082489,,,Listing,45082489,6.63,Nhà phố,,
,60.5,1,affordable,Listing:45129450,,,Listing,45129450,2.02,Căn hộ,,
,104.7,4,mid_range,Listing:45104177,,,Listing,45104177,6.11,Căn hộ,,
,34.7,3,affordable,Listing:44155473,,,Listing,44155473,2.6,Nhà phố,,
,233.5,6,luxury,Listing:45091675,,,Listing,45091675,14.77,Nhà phố,,
,102.7,4,mid_range,Listing:45067446,,,Listing,45067446,5.15,Căn hộ,,
,58.7,4,affordable,Listing:45129561,,,Listing,45129561,2.56,Căn hộ,,
,92.3,4,affordable,Listing:45116396,,,Listing,45116396,2.97,Nhà phố,,
,76.6,1,affordable,Listing:45106450,,,Listing,45106450,1.3,Đất nền,,
,118.8,1,affordable,Listing:44604328,,,Listing,44604328,1.99,Căn hộ,,
,43.9,2,affordable,Listing:45138226,,,Listing,45138226,1.95,Căn hộ,,
,48.6,2,affordable,Listing:44636947,,,Listing,44636947,1.99,Căn hộ,,
,66.9,1,affordable,Listing:44915233,,,Listing,44915233,1.39,Căn hộ,,
,71.9,2,affordable,Listing:45132220,,,Listing,45132220,1.99,Nhà phố,,
,71.4,4,mid_range,Listing:44875460,,,Listing,44875460,3.74,Đất nền,,
,93.3,4,affordable,Listing:42818522,,,Listing,42818522,1.96,Đất nền,,
,40.8,2,affordable,Listing:44816803,,,Listing,44816803,2.8,Biệt thự,,
,73.3,2,mid_range,Listing:44610935,,,Listing,44610935,4.1,Căn hộ,,
,104.5,4,mid_range,Listing:44737883,,,Listing,44737883,6.63,Đất nền,,
,54.8,3,affordable,Listing:44119364,,,Listing,44119364,2.51,Nhà phố,,
,79.1,2,affordable,Listing:43406083,,,Listing,43406083,2.95,Nhà phố,,
,65.3,1,affordable,Listing:45177146,,,Listing,45177146,1.72,Căn hộ,,
,66.9,2,affordable,Listing:45156160,,,Listing,45156160,2.79,Căn hộ,,
,104.8,4,mid_range,Listing:44134283,,,Listing,44134283,7.29,Nhà phố,,
,61.0,0,affordable,Listing:45004368,,,Listing,45004368,1.99,Biệt thự,,
,81.4,2,affordable,Listing:45099707,,,Listing,45099707,2.19,Nhà phố,,
,37.2,0,affordable,Listing:45172641,,,Listing,45172641,1.2,Căn hộ,,
,99.6,4,mid_range,Listing:44166950,,,Listing,44166950,4.76,Nhà phố,,
,43.8,2,affordable,Listing:45170988,,,Listing,45170988,1.45,Nhà phố,,
,67.6,1,affordable,Listing:44881114,,,Listing,44881114,2.95,Nhà phố,,
,59.3,4,mid_range,Listing:45175383,,,Listing,45175383,3.5,Căn hộ,,
,117.0,5,mid_range,Listing:45174816,,,Listing,45174816,7.62,Biệt thự,,
,82.5,2,affordable,Listing:45172574,,,Listing,45172574,2.67,Đất nền,,
,71.6,3,affordable,Listing:44141551,,,Listing,44141551,1.27,Căn hộ,,
,299.8,6,luxury,Listing:43478475,,,Listing,43478475,20.07,Biệt thự,,
,69.0,4,affordable,Listing:44751866,,,Listing,44751866,1.95,Nhà phố,,
,62.7,2,affordable,Listing:44775919,,,Listing,44775919,1.94,Nhà phố,,
,77.0,1,affordable,Listing:43797911,,,Listing,43797911,1.73,Biệt thự,,
,111.1,1,affordable,Listing:40032422,,,Listing,40032422,2.17,Căn hộ,,
,51.0,3,affordable,Listing:44141025,,,Listing,44141025,2.54,Căn hộ,,
,86.3,3,mid_range,Listing:43410630,,,Listing,43410630,3.47,Nhà phố,,
,56.7,2,affordable,Listing:44752707,,,Listing,44752707,1.71,Căn hộ,,
,46.2,1,affordable,Listing:44757276,,,Listing,44757276,1.29,Căn hộ,,
,73.8,1,affordable,Listing:45173915,,,Listing,45173915,1.45,Căn hộ,,
,131.7,6,mid_range,Listing:44817009,,,Listing,44817009,7.4,Căn hộ,,
,130.8,3,mid_range,Listing:44057200,,,Listing,44057200,7.77,Biệt thự,,
,69.6,3,mid_range,Listing:45039355,,,Listing,45039355,4.15,Căn hộ,,
,65.2,0,affordable,Listing:45173410,,,Listing,45173410,1.29,Căn hộ,,
,33.5,1,affordable,Listing:44565872,,,Listing,44565872,1.37,Nhà phố,,
,125.5,4,mid_range,Listing:45173450,,,Listing,45173450,6.32,Căn hộ,,
,38.6,1,affordable,Listing:45086865,,,Listing,45086865,1.75,Đất nền,,
,98.8,4,mid_range,Listing:44767648,,,Listing,44767648,3.74,Đất nền,,
,97.7,5,mid_range,Listing:44092867,,,Listing,44092867,6.58,Căn hộ,,
,59.3,1,affordable,Listing:44829678,,,Listing,44829678,1.54,Đất nền,,
,129.3,6,luxury,Listing:44995325,,,Listing,44995325,8.62,Nhà phố,,
,96.7,4,mid_range,Listing:44177616,,,Listing,44177616,5.36,Căn hộ,,
,67.8,0,affordable,Listing:45172315,,,Listing,45172315,2.62,Căn hộ,,
,67.2,2,affordable,Listing:44629864,,,Listing,44629864,1.3,Đất nền,,
,343.8,6,luxury,Listing:39261101,,,Listing,39261101,27.31,Căn hộ,,
,56.6,1,affordable,Listing:44995198,,,Listing,44995198,1.89,Căn hộ,,
,70.6,2,affordable,Listing:45150585,,,Listing,45150585,1.3,Căn hộ,,
,85.8,1,affordable,Listing:44332350,,,Listing,44332350,2.86,Căn hộ,,
,67.5,1,affordable,Listing:44532610,,,Listing,44532610,1.29,Nhà phố,,
,97.6,2,mid_range,Listing:44437604,,,Listing,44437604,4.33,Căn hộ,,
,85.3,3,mid_range,Listing:45143212,,,Listing,45143212,3.83,Nhà phố,,
,54.6,3,affordable,Listing:44448882,,,Listing,44448882,2.04,Căn hộ,,
,70.5,1,affordable,Listing:44912815,,,Listing,44912815,1.98,Biệt thự,,
,79.0,2,affordable,Listing:45170744,,,Listing,45170744,2.5,Nhà phố,,
,130.4,6,luxury,Listing:45161751,,,Listing,45161751,9.08,Căn hộ,,
,37.4,0,affordable,Listing:44823226,,,Listing,44823226,1.21,Căn hộ,,
,127.8,3,mid_range,Listing:44851752,,,Listing,44851752,7.88,Căn hộ,,
,67.3,2,affordable,Listing:44851876,,,Listing,44851876,2.5,Nhà phố,,
,83.7,4,mid_range,Listing:43600575,,,Listing,43600575,6.08,Đất nền,,
,55.1,0,affordable,Listing:43684090,,,Listing,43684090,2.05,Căn hộ,,
,110.4,2,affordable,Listing:45046985,,,Listing,45046985,2.93,Căn hộ,,
,52.2,3,affordable,Listing:44274637,,,Listing,44274637,1.94,Nhà phố,,
,91.2,4,mid_range,Listing:45116282,,,Listing,45116282,6.54,Đất nền,,
,47.6,4,affordable,Listing:44405523,,,Listing,44405523,2.23,Căn hộ,,
,74.2,3,affordable,Listing:45125863,,,Listing,45125863,1.63,Nhà phố,,
,84.6,1,affordable,Listing:45037120,,,Listing,45037120,1.89,Căn hộ,,
,31.0,2,affordable,Listing:45104974,,,Listing,45104974,1.73,Nhà phố,,
,72.8,1,affordable,Listing:45149886,,,Listing,45149886,2.94,Căn hộ,,
,78.7,1,affordable,Listing:44886466,,,Listing,44886466,2.06,Nhà phố,,
,42.8,3,affordable,Listing:45024829,,,Listing,45024829,1.38,Căn hộ,,
,132.0,5,mid_range,Listing:44851825,,,Listing,44851825,7.33,Căn hộ,,
,84.2,3,mid_range,Listing:44825353,,,Listing,44825353,4.39,Đất nền,,
,76.2,2,affordable,Listing:45064603,,,Listing,45064603,1.93,Nhà phố,,
,123.2,6,mid_range,Listing:44139929,,,Listing,44139929,6.48,Căn hộ,,
,52.7,1,affordable,Listing:45097549,,,Listing,45097549,2.31,Căn hộ,,
,63.1,0,affordable,Listing:45002768,,,Listing,45002768,1.22,Căn hộ,,
,98.4,3,mid_range,Listing:44026617,,,Listing,44026617,5.26,Biệt thự,,
,50.5,3,affordable,Listing:44351096,,,Listing,44351096,2.47,Căn hộ,,
,70.7,3,affordable,Listing:44200150,,,Listing,44200150,1.45,Nhà phố,,
,64.2,3,affordable,Listing:45143537,,,Listing,45143537,2.38,Căn hộ,,
,54.6,2,affordable,Listing:45082887,,,Listing,45082887,1.45,Nhà phố,,
,140.2,6,mid_range,Listing:44800993,,,Listing,44800993,7.97,Nhà phố,,
,75.8,1,affordable,Listing:45085252,,,Listing,45085252,1.46,Nhà phố,,
,47.6,2,affordable,Listing:44847215,,,Listing,44847215,2.69,Đất nền,,
,56.0,2,affordable,Listing:44714219,,,Listing,44714219,1.84,Căn hộ,,
,104.5,5,mid_range,Listing:44886937,,,Listing,44886937,7.03,Căn hộ,,
,130.9,4,mid_range,Listing:44594004,,,Listing,44594004,7.16,Căn hộ,,
,40.4,2,affordable,Listing:45114247,,,Listing,45114247,1.49,Căn hộ,,
,84.9,1,affordable,Listing:44125552,,,Listing,44125552,2.81,Nhà phố,,
,118.0,3,mid_range,Listing:44940548,,,Listing,44940548,6.65,Căn hộ,,
,300.6,6,luxury,Listing:45089787,,,Listing,45089787,19.97,Đất nền,,
,123.0,5,mid_range,Listing:45144119,,,Listing,45144119,6.94,Nhà phố,,
,131.3,6,mid_range,Listing:45105664,,,Listing,45105664,7.46,Căn hộ,,
,92.7,3,mid_range,Listing:45099245,,,Listing,45099245,4.02,Căn hộ,,
,126.1,4,mid_range,Listing:44854473,,,Listing,44854473,7.38,Đất nền,,
,57.4,3,affordable,Listing:44963403,,,Listing,44963403,2.18,Căn hộ,,
,39.3,2,affordable,Listing:41401027,,,Listing,41401027,2.58,Đất nền,,
,87.8,4,mid_range,Listing:44969990,,,Listing,44969990,4.74,Nhà phố,,
,44.6,3,affordable,Listing:44259861,,,Listing,44259861,1.49,Đất nền,,
,119.3,5,mid_range,Listing:44052997,,,Listing,44052997,7.01,Nhà phố,,
,63.2,2,affordable,Listing:45071993,,,Listing,45071993,2.22,Căn hộ,,
,113.8,5,mid_range,Listing:44039083,,,Listing,44039083,6.23,Căn hộ,,
,38.0,1,affordable,Listing:44817676,,,Listing,44817676,1.62,Đất nền,,
,59.7,1,affordable,Listing:45006538,,,Listing,45006538,1.73,Biệt thự,,
,44.9,3,affordable,Listing:45039846,,,Listing,45039846,1.84,Căn hộ,,
,66.8,3,affordable,Listing:44701389,,,Listing,44701389,2.6,Căn hộ,,
,52.6,2,affordable,Listing:45138940,,,Listing,45138940,2.1,Căn hộ,,
,64.5,1,affordable,Listing:45139191,,,Listing,45139191,1.2,Nhà phố,,
,97.8,2,affordable,Listing:45138992,,,Listing,45138992,1.61,Căn hộ,,
,41.0,1,affordable,Listing:45138973,,,Listing,45138973,1.34,Căn hộ,,
,360.4,6,luxury,Listing:45148981,,,Listing,45148981,25.23,Căn hộ,,
,91.9,3,mid_range,Listing:44767620,,,Listing,44767620,3.63,Căn hộ,,
,322.1,6,luxury,Listing:45148958,,,Listing,45148958,23.34,Nhà phố,,
,76.8,2,mid_range,Listing:45150945,,,Listing,45150945,3.42,Căn hộ,,
,57.9,0,affordable,Listing:45139127,,,Listing,45139127,1.6,Nhà phố,,
,37.1,3,affordable,Listing:45111637,,,Listing,45111637,2.88,Căn hộ,,
,79.5,2,mid_range,Listing:45116577,,,Listing,45116577,3.97,Nhà phố,,
,68.7,3,affordable,Listing:45084065,,,Listing,45084065,2.69,Căn hộ,,
,365.3,6,luxury,Listing:45131161,,,Listing,45131161,26.91,Căn hộ,,
,259.7,6,luxury,Listing:44903222,,,Listing,44903222,18.98,Nhà phố,,
,138.7,6,luxury,Listing:45140183,,,Listing,45140183,9.43,Căn hộ,,
,292.8,6,luxury,Listing:45133173,,,Listing,45133173,21.46,Căn hộ,,
,48.4,2,affordable,Listing:45133258,,,Listing,45133258,2.97,Căn hộ,,
,53.5,3,affordable,Listing:45054822,,,Listing,45054822,2.36,Căn hộ,,
,233.7,6,luxury,Listing:45039532,,,Listing,45039532,15.82,Nhà phố,,
,43.4,1,affordable,Listing:45053777,,,Listing,45053777,1.55,Nhà phố,,
,51.5,0,affordable,Listing:44484378,,,Listing,44484378,1.42,Căn hộ,,
,50.2,0,affordable,Listing:45135583,,,Listing,45135583,1.87,Căn hộ,,
,68.2,3,mid_range,Listing:44873591,,,Listing,44873591,3.79,Nhà phố,,
,66.0,3,affordable,Listing:43239757,,,Listing,43239757,2.24,Nhà phố,,
,67.1,2,affordable,Listing:44004519,,,Listing,44004519,2.14,Nhà phố,,
,65.8,2,affordable,Listing:44661735,,,Listing,44661735,2.5,Căn hộ,,
,60.2,1,affordable,Listing:44756781,,,Listing,44756781,2.8,Căn hộ,,
,117.6,4,mid_range,Listing:45042767,,,Listing,45042767,6.37,Căn hộ,,
,70.7,4,mid_range,Listing:45025299,,,Listing,45025299,4.25,Nhà phố,,
,40.7,1,affordable,Listing:45072202,,,Listing,45072202,1.74,Căn hộ,,
,63.5,4,affordable,Listing:45079987,,,Listing,45079987,2.49,Căn hộ,,
,58.4,3,affordable,Listing:44743197,,,Listing,44743197,2.84,Căn hộ,,
,116.7,5,mid_range,Listing:45004615,,,Listing,45004615,6.36,Căn hộ,,
,57.6,3,affordable,Listing:44864723,,,Listing,44864723,1.43,Căn hộ,,
,126.6,2,mid_range,Listing:44826885,,,Listing,44826885,7.3,Nhà phố,,
,321.4,6,luxury,Listing:44187433,,,Listing,44187433,24.52,Đất nền,,
,58.0,1,affordable,Listing:45058561,,,Listing,45058561,2.17,Căn hộ,,
,285.3,6,luxury,Listing:44980619,,,Listing,44980619,23.41,Căn hộ,,
,85.7,1,mid_range,Listing:45142009,,,Listing,45142009,3.29,Biệt thự,,
,70.3,4,affordable,Listing:44991650,,,Listing,44991650,1.65,Nhà phố,,
,42.8,3,affordable,Listing:43469217,,,Listing,43469217,2.14,Nhà phố,,
,114.6,5,mid_range,Listing:44120081,,,Listing,44120081,5.5,Đất nền,,
,80.6,2,affordable,Listing:44210067,,,Listing,44210067,2.64,Nhà phố,,
,266.6,6,luxury,Listing:44570461,,,Listing,44570461,18.63,Nhà phố,,
,35.3,3,affordable,Listing:45151403,,,Listing,45151403,1.25,Căn hộ,,
,111.8,5,mid_range,Listing:44886432,,,Listing,44886432,6.88,Nhà phố,,
,87.3,1,affordable,Listing:44638795,,,Listing,44638795,2.68,Nhà phố,,
,67.6,3,mid_range,Listing:45144854,,,Listing,45144854,4.05,Căn hộ,,
,35.3,1,affordable,Listing:44810236,,,Listing,44810236,2.14,Căn hộ,,
,252.7,6,luxury,Listing:42981800,,,Listing,42981800,18.69,Căn hộ,,
,45.2,4,affordable,Listing:44843831,,,Listing,44843831,1.46,Đất nền,,
,158.2,6,luxury,Listing:44594476,,,Listing,44594476,8.73,Căn hộ,,
,82.7,1,affordable,Listing:44555827,,,Listing,44555827,1.84,Căn hộ,,
,82.1,0,affordable,Listing:44873106,,,Listing,44873106,2.03,Nhà phố,,
50+,,,,User:usr_1000,medium_high,,User,usr_1000,,,affordable,
,,,,Intent:buy_for_living,,,Intent,buy_for_living,,,,
20-30,,,,User:usr_1001,medium,,User,usr_1001,,,affordable,
30-40,,,,User:usr_1002,medium_high,,User,usr_1002,,,affordable,
,,,,Intent:rent,,,Intent,rent,,,,
40-50,,,,User:usr_1003,medium,,User,usr_1003,,,mid_range,
50+,,,,User:usr_1004,medium_high,,User,usr_1004,,,affordable,
50+,,,,User:usr_1005,medium_high,,User,usr_1005,,,affordable,
40-50,,,,User:usr_1006,medium_high,,User,usr_1006,,,affordable,
,,,,Intent:investment,,,Intent,investment,,,,
20-30,,,,User:usr_1007,medium,,User,usr_1007,,,affordable,
30-40,,,,User:usr_1008,high,,User,usr_1008,,,affordable,
40-50,,,,User:usr_1009,medium,,User,usr_1009,,,mid_range,
20-30,,,,User:usr_1010,medium_high,,User,usr_1010,,,affordable,
20-30,,,,User:usr_1011,medium,,User,usr_1011,,,affordable,
30-40,,,,User:usr_1012,medium,,User,usr_1012,,,affordable,
30-40,,,,User:usr_1013,medium,,User,usr_1013,,,affordable,
30-40,,,,User:usr_1014,medium_high,,User,usr_1014,,,affordable,
30-40,,,,User:usr_1015,medium_high,,User,usr_1015,,,mid_range,
30-40,,,,User:usr_1016,medium_high,,User,usr_1016,,,luxury,
30-40,,,,User:usr_1017,medium_high,,User,usr_1017,,,mid_range,
40-50,,,,User:usr_1018,high,,User,usr_1018,,,affordable,
50+,,,,User:usr_1019,medium,,User,usr_1019,,,mid_range,
40-50,,,,User:usr_1020,medium_high,,User,usr_1020,,,affordable,
30-40,,,,User:usr_1021,high,,User,usr_1021,,,affordable,
30-40,,,,User:usr_1022,medium,,User,usr_1022,,,affordable,
20-30,,,,User:usr_1023,medium,,User,usr_1023,,,affordable,
40-50,,,,User:usr_1024,high,,User,usr_1024,,,affordable,
30-40,,,,User:usr_1025,medium,,User,usr_1025,,,affordable,
40-50,,,,User:usr_1026,medium_high,,User,usr_1026,,,affordable,
20-30,,,,User:usr_1027,high,,User,usr_1027,,,luxury,
20-30,,,,User:usr_1028,high,,User,usr_1028,,,affordable,
20-30,,,,User:usr_1029,medium,,User,usr_1029,,,affordable,
20-30,,,,User:usr_1030,medium,,User,usr_1030,,,affordable,
20-30,,,,User:usr_1031,high,,User,usr_1031,,,affordable,
30-40,,,,User:usr_1032,medium,,User,usr_1032,,,affordable,
30-40,,,,User:usr_1033,medium_high,,User,usr_1033,,,luxury,
50+,,,,User:usr_1034,high,,User,usr_1034,,,affordable,
30-40,,,,User:usr_1035,medium_high,,User,usr_1035,,,affordable,
30-40,,,,User:usr_1036,medium,,User,usr_1036,,,affordable,
20-30,,,,User:usr_1037,medium,,User,usr_1037,,,affordable,
30-40,,,,User:usr_1038,medium,,User,usr_1038,,,affordable,
30-40,,,,User:usr_1039,medium_high,,User,usr_1039,,,affordable,
30-40,,,,User:usr_1040,medium_high,,User,usr_1040,,,mid_range,
40-50,,,,User:usr_1041,medium,,User,usr_1041,,,luxury,
40-50,,,,User:usr_1042,medium,,User,usr_1042,,,mid_range,
40-50,,,,User:usr_1043,medium,,User,usr_1043,,,affordable,
30-40,,,,User:usr_1044,medium_high,,User,usr_1044,,,mid_range,
30-40,,,,User:usr_1045,medium,,User,usr_1045,,,affordable,
20-30,,,,User:usr_1046,medium_high,,User,usr_1046,,,mid_range,
40-50,,,,User:usr_1047,high,,User,usr_1047,,,affordable,
30-40,,,,User:usr_1048,medium_high,,User,usr_1048,,,affordable,
30-40,,,,User:usr_1049,high,,User,usr_1049,,,affordable,
40-50,,,,User:usr_1050,medium_high,,User,usr_1050,,,affordable,
30-40,,,,User:usr_1051,medium_high,,User,usr_1051,,,luxury,
50+,,,,User:usr_1052,medium,,User,usr_1052,,,affordable,
40-50,,,,User:usr_1053,medium,,User,usr_1053,,,luxury,
40-50,,,,User:usr_1054,medium_high,,User,usr_1054,,,affordable,
20-30,,,,User:usr_1055,medium,,User,usr_1055,,,affordable,
30-40,,,,User:usr_1056,high,,User,usr_1056,,,affordable,
30-40,,,,User:usr_1057,medium_high,,User,usr_1057,,,affordable,
40-50,,,,User:usr_1058,high,,User,usr_1058,,,affordable,
50+,,,,User:usr_1059,medium_high,,User,usr_1059,,,mid_range,
30-40,,,,User:usr_1060,high,,User,usr_1060,,,affordable,
20-30,,,,User:usr_1061,medium_high,,User,usr_1061,,,mid_range,
40-50,,,,User:usr_1062,medium,,User,usr_1062,,,luxury,
30-40,,,,User:usr_1063,high,,User,usr_1063,,,luxury,
20-30,,,,User:usr_1064,medium,,User,usr_1064,,,affordable,
30-40,,,,User:usr_1065,medium,,User,usr_1065,,,mid_range,
30-40,,,,User:usr_1066,medium,,User,usr_1066,,,affordable,
30-40,,,,User:usr_1067,medium_high,,User,usr_1067,,,mid_range,
30-40,,,,User:usr_1068,medium,,User,usr_1068,,,luxury,
30-40,,,,User:usr_1069,high,,User,usr_1069,,,mid_range,
30-40,,,,User:usr_1070,medium,,User,usr_1070,,,affordable,
50+,,,,User:usr_1071,medium,,User,usr_1071,,,mid_range,
30-40,,,,User:usr_1072,medium,,User,usr_1072,,,affordable,
30-40,,,,User:usr_1073,medium,,User,usr_1073,,,mid_range,
40-50,,,,User:usr_1074,medium_high,,User,usr_1074,,,affordable,
40-50,,,,User:usr_1075,medium_high,,User,usr_1075,,,luxury,
20-30,,,,User:usr_1076,high,,User,usr_1076,,,affordable,
50+,,,,User:usr_1077,medium_high,,User,usr_1077,,,affordable,
30-40,,,,User:usr_1078,high,,User,usr_1078,,,affordable,
20-30,,,,User:usr_1079,medium_high,,User,usr_1079,,,affordable,
40-50,,,,User:usr_1080,medium_high,,User,usr_1080,,,mid_range,
30-40,,,,User:usr_1081,medium,,User,usr_1081,,,mid_range,
30-40,,,,User:usr_1082,medium,,User,usr_1082,,,affordable,
20-30,,,,User:usr_1083,medium,,User,usr_1083,,,affordable,
20-30,,,,User:usr_1084,medium_high,,User,usr_1084,,,affordable,
40-50,,,,User:usr_1085,medium,,User,usr_1085,,,mid_range,
50+,,,,User:usr_1086,medium,,User,usr_1086,,,affordable,
50+,,,,User:usr_1087,medium_high,,User,usr_1087,,,affordable,
20-30,,,,User:usr_1088,medium,,User,usr_1088,,,affordable,
30-40,,,,User:usr_1089,medium,,User,usr_1089,,,affordable,
30-40,,,,User:usr_1090,high,,User,usr_1090,,,affordable,
40-50,,,,User:usr_1091,medium,,User,usr_1091,,,affordable,
30-40,,,,User:usr_1092,medium,,User,usr_1092,,,mid_range,
50+,,,,User:usr_1093,high,,User,usr_1093,,,mid_range,
40-50,,,,User:usr_1094,medium_high,,User,usr_1094,,,affordable,
30-40,,,,User:usr_1095,medium,,User,usr_1095,,,affordable,
20-30,,,,User:usr_1096,medium,,User,usr_1096,,,affordable,
30-40,,,,User:usr_1097,medium,,User,usr_1097,,,affordable,
40-50,,,,User:usr_1098,medium_high,,User,usr_1098,,,affordable,
20-30,,,,User:usr_1099,medium,,User,usr_1099,,,affordable,
30-40,,,,User:usr_1100,medium_high,,User,usr_1100,,,mid_range,
30-40,,,,User:usr_1101,medium_high,,User,usr_1101,,,affordable,
30-40,,,,User:usr_1102,medium,,User,usr_1102,,,affordable,
40-50,,,,User:usr_1103,medium,,User,usr_1103,,,mid_range,
40-50,,,,User:usr_1104,medium_high,,User,usr_1104,,,affordable,
40-50,,,,User:usr_1105,medium_high,,User,usr_1105,,,mid_range,
30-40,,,,User:usr_1106,medium_high,,User,usr_1106,,,affordable,
30-40,,,,User:usr_1107,medium,,User,usr_1107,,,affordable,
20-30,,,,User:usr_1108,medium_high,,User,usr_1108,,,luxury,
40-50,,,,User:usr_1109,medium_high,,User,usr_1109,,,affordable,
40-50,,,,User:usr_1110,medium_high,,User,usr_1110,,,affordable,
30-40,,,,User:usr_1111,medium_high,,User,usr_1111,,,affordable,
20-30,,,,User:usr_1112,medium_high,,User,usr_1112,,,mid_range,
40-50,,,,User:usr_1113,high,,User,usr_1113,,,affordable,
20-30,,,,User:usr_1114,medium_high,,User,usr_1114,,,affordable,
30-40,,,,User:usr_1115,medium,,User,usr_1115,,,affordable,
40-50,,,,User:usr_1116,medium_high,,User,usr_1116,,,affordable,
20-30,,,,User:usr_1117,medium,,User,usr_1117,,,luxury,
40-50,,,,User:usr_1118,medium_high,,User,usr_1118,,,affordable,
30-40,,,,User:usr_1119,medium,,User,usr_1119,,,affordable,
20-30,,,,User:usr_1120,medium_high,,User,usr_1120,,,mid_range,
30-40,,,,User:usr_1121,high,,User,usr_1121,,,affordable,
30-40,,,,User:usr_1122,medium,,User,usr_1122,,,affordable,
20-30,,,,User:usr_1123,high,,User,usr_1123,,,affordable,
20-30,,,,User:usr_1124,medium,,User,usr_1124,,,affordable,
20-30,,,,User:usr_1125,medium_high,,User,usr_1125,,,luxury,
50+,,,,User:usr_1126,medium,,User,usr_1126,,,affordable,
30-40,,,,User:usr_1127,medium_high,,User,usr_1127,,,affordable,
30-40,,,,User:usr_1128,high,,User,usr_1128,,,affordable,
40-50,,,,User:usr_1129,medium_high,,User,usr_1129,,,affordable,
20-30,,,,User:usr_1130,high,,User,usr_1130,,,affordable,
20-30,,,,User:usr_1131,medium,,User,usr_1131,,,mid_range,
30-40,,,,User:usr_1132,medium,,User,usr_1132,,,affordable,
30-40,,,,User:usr_1133,medium,,User,usr_1133,,,affordable,
20-30,,,,User:usr_1134,high,,User,usr_1134,,,affordable,
30-40,,,,User:usr_1135,medium,,User,usr_1135,,,affordable,
20-30,,,,User:usr_1136,medium,,User,usr_1136,,,affordable,
20-30,,,,User:usr_1137,medium_high,,User,usr_1137,,,affordable,
20-30,,,,User:usr_1138,medium,,User,usr_1138,,,affordable,
40-50,,,,User:usr_1139,high,,User,usr_1139,,,affordable,
30-40,,,,User:usr_1140,medium_high,,User,usr_1140,,,affordable,
30-40,,,,User:usr_1141,medium,,User,usr_1141,,,affordable,
40-50,,,,User:usr_1142,medium,,User,usr_1142,,,mid_range,
40-50,,,,User:usr_1143,medium,,User,usr_1143,,,mid_range,
30-40,,,,User:usr_1144,medium,,User,usr_1144,,,affordable,
20-30,,,,User:usr_1145,high,,User,usr_1145,,,luxury,
40-50,,,,User:usr_1146,medium_high,,User,usr_1146,,,affordable,
20-30,,,,User:usr_1147,medium_high,,User,usr_1147,,,affordable,
40-50,,,,User:usr_1148,medium_high,,User,usr_1148,,,affordable,
30-40,,,,User:usr_1149,high,,User,usr_1149,,,affordable,
30-40,,,,User:usr_1150,medium_high,,User,usr_1150,,,luxury,
40-50,,,,User:usr_1151,high,,User,usr_1151,,,mid_range,
20-30,,,,User:usr_1152,medium_high,,User,usr_1152,,,affordable,
50+,,,,User:usr_1153,medium_high,,User,usr_1153,,,mid_range,
30-40,,,,User:usr_1154,medium_high,,User,usr_1154,,,mid_range,
40-50,,,,User:usr_1155,medium,,User,usr_1155,,,mid_range,
30-40,,,,User:usr_1156,medium_high,,User,usr_1156,,,affordable,
30-40,,,,User:usr_1157,medium_high,,User,usr_1157,,,mid_range,
40-50,,,,User:usr_1158,medium_high,,User,usr_1158,,,mid_range,
20-30,,,,User:usr_1159,medium,,User,usr_1159,,,affordable,
20-30,,,,User:usr_1160,medium_high,,User,usr_1160,,,affordable,
30-40,,,,User:usr_1161,medium,,User,usr_1161,,,affordable,
50+,,,,User:usr_1162,medium_high,,User,usr_1162,,,mid_range,
30-40,,,,User:usr_1163,medium_high,,User,usr_1163,,,affordable,
30-40,,,,User:usr_1164,high,,User,usr_1164,,,affordable,
20-30,,,,User:usr_1165,medium,,User,usr_1165,,,mid_range,
20-30,,,,User:usr_1166,high,,User,usr_1166,,,affordable,
40-50,,,,User:usr_1167,high,,User,usr_1167,,,luxury,
30-40,,,,User:usr_1168,medium,,User,usr_1168,,,luxury,
20-30,,,,User:usr_1169,medium,,User,usr_1169,,,affordable,
50+,,,,User:usr_1170,high,,User,usr_1170,,,mid_range,
20-30,,,,User:usr_1171,high,,User,usr_1171,,,affordable,
30-40,,,,User:usr_1172,medium_high,,User,usr_1172,,,affordable,
30-40,,,,User:usr_1173,medium,,User,usr_1173,,,affordable,
50+,,,,User:usr_1174,medium_high,,User,usr_1174,,,affordable,
40-50,,,,User:usr_1175,medium_high,,User,usr_1175,,,affordable,
40-50,,,,User:usr_1176,medium_high,,User,usr_1176,,,affordable,
30-40,,,,User:usr_1177,medium_high,,User,usr_1177,,,affordable,
40-50,,,,User:usr_1178,medium,,User,usr_1178,,,mid_range,
40-50,,,,User:usr_1179,medium_high,,User,usr_1179,,,affordable,
40-50,,,,User:usr_1180,medium,,User,usr_1180,,,mid_range,
20-30,,,,User:usr_1181,medium_high,,User,usr_1181,,,affordable,
30-40,,,,User:usr_1182,medium_high,,User,usr_1182,,,affordable,
30-40,,,,User:usr_1183,medium,,User,usr_1183,,,affordable,
30-40,,,,User:usr_1184,medium,,User,usr_1184,,,mid_range,
50+,,,,User:usr_1185,medium,,User,usr_1185,,,affordable,
30-40,,,,User:usr_1186,medium,,User,usr_1186,,,affordable,
30-40,,,,User:usr_1187,medium_high,,User,usr_1187,,,affordable,
40-50,,,,User:usr_1188,high,,User,usr_1188,,,mid_range,
20-30,,,,User:usr_1189,high,,User,usr_1189,,,affordable,
40-50,,,,User:usr_1190,medium_high,,User,usr_1190,,,affordable,
40-50,,,,User:usr_1191,medium,,User,usr_1191,,,affordable,
30-40,,,,User:usr_1192,medium,,User,usr_1192,,,affordable,
30-40,,,,User:usr_1193,medium_high,,User,usr_1193,,,mid_range,
20-30,,,,User:usr_1194,medium_high,,User,usr_1194,,,luxury,
20-30,,,,User:usr_1195,medium_high,,User,usr_1195,,,affordable,
30-40,,,,User:usr_1196,medium_high,,User,usr_1196,,,affordable,
20-30,,,,User:usr_1197,medium_high,,User,usr_1197,,,mid_range,
30-40,,,,User:usr_1198,medium,,User,usr_1198,,,mid_range,
20-30,,,,User:usr_1199,medium_high,,User,usr_1199,,,mid_range,
20-30,,,,User:usr_1200,medium,,User,usr_1200,,,affordable,
30-40,,,,User:usr_1201,medium,,User,usr_1201,,,affordable,
20-30,,,,User:usr_1202,high,,User,usr_1202,,,mid_range,
30-40,,,,User:usr_1203,medium,,User,usr_1203,,,affordable,
30-40,,,,User:usr_1204,medium,,User,usr_1204,,,affordable,
20-30,,,,User:usr_1205,medium,,User,usr_1205,,,affordable,
30-40,,,,User:usr_1206,high,,User,usr_1206,,,affordable,
40-50,,,,User:usr_1207,medium,,User,usr_1207,,,affordable,
30-40,,,,User:usr_1208,medium,,User,usr_1208,,,affordable,
30-40,,,,User:usr_1209,medium_high,,User,usr_1209,,,mid_range,
30-40,,,,User:usr_1210,medium,,User,usr_1210,,,affordable,
40-50,,,,User:usr_1211,medium,,User,usr_1211,,,mid_range,
50+,,,,User:usr_1212,medium_high,,User,usr_1212,,,affordable,
50+,,,,User:usr_1213,medium_high,,User,usr_1213,,,mid_range,
20-30,,,,User:usr_1214,medium,,User,usr_1214,,,mid_range,
40-50,,,,User:usr_1215,medium,,User,usr_1215,,,affordable,
30-40,,,,User:usr_1216,medium_high,,User,usr_1216,,,affordable,
50+,,,,User:usr_1217,high,,User,usr_1217,,,affordable,
30-40,,,,User:usr_1218,medium_high,,User,usr_1218,,,affordable,
30-40,,,,User:usr_1219,medium,,User,usr_1219,,,mid_range,
20-30,,,,User:usr_1220,medium_high,,User,usr_1220,,,affordable,
40-50,,,,User:usr_1221,medium_high,,User,usr_1221,,,affordable,
40-50,,,,User:usr_1222,medium_high,,User,usr_1222,,,affordable,
20-30,,,,User:usr_1223,medium_high,,User,usr_1223,,,affordable,
30-40,,,,User:usr_1224,medium_high,,User,usr_1224,,,mid_range,
50+,,,,User:usr_1225,medium_high,,User,usr_1225,,,mid_range,
20-30,,,,User:usr_1226,medium,,User,usr_1226,,,affordable,
30-40,,,,User:usr_1227,medium,,User,usr_1227,,,affordable,
40-50,,,,User:usr_1228,medium,,User,usr_1228,,,affordable,
30-40,,,,User:usr_1229,medium,,User,usr_1229,,,affordable,
20-30,,,,User:usr_1230,medium,,User,usr_1230,,,affordable,
30-40,,,,User:usr_1231,medium_high,,User,usr_1231,,,affordable,
20-30,,,,User:usr_1232,medium,,User,usr_1232,,,affordable,
50+,,,,User:usr_1233,medium,,User,usr_1233,,,luxury,
20-30,,,,User:usr_1234,medium,,User,usr_1234,,,affordable,
30-40,,,,User:usr_1235,high,,User,usr_1235,,,mid_range,
40-50,,,,User:usr_1236,medium,,User,usr_1236,,,affordable,
30-40,,,,User:usr_1237,medium,,User,usr_1237,,,affordable,
20-30,,,,User:usr_1238,medium,,User,usr_1238,,,affordable,
50+,,,,User:usr_1239,medium_high,,User,usr_1239,,,mid_range,
40-50,,,,User:usr_1240,medium,,User,usr_1240,,,affordable,
40-50,,,,User:usr_1241,medium,,User,usr_1241,,,mid_range,
40-50,,,,User:usr_1242,medium,,User,usr_1242,,,mid_range,
30-40,,,,User:usr_1243,medium,,User,usr_1243,,,mid_range,
30-40,,,,User:usr_1244,medium,,User,usr_1244,,,mid_range,
50+,,,,User:usr_1245,medium_high,,User,usr_1245,,,mid_range,
40-50,,,,User:usr_1246,medium_high,,User,usr_1246,,,affordable,
20-30,,,,User:usr_1247,high,,User,usr_1247,,,mid_range,
40-50,,,,User:usr_1248,medium,,User,usr_1248,,,affordable,
30-40,,,,User:usr_1249,medium,,User,usr_1249,,,affordable,
20-30,,,,User:usr_1250,medium,,User,usr_1250,,,affordable,
30-40,,,,User:usr_1251,medium_high,,User,usr_1251,,,luxury,
40-50,,,,User:usr_1252,medium,,User,usr_1252,,,mid_range,
30-40,,,,User:usr_1253,medium,,User,usr_1253,,,affordable,
40-50,,,,User:usr_1254,medium,,User,usr_1254,,,affordable,
20-30,,,,User:usr_1255,medium,,User,usr_1255,,,affordable,
20-30,,,,User:usr_1256,medium_high,,User,usr_1256,,,affordable,
30-40,,,,User:usr_1257,medium_high,,User,usr_1257,,,mid_range,
40-50,,,,User:usr_1258,medium_high,,User,usr_1258,,,affordable,
30-40,,,,User:usr_1259,medium_high,,User,usr_1259,,,affordable,
50+,,,,User:usr_1260,medium,,User,usr_1260,,,affordable,
20-30,,,,User:usr_1261,high,,User,usr_1261,,,affordable,
30-40,,,,User:usr_1262,medium,,User,usr_1262,,,mid_range,
40-50,,,,User:usr_1263,medium,,User,usr_1263,,,affordable,
50+,,,,User:usr_1264,medium_high,,User,usr_1264,,,affordable,
20-30,,,,User:usr_1265,medium_high,,User,usr_1265,,,mid_range,
20-30,,,,User:usr_1266,medium,,User,usr_1266,,,affordable,
20-30,,,,User:usr_1267,high,,User,usr_1267,,,luxury,
40-50,,,,User:usr_1268,medium,,User,usr_1268,,,affordable,
30-40,,,,User:usr_1269,medium,,User,usr_1269,,,affordable,
30-40,,,,User:usr_1270,medium,,User,usr_1270,,,affordable,
50+,,,,User:usr_1271,medium,,User,usr_1271,,,affordable,
20-30,,,,User:usr_1272,medium,,User,usr_1272,,,mid_range,
50+,,,,User:usr_1273,medium,,User,usr_1273,,,affordable,
20-30,,,,User:usr_1274,medium,,User,usr_1274,,,affordable,
40-50,,,,User:usr_1275,medium,,User,usr_1275,,,affordable,
20-30,,,,User:usr_1276,medium_high,,User,usr_1276,,,affordable,
30-40,,,,User:usr_1277,medium_high,,User,usr_1277,,,mid_range,
20-30,,,,User:usr_1278,high,,User,usr_1278,,,affordable,
50+,,,,User:usr_1279,medium,,User,usr_1279,,,affordable,
30-40,,,,User:usr_1280,medium,,User,usr_1280,,,mid_range,
20-30,,,,User:usr_1281,medium,,User,usr_1281,,,affordable,
40-50,,,,User:usr_1282,medium,,User,usr_1282,,,mid_range,
30-40,,,,User:usr_1283,high,,User,usr_1283,,,affordable,
30-40,,,,User:usr_1284,medium_high,,User,usr_1284,,,affordable,
30-40,,,,User:usr_1285,medium_high,,User,usr_1285,,,affordable,
30-40,,,,User:usr_1286,medium_high,,User,usr_1286,,,affordable,
20-30,,,,User:usr_1287,medium,,User,usr_1287,,,mid_range,
30-40,,,,User:usr_1288,medium,,User,usr_1288,,,mid_range,
40-50,,,,User:usr_1289,medium,,User,usr_1289,,,affordable,
30-40,,,,User:usr_1290,medium_high,,User,usr_1290,,,mid_range,
40-50,,,,User:usr_1291,medium_high,,User,usr_1291,,,affordable,
30-40,,,,User:usr_1292,medium,,User,usr_1292,,,affordable,
40-50,,,,User:usr_1293,high,,User,usr_1293,,,affordable,
20-30,,,,User:usr_1294,medium_high,,User,usr_1294,,,affordable,
20-30,,,,User:usr_1295,medium,,User,usr_1295,,,affordable,
30-40,,,,User:usr_1296,medium_high,,User,usr_1296,,,affordable,
30-40,,,,User:usr_1297,medium,,User,usr_1297,,,affordable,
30-40,,,,User:usr_1298,medium_high,,User,usr_1298,,,luxury,
20-30,,,,User:usr_1299,medium_high,,User,usr_1299,,,affordable,
,,,,Query:evt_100837,,investment,Query,evt_100837,,,,tìm căn hộ Quận Gò Vấp khu nhà giàu tiềm năng tăng giá
,,,,Query:evt_101993,,buy_for_living,Query,evt_101993,,,,"nhà ở Quận 1 thoáng mát 2pn, giá tốt"
,,,,Query:evt_100541,,buy_for_living,Query,evt_100541,,,,nhà phố Quận 9 bình dân cho vợ chồng mới cưới
,,,,Query:evt_101836,,buy_for_living,Query,evt_101836,,,,tìm căn hộ Quận Thủ Đức bình dân gần trường học
,,,,Query:evt_102136,,investment,Query,evt_102136,,,,tìm căn hộ Quận Bình Thạnh khu nhà giàu tiềm năng tăng giá
,,,,Query:evt_104383,,buy_for_living,Query,evt_104383,,,,nhà phố Quận 3 sang trọng cho vợ chồng mới cưới
,,,,Query:evt_104053,,buy_for_living,Query,evt_104053,,,,nhà phố Quận Bình Thạnh khu nhà giàu cho vợ chồng mới cưới
,,,,Query:evt_103254,,investment,Query,evt_103254,,,,tìm căn hộ Quận Gò Vấp vị trí đẹp tiềm năng tăng giá
,,,,Query:evt_100481,,buy_for_living,Query,evt_100481,,,,tìm căn hộ Quận 7 ổn định gần trường học
,,,,Query:evt_100593,,buy_for_living,Query,evt_100593,,,,"nhà ở Quận 3 thoáng mát 2pn, giá rẻ"
,,,,Query:evt_101066,,buy_for_living,Query,evt_101066,,,,căn hộ Quận 4 khu nhà giàu cho vợ chồng mới cưới
,,,,Query:evt_104437,,investment,Query,evt_104437,,,,biệt thự Quận Bình Thạnh cao cấp cho thuê lại được
,,,,Query:evt_103087,,rent,Query,evt_103087,,,,thuê nhà phố Quận 2 1 phòng ngủ tầm trung
,,,,Query:evt_100264,,rent,Query,evt_100264,,,,đất nền Quận 2 giá vừa phải cho thuê gần metro
,,,,Query:evt_103669,,buy_for_living,Query,evt_103669,,,,"nhà ở Quận 7 thoáng mát 2pn, khu nhà giàu"
,,,,Query:evt_104448,,buy_for_living,Query,evt_104448,,,,tìm căn hộ Phường Long Bình giá tốt gần trường học
,,,,Query:evt_104338,,investment,Query,evt_104338,,,,tìm căn hộ Quận 4 tầm trung tiềm năng tăng giá
,,,,Query:evt_100516,,buy_for_living,Query,evt_100516,,,,"nhà ở Quận Thủ Đức thoáng mát 2pn, ổn định"
,,,,Query:evt_103719,,buy_for_living,Query,evt_103719,,,,căn hộ Phường Long Bình cao cấp cho vợ chồng mới cưới
,,,,Query:evt_101583,,rent,Query,evt_101583,,,,căn hộ Quận 1 vị trí đẹp cho thuê gần metro
,,,,Query:evt_100396,,buy_for_living,Query,evt_100396,,,,căn hộ Quận 1 giá vừa phải cho gia đình
,,,,Query:evt_102929,,buy_for_living,Query,evt_102929,,,,tìm căn hộ Quận Gò Vấp cao cấp gần trường học
,,,,Query:evt_101647,,buy_for_living,Query,evt_101647,,,,"nhà ở Quận Bình Thạnh thoáng mát 2pn, rẻ một chút"
,,,,Query:evt_101491,,buy_for_living,Query,evt_101491,,,,"nhà ở Quận Thủ Đức thoáng mát 2pn, bình dân"
,,,,Query:evt_102742,,buy_for_living,Query,evt_102742,,,,"nhà ở Quận Thủ Đức thoáng mát 1pn, ổn định"
,,,,Query:evt_103147,,buy_for_living,Query,evt_103147,,,,nhà phố Quận 3 giá hợp lý cho vợ chồng mới cưới
,,,,Query:evt_104087,,buy_for_living,Query,evt_104087,,,,đất nền Quận 7 khu nhà giàu cho vợ chồng mới cưới
,,,,Query:evt_103889,,buy_for_living,Query,evt_103889,,,,căn hộ Quận Bình Thạnh cao cấp cho vợ chồng mới cưới
,,,,Query:evt_101072,,buy_for_living,Query,evt_101072,,,,"nhà ở Quận 1 thoáng mát 3pn, ổn định"
,,,,Query:evt_103998,,buy_for_living,Query,evt_103998,,,,căn hộ Quận 1 giá vừa phải cho vợ chồng mới cưới
,,,,Query:evt_102475,,rent,Query,evt_102475,,,,thuê đất nền Phường Long Bình 5 phòng ngủ vị trí đẹp
,,,,Query:evt_103563,,investment,Query,evt_103563,,,,biệt thự Quận Thủ Đức bình dân cho thuê lại được
,,,,Query:evt_102732,,buy_for_living,Query,evt_102732,,,,căn hộ Phường An Phú tầm trung cho gia đình
,,,,Query:evt_104211,,investment,Query,evt_104211,,,,nhà phố Quận Thủ Đức ổn định cho thuê lại được
,,,,Query:evt_102750,,investment,Query,evt_102750,,,,tìm biệt thự Quận 7 giá tốt tiềm năng tăng giá
,,,,Query:evt_103973,,buy_for_living,Query,evt_103973,,,,"nhà ở Quận Thủ Đức thoáng mát 2pn, ổn định"
,,,,Query:evt_101129,,buy_for_living,Query,evt_101129,,,,nhà phố Quận 1 giá mềm cho gia đình
,,,,Query:evt_100422,,buy_for_living,Query,evt_100422,,,,"cần mua căn hộ 5 phòng ngủ ở Quận 2 để ở, vị trí đẹp"
,,,,Query:evt_104478,,investment,Query,evt_104478,,,,căn hộ Quận 9 tầm trung cho thuê lại được
,,,,Query:evt_100239,,buy_for_living,Query,evt_100239,,,,"nhà ở Quận 3 thoáng mát 4pn, cao cấp"
,,,,Query:evt_101809,,buy_for_living,Query,evt_101809,,,,tìm căn hộ Quận 9 rẻ một chút gần trường học
,,,,Query:evt_103914,,buy_for_living,Query,evt_103914,,,,"cần mua căn hộ 2 phòng ngủ ở Quận Gò Vấp để ở, giá vừa phải"
,,,,Query:evt_100765,,rent,Query,evt_100765,,,,căn hộ Quận Thủ Đức tầm trung cho thuê gần metro
,,,,Query:evt_101004,,investment,Query,evt_101004,,,,căn hộ Quận 3 khu nhà giàu dòng tiền tốt
,,,,Query:evt_100280,,rent,Query,evt_100280,,,,thuê căn hộ Quận Thủ Đức 4 phòng ngủ vị trí đẹp
,,,,Query:evt_100039,,rent,Query,evt_100039,,,,"cần thuê nhà phố Quận Gò Vấp full nội thất, tầm trung"
,,,,Query:evt_101165,,buy_for_living,Query,evt_101165,,,,"nhà ở Quận Thủ Đức thoáng mát 2pn, giá rẻ"
,,,,Query:evt_102888,,buy_for_living,Query,evt_102888,,,,nhà phố Quận Thủ Đức rẻ một chút cho vợ chồng mới cưới
,,,,Query:evt_102692,,investment,Query,evt_102692,,,,"mua căn hộ đầu tư ở Quận 2 pháp lý rõ ràng, giá tốt"
,,,,Query:evt_103261,,buy_for_living,Query,evt_103261,,,,"cần mua căn hộ 5 phòng ngủ ở Phường Dĩ An để ở, vị trí đẹp"
,,,,Query:evt_100714,,buy_for_living,Query,evt_100714,,,,tìm căn hộ Quận Tân Bình giá rẻ gần trường học
,,,,Query:evt_100797,,investment,Query,evt_100797,,,,căn hộ Quận 7 cao cấp dòng tiền tốt
,,,,Query:evt_102586,,buy_for_living,Query,evt_102586,,,,"nhà ở Quận 3 thoáng mát 2pn, giá hợp lý"
,,,,Query:evt_103836,,buy_for_living,Query,evt_103836,,,,"cần mua căn hộ 2 phòng ngủ ở Quận 1 để ở, giá tốt"
,,,,Query:evt_103218,,buy_for_living,Query,evt_103218,,,,"nhà ở Quận 7 thoáng mát 3pn, giá mềm"
,,,,Query:evt_102031,,investment,Query,evt_102031,,,,tìm nhà phố Quận 9 giá hợp lý tiềm năng tăng giá
,,,,Query:evt_103404,,investment,Query,evt_103404,,,,tìm căn hộ Quận Thủ Đức vị trí đẹp tiềm năng tăng giá
,,,,Query:evt_100376,,rent,Query,evt_100376,,,,tìm phòng nhà phố ở Quận Thủ Đức ổn định
,,,,Query:evt_102104,,rent,Query,evt_102104,,,,thuê nhà phố Quận Thủ Đức 3 phòng ngủ giá hợp lý
,,,,Query:evt_104262,,buy_for_living,Query,evt_104262,,,,căn hộ Quận Thủ Đức giá vừa phải cho vợ chồng mới cưới
,,,,Query:evt_102190,,investment,Query,evt_102190,,,,nhà phố Quận 9 khu nhà giàu cho thuê lại được
,,,,Query:evt_103165,,buy_for_living,Query,evt_103165,,,,tìm đất nền Quận 1 cao cấp gần trường học
,,,,Query:evt_104023,,rent,Query,evt_104023,,,,nhà phố Phường Long Bình giá hợp lý cho thuê gần metro
,,,,Query:evt_102377,,buy_for_living,Query,evt_102377,,,,"nhà ở Quận Bình Thạnh thoáng mát 5pn, khu nhà giàu"
,,,,Query:evt_102954,,investment,Query,evt_102954,,,,"mua căn hộ đầu tư ở Quận Bình Thạnh pháp lý rõ ràng, bình dân"
,,,,Query:evt_101939,,buy_for_living,Query,evt_101939,,,,căn hộ Quận Thủ Đức giá rẻ cho vợ chồng mới cưới
,,,,Query:evt_100569,,buy_for_living,Query,evt_100569,,,,"nhà ở Phường An Phú thoáng mát 3pn, ổn định"
,,,,Query:evt_102527,,buy_for_living,Query,evt_102527,,,,tìm đất nền Quận Tân Bình khu nhà giàu gần trường học
,,,,Query:evt_101352,,buy_for_living,Query,evt_101352,,,,"nhà ở Phường Long Bình thoáng mát 2pn, tầm trung"
,,,,Query:evt_102635,,rent,Query,evt_102635,,,,"cần thuê căn hộ Quận Tân Bình full nội thất, tầm trung"
,,,,Query:evt_103732,,buy_for_living,Query,evt_103732,,,,"cần mua căn hộ 4 phòng ngủ ở Quận Bình Thạnh để ở, giá hợp lý"
,,,,Query:evt_103926,,buy_for_living,Query,evt_103926,,,,"nhà ở Quận 9 thoáng mát 1pn, giá tốt"
,,,,Query:evt_101312,,buy_for_living,Query,evt_101312,,,,"nhà ở Quận Tân Bình thoáng mát 4pn, vị trí đẹp"
,,,,Query:evt_102598,,buy_for_living,Query,evt_102598,,,,nhà phố Quận 7 tầm trung cho gia đình
,,,,Query:evt_103004,,buy_for_living,Query,evt_103004,,,,căn hộ Quận 4 giá hợp lý cho gia đình
,,,,Query:evt_100014,,buy_for_living,Query,evt_100014,,,,"cần mua căn hộ 4 phòng ngủ ở Quận 7 để ở, vị trí đẹp"
,,,,Query:evt_103681,,investment,Query,evt_103681,,,,đất nền Quận 2 vị trí đẹp dòng tiền tốt
,,,,Query:evt_103634,,buy_for_living,Query,evt_103634,,,,căn hộ Quận Gò Vấp vị trí đẹp cho vợ chồng mới cưới
,,,,Query:evt_101892,,investment,Query,evt_101892,,,,"mua nhà phố đầu tư ở Phường An Phú pháp lý rõ ràng, tầm trung"
,,,,Query:evt_103469,,investment,Query,evt_103469,,,,"mua đất nền đầu tư ở Quận 2 pháp lý rõ ràng, sang trọng"
,,,,Query:evt_100351,,investment,Query,evt_100351,,,,tìm căn hộ Quận 3 vị trí đẹp tiềm năng tăng giá
,,,,Query:evt_103477,,buy_for_living,Query,evt_103477,,,,căn hộ Quận 7 ổn định cho vợ chồng mới cưới
,,,,Query:evt_102427,,investment,Query,evt_102427,,,,căn hộ Quận Thủ Đức giá mềm dòng tiền tốt
,,,,Query:evt_102014,,buy_for_living,Query,evt_102014,,,,"cần mua căn hộ 3 phòng ngủ ở Quận 9 để ở, giá tốt"
,,,,Query:evt_100124,,buy_for_living,Query,evt_100124,,,,căn hộ Quận 4 giá vừa phải cho vợ chồng mới cưới
,,,,Query:evt_103231,,rent,Query,evt_103231,,,,tìm phòng căn hộ ở Quận Tân Bình khu nhà giàu
,,,,Query:evt_100945,,investment,Query,evt_100945,,,,"mua căn hộ đầu tư ở Phường Dĩ An pháp lý rõ ràng, giá rẻ"
,,,,Query:evt_102668,,rent,Query,evt_102668,,,,thuê căn hộ Quận 2 3 phòng ngủ ổn định
,,,,Query:evt_103930,,rent,Query,evt_103930,,,,"cần thuê nhà phố Quận 7 full nội thất, giá mềm"
,,,,Query:evt_101488,,buy_for_living,Query,evt_101488,,,,tìm căn hộ Quận 7 giá tốt gần trường học
,,,,Query:evt_103855,,investment,Query,evt_103855,,,,tìm căn hộ Quận Thủ Đức giá hợp lý tiềm năng tăng giá
,,,,Query:evt_102896,,buy_for_living,Query,evt_102896,,,,căn hộ Quận Bình Thạnh giá rẻ cho gia đình
,,,,Query:evt_102507,,buy_for_living,Query,evt_102507,,,,"cần mua căn hộ 2 phòng ngủ ở Quận 9 để ở, giá mềm"
,,,,Query:evt_101209,,rent,Query,evt_101209,,,,tìm phòng biệt thự ở Phường Long Bình bình dân
,,,,Query:evt_102616,,buy_for_living,Query,evt_102616,,,,căn hộ Quận 4 giá vừa phải cho gia đình
,,,,Query:evt_101533,,buy_for_living,Query,evt_101533,,,,tìm nhà phố Quận 7 khu nhà giàu gần trường học
,,,,Query:evt_104327,,rent,Query,evt_104327,,,,nhà phố Phường Dĩ An bình dân cho thuê gần metro
,,,,Query:evt_104202,,buy_for_living,Query,evt_104202,,,,"cần mua căn hộ 2 phòng ngủ ở Quận 9 để ở, giá tốt"
,,,,Query:evt_103980,,buy_for_living,Query,evt_103980,,,,"nhà ở Quận Gò Vấp thoáng mát 1pn, bình dân"
,,,,Query:evt_101922,,buy_for_living,Query,evt_101922,,,,tìm căn hộ Quận 7 vị trí đẹp gần trường học
,,,,Query:evt_103230,,rent,Query,evt_103230,,,,tìm phòng căn hộ ở Quận Thủ Đức cao cấp
,,,,Query:evt_100414,,buy_for_living,Query,evt_100414,,,,"cần mua căn hộ 2 phòng ngủ ở Quận 9 để ở, giá tốt"
,,,,Query:evt_100954,,investment,Query,evt_100954,,,,tìm nhà phố Quận 7 bình dân tiềm năng tăng giá
,,,,Query:evt_100993,,buy_for_living,Query,evt_100993,,,,nhà phố Quận Bình Thạnh sang trọng cho vợ chồng mới cưới
,,,,Query:evt_100589,,buy_for_living,Query,evt_100589,,,,căn hộ Quận 7 giá tốt cho vợ chồng mới cưới
,,,,Query:evt_104477,,investment,Query,evt_104477,,,,"mua đất nền đầu tư ở Quận Thủ Đức pháp lý rõ ràng, ổn định"
,,,,Query:evt_100670,,investment,Query,evt_100670,,,,nhà phố Quận 2 sang trọng cho thuê lại được
,,,,Query:evt_100600,,buy_for_living,Query,evt_100600,,,,"cần mua đất nền 2 phòng ngủ ở Phường Dĩ An để ở, giá rẻ"
,,,,Query:evt_101483,,buy_for_living,Query,evt_101483,,,,"nhà ở Phường Long Bình thoáng mát 3pn, giá vừa phải"
,,,,Query:evt_102816,,investment,Query,evt_102816,,,,căn hộ Quận Bình Thạnh ổn định dòng tiền tốt
,,,,Query:evt_104232,,investment,Query,evt_104232,,,,nhà phố Quận Gò Vấp khu nhà giàu cho thuê lại được
,,,,Query:evt_100204,,investment,Query,evt_100204,,,,tìm đất nền Quận Thủ Đức cao cấp tiềm năng tăng giá
,,,,Query:evt_102390,,buy_for_living,Query,evt_102390,,,,căn hộ Quận Gò Vấp giá vừa phải cho vợ chồng mới cưới
,,,,Query:evt_102686,,investment,Query,evt_102686,,,,"mua nhà phố đầu tư ở Quận 1 pháp lý rõ ràng, giá rẻ"
,,,,Query:evt_103988,,buy_for_living,Query,evt_103988,,,,căn hộ Quận Bình Thạnh giá hợp lý cho vợ chồng mới cưới
,,,,Query:evt_104261,,buy_for_living,Query,evt_104261,,,,biệt thự Quận 1 giá vừa phải cho vợ chồng mới cưới
,,,,Query:evt_100037,,rent,Query,evt_100037,,,,căn hộ Quận 9 rẻ một chút cho thuê gần metro
,,,,Query:evt_104226,,investment,Query,evt_104226,,,,"mua căn hộ đầu tư ở Quận Bình Thạnh pháp lý rõ ràng, giá tốt"
,,,,Query:evt_104356,,rent,Query,evt_104356,,,,thuê căn hộ Quận Thủ Đức 4 phòng ngủ ổn định
,,,,Query:evt_103774,,investment,Query,evt_103774,,,,nhà phố Phường Dĩ An bình dân dòng tiền tốt
,,,,Query:evt_103205,,buy_for_living,Query,evt_103205,,,,biệt thự Quận Bình Thạnh bình dân cho gia đình
,,,,Query:evt_102861,,buy_for_living,Query,evt_102861,,,,tìm căn hộ Phường Long Bình sang trọng gần trường học
,,,,Query:evt_100692,,investment,Query,evt_100692,,,,căn hộ Quận Bình Thạnh cao cấp cho thuê lại được
,,,,Query:evt_101973,,investment,Query,evt_101973,,,,căn hộ Quận Thủ Đức giá tốt dòng tiền tốt
,,,,Query:evt_100406,,buy_for_living,Query,evt_100406,,,,tìm căn hộ Quận 2 sang trọng gần trường học
,,,,Query:evt_102530,,buy_for_living,Query,evt_102530,,,,tìm đất nền Quận 1 bình dân gần trường học
,,,,Query:evt_104449,,buy_for_living,Query,evt_104449,,,,"nhà ở Quận 4 thoáng mát 5pn, khu nhà giàu"
,,,,Query:evt_103330,,buy_for_living,Query,evt_103330,,,,tìm căn hộ Quận Gò Vấp giá hợp lý gần trường học
,,,,Query:evt_104307,,rent,Query,evt_104307,,,,"cần thuê nhà phố Quận Thủ Đức full nội thất, bình dân"
,,,,Query:evt_100646,,investment,Query,evt_100646,,,,"mua căn hộ đầu tư ở Quận 3 pháp lý rõ ràng, cao cấp"
,,,,Query:evt_104004,,buy_for_living,Query,evt_104004,,,,nhà phố Quận 1 giá vừa phải cho gia đình
,,,,Query:evt_104141,,investment,Query,evt_104141,,,,căn hộ Quận Thủ Đức giá mềm dòng tiền tốt
,,,,Query:evt_102099,,rent,Query,evt_102099,,,,tìm phòng căn hộ ở Quận Gò Vấp giá hợp lý
,,,,Query:evt_104118,,investment,Query,evt_104118,,,,tìm nhà phố Quận Bình Thạnh giá rẻ tiềm năng tăng giá
,,,,Query:evt_102793,,investment,Query,evt_102793,,,,đất nền Quận 4 bình dân cho thuê lại được
,,,,Query:evt_102685,,investment,Query,evt_102685,,,,tìm nhà phố Quận 2 giá mềm tiềm năng tăng giá
,,,,Query:evt_100171,,investment,Query,evt_100171,,,,tìm nhà phố Quận 9 giá vừa phải tiềm năng tăng giá
,,,,Query:evt_103187,,investment,Query,evt_103187,,,,căn hộ Phường Dĩ An tầm trung cho thuê lại được
,,,,Query:evt_100832,,investment,Query,evt_100832,,,,tìm nhà phố Quận Thủ Đức giá vừa phải tiềm năng tăng giá
,,,,Query:evt_100183,,investment,Query,evt_100183,,,,căn hộ Quận 7 tầm trung dòng tiền tốt
,,,,Query:evt_101314,,buy_for_living,Query,evt_101314,,,,căn hộ Quận 1 khu nhà giàu cho vợ chồng mới cưới
,,,,Query:evt_100833,,investment,Query,evt_100833,,,,"mua căn hộ đầu tư ở Quận 4 pháp lý rõ ràng, rẻ một chút"
,,,,Query:evt_102215,,buy_for_living,Query,evt_102215,,,,đất nền Quận Bình Thạnh vị trí đẹp cho vợ chồng mới cưới
,,,,Query:evt_100959,,investment,Query,evt_100959,,,,tìm căn hộ Phường Dĩ An rẻ một chút tiềm năng tăng giá
,,,,Query:evt_101695,,buy_for_living,Query,evt_101695,,,,tìm căn hộ Quận 7 vị trí đẹp gần trường học
,,,,Query:evt_103789,,investment,Query,evt_103789,,,,tìm căn hộ Quận 2 sang trọng tiềm năng tăng giá
,,,,Query:evt_100111,,investment,Query,evt_100111,,,,đất nền Quận 7 giá mềm dòng tiền tốt
,,,,Query:evt_100155,,investment,Query,evt_100155,,,,biệt thự Quận 2 giá vừa phải cho thuê lại được
,,,,Query:evt_100686,,investment,Query,evt_100686,,,,nhà phố Quận Thủ Đức giá hợp lý cho thuê lại được
,,,,Query:evt_102955,,investment,Query,evt_102955,,,,nhà phố Quận 2 rẻ một chút dòng tiền tốt
,,,,Query:evt_103647,,investment,Query,evt_103647,,,,"mua nhà phố đầu tư ở Quận 3 pháp lý rõ ràng, giá tốt"
,,,,Query:evt_100754,,buy_for_living,Query,evt_100754,,,,nhà phố Quận Bình Thạnh giá hợp lý cho vợ chồng mới cưới
,,,,Query:evt_103505,,buy_for_living,Query,evt_103505,,,,"cần mua căn hộ 6 phòng ngủ ở Quận 1 để ở, sang trọng"
,,,,Query:evt_103641,,investment,Query,evt_103641,,,,tìm căn hộ Quận Thủ Đức giá vừa phải tiềm năng tăng giá
,,,,Query:evt_100096,,buy_for_living,Query,evt_100096,,,,"nhà ở Phường Dĩ An thoáng mát 3pn, giá vừa phải"
,,,,Query:evt_102772,,buy_for_living,Query,evt_102772,,,,tìm căn hộ Quận 3 bình dân gần trường học
,,,,Query:evt_101854,,buy_for_living,Query,evt_101854,,,,"nhà ở Quận 2 thoáng mát 3pn, giá vừa phải"
,,,,Query:evt_100468,,investment,Query,evt_100468,,,,tìm căn hộ Quận 9 giá vừa phải tiềm năng tăng giá
,,,,Query:evt_102331,,rent,Query,evt_102331,,,,nhà phố Quận 7 giá hợp lý cho thuê gần metro
,,,,Query:evt_103635,,buy_for_living,Query,evt_103635,,,,"cần mua nhà phố 2 phòng ngủ ở Quận 2 để ở, giá hợp lý"
,,,,Query:evt_100763,,buy_for_living,Query,evt_100763,,,,nhà phố Quận 9 bình dân cho vợ chồng mới cưới
,,,,Query:evt_103873,,investment,Query,evt_103873,,,,"mua căn hộ đầu tư ở Phường An Phú pháp lý rõ ràng, rẻ một chút"
,,,,Query:evt_102792,,investment,Query,evt_102792,,,,căn hộ Quận 3 tầm trung cho thuê lại được
,,,,Query:evt_103395,,rent,Query,evt_103395,,,,"cần thuê đất nền Quận 4 full nội thất, vị trí đẹp"
,,,,Query:evt_104253,,investment,Query,evt_104253,,,,biệt thự Phường Long Bình cao cấp dòng tiền tốt
,,,,Query:evt_103970,,buy_for_living,Query,evt_103970,,,,tìm căn hộ Quận 9 tầm trung gần trường học
,,,,Query:evt_101885,,buy_for_living,Query,evt_101885,,,,căn hộ Quận Tân Bình cao cấp cho vợ chồng mới cưới
,,,,Query:evt_100583,,buy_for_living,Query,evt_100583,,,,tìm căn hộ Quận Tân Bình tầm trung gần trường học
,,,,Query:evt_103934,,rent,Query,evt_103934,,,,"cần thuê biệt thự Quận 7 full nội thất, bình dân"
,,,,Query:evt_103826,,investment,Query,evt_103826,,,,căn hộ Phường Dĩ An giá vừa phải dòng tiền tốt
,,,,Query:evt_101894,,investment,Query,evt_101894,,,,nhà phố Quận 2 giá hợp lý dòng tiền tốt
,,,,Query:evt_100042,,rent,Query,evt_100042,,,,thuê căn hộ Quận 7 3 phòng ngủ sang trọng
,,,,Query:evt_102158,,buy_for_living,Query,evt_102158,,,,"nhà ở Phường Long Bình thoáng mát 3pn, giá vừa phải"
,,,,Query:evt_101036,,buy_for_living,Query,evt_101036,,,,tìm căn hộ Quận Gò Vấp giá rẻ gần trường học
,,,,Query:evt_102753,,investment,Query,evt_102753,,,,tìm nhà phố Quận Tân Bình ổn định tiềm năng tăng giá
,,,,Query:evt_103118,,rent,Query,evt_103118,,,,thuê căn hộ Quận 3 3 phòng ngủ giá tốt
,,,,Query:evt_101482,,buy_for_living,Query,evt_101482,,,,"cần mua căn hộ 1 phòng ngủ ở Phường Long Bình để ở, ổn định"
,,,,Query:evt_101427,,buy_for_living,Query,evt_101427,,,,"nhà ở Quận 3 thoáng mát 2pn, giá vừa phải"
,,,,Query:evt_104088,,buy_for_living,Query,evt_104088,,,,căn hộ Quận 7 khu nhà giàu cho vợ chồng mới cưới
,,,,Query:evt_101793,,investment,Query,evt_101793,,,,căn hộ Quận 3 ổn định cho thuê lại được
,,,,Query:evt_104416,,investment,Query,evt_104416,,,,"mua nhà phố đầu tư ở Quận Gò Vấp pháp lý rõ ràng, bình dân"
,,,,Query:evt_101742,,buy_for_living,Query,evt_101742,,,,tìm căn hộ Quận 1 ổn định gần trường học
,,,,Query:evt_101451,,investment,Query,evt_101451,,,,nhà phố Quận 2 ổn định dòng tiền tốt
,,,,Query:evt_101119,,investment,Query,evt_101119,,,,"mua căn hộ đầu tư ở Quận Thủ Đức pháp lý rõ ràng, giá rẻ"
,,,,Query:evt_103510,,buy_for_living,Query,evt_103510,,,,tìm căn hộ Quận 7 giá tốt gần trường học
,,,,Query:evt_100609,,buy_for_living,Query,evt_100609,,,,đất nền Phường Hiệp Bình giá rẻ cho vợ chồng mới cưới
,,,,Query:evt_103590,,buy_for_living,Query,evt_103590,,,,"cần mua căn hộ 3 phòng ngủ ở Phường Dĩ An để ở, bình dân"
,,,,Query:evt_100296,,buy_for_living,Query,evt_100296,,,,tìm căn hộ Phường Hiệp Bình vị trí đẹp gần trường học
,,,,Query:evt_102989,,buy_for_living,Query,evt_102989,,,,căn hộ Quận 1 ổn định cho vợ chồng mới cưới
,,,,Query:evt_103638,,investment,Query,evt_103638,,,,đất nền Quận 7 khu nhà giàu cho thuê lại được
,,,,Query:evt_103958,,buy_for_living,Query,evt_103958,,,,tìm đất nền Quận Tân Bình ổn định gần trường học
,,,,Query:evt_104191,,investment,Query,evt_104191,,,,nhà phố Quận 9 bình dân dòng tiền tốt
,,,,Query:evt_100645,,investment,Query,evt_100645,,,,căn hộ Quận Tân Bình bình dân cho thuê lại được
,,,,Query:evt_100413,,buy_for_living,Query,evt_100413,,,,"nhà ở Quận 7 thoáng mát 3pn, cao cấp"
,,,,Query:evt_101109,,investment,Query,evt_101109,,,,"mua nhà phố đầu tư ở Phường Long Bình pháp lý rõ ràng, vị trí đẹp"
,,,,Query:evt_104458,,buy_for_living,Query,evt_104458,,,,căn hộ Quận Bình Thạnh vị trí đẹp cho gia đình
,,,,Query:evt_101425,,buy_for_living,Query,evt_101425,,,,tìm căn hộ Quận 3 giá tốt gần trường học
,,,,Query:evt_101770,,rent,Query,evt_101770,,,,căn hộ Quận Bình Thạnh bình dân cho thuê gần metro
,,,,Query:evt_101843,,buy_for_living,Query,evt_101843,,,,"cần mua nhà phố 3 phòng ngủ ở Quận 7 để ở, giá mềm"
,,,,Query:evt_102035,,investment,Query,evt_102035,,,,tìm biệt thự Quận 9 bình dân tiềm năng tăng giá
,,,,Query:evt_100450,,buy_for_living,Query,evt_100450,,,,nhà phố Quận Thủ Đức ổn định cho gia đình
,,,,Query:evt_103425,,rent,Query,evt_103425,,,,căn hộ Quận 7 giá mềm cho thuê gần metro
,,,,Query:evt_104481,,investment,Query,evt_104481,,,,"mua căn hộ đầu tư ở Phường Hiệp Bình pháp lý rõ ràng, giá vừa phải"
,,,,Query:evt_101366,,buy_for_living,Query,evt_101366,,,,"nhà ở Quận 9 thoáng mát 5pn, sang trọng"
,,,,Query:evt_102997,,buy_for_living,Query,evt_102997,,,,"cần mua đất nền 3 phòng ngủ ở Quận Gò Vấp để ở, giá rẻ"
,,,,Query:evt_101048,,rent,Query,evt_101048,,,,thuê nhà phố Phường Long Bình 6 phòng ngủ cao cấp
,,,,Query:evt_103575,,buy_for_living,Query,evt_103575,,,,biệt thự Quận 9 ổn định cho vợ chồng mới cưới
,,,,Query:evt_103451,,rent,Query,evt_103451,,,,thuê nhà phố Phường Long Bình 3 phòng ngủ bình dân
,,,,Query:evt_100731,,buy_for_living,Query,evt_100731,,,,căn hộ Quận 2 tầm trung cho vợ chồng mới cưới
,,,,Query:evt_102290,,investment,Query,evt_102290,,,,"mua nhà phố đầu tư ở Quận 3 pháp lý rõ ràng, giá vừa phải"
,,,,Query:evt_102291,,investment,Query,evt_102291,,,,tìm nhà phố Quận 3 vị trí đẹp tiềm năng tăng giá
,,,,Query:evt_101346,,buy_for_living,Query,evt_101346,,,,tìm nhà phố Quận Tân Bình bình dân gần trường học
,,,,Query:evt_100118,,buy_for_living,Query,evt_100118,,,,"cần mua căn hộ 2 phòng ngủ ở Quận 7 để ở, cao cấp"
,,,,Query:evt_100568,,buy_for_living,Query,evt_100568,,,,"cần mua căn hộ 2 phòng ngủ ở Phường Hiệp Bình để ở, giá tốt"
,,,,Query:evt_100991,,buy_for_living,Query,evt_100991,,,,"nhà ở Quận 3 thoáng mát 4pn, giá vừa phải"
,,,,Query:evt_103905,,buy_for_living,Query,evt_103905,,,,căn hộ Quận 9 tầm trung cho gia đình
,,,,Query:evt_100734,,investment,Query,evt_100734,,,,tìm đất nền Quận 2 tầm trung tiềm năng tăng giá
,,,,Query:evt_100618,,rent,Query,evt_100618,,,,thuê biệt thự Phường Long Bình 3 phòng ngủ giá hợp lý
,,,,Query:evt_103888,,buy_for_living,Query,evt_103888,,,,đất nền Quận 4 cao cấp cho gia đình
,,,,Query:evt_100318,,buy_for_living,Query,evt_100318,,,,căn hộ Quận 1 vị trí đẹp cho gia đình
,,,,Query:evt_100717,,buy_for_living,Query,evt_100717,,,,nhà phố Quận 9 giá mềm cho gia đình
,,,,Query:evt_100128,,buy_for_living,Query,evt_100128,,,,tìm căn hộ Quận Gò Vấp giá mềm gần trường học
,,,,Query:evt_104071,,investment,Query,evt_104071,,,,tìm nhà phố Quận Thủ Đức giá rẻ tiềm năng tăng giá
,,,,Query:evt_102140,,investment,Query,evt_102140,,,,biệt thự Quận 1 giá tốt cho thuê lại được
,,,,Query:evt_102550,,investment,Query,evt_102550,,,,biệt thự Quận Bình Thạnh ổn định cho thuê lại được
,,,,Query:evt_102763,,buy_for_living,Query,evt_102763,,,,"cần mua đất nền 2 phòng ngủ ở Quận Gò Vấp để ở, sang trọng"
,,,,Query:evt_102630,,rent,Query,evt_102630,,,,căn hộ Quận 1 giá tốt cho thuê gần metro
,,,,Query:evt_102131,,buy_for_living,Query,evt_102131,,,,"cần mua căn hộ 3 phòng ngủ ở Quận Thủ Đức để ở, tầm trung"
,,,,Query:evt_104037,,rent,Query,evt_104037,,,,thuê căn hộ Phường An Phú 3 phòng ngủ sang trọng
,,,,Query:evt_101912,,buy_for_living,Query,evt_101912,,,,"nhà ở Quận Thủ Đức thoáng mát 1pn, giá tốt"
,,,,Query:evt_102474,,rent,Query,evt_102474,,,,căn hộ Quận Bình Thạnh giá tốt cho thuê gần metro
,,,,Query:evt_104227,,investment,Query,evt_104227,,,,nhà phố Quận Thủ Đức khu nhà giàu cho thuê lại được
,,,,Query:evt_103830,,investment,Query,evt_103830,,,,căn hộ Quận 2 vị trí đẹp cho thuê lại được
,,,,Query:evt_102289,,investment,Query,evt_102289,,,,căn hộ Quận 1 cao cấp dòng tiền tốt
,,,,Query:evt_103242,,rent,Query,evt_103242,,,,nhà phố Quận Bình Thạnh vị trí đẹp cho thuê gần metro
,,,,Query:evt_102346,,buy_for_living,Query,evt_102346,,,,"nhà ở Quận 4 thoáng mát 1pn, giá tốt"
,,,,Query:evt_101288,,investment,Query,evt_101288,,,,căn hộ Quận 7 giá hợp lý dòng tiền tốt
,,,,Query:evt_103844,,buy_for_living,Query,evt_103844,,,,"nhà ở Phường Long Bình thoáng mát 1pn, giá rẻ"
,,,,Query:evt_101110,,investment,Query,evt_101110,,,,tìm căn hộ Quận 7 bình dân tiềm năng tăng giá
,,,,Query:evt_103546,,buy_for_living,Query,evt_103546,,,,tìm căn hộ Quận Thủ Đức giá rẻ gần trường học
,,,,Query:evt_101643,,buy_for_living,Query,evt_101643,,,,căn hộ Quận Tân Bình giá rẻ cho vợ chồng mới cưới
,,,,Query:evt_101258,,buy_for_living,Query,evt_101258,,,,"cần mua nhà phố 3 phòng ngủ ở Quận Thủ Đức để ở, sang trọng"
,,,,Query:evt_101542,,buy_for_living,Query,evt_101542,,,,nhà phố Quận 7 tầm trung cho gia đình
,,,,Query:evt_104271,,buy_for_living,Query,evt_104271,,,,"nhà ở Phường Dĩ An thoáng mát 2pn, giá tốt"
,,,,Query:evt_102590,,buy_for_living,Query,evt_102590,,,,"nhà ở Quận 2 thoáng mát 0pn, giá rẻ"
,,,,Query:evt_103102,,investment,Query,evt_103102,,,,"mua căn hộ đầu tư ở Quận 1 pháp lý rõ ràng, rẻ một chút"
,,,,Query:evt_102388,,buy_for_living,Query,evt_102388,,,,căn hộ Quận Thủ Đức giá tốt cho vợ chồng mới cưới
,,,,Query:evt_101276,,investment,Query,evt_101276,,,,biệt thự Quận 7 giá hợp lý cho thuê lại được
,,,,Query:evt_103321,,buy_for_living,Query,evt_103321,,,,"nhà ở Quận Bình Thạnh thoáng mát 0pn, giá tốt"
,,,,Query:evt_102062,,rent,Query,evt_102062,,,,biệt thự Quận Tân Bình rẻ một chút cho thuê gần metro
,,,,Query:evt_101380,,buy_for_living,Query,evt_101380,,,,nhà phố Quận 1 giá hợp lý cho gia đình
,,,,Query:evt_103471,,investment,Query,evt_103471,,,,nhà phố Quận Thủ Đức giá vừa phải cho thuê lại được
,,,,Query:evt_102455,,buy_for_living,Query,evt_102455,,,,căn hộ Quận 1 giá rẻ cho vợ chồng mới cưới
,,,,Query:evt_102632,,rent,Query,evt_102632,,,,thuê căn hộ Phường Dĩ An 4 phòng ngủ vị trí đẹp
,,,,Query:evt_103480,,buy_for_living,Query,evt_103480,,,,"cần mua đất nền 2 phòng ngủ ở Quận 9 để ở, ổn định"
,,,,Query:evt_101985,,buy_for_living,Query,evt_101985,,,,căn hộ Quận Gò Vấp tầm trung cho gia đình
,,,,Query:evt_103656,,investment,Query,evt_103656,,,,căn hộ Quận Bình Thạnh giá hợp lý cho thuê lại được
,,,,Query:evt_102574,,investment,Query,evt_102574,,,,"mua căn hộ đầu tư ở Quận 7 pháp lý rõ ràng, ổn định"
,,,,Query:evt_100737,,investment,Query,evt_100737,,,,tìm nhà phố Phường Long Bình bình dân tiềm năng tăng giá
,,,,Query:evt_104274,,investment,Query,evt_104274,,,,căn hộ Quận 9 ổn định dòng tiền tốt
,,,,Query:evt_100924,,buy_for_living,Query,evt_100924,,,,căn hộ Quận Thủ Đức sang trọng cho vợ chồng mới cưới
,,,,Query:evt_101600,,buy_for_living,Query,evt_101600,,,,"cần mua nhà phố 2 phòng ngủ ở Phường Long Bình để ở, giá hợp lý"
,,,,Query:evt_101586,,rent,Query,evt_101586,,,,thuê nhà phố Quận 1 2 phòng ngủ rẻ một chút
,,,,Query:evt_100587,,buy_for_living,Query,evt_100587,,,,"cần mua nhà phố 2 phòng ngủ ở Quận 1 để ở, ổn định"
,,,,Query:evt_102519,,buy_for_living,Query,evt_102519,,,,đất nền Quận 1 giá rẻ cho gia đình
,,,,Query:evt_102486,,buy_for_living,Query,evt_102486,,,,tìm căn hộ Quận 7 giá mềm gần trường học
,,,,Query:evt_103465,,investment,Query,evt_103465,,,,căn hộ Quận Thủ Đức bình dân dòng tiền tốt
,,,,Query:evt_102727,,investment,Query,evt_102727,,,,căn hộ Quận Gò Vấp tầm trung cho thuê lại được
,,,,Query:evt_100995,,buy_for_living,Query,evt_100995,,,,"nhà ở Quận 7 thoáng mát 4pn, sang trọng"
,,,,Query:evt_101841,,buy_for_living,Query,evt_101841,,,,biệt thự Quận 1 tầm trung cho gia đình
,,,,Query:evt_101842,,buy_for_living,Query,evt_101842,,,,tìm căn hộ Quận 4 sang trọng gần trường học
,,,,Query:evt_103277,,investment,Query,evt_103277,,,,căn hộ Quận 7 khu nhà giàu cho thuê lại được
,,,,Query:evt_102473,,rent,Query,evt_102473,,,,"cần thuê đất nền Quận 1 full nội thất, bình dân"
,,,,Query:evt_102235,,buy_for_living,Query,evt_102235,,,,nhà phố Quận Gò Vấp giá rẻ cho vợ chồng mới cưới
,,,,Query:evt_102855,,buy_for_living,Query,evt_102855,,,,nhà phố Phường Hiệp Bình rẻ một chút cho vợ chồng mới cưới
,,,,Query:evt_102716,,investment,Query,evt_102716,,,,tìm nhà phố Quận Bình Thạnh giá hợp lý tiềm năng tăng giá
,,,,Query:evt_103369,,investment,Query,evt_103369,,,,căn hộ Quận 1 giá rẻ dòng tiền tốt
,,,,Query:evt_102494,,buy_for_living,Query,evt_102494,,,,căn hộ Quận 9 cao cấp cho vợ chồng mới cưới
,,,,Query:evt_100882,,buy_for_living,Query,evt_100882,,,,căn hộ Quận 2 khu nhà giàu cho vợ chồng mới cưới
,,,,Query:evt_100348,,investment,Query,evt_100348,,,,căn hộ Quận 2 khu nhà giàu cho thuê lại được
,,,,Query:evt_103831,,investment,Query,evt_103831,,,,căn hộ Quận 4 vị trí đẹp dòng tiền tốt
,,,,Query:evt_101416,,buy_for_living,Query,evt_101416,,,,căn hộ Quận 4 cao cấp cho vợ chồng mới cưới
,,,,Query:evt_101774,,rent,Query,evt_101774,,,,"cần thuê căn hộ Quận 9 full nội thất, giá mềm"
,,,,Query:evt_101944,,buy_for_living,Query,evt_101944,,,,"nhà ở Phường Dĩ An thoáng mát 4pn, vị trí đẹp"
,,,,Query:evt_102402,,buy_for_living,Query,evt_102402,,,,"nhà ở Quận 1 thoáng mát 2pn, rẻ một chút"
,,,,Query:evt_103331,,buy_for_living,Query,evt_103331,,,,"nhà ở Phường Long Bình thoáng mát 2pn, bình dân"
,,,,Query:evt_100383,,rent,Query,evt_100383,,,,nhà phố Quận Thủ Đức vị trí đẹp cho thuê gần metro
,,,,Query:evt_100233,,buy_for_living,Query,evt_100233,,,,"cần mua căn hộ 3 phòng ngủ ở Quận 7 để ở, giá tốt"
,,,,Query:evt_104284,,investment,Query,evt_104284,,,,nhà phố Quận 2 ổn định cho thuê lại được
,,,,Query:evt_103496,,buy_for_living,Query,evt_103496,,,,tìm căn hộ Quận 7 cao cấp gần trường học
,,,,Query:evt_103763,,buy_for_living,Query,evt_103763,,,,"nhà ở Quận Tân Bình thoáng mát 1pn, bình dân"
,,,,Query:evt_100584,,buy_for_living,Query,evt_100584,,,,"nhà ở Quận Gò Vấp thoáng mát 1pn, tầm trung"
,,,,Query:evt_102184,,investment,Query,evt_102184,,,,tìm nhà phố Quận 1 giá vừa phải tiềm năng tăng giá
,,,,Query:evt_100827,,investment,Query,evt_100827,,,,căn hộ Quận Thủ Đức giá vừa phải cho thuê lại được
,,,,Query:evt_104242,,investment,Query,evt_104242,,,,tìm căn hộ Quận Gò Vấp ổn định tiềm năng tăng giá
,,,,Query:evt_100960,,investment,Query,evt_100960,,,,căn hộ Quận 3 vị trí đẹp cho thuê lại được
,,,,Query:evt_102351,,buy_for_living,Query,evt_102351,,,,căn hộ Phường Long Bình bình dân cho gia đình
,,,,Query:evt_101233,,investment,Query,evt_101233,,,,tìm căn hộ Quận 3 giá vừa phải tiềm năng tăng giá
,,,,Query:evt_100514,,buy_for_living,Query,evt_100514,,,,"nhà ở Quận 9 thoáng mát 3pn, bình dân"
,,,,Query:evt_100193,,investment,Query,evt_100193,,,,tìm căn hộ Quận 2 rẻ một chút tiềm năng tăng giá
,,,,Query:evt_103002,,buy_for_living,Query,evt_103002,,,,tìm biệt thự Phường Dĩ An vị trí đẹp gần trường học
,,,,Query:evt_100699,,buy_for_living,Query,evt_100699,,,,"nhà ở Phường Hiệp Bình thoáng mát 3pn, bình dân"
,,,,Query:evt_100145,,buy_for_living,Query,evt_100145,,,,"cần mua căn hộ 3 phòng ngủ ở Quận Tân Bình để ở, vị trí đẹp"
,,,,Query:evt_100180,,investment,Query,evt_100180,,,,nhà phố Quận 2 giá vừa phải cho thuê lại được
,,,,Query:evt_101295,,investment,Query,evt_101295,,,,căn hộ Quận Thủ Đức tầm trung dòng tiền tốt
,,,,Query:evt_104097,,rent,Query,evt_104097,,,,"cần thuê nhà phố Quận 9 full nội thất, ổn định"
,,,,Query:evt_102340,,buy_for_living,Query,evt_102340,,,,"nhà ở Quận Bình Thạnh thoáng mát 2pn, sang trọng"
,,,,Query:evt_104220,,investment,Query,evt_104220,,,,tìm căn hộ Quận 9 giá tốt tiềm năng tăng giá
,,,,Query:evt_102260,,investment,Query,evt_102260,,,,đất nền Phường Long Bình bình dân dòng tiền tốt
,,,,Query:evt_103156,,buy_for_living,Query,evt_103156,,,,tìm căn hộ Quận 7 vị trí đẹp gần trường học
,,,,Query:evt_101107,,investment,Query,evt_101107,,,,nhà phố Quận 7 tầm trung dòng tiền tốt
,,,,Query:evt_101143,,buy_for_living,Query,evt_101143,,,,"nhà ở Quận Gò Vấp thoáng mát 3pn, giá vừa phải"
,,,,Query:evt_104276,,investment,Query,evt_104276,,,,tìm nhà phố Phường Long Bình cao cấp tiềm năng tăng giá
,,,,Query:evt_104012,,buy_for_living,Query,evt_104012,,,,"cần mua nhà phố 5 phòng ngủ ở Quận Bình Thạnh để ở, sang trọng"
,,,,Query:evt_104468,,investment,Query,evt_104468,,,,tìm căn hộ Quận 9 khu nhà giàu tiềm năng tăng giá
,,,,Query:evt_103498,,buy_for_living,Query,evt_103498,,,,tìm căn hộ Quận 1 rẻ một chút gần trường học
,,,,Query:evt_100702,,buy_for_living,Query,evt_100702,,,,biệt thự Quận 1 cao cấp cho vợ chồng mới cưới
,,,,Query:evt_100265,,rent,Query,evt_100265,,,,đất nền Quận Gò Vấp vị trí đẹp cho thuê gần metro
,,,,Query:evt_104351,,rent,Query,evt_104351,,,,tìm phòng nhà phố ở Quận 7 rẻ một chút
,,,,Query:evt_103982,,buy_for_living,Query,evt_103982,,,,căn hộ Quận 1 giá rẻ cho vợ chồng mới cưới
,,,,Query:evt_102237,,buy_for_living,Query,evt_102237,,,,căn hộ Quận 3 giá vừa phải cho vợ chồng mới cưới
,,,,Query:evt_101216,,buy_for_living,Query,evt_101216,,,,"cần mua căn hộ 3 phòng ngủ ở Quận 1 để ở, giá rẻ"
,,,,Query:evt_103554,,buy_for_living,Query,evt_103554,,,,tìm căn hộ Quận Gò Vấp giá hợp lý gần trường học
,,,,Query:evt_104485,,investment,Query,evt_104485,,,,căn hộ Quận Gò Vấp cao cấp dòng tiền tốt
,,,,Query:evt_100424,,buy_for_living,Query,evt_100424,,,,căn hộ Quận 7 khu nhà giàu cho gia đình
,,,,Query:evt_103815,,investment,Query,evt_103815,,,,nhà phố Quận Gò Vấp cao cấp cho thuê lại được
,,,,Query:evt_102596,,buy_for_living,Query,evt_102596,,,,căn hộ Quận Bình Thạnh ổn định cho gia đình
,,,,Query:evt_100952,,investment,Query,evt_100952,,,,tìm căn hộ Quận 1 cao cấp tiềm năng tăng giá
,,,,Query:evt_103897,,buy_for_living,Query,evt_103897,,,,căn hộ Quận 2 giá tốt cho vợ chồng mới cưới
,,,,Query:evt_103283,,investment,Query,evt_103283,,,,căn hộ Quận 1 giá hợp lý dòng tiền tốt
,,,,Query:evt_103536,,buy_for_living,Query,evt_103536,,,,"nhà ở Quận 2 thoáng mát 3pn, ổn định"
,,,,Query:evt_102191,,investment,Query,evt_102191,,,,"mua căn hộ đầu tư ở Quận 4 pháp lý rõ ràng, khu nhà giàu"
,,,,Query:evt_102437,,investment,Query,evt_102437,,,,"mua nhà phố đầu tư ở Quận Gò Vấp pháp lý rõ ràng, rẻ một chút"
,,,,Query:evt_101581,,rent,Query,evt_101581,,,,thuê nhà phố Quận 7 1 phòng ngủ tầm trung
,,,,Query:evt_101848,,buy_for_living,Query,evt_101848,,,,nhà phố Phường Long Bình ổn định cho vợ chồng mới cưới
,,,,Query:evt_100435,,buy_for_living,Query,evt_100435,,,,nhà phố Quận Thủ Đức giá vừa phải cho vợ chồng mới cưới
,,,,Query:evt_104460,,buy_for_living,Query,evt_104460,,,,căn hộ Quận 2 tầm trung cho gia đình
,,,,Query:evt_104493,,investment,Query,evt_104493,,,,nhà phố Quận 1 bình dân dòng tiền tốt
,,,,Query:evt_102776,,investment,Query,evt_102776,,,,căn hộ Quận Thủ Đức cao cấp cho thuê lại được
,,,,Query:evt_101156,,rent,Query,evt_101156,,,,biệt thự Quận 1 giá hợp lý cho thuê gần metro
,,,,Query:evt_102283,,investment,Query,evt_102283,,,,"mua nhà phố đầu tư ở Phường Dĩ An pháp lý rõ ràng, khu nhà giàu"
,,,,Query:evt_102022,,buy_for_living,Query,evt_102022,,,,căn hộ Quận Bình Thạnh giá vừa phải cho vợ chồng mới cưới
,,,,Query:evt_101044,,rent,Query,evt_101044,,,,"cần thuê đất nền Quận Thủ Đức full nội thất, giá vừa phải"
,,,,Query:evt_103488,,buy_for_living,Query,evt_103488,,,,"nhà ở Quận 7 thoáng mát 1pn, giá hợp lý"
,,,,Query:evt_101602,,buy_for_living,Query,evt_101602,,,,căn hộ Quận 1 sang trọng cho gia đình
,,,,Query:evt_101741,,buy_for_living,Query,evt_101741,,,,"nhà ở Quận 4 thoáng mát 3pn, giá vừa phải"
,,,,Query:evt_103863,,investment,Query,evt_103863,,,,tìm căn hộ Quận Bình Thạnh tầm trung tiềm năng tăng giá
,,,,Query:evt_101454,,investment,Query,evt_101454,,,,"mua nhà phố đầu tư ở Quận 1 pháp lý rõ ràng, giá rẻ"
,,,,Query:evt_100125,,buy_for_living,Query,evt_100125,,,,tìm căn hộ Phường Hiệp Bình giá mềm gần trường học
,,,,Query:evt_101541,,buy_for_living,Query,evt_101541,,,,"nhà ở Quận 7 thoáng mát 3pn, khu nhà giàu"
,,,,Query:evt_103801,,investment,Query,evt_103801,,,,căn hộ Quận 7 cao cấp cho thuê lại được
,,,,Query:evt_100626,,rent,Query,evt_100626,,,,tìm phòng nhà phố ở Phường Long Bình vị trí đẹp
,,,,Query:evt_103548,,buy_for_living,Query,evt_103548,,,,nhà phố Quận 1 rẻ một chút cho gia đình
,,,,Query:evt_102623,,rent,Query,evt_102623,,,,"cần thuê đất nền Phường Dĩ An full nội thất, bình dân"
,,,,Query:evt_102564,,investment,Query,evt_102564,,,,nhà phố Phường An Phú khu nhà giàu dòng tiền tốt
,,,,Query:evt_100900,,buy_for_living,Query,evt_100900,,,,nhà phố Quận Gò Vấp giá tốt cho gia đình
,,,,Query:evt_101830,,buy_for_living,Query,evt_101830,,,,nhà phố Quận 7 giá rẻ cho gia đình
,,,,Query:evt_100997,,buy_for_living,Query,evt_100997,,,,đất nền Quận 1 bình dân cho gia đình
,,,,Query:evt_104381,,buy_for_living,Query,evt_104381,,,,tìm căn hộ Quận 2 sang trọng gần trường học
,,,,Query:evt_102675,,rent,Query,evt_102675,,,,căn hộ Phường Long Bình giá vừa phải cho thuê gần metro
,,,,Query:evt_102721,,investment,Query,evt_102721,,,,tìm nhà phố Quận Tân Bình vị trí đẹp tiềm năng tăng giá
,,,,Query:evt_102663,,rent,Query,evt_102663,,,,"cần thuê căn hộ Quận 3 full nội thất, giá vừa phải"
,,,,Query:evt_101948,,buy_for_living,Query,evt_101948,,,,tìm nhà phố Quận 2 cao cấp gần trường học
,,,,Query:evt_100756,,buy_for_living,Query,evt_100756,,,,căn hộ Quận Thủ Đức giá hợp lý cho vợ chồng mới cưới
,,,,Query:evt_101546,,buy_for_living,Query,evt_101546,,,,căn hộ Quận Thủ Đức giá hợp lý cho gia đình
,,,,Query:evt_101850,,buy_for_living,Query,evt_101850,,,,căn hộ Quận Thủ Đức bình dân cho gia đình
,,,,Query:evt_100439,,buy_for_living,Query,evt_100439,,,,căn hộ Quận 3 sang trọng cho gia đình
,,,,Query:evt_103054,,buy_for_living,Query,evt_103054,,,,"cần mua căn hộ 6 phòng ngủ ở Quận 3 để ở, sang trọng"
,,,,Query:evt_101633,,buy_for_living,Query,evt_101633,,,,"cần mua căn hộ 3 phòng ngủ ở Quận 9 để ở, giá vừa phải"
,,,,Query:evt_103819,,investment,Query,evt_103819,,,,"mua đất nền đầu tư ở Quận 1 pháp lý rõ ràng, bình dân"
,,,,Query:evt_102179,,buy_for_living,Query,evt_102179,,,,"cần mua biệt thự 2 phòng ngủ ở Quận 2 để ở, rẻ một chút"
,,,,Query:evt_102440,,buy_for_living,Query,evt_102440,,,,nhà phố Phường Dĩ An giá tốt cho gia đình
,,,,Query:evt_100931,,buy_for_living,Query,evt_100931,,,,tìm nhà phố Phường Dĩ An cao cấp gần trường học
,,,,Query:evt_102418,,buy_for_living,Query,evt_102418,,,,căn hộ Quận Thủ Đức giá rẻ cho gia đình
,,,,Query:evt_104311,,rent,Query,evt_104311,,,,"cần thuê căn hộ Quận 4 full nội thất, cao cấp"
,,,,Query:evt_103438,,investment,Query,evt_103438,,,,"mua nhà phố đầu tư ở Quận 7 pháp lý rõ ràng, rẻ một chút"
,,,,Query:evt_100466,,investment,Query,evt_100466,,,,tìm căn hộ Quận Thủ Đức vị trí đẹp tiềm năng tăng giá
,,,,Query:evt_102990,,buy_for_living,Query,evt_102990,,,,căn hộ Quận 4 cao cấp cho gia đình
,,,,Query:evt_102096,,buy_for_living,Query,evt_102096,,,,căn hộ Phường Dĩ An khu nhà giàu cho vợ chồng mới cưới
,,,,Query:evt_101968,,investment,Query,evt_101968,,,,"mua nhà phố đầu tư ở Quận 1 pháp lý rõ ràng, cao cấp"
,,,,Query:evt_100690,,investment,Query,evt_100690,,,,tìm căn hộ Quận 7 sang trọng tiềm năng tăng giá
,,,,Query:evt_102270,,buy_for_living,Query,evt_102270,,,,nhà phố Quận 1 giá hợp lý cho gia đình
,,,,Query:evt_103173,,buy_for_living,Query,evt_103173,,,,"nhà ở Quận 4 thoáng mát 4pn, cao cấp"
,,,,Query:evt_101777,,buy_for_living,Query,evt_101777,,,,"cần mua căn hộ 4 phòng ngủ ở Quận Thủ Đức để ở, tầm trung"
,,,,Query:evt_102322,,rent,Query,evt_102322,,,,thuê nhà phố Quận 1 0 phòng ngủ giá tốt
,,,,Query:evt_104055,,buy_for_living,Query,evt_104055,,,,căn hộ Quận Bình Thạnh ổn định cho gia đình
,,,,Query:evt_100923,,buy_for_living,Query,evt_100923,,,,nhà phố Quận 1 giá vừa phải cho gia đình
,,,,Query:evt_104153,,buy_for_living,Query,evt_104153,,,,"cần mua căn hộ 3 phòng ngủ ở Quận 9 để ở, tầm trung"
,,,,Query:evt_102173,,buy_for_living,Query,evt_102173,,,,"nhà ở Quận 2 thoáng mát 2pn, giá hợp lý"
,,,,Query:evt_102808,,buy_for_living,Query,evt_102808,,,,căn hộ Quận 1 ổn định cho gia đình
,,,,Query:evt_103755,,buy_for_living,Query,evt_103755,,,,"cần mua căn hộ 2 phòng ngủ ở Quận 4 để ở, giá hợp lý"
,,,,Query:evt_104487,,investment,Query,evt_104487,,,,nhà phố Quận Thủ Đức giá vừa phải cho thuê lại được
,,,,Query:evt_101412,,investment,Query,evt_101412,,,,"mua căn hộ đầu tư ở Quận 9 pháp lý rõ ràng, giá tốt"
,,,,Query:evt_101413,,investment,Query,evt_101413,,,,tìm biệt thự Phường An Phú tầm trung tiềm năng tăng giá
,,,,Query:evt_103346,,buy_for_living,Query,evt_103346,,,,căn hộ Quận Thủ Đức giá mềm cho gia đình
,,,,Query:evt_103318,,investment,Query,evt_103318,,,,căn hộ Quận Tân Bình sang trọng cho thuê lại được
,,,,Query:evt_102178,,buy_for_living,Query,evt_102178,,,,căn hộ Phường An Phú vị trí đẹp cho vợ chồng mới cưới
,,,,Query:evt_103046,,buy_for_living,Query,evt_103046,,,,"nhà ở Phường Hiệp Bình thoáng mát 2pn, giá vừa phải"
,,,,Query:evt_102620,,buy_for_living,Query,evt_102620,,,,tìm nhà phố Quận 2 cao cấp gần trường học
,,,,Query:evt_101860,,buy_for_living,Query,evt_101860,,,,căn hộ Phường Dĩ An ổn định cho gia đình
,,,,Query:evt_103747,,rent,Query,evt_103747,,,,thuê căn hộ Quận 1 3 phòng ngủ giá mềm
,,,,Query:evt_102216,,buy_for_living,Query,evt_102216,,,,nhà phố Quận 3 cao cấp cho gia đình
,,,,Query:evt_102027,,buy_for_living,Query,evt_102027,,,,tìm căn hộ Quận Thủ Đức giá rẻ gần trường học
,,,,Query:evt_100209,,buy_for_living,Query,evt_100209,,,,căn hộ Quận 3 tầm trung cho gia đình
,,,,Query:evt_100704,,buy_for_living,Query,evt_100704,,,,"cần mua căn hộ 3 phòng ngủ ở Quận 9 để ở, rẻ một chút"
,,,,Query:evt_102733,,buy_for_living,Query,evt_102733,,,,đất nền Quận 1 bình dân cho vợ chồng mới cưới
,,,,Query:evt_100441,,buy_for_living,Query,evt_100441,,,,tìm nhà phố Quận Thủ Đức giá tốt gần trường học
,,,,Query:evt_104475,,investment,Query,evt_104475,,,,"mua căn hộ đầu tư ở Quận Thủ Đức pháp lý rõ ràng, ổn định"
,,,,Query:evt_101434,,buy_for_living,Query,evt_101434,,,,tìm căn hộ Quận 4 giá vừa phải gần trường học
,,,,Query:evt_104357,,rent,Query,evt_104357,,,,"cần thuê căn hộ Quận Bình Thạnh full nội thất, vị trí đẹp"
,,,,Query:evt_104203,,buy_for_living,Query,evt_104203,,,,"nhà ở Quận Bình Thạnh thoáng mát 4pn, khu nhà giàu"
,,,,Query:evt_103124,,rent,Query,evt_103124,,,,nhà phố Quận 9 sang trọng cho thuê gần metro
,,,,Query:evt_102321,,rent,Query,evt_102321,,,,căn hộ Quận Thủ Đức tầm trung cho thuê gần metro
,,,,Query:evt_101464,,rent,Query,evt_101464,,,,nhà phố Quận 7 sang trọng cho thuê gần metro
,,,,Query:evt_103529,,buy_for_living,Query,evt_103529,,,,nhà phố Quận Thủ Đức vị trí đẹp cho gia đình
,,,,Query:evt_102111,,rent,Query,evt_102111,,,,thuê căn hộ Quận Thủ Đức 4 phòng ngủ vị trí đẹp
,,,,Query:evt_101358,,buy_for_living,Query,evt_101358,,,,"cần mua đất nền 6 phòng ngủ ở Quận Thủ Đức để ở, vị trí đẹp"
,,,,Query:evt_100409,,buy_for_living,Query,evt_100409,,,,căn hộ Quận 2 sang trọng cho vợ chồng mới cưới
,,,,Query:evt_101895,,investment,Query,evt_101895,,,,"mua căn hộ đầu tư ở Quận Bình Thạnh pháp lý rõ ràng, giá vừa phải"
,,,,Query:evt_103015,,buy_for_living,Query,evt_103015,,,,căn hộ Quận 1 giá rẻ cho vợ chồng mới cưới
,,,,Query:evt_103164,,buy_for_living,Query,evt_103164,,,,"nhà ở Quận 7 thoáng mát 4pn, giá hợp lý"
,,,,Query:evt_101961,,buy_for_living,Query,evt_101961,,,,"nhà ở Quận 2 thoáng mát 3pn, giá vừa phải"
,,,,Query:evt_104479,,investment,Query,evt_104479,,,,"mua căn hộ đầu tư ở Phường Hiệp Bình pháp lý rõ ràng, khu nhà giàu"
,,,,Query:evt_100965,,investment,Query,evt_100965,,,,căn hộ Quận 2 rẻ một chút cho thuê lại được
,,,,Query:evt_101954,,buy_for_living,Query,evt_101954,,,,"nhà ở Quận 1 thoáng mát 1pn, giá vừa phải"
,,,,Query:evt_102196,,investment,Query,evt_102196,,,,tìm nhà phố Quận 3 cao cấp tiềm năng tăng giá
,,,,Query:evt_103069,,buy_for_living,Query,evt_103069,,,,căn hộ Quận 9 giá hợp lý cho gia đình
,,,,Query:evt_102133,,investment,Query,evt_102133,,,,tìm căn hộ Quận 9 giá rẻ tiềm năng tăng giá
,,,,Query:evt_103585,,buy_for_living,Query,evt_103585,,,,"nhà ở Phường An Phú thoáng mát 4pn, sang trọng"
,,,,Query:evt_103040,,buy_for_living,Query,evt_103040,,,,biệt thự Phường An Phú giá hợp lý cho gia đình
,,,,Query:evt_103794,,investment,Query,evt_103794,,,,tìm nhà phố Quận 9 giá rẻ tiềm năng tăng giá
,,,,Query:evt_101688,,buy_for_living,Query,evt_101688,,,,"nhà ở Quận Gò Vấp thoáng mát 2pn, tầm trung"
,,,,Query:evt_102088,,buy_for_living,Query,evt_102088,,,,"cần mua căn hộ 5 phòng ngủ ở Quận Thủ Đức để ở, sang trọng"
,,,,Query:evt_103868,,investment,Query,evt_103868,,,,"mua căn hộ đầu tư ở Quận Thủ Đức pháp lý rõ ràng, sang trọng"
,,,,Query:evt_104396,,investment,Query,evt_104396,,,,"mua căn hộ đầu tư ở Quận 9 pháp lý rõ ràng, giá vừa phải"
,,,,Query:evt_102869,,buy_for_living,Query,evt_102869,,,,"nhà ở Quận 9 thoáng mát 3pn, sang trọng"
,,,,Query:evt_100682,,buy_for_living,Query,evt_100682,,,,đất nền Quận 7 giá mềm cho gia đình
,,,,Query:evt_102791,,investment,Query,evt_102791,,,,"mua nhà phố đầu tư ở Quận 3 pháp lý rõ ràng, ổn định"
,,,,Query:evt_104174,,buy_for_living,Query,evt_104174,,,,căn hộ Quận 4 giá hợp lý cho vợ chồng mới cưới
,,,,Query:evt_103300,,investment,Query,evt_103300,,,,căn hộ Quận 3 giá mềm cho thuê lại được
,,,,Query:evt_102798,,buy_for_living,Query,evt_102798,,,,tìm căn hộ Quận Thủ Đức giá rẻ gần trường học
,,,,Query:evt_101804,,investment,Query,evt_101804,,,,biệt thự Phường Long Bình vị trí đẹp dòng tiền tốt
,,,,Query:evt_104321,,rent,Query,evt_104321,,,,tìm phòng căn hộ ở Quận 2 sang trọng
,,,,Query:evt_103058,,buy_for_living,Query,evt_103058,,,,"nhà ở Quận 1 thoáng mát 6pn, sang trọng"
,,,,Query:evt_100664,,investment,Query,evt_100664,,,,nhà phố Quận 7 ổn định cho thuê lại được
,,,,Query:evt_101480,,buy_for_living,Query,evt_101480,,,,tìm căn hộ Quận 2 tầm trung gần trường học
,,,,Query:evt_102890,,buy_for_living,Query,evt_102890,,,,đất nền Quận 9 tầm trung cho vợ chồng mới cưới
,,,,Query:evt_104296,,buy_for_living,Query,evt_104296,,,,biệt thự Quận Thủ Đức khu nhà giàu cho vợ chồng mới cưới
,,,,Query:evt_101573,,buy_for_living,Query,evt_101573,,,,tìm căn hộ Quận 9 sang trọng gần trường học
,,,,Query:evt_100074,,buy_for_living,Query,evt_100074,,,,"nhà ở Quận 1 thoáng mát 3pn, sang trọng"
,,,,Query:evt_100911,,buy_for_living,Query,evt_100911,,,,"nhà ở Quận 4 thoáng mát 4pn, khu nhà giàu"
,,,,Query:evt_101834,,buy_for_living,Query,evt_101834,,,,"nhà ở Quận Bình Thạnh thoáng mát 3pn, bình dân"
,,,,Query:evt_103434,,investment,Query,evt_103434,,,,"mua đất nền đầu tư ở Quận 1 pháp lý rõ ràng, tầm trung"
,,,,Query:evt_104171,,buy_for_living,Query,evt_104171,,,,căn hộ Quận Thủ Đức giá mềm cho vợ chồng mới cưới
,,,,Query:evt_101279,,investment,Query,evt_101279,,,,căn hộ Quận 9 giá hợp lý cho thuê lại được
,,,,Query:evt_101863,,buy_for_living,Query,evt_101863,,,,nhà phố Quận Thủ Đức giá vừa phải cho vợ chồng mới cưới
,,,,Query:evt_100553,,buy_for_living,Query,evt_100553,,,,"cần mua căn hộ 1 phòng ngủ ở Quận 7 để ở, giá rẻ"
,,,,Query:evt_100850,,investment,Query,evt_100850,,,,căn hộ Quận Gò Vấp giá hợp lý dòng tiền tốt
,,,,Query:evt_102210,,buy_for_living,Query,evt_102210,,,,"cần mua căn hộ 3 phòng ngủ ở Quận Gò Vấp để ở, tầm trung"
,,,,Query:evt_102583,,buy_for_living,Query,evt_102583,,,,"nhà ở Quận 2 thoáng mát 3pn, khu nhà giàu"
,,,,Query:evt_103642,,investment,Query,evt_103642,,,,tìm căn hộ Quận 9 giá mềm tiềm năng tăng giá
,,,,Query:evt_100669,,investment,Query,evt_100669,,,,tìm nhà phố Quận 4 giá mềm tiềm năng tăng giá
,,,,Query:evt_100270,,rent,Query,evt_100270,,,,nhà phố Quận 1 giá mềm cho thuê gần metro
,,,,Query:evt_100352,,investment,Query,evt_100352,,,,"mua căn hộ đầu tư ở Quận Bình Thạnh pháp lý rõ ràng, giá vừa phải"
,,,,Query:evt_102120,,investment,Query,evt_102120,,,,tìm nhà phố Quận Gò Vấp cao cấp tiềm năng tăng giá
,,,,Query:evt_100246,,investment,Query,evt_100246,,,,"mua căn hộ đầu tư ở Quận Tân Bình pháp lý rõ ràng, sang trọng"
,,,,Query:evt_103795,,investment,Query,evt_103795,,,,"mua nhà phố đầu tư ở Quận 2 pháp lý rõ ràng, giá hợp lý"
,,,,Query:evt_101071,,buy_for_living,Query,evt_101071,,,,căn hộ Quận 7 tầm trung cho gia đình
,,,,Query:evt_100958,,investment,Query,evt_100958,,,,căn hộ Quận Thủ Đức giá vừa phải dòng tiền tốt
,,,,Query:evt_102536,,buy_for_living,Query,evt_102536,,,,tìm căn hộ Quận 4 tầm trung gần trường học
,,,,Query:evt_100521,,buy_for_living,Query,evt_100521,,,,nhà phố Quận 3 vị trí đẹp cho vợ chồng mới cưới
,,,,Query:evt_101531,,buy_for_living,Query,evt_101531,,,,nhà phố Quận Thủ Đức cao cấp cho vợ chồng mới cưới
,,,,Query:evt_102595,,buy_for_living,Query,evt_102595,,,,nhà phố Quận Bình Thạnh giá vừa phải cho gia đình
,,,,Query:evt_102262,,buy_for_living,Query,evt_102262,,,,"cần mua căn hộ 0 phòng ngủ ở Quận 1 để ở, giá tốt"
,,,,Query:evt_104310,,rent,Query,evt_104310,,,,tìm phòng căn hộ ở Quận 2 ổn định
,,,,Query:evt_102407,,buy_for_living,Query,evt_102407,,,,căn hộ Phường Hiệp Bình giá vừa phải cho vợ chồng mới cưới
,,,,Query:evt_102245,,investment,Query,evt_102245,,,,nhà phố Quận 7 cao cấp cho thuê lại được
,,,,Query:evt_101865,,buy_for_living,Query,evt_101865,,,,tìm đất nền Quận 3 ổn định gần trường học
,,,,Query:evt_104366,,buy_for_living,Query,evt_104366,,,,"nhà ở Quận 2 thoáng mát 3pn, giá hợp lý"
,,,,Query:evt_104401,,investment,Query,evt_104401,,,,căn hộ Quận 1 tầm trung cho thuê lại được
,,,,Query:evt_100131,,buy_for_living,Query,evt_100131,,,,"cần mua nhà phố 2 phòng ngủ ở Phường Long Bình để ở, giá vừa phải"
,,,,Query:evt_103121,,rent,Query,evt_103121,,,,"cần thuê nhà phố Quận 3 full nội thất, rẻ một chút"
,,,,Query:evt_100982,,investment,Query,evt_100982,,,,tìm nhà phố Quận 7 ổn định tiềm năng tăng giá
,,,,Query:evt_103701,,investment,Query,evt_103701,,,,nhà phố Quận 2 sang trọng dòng tiền tốt
,,,,Query:evt_101180,,buy_for_living,Query,evt_101180,,,,tìm căn hộ Phường Dĩ An khu nhà giàu gần trường học
,,,,Query:evt_103269,,buy_for_living,Query,evt_103269,,,,nhà phố Quận Thủ Đức giá tốt cho vợ chồng mới cưới
,,,,Query:evt_104346,,investment,Query,evt_104346,,,,căn hộ Quận Thủ Đức khu nhà giàu cho thuê lại được
,,,,Query:evt_103065,,buy_for_living,Query,evt_103065,,,,đất nền Quận 1 giá tốt cho vợ chồng mới cưới
,,,,Query:evt_102094,,buy_for_living,Query,evt_102094,,,,tìm căn hộ Phường Long Bình giá rẻ gần trường học
,,,,Query:evt_104277,,investment,Query,evt_104277,,,,tìm căn hộ Quận Bình Thạnh giá tốt tiềm năng tăng giá
,,,,Query:evt_102378,,buy_for_living,Query,evt_102378,,,,"cần mua căn hộ 3 phòng ngủ ở Quận 2 để ở, giá vừa phải"
,,,,Query:evt_101159,,rent,Query,evt_101159,,,,thuê căn hộ Quận 4 2 phòng ngủ bình dân
,,,,Query:evt_101203,,rent,Query,evt_101203,,,,"cần thuê biệt thự Quận Thủ Đức full nội thất, giá mềm"
,,,,Query:evt_102168,,buy_for_living,Query,evt_102168,,,,"nhà ở Quận 9 thoáng mát 3pn, rẻ một chút"
,,,,Query:evt_101013,,investment,Query,evt_101013,,,,"mua căn hộ đầu tư ở Quận Bình Thạnh pháp lý rõ ràng, cao cấp"
,,,,Query:evt_102100,,rent,Query,evt_102100,,,,thuê nhà phố Phường Dĩ An 4 phòng ngủ khu nhà giàu
,,,,Query:evt_104305,,buy_for_living,Query,evt_104305,,,,"nhà ở Quận 2 thoáng mát 5pn, sang trọng"
,,,,Query:evt_101401,,investment,Query,evt_101401,,,,tìm căn hộ Quận 7 sang trọng tiềm năng tăng giá
,,,,Query:evt_104268,,buy_for_living,Query,evt_104268,,,,tìm đất nền Quận 1 giá tốt gần trường học
,,,,Query:evt_103843,,buy_for_living,Query,evt_103843,,,,căn hộ Quận 9 rẻ một chút cho gia đình
,,,,Query:evt_100510,,buy_for_living,Query,evt_100510,,,,"nhà ở Quận 3 thoáng mát 2pn, giá vừa phải"
,,,,Query:evt_103290,,investment,Query,evt_103290,,,,nhà phố Quận 9 cao cấp cho thuê lại được
,,,,Query:evt_100502,,buy_for_living,Query,evt_100502,,,,tìm nhà phố Quận Tân Bình sang trọng gần trường học
,,,,Query:evt_100981,,investment,Query,evt_100981,,,,nhà phố Quận 7 tầm trung dòng tiền tốt
,,,,Query:evt_103116,,rent,Query,evt_103116,,,,"cần thuê căn hộ Quận 9 full nội thất, giá tốt"
,,,,Query:evt_100291,,buy_for_living,Query,evt_100291,,,,căn hộ Quận 7 cao cấp cho gia đình
,,,,Query:evt_102526,,buy_for_living,Query,evt_102526,,,,căn hộ Quận 1 ổn định cho vợ chồng mới cưới
,,,,Query:evt_104110,,rent,Query,evt_104110,,,,tìm phòng nhà phố ở Quận Gò Vấp giá hợp lý
,,,,Query:evt_102016,,buy_for_living,Query,evt_102016,,,,tìm căn hộ Quận Tân Bình cao cấp gần trường học
,,,,Query:evt_101861,,buy_for_living,Query,evt_101861,,,,nhà phố Quận Thủ Đức giá vừa phải cho gia đình
,,,,Query:evt_101175,,buy_for_living,Query,evt_101175,,,,tìm căn hộ Quận Tân Bình khu nhà giàu gần trường học
,,,,Query:evt_101371,,buy_for_living,Query,evt_101371,,,,căn hộ Quận Thủ Đức ổn định cho gia đình
,,,,Query:evt_100957,,investment,Query,evt_100957,,,,tìm căn hộ Quận 1 giá tốt tiềm năng tăng giá
,,,,Query:evt_100295,,buy_for_living,Query,evt_100295,,,,nhà phố Quận Bình Thạnh tầm trung cho vợ chồng mới cưới
,,,,Query:evt_104014,,buy_for_living,Query,evt_104014,,,,"nhà ở Quận 2 thoáng mát 5pn, giá vừa phải"
,,,,Query:evt_103940,,buy_for_living,Query,evt_103940,,,,căn hộ Quận 2 bình dân cho gia đình
,,,,Query:evt_101459,,investment,Query,evt_101459,,,,căn hộ Quận 9 tầm trung cho thuê lại được
,,,,Query:evt_103112,,rent,Query,evt_103112,,,,căn hộ Quận 1 giá mềm cho thuê gần metro
,,,,Query:evt_104498,,investment,Query,evt_104498,,,,"mua căn hộ đầu tư ở Quận Gò Vấp pháp lý rõ ràng, giá mềm"
,,,,Query:evt_100562,,buy_for_living,Query,evt_100562,,,,"cần mua nhà phố 2 phòng ngủ ở Quận 7 để ở, giá vừa phải"
,,,,Query:evt_102682,,investment,Query,evt_102682,,,,tìm đất nền Quận 1 rẻ một chút tiềm năng tăng giá
,,,,Query:evt_103447,,rent,Query,evt_103447,,,,"cần thuê nhà phố Quận 4 full nội thất, giá mềm"
,,,,Query:evt_100371,,investment,Query,evt_100371,,,,căn hộ Quận 9 giá hợp lý cho thuê lại được
,,,,Query:evt_102448,,buy_for_living,Query,evt_102448,,,,"cần mua căn hộ 1 phòng ngủ ở Quận 1 để ở, tầm trung"
,,,,Query:evt_100323,,buy_for_living,Query,evt_100323,,,,"cần mua căn hộ 3 phòng ngủ ở Quận Bình Thạnh để ở, bình dân"
,,,,Query:evt_104465,,buy_for_living,Query,evt_104465,,,,tìm căn hộ Quận 3 giá hợp lý gần trường học
,,,,Query:evt_102844,,buy_for_living,Query,evt_102844,,,,tìm căn hộ Quận 7 tầm trung gần trường học
,,,,Query:evt_101656,,rent,Query,evt_101656,,,,nhà phố Quận 1 giá hợp lý cho thuê gần metro
,,,,Query:evt_101139,,buy_for_living,Query,evt_101139,,,,căn hộ Quận 4 vị trí đẹp cho vợ chồng mới cưới
,,,,Query:evt_100537,,buy_for_living,Query,evt_100537,,,,nhà phố Phường Long Bình bình dân cho vợ chồng mới cưới
,,,,Query:evt_100873,,buy_for_living,Query,evt_100873,,,,"nhà ở Quận Gò Vấp thoáng mát 3pn, ổn định"
,,,,Query:evt_102810,,buy_for_living,Query,evt_102810,,,,căn hộ Phường Dĩ An khu nhà giàu cho vợ chồng mới cưới
,,,,Query:evt_101893,,investment,Query,evt_101893,,,,nhà phố Quận 4 bình dân dòng tiền tốt
,,,,Query:evt_102071,,rent,Query,evt_102071,,,,căn hộ Quận Thủ Đức rẻ một chút cho thuê gần metro
,,,,Query:evt_102177,,buy_for_living,Query,evt_102177,,,,đất nền Quận 2 ổn định cho gia đình
,,,,Query:evt_102582,,buy_for_living,Query,evt_102582,,,,"cần mua căn hộ 1 phòng ngủ ở Quận Gò Vấp để ở, giá vừa phải"
,,,,Query:evt_100454,,buy_for_living,Query,evt_100454,,,,tìm đất nền Quận 9 giá rẻ gần trường học
,,,,Query:evt_102579,,buy_for_living,Query,evt_102579,,,,tìm căn hộ Phường Long Bình tầm trung gần trường học
,,,,Query:evt_100019,,buy_for_living,Query,evt_100019,,,,nhà phố Quận 9 vị trí đẹp cho gia đình
,,,,Query:evt_102933,,buy_for_living,Query,evt_102933,,,,"nhà ở Quận 1 thoáng mát 5pn, vị trí đẹp"
,,,,Query:evt_104065,,investment,Query,evt_104065,,,,căn hộ Phường Long Bình giá hợp lý dòng tiền tốt
,,,,Query:evt_101585,,rent,Query,evt_101585,,,,tìm phòng căn hộ ở Quận Gò Vấp giá hợp lý
,,,,Query:evt_103810,,investment,Query,evt_103810,,,,căn hộ Phường Dĩ An giá tốt dòng tiền tốt
,,,,Query:evt_103901,,buy_for_living,Query,evt_103901,,,,tìm căn hộ Quận Gò Vấp bình dân gần trường học
,,,,Query:evt_102405,,buy_for_living,Query,evt_102405,,,,"cần mua đất nền 5 phòng ngủ ở Quận 7 để ở, cao cấp"
,,,,Query:evt_102015,,buy_for_living,Query,evt_102015,,,,nhà phố Quận 9 tầm trung cho gia đình
,,,,Query:evt_103892,,buy_for_living,Query,evt_103892,,,,căn hộ Quận 1 giá tốt cho gia đình
,,,,Query:evt_103692,,buy_for_living,Query,evt_103692,,,,tìm căn hộ Phường Hiệp Bình cao cấp gần trường học
,,,,Query:evt_102830,,buy_for_living,Query,evt_102830,,,,tìm biệt thự Quận Gò Vấp cao cấp gần trường học
,,,,Query:evt_100073,,buy_for_living,Query,evt_100073,,,,"nhà ở Quận 9 thoáng mát 3pn, rẻ một chút"
,,,,Query:evt_103337,,buy_for_living,Query,evt_103337,,,,"nhà ở Phường Hiệp Bình thoáng mát 2pn, bình dân"
,,,,Query:evt_101690,,buy_for_living,Query,evt_101690,,,,"nhà ở Quận Thủ Đức thoáng mát 3pn, giá mềm"
,,,,Query:evt_100158,,investment,Query,evt_100158,,,,căn hộ Phường Long Bình giá rẻ dòng tiền tốt
,,,,Query:evt_100700,,buy_for_living,Query,evt_100700,,,,"nhà ở Quận 3 thoáng mát 3pn, tầm trung"
,,,,Query:evt_102209,,buy_for_living,Query,evt_102209,,,,nhà phố Quận 7 sang trọng cho gia đình
,,,,Query:evt_102061,,rent,Query,evt_102061,,,,thuê căn hộ Quận 1 2 phòng ngủ giá vừa phải
,,,,Query:evt_104470,,investment,Query,evt_104470,,,,căn hộ Quận 2 tầm trung cho thuê lại được
,,,,Query:evt_102187,,investment,Query,evt_102187,,,,tìm căn hộ Quận 9 khu nhà giàu tiềm năng tăng giá
,,,,Query:evt_101486,,buy_for_living,Query,evt_101486,,,,"cần mua biệt thự 4 phòng ngủ ở Phường Dĩ An để ở, giá rẻ"
,,,,Query:evt_100693,,investment,Query,evt_100693,,,,nhà phố Quận Thủ Đức ổn định dòng tiền tốt
,,,,Query:evt_100719,,buy_for_living,Query,evt_100719,,,,"nhà ở Quận 2 thoáng mát 3pn, giá rẻ"
,,,,Query:evt_101118,,investment,Query,evt_101118,,,,đất nền Quận 2 sang trọng dòng tiền tốt
,,,,Query:evt_103514,,buy_for_living,Query,evt_103514,,,,tìm căn hộ Quận 9 rẻ một chút gần trường học
,,,,Query:evt_102468,,rent,Query,evt_102468,,,,"cần thuê căn hộ Quận Thủ Đức full nội thất, rẻ một chút"
,,,,Query:evt_103571,,buy_for_living,Query,evt_103571,,,,tìm căn hộ Quận Bình Thạnh giá vừa phải gần trường học
,,,,Query:evt_102712,,buy_for_living,Query,evt_102712,,,,"nhà ở Phường Dĩ An thoáng mát 2pn, rẻ một chút"
,,,,Query:evt_102800,,buy_for_living,Query,evt_102800,,,,"cần mua căn hộ 2 phòng ngủ ở Quận 4 để ở, giá tốt"
,,,,Query:evt_103572,,buy_for_living,Query,evt_103572,,,,căn hộ Quận 9 giá mềm cho vợ chồng mới cưới
,,,,Query:evt_104306,,rent,Query,evt_104306,,,,"cần thuê nhà phố Quận 3 full nội thất, bình dân"
,,,,Query:evt_103954,,buy_for_living,Query,evt_103954,,,,căn hộ Quận Thủ Đức bình dân cho gia đình
,,,,Query:evt_102162,,buy_for_living,Query,evt_102162,,,,nhà phố Quận Thủ Đức giá mềm cho gia đình
,,,,Query:evt_100881,,buy_for_living,Query,evt_100881,,,,căn hộ Quận 2 giá rẻ cho vợ chồng mới cưới
,,,,Query:evt_104011,,buy_for_living,Query,evt_104011,,,,tìm nhà phố Quận 2 tầm trung gần trường học
,,,,Query:evt_103528,,buy_for_living,Query,evt_103528,,,,"nhà ở Quận Gò Vấp thoáng mát 4pn, cao cấp"
,,,,Query:evt_103709,,investment,Query,evt_103709,,,,nhà phố Quận 9 ổn định dòng tiền tốt
,,,,Query:evt_101226,,buy_for_living,Query,evt_101226,,,,"cần mua nhà phố 6 phòng ngủ ở Phường An Phú để ở, vị trí đẹp"
,,,,Query:evt_103237,,rent,Query,evt_103237,,,,"cần thuê căn hộ Quận 7 full nội thất, sang trọng"
,,,,Query:evt_101337,,buy_for_living,Query,evt_101337,,,,"cần mua căn hộ 4 phòng ngủ ở Quận Bình Thạnh để ở, giá tốt"
,,,,Query:evt_101000,,buy_for_living,Query,evt_101000,,,,tìm căn hộ Phường Long Bình giá tốt gần trường học
,,,,Query:evt_103597,,buy_for_living,Query,evt_103597,,,,nhà phố Quận Gò Vấp rẻ một chút cho gia đình
,,,,Query:evt_102783,,investment,Query,evt_102783,,,,đất nền Quận 3 ổn định dòng tiền tốt
,,,,Query:evt_104156,,buy_for_living,Query,evt_104156,,,,"nhà ở Quận 1 thoáng mát 3pn, tầm trung"
,,,,Query:evt_103463,,investment,Query,evt_103463,,,,căn hộ Quận 4 cao cấp dòng tiền tốt
,,,,Query:evt_101726,,investment,Query,evt_101726,,,,tìm căn hộ Quận Gò Vấp khu nhà giàu tiềm năng tăng giá
,,,,Query:evt_103110,,rent,Query,evt_103110,,,,"cần thuê nhà phố Quận 7 full nội thất, khu nhà giàu"
,,,,Query:evt_100799,,investment,Query,evt_100799,,,,tìm căn hộ Quận 7 tầm trung tiềm năng tăng giá
,,,,Query:evt_102626,,rent,Query,evt_102626,,,,"cần thuê nhà phố Quận 3 full nội thất, ổn định"
,,,,Query:evt_104368,,buy_for_living,Query,evt_104368,,,,"nhà ở Phường Dĩ An thoáng mát 3pn, ổn định"
,,,,Query:evt_101325,,buy_for_living,Query,evt_101325,,,,căn hộ Quận 9 giá mềm cho gia đình
,,,,Query:evt_104319,,rent,Query,evt_104319,,,,tìm phòng căn hộ ở Quận Thủ Đức rẻ một chút
,,,,Query:evt_100539,,buy_for_living,Query,evt_100539,,,,căn hộ Quận Thủ Đức giá rẻ cho vợ chồng mới cưới
,,,,Query:evt_103217,,buy_for_living,Query,evt_103217,,,,tìm nhà phố Quận Thủ Đức ổn định gần trường học
,,,,Query:evt_103906,,buy_for_living,Query,evt_103906,,,,nhà phố Quận 1 ổn định cho gia đình
,,,,Query:evt_103850,,investment,Query,evt_103850,,,,căn hộ Phường Long Bình giá hợp lý dòng tiền tốt
,,,,Query:evt_100214,,buy_for_living,Query,evt_100214,,,,căn hộ Quận 3 giá vừa phải cho gia đình
,,,,Query:evt_102664,,rent,Query,evt_102664,,,,căn hộ Quận 9 cao cấp cho thuê gần metro
,,,,Query:evt_100791,,investment,Query,evt_100791,,,,căn hộ Quận 3 vị trí đẹp dòng tiền tốt
,,,,Query:evt_104112,,investment,Query,evt_104112,,,,căn hộ Quận 9 sang trọng cho thuê lại được
,,,,Query:evt_102514,,buy_for_living,Query,evt_102514,,,,"cần mua căn hộ 1 phòng ngủ ở Quận Bình Thạnh để ở, giá rẻ"
,,,,Query:evt_102333,,rent,Query,evt_102333,,,,căn hộ Quận Thủ Đức bình dân cho thuê gần metro
,,,,Query:evt_102993,,buy_for_living,Query,evt_102993,,,,"cần mua căn hộ 3 phòng ngủ ở Quận Thủ Đức để ở, ổn định"
,,,,Query:evt_104144,,investment,Query,evt_104144,,,,căn hộ Quận 1 cao cấp cho thuê lại được
,,,,Query:evt_103317,,investment,Query,evt_103317,,,,nhà phố Quận Tân Bình giá hợp lý dòng tiền tốt
,,,,Query:evt_101386,,rent,Query,evt_101386,,,,"cần thuê căn hộ Quận Thủ Đức full nội thất, giá tốt"
,,,,Query:evt_101345,,buy_for_living,Query,evt_101345,,,,đất nền Quận Gò Vấp cao cấp cho vợ chồng mới cưới
,,,,Query:evt_103753,,buy_for_living,Query,evt_103753,,,,"nhà ở Quận 3 thoáng mát 2pn, giá hợp lý"
,,,,Query:evt_101114,,investment,Query,evt_101114,,,,"mua nhà phố đầu tư ở Quận 7 pháp lý rõ ràng, tầm trung"
,,,,Query:evt_103362,,investment,Query,evt_103362,,,,căn hộ Quận 2 giá vừa phải dòng tiền tốt
,,,,Query:evt_102313,,buy_for_living,Query,evt_102313,,,,"nhà ở Quận 2 thoáng mát 5pn, vị trí đẹp"
,,,,Query:evt_100373,,rent,Query,evt_100373,,,,tìm phòng nhà phố ở Quận 2 rẻ một chút
,,,,Query:evt_102801,,buy_for_living,Query,evt_102801,,,,"nhà ở Quận 9 thoáng mát 2pn, giá vừa phải"
,,,,Query:evt_103470,,investment,Query,evt_103470,,,,"mua căn hộ đầu tư ở Quận 7 pháp lý rõ ràng, giá mềm"
,,,,Query:evt_100150,,investment,Query,evt_100150,,,,tìm căn hộ Quận 9 giá vừa phải tiềm năng tăng giá
,,,,Query:evt_102926,,buy_for_living,Query,evt_102926,,,,tìm nhà phố Quận Thủ Đức giá vừa phải gần trường học
,,,,Query:evt_103938,,rent,Query,evt_103938,,,,thuê biệt thự Phường Hiệp Bình 3 phòng ngủ vị trí đẹp
,,,,Query:evt_102578,,buy_for_living,Query,evt_102578,,,,tìm căn hộ Quận 2 giá vừa phải gần trường học
,,,,Query:evt_100486,,buy_for_living,Query,evt_100486,,,,"nhà ở Quận Tân Bình thoáng mát 4pn, vị trí đẹp"
,,,,Query:evt_100934,,investment,Query,evt_100934,,,,"mua nhà phố đầu tư ở Phường Dĩ An pháp lý rõ ràng, giá tốt"
,,,,Query:evt_102392,,buy_for_living,Query,evt_102392,,,,"nhà ở Phường Dĩ An thoáng mát 3pn, giá tốt"
,,,,Query:evt_101400,,rent,Query,evt_101400,,,,"cần thuê căn hộ Quận 7 full nội thất, giá hợp lý"
,,,,Query:evt_103489,,buy_for_living,Query,evt_103489,,,,nhà phố Phường Long Bình giá hợp lý cho gia đình
,,,,Query:evt_102106,,rent,Query,evt_102106,,,,căn hộ Quận Gò Vấp sang trọng cho thuê gần metro
,,,,Query:evt_100775,,rent,Query,evt_100775,,,,nhà phố Quận 2 tầm trung cho thuê gần metro
,,,,Query:evt_103630,,buy_for_living,Query,evt_103630,,,,tìm nhà phố Quận Thủ Đức khu nhà giàu gần trường học
,,,,Query:evt_101996,,buy_for_living,Query,evt_101996,,,,biệt thự Quận 7 rẻ một chút cho gia đình
,,,,Query:evt_104317,,rent,Query,evt_104317,,,,thuê căn hộ Quận 3 4 phòng ngủ giá vừa phải
,,,,Query:evt_102633,,rent,Query,evt_102633,,,,thuê đất nền Quận Bình Thạnh 6 phòng ngủ khu nhà giàu
,,,,Query:evt_100238,,buy_for_living,Query,evt_100238,,,,"nhà ở Quận Thủ Đức thoáng mát 1pn, giá rẻ"
,,,,Query:evt_104170,,buy_for_living,Query,evt_104170,,,,tìm căn hộ Quận Thủ Đức rẻ một chút gần trường học
,,,,Query:evt_102314,,buy_for_living,Query,evt_102314,,,,"cần mua đất nền 5 phòng ngủ ở Quận 2 để ở, vị trí đẹp"
,,,,Query:evt_102218,,buy_for_living,Query,evt_102218,,,,"nhà ở Quận 9 thoáng mát 3pn, giá vừa phải"
,,,,Query:evt_102892,,buy_for_living,Query,evt_102892,,,,"cần mua căn hộ 6 phòng ngủ ở Quận Tân Bình để ở, sang trọng"
,,,,Query:evt_102722,,investment,Query,evt_102722,,,,"mua căn hộ đầu tư ở Quận 9 pháp lý rõ ràng, rẻ một chút"
,,,,Query:evt_103059,,buy_for_living,Query,evt_103059,,,,căn hộ Quận 3 sang trọng cho vợ chồng mới cưới
,,,,Query:evt_100364,,investment,Query,evt_100364,,,,căn hộ Quận Bình Thạnh ổn định dòng tiền tốt
,,,,Query:evt_102370,,investment,Query,evt_102370,,,,biệt thự Phường An Phú ổn định dòng tiền tốt
,,,,Query:evt_100181,,investment,Query,evt_100181,,,,nhà phố Quận Tân Bình cao cấp dòng tiền tốt
,,,,Query:evt_100529,,buy_for_living,Query,evt_100529,,,,"nhà ở Phường Hiệp Bình thoáng mát 2pn, giá rẻ"
,,,,Query:evt_100249,,investment,Query,evt_100249,,,,căn hộ Quận Bình Thạnh bình dân dòng tiền tốt
,,,,Query:evt_101733,,investment,Query,evt_101733,,,,căn hộ Phường Long Bình khu nhà giàu cho thuê lại được
,,,,Query:evt_100104,,investment,Query,evt_100104,,,,căn hộ Quận 9 giá rẻ dòng tiền tốt
,,,,Query:evt_100631,,rent,Query,evt_100631,,,,căn hộ Quận Bình Thạnh khu nhà giàu cho thuê gần metro
,,,,Query:evt_100065,,buy_for_living,Query,evt_100065,,,,"nhà ở Quận 2 thoáng mát 1pn, giá mềm"
,,,,Query:evt_102021,,buy_for_living,Query,evt_102021,,,,"nhà ở Quận Bình Thạnh thoáng mát 2pn, giá hợp lý"
,,,,Query:evt_101874,,buy_for_living,Query,evt_101874,,,,"nhà ở Quận Tân Bình thoáng mát 3pn, bình dân"
,,,,Query:evt_101786,,buy_for_living,Query,evt_101786,,,,nhà phố Phường Long Bình khu nhà giàu cho vợ chồng mới cưới
,,,,Query:evt_103838,,buy_for_living,Query,evt_103838,,,,"nhà ở Quận 9 thoáng mát 2pn, tầm trung"
,,,,Query:evt_103742,,rent,Query,evt_103742,,,,tìm phòng căn hộ ở Phường Long Bình giá mềm
,,,,Query:evt_104500,,investment,Query,evt_104500,,,,tìm căn hộ Quận 9 giá rẻ tiềm năng tăng giá
,,,,Query:evt_102601,,buy_for_living,Query,evt_102601,,,,nhà phố Quận 7 cao cấp cho gia đình
,,,,Query:evt_102072,,rent,Query,evt_102072,,,,nhà phố Quận 4 sang trọng cho thuê gần metro
,,,,Query:evt_104426,,investment,Query,evt_104426,,,,tìm nhà phố Quận 9 rẻ một chút tiềm năng tăng giá
,,,,Query:evt_101693,,buy_for_living,Query,evt_101693,,,,đất nền Quận 4 giá vừa phải cho gia đình
,,,,Query:evt_102985,,investment,Query,evt_102985,,,,căn hộ Phường Dĩ An giá vừa phải dòng tiền tốt
,,,,Query:evt_102310,,buy_for_living,Query,evt_102310,,,,"nhà ở Quận Bình Thạnh thoáng mát 4pn, ổn định"
,,,,Query:evt_104281,,investment,Query,evt_104281,,,,nhà phố Quận 1 giá tốt cho thuê lại được
,,,,Query:evt_102193,,investment,Query,evt_102193,,,,nhà phố Quận 2 khu nhà giàu cho thuê lại được
,,,,Query:evt_100057,,buy_for_living,Query,evt_100057,,,,tìm căn hộ Quận 3 vị trí đẹp gần trường học
,,,,Query:evt_102771,,buy_for_living,Query,evt_102771,,,,"cần mua căn hộ 1 phòng ngủ ở Quận 7 để ở, bình dân"
,,,,Query:evt_103952,,buy_for_living,Query,evt_103952,,,,"cần mua căn hộ 0 phòng ngủ ở Phường Dĩ An để ở, rẻ một chút"
,,,,Query:evt_100576,,buy_for_living,Query,evt_100576,,,,"nhà ở Quận Tân Bình thoáng mát 3pn, ổn định"
,,,,Query:evt_104165,,buy_for_living,Query,evt_104165,,,,"cần mua căn hộ 6 phòng ngủ ở Quận 7 để ở, cao cấp"
,,,,Query:evt_103216,,buy_for_living,Query,evt_103216,,,,căn hộ Quận Gò Vấp ổn định cho vợ chồng mới cưới
,,,,Query:evt_104078,,buy_for_living,Query,evt_104078,,,,"cần mua đất nền 3 phòng ngủ ở Quận 1 để ở, ổn định"
,,,,Query:evt_103250,,investment,Query,evt_103250,,,,căn hộ Quận Tân Bình cao cấp dòng tiền tốt
,,,,Query:evt_102063,,rent,Query,evt_102063,,,,nhà phố Quận Tân Bình bình dân cho thuê gần metro
,,,,Query:evt_101057,,investment,Query,evt_101057,,,,căn hộ Quận Thủ Đức giá mềm cho thuê lại được
,,,,Query:evt_101438,,buy_for_living,Query,evt_101438,,,,căn hộ Quận Tân Bình giá mềm cho gia đình
,,,,Query:evt_104195,,buy_for_living,Query,evt_104195,,,,"cần mua nhà phố 1 phòng ngủ ở Phường Dĩ An để ở, rẻ một chút"
,,,,Query:evt_100064,,buy_for_living,Query,evt_100064,,,,căn hộ Quận 9 giá mềm cho vợ chồng mới cưới
,,,,Query:evt_101476,,buy_for_living,Query,evt_101476,,,,tìm nhà phố Quận Gò Vấp tầm trung gần trường học
,,,,Query:evt_104516,,investment,Query,evt_104516,,,,căn hộ Quận Thủ Đức sang trọng dòng tiền tốt
,,,,Query:evt_102439,,buy_for_living,Query,evt_102439,,,,"nhà ở Phường Long Bình thoáng mát 5pn, khu nhà giàu"
,,,,Query:evt_101329,,buy_for_living,Query,evt_101329,,,,nhà phố Quận 1 giá mềm cho gia đình
,,,,Query:evt_104272,,buy_for_living,Query,evt_104272,,,,"cần mua đất nền 4 phòng ngủ ở Quận 1 để ở, sang trọng"
,,,,Query:evt_101982,,investment,Query,evt_101982,,,,tìm căn hộ Quận 3 cao cấp tiềm năng tăng giá
,,,,Query:evt_100284,,rent,Query,evt_100284,,,,tìm phòng căn hộ ở Phường An Phú giá hợp lý
,,,,Query:evt_103008,,buy_for_living,Query,evt_103008,,,,tìm căn hộ Quận 9 tầm trung gần trường học
,,,,Query:evt_102169,,buy_for_living,Query,evt_102169,,,,"nhà ở Phường Hiệp Bình thoáng mát 2pn, giá vừa phải"
,,,,Query:evt_103559,,investment,Query,evt_103559,,,,nhà phố Quận 4 ổn định dòng tiền tốt
,,,,Query:evt_101185,,buy_for_living,Query,evt_101185,,,,tìm căn hộ Phường Dĩ An ổn định gần trường học
,,,,Query:evt_101806,,investment,Query,evt_101806,,,,tìm căn hộ Quận 7 giá hợp lý tiềm năng tăng giá
,,,,Query:evt_100876,,buy_for_living,Query,evt_100876,,,,"nhà ở Quận Thủ Đức thoáng mát 2pn, tầm trung"
,,,,Query:evt_103996,,buy_for_living,Query,evt_103996,,,,"nhà ở Quận Thủ Đức thoáng mát 1pn, giá tốt"
,,,,Query:evt_100977,,investment,Query,evt_100977,,,,đất nền Quận Tân Bình tầm trung dòng tiền tốt
,,,,Query:evt_100092,,buy_for_living,Query,evt_100092,,,,"cần mua căn hộ 3 phòng ngủ ở Quận 9 để ở, giá mềm"
,,,,Query:evt_102832,,buy_for_living,Query,evt_102832,,,,biệt thự Quận Bình Thạnh giá mềm cho gia đình
,,,,Query:evt_100764,,rent,Query,evt_100764,,,,"cần thuê căn hộ Quận 1 full nội thất, cao cấp"
,,,,Query:evt_103122,,rent,Query,evt_103122,,,,tìm phòng căn hộ ở Quận 9 rẻ một chút
,,,,Query:evt_101450,,investment,Query,evt_101450,,,,"mua nhà phố đầu tư ở Quận 1 pháp lý rõ ràng, tầm trung"
,,,,Query:evt_103942,,buy_for_living,Query,evt_103942,,,,biệt thự Quận 2 ổn định cho vợ chồng mới cưới
,,,,Query:evt_102846,,buy_for_living,Query,evt_102846,,,,tìm đất nền Quận 3 giá mềm gần trường học
,,,,Query:evt_101949,,buy_for_living,Query,evt_101949,,,,"nhà ở Quận 1 thoáng mát 4pn, sang trọng"
,,,,Query:evt_100169,,investment,Query,evt_100169,,,,căn hộ Quận Gò Vấp ổn định dòng tiền tốt
,,,,Query:evt_103227,,buy_for_living,Query,evt_103227,,,,tìm căn hộ Quận Thủ Đức tầm trung gần trường học
,,,,Query:evt_100622,,rent,Query,evt_100622,,,,tìm phòng nhà phố ở Quận Tân Bình giá vừa phải
,,,,Query:evt_101328,,buy_for_living,Query,evt_101328,,,,"nhà ở Quận 7 thoáng mát 4pn, sang trọng"
,,,,Query:evt_103397,,investment,Query,evt_103397,,,,căn hộ Quận Tân Bình rẻ một chút dòng tiền tốt
,,,,Query:evt_101311,,buy_for_living,Query,evt_101311,,,,biệt thự Quận Gò Vấp vị trí đẹp cho gia đình
,,,,Query:evt_100426,,buy_for_living,Query,evt_100426,,,,"nhà ở Phường Dĩ An thoáng mát 6pn, sang trọng"
,,,,Query:evt_102717,,investment,Query,evt_102717,,,,nhà phố Quận Tân Bình giá tốt dòng tiền tốt
,,,,Query:evt_100267,,rent,Query,evt_100267,,,,thuê nhà phố Quận 9 6 phòng ngủ khu nhà giàu
,,,,Query:evt_100060,,buy_for_living,Query,evt_100060,,,,tìm căn hộ Quận Thủ Đức ổn định gần trường học
,,,,Query:evt_102417,,buy_for_living,Query,evt_102417,,,,"cần mua nhà phố 2 phòng ngủ ở Quận Gò Vấp để ở, ổn định"
,,,,Query:evt_102786,,investment,Query,evt_102786,,,,đất nền Quận 9 bình dân dòng tiền tốt
,,,,Query:evt_103997,,buy_for_living,Query,evt_103997,,,,"nhà ở Quận 1 thoáng mát 2pn, ổn định"
,,,,Query:evt_104337,,investment,Query,evt_104337,,,,đất nền Quận 4 sang trọng cho thuê lại được
,,,,Query:evt_103186,,investment,Query,evt_103186,,,,căn hộ Quận 9 cao cấp cho thuê lại được
,,,,Query:evt_103657,,investment,Query,evt_103657,,,,nhà phố Phường Long Bình ổn định dòng tiền tốt
,,,,Query:evt_101753,,buy_for_living,Query,evt_101753,,,,căn hộ Quận 3 khu nhà giàu cho vợ chồng mới cưới
,,,,Query:evt_100808,,investment,Query,evt_100808,,,,nhà phố Quận 7 giá hợp lý dòng tiền tốt
,,,,Query:evt_103933,,rent,Query,evt_103933,,,,nhà phố Quận 1 giá rẻ cho thuê gần metro
,,,,Query:evt_102828,,buy_for_living,Query,evt_102828,,,,"cần mua căn hộ 6 phòng ngủ ở Quận 7 để ở, vị trí đẹp"
,,,,Query:evt_103077,,rent,Query,evt_103077,,,,căn hộ Quận 1 ổn định cho thuê gần metro
,,,,Query:evt_103740,,rent,Query,evt_103740,,,,nhà phố Quận 7 bình dân cho thuê gần metro
,,,,Query:evt_100432,,buy_for_living,Query,evt_100432,,,,tìm căn hộ Quận Tân Bình sang trọng gần trường học
,,,,Query:evt_101075,,buy_for_living,Query,evt_101075,,,,căn hộ Quận 2 giá hợp lý cho gia đình
,,,,Query:evt_103436,,investment,Query,evt_103436,,,,tìm nhà phố Phường Long Bình khu nhà giàu tiềm năng tăng giá
,,,,Query:evt_100420,,buy_for_living,Query,evt_100420,,,,nhà phố Quận 9 cao cấp cho gia đình
,,,,Query:evt_103916,,buy_for_living,Query,evt_103916,,,,"cần mua căn hộ 4 phòng ngủ ở Quận 3 để ở, khu nhà giàu"
,,,,Query:evt_101241,,investment,Query,evt_101241,,,,tìm căn hộ Quận 2 giá rẻ tiềm năng tăng giá
,,,,Query:evt_101100,,investment,Query,evt_101100,,,,căn hộ Quận Bình Thạnh sang trọng dòng tiền tốt
,,,,Query:evt_104325,,rent,Query,evt_104325,,,,"cần thuê căn hộ Quận 3 full nội thất, giá tốt"
,,,,Query:evt_102549,,investment,Query,evt_102549,,,,căn hộ Quận 9 giá vừa phải cho thuê lại được
,,,,Query:evt_102266,,buy_for_living,Query,evt_102266,,,,căn hộ Quận 2 giá rẻ cho gia đình
,,,,Query:evt_103340,,buy_for_living,Query,evt_103340,,,,"nhà ở Quận Thủ Đức thoáng mát 2pn, giá tốt"
,,,,Query:evt_102593,,buy_for_living,Query,evt_102593,,,,biệt thự Quận 1 giá vừa phải cho gia đình
,,,,Query:evt_103338,,buy_for_living,Query,evt_103338,,,,"cần mua căn hộ 4 phòng ngủ ở Quận Thủ Đức để ở, khu nhà giàu"
,,,,Query:evt_103297,,investment,Query,evt_103297,,,,"mua nhà phố đầu tư ở Quận Bình Thạnh pháp lý rõ ràng, bình dân"
,,,,Query:evt_103544,,buy_for_living,Query,evt_103544,,,,tìm căn hộ Phường Dĩ An rẻ một chút gần trường học
,,,,Query:evt_101365,,buy_for_living,Query,evt_101365,,,,căn hộ Quận Bình Thạnh cao cấp cho vợ chồng mới cưới
,,,,Query:evt_102572,,investment,Query,evt_102572,,,,tìm căn hộ Phường Dĩ An giá hợp lý tiềm năng tăng giá
,,,,Query:evt_104155,,buy_for_living,Query,evt_104155,,,,"nhà ở Quận 3 thoáng mát 1pn, tầm trung"
,,,,Query:evt_102587,,buy_for_living,Query,evt_102587,,,,"nhà ở Quận 1 thoáng mát 2pn, giá tốt"
,,,,Query:evt_100590,,buy_for_living,Query,evt_100590,,,,"cần mua nhà phố 2 phòng ngủ ở Quận 9 để ở, bình dân"
,,,,Query:evt_102091,,buy_for_living,Query,evt_102091,,,,"nhà ở Quận Thủ Đức thoáng mát 5pn, vị trí đẹp"
,,,,Query:evt_100294,,buy_for_living,Query,evt_100294,,,,"cần mua nhà phố 3 phòng ngủ ở Quận 9 để ở, ổn định"
,,,,Query:evt_104241,,investment,Query,evt_104241,,,,biệt thự Quận Bình Thạnh tầm trung dòng tiền tốt
,,,,Query:evt_104266,,buy_for_living,Query,evt_104266,,,,căn hộ Quận Tân Bình giá vừa phải cho vợ chồng mới cưới
,,,,Query:evt_101003,,investment,Query,evt_101003,,,,căn hộ Quận Bình Thạnh vị trí đẹp cho thuê lại được
,,,,Query:evt_104162,,buy_for_living,Query,evt_104162,,,,căn hộ Quận 7 giá rẻ cho vợ chồng mới cưới
,,,,Query:evt_100216,,buy_for_living,Query,evt_100216,,,,tìm căn hộ Phường Long Bình giá hợp lý gần trường học
,,,,Query:evt_100251,,investment,Query,evt_100251,,,,căn hộ Quận 1 ổn định dòng tiền tốt
,,,,Query:evt_103098,,investment,Query,evt_103098,,,,"mua căn hộ đầu tư ở Quận 9 pháp lý rõ ràng, giá mềm"
,,,,Query:evt_103871,,investment,Query,evt_103871,,,,"mua căn hộ đầu tư ở Quận 7 pháp lý rõ ràng, giá mềm"
,,,,Query:evt_103420,,rent,Query,evt_103420,,,,căn hộ Quận Thủ Đức giá mềm cho thuê gần metro
,,,,Query:evt_102426,,investment,Query,evt_102426,,,,căn hộ Quận 1 giá vừa phải cho thuê lại được
,,,,Query:evt_100951,,investment,Query,evt_100951,,,,căn hộ Quận Tân Bình tầm trung cho thuê lại được
,,,,Query:evt_100002,,buy_for_living,Query,evt_100002,,,,"nhà ở Quận Thủ Đức thoáng mát 3pn, sang trọng"
,,,,Query:evt_103808,,investment,Query,evt_103808,,,,tìm nhà phố Quận 9 khu nhà giàu tiềm năng tăng giá
,,,,Query:evt_101283,,investment,Query,evt_101283,,,,tìm nhà phố Quận Gò Vấp sang trọng tiềm năng tăng giá
,,,,Query:evt_104089,,buy_for_living,Query,evt_104089,,,,biệt thự Quận Bình Thạnh bình dân cho vợ chồng mới cưới
,,,,Query:evt_102604,,buy_for_living,Query,evt_102604,,,,tìm nhà phố Quận 7 sang trọng gần trường học
,,,,Query:evt_100262,,rent,Query,evt_100262,,,,"cần thuê nhà phố Phường Long Bình full nội thất, ổn định"
,,,,Query:evt_100288,,buy_for_living,Query,evt_100288,,,,"cần mua nhà phố 2 phòng ngủ ở Quận Bình Thạnh để ở, giá tốt"
,,,,Query:evt_101070,,buy_for_living,Query,evt_101070,,,,tìm căn hộ Quận Thủ Đức tầm trung gần trường học
,,,,Query:evt_103950,,buy_for_living,Query,evt_103950,,,,"cần mua đất nền 6 phòng ngủ ở Quận 7 để ở, khu nhà giàu"
,,,,Query:evt_100108,,investment,Query,evt_100108,,,,tìm căn hộ Phường An Phú giá tốt tiềm năng tăng giá
,,,,Query:evt_101651,,rent,Query,evt_101651,,,,thuê nhà phố Phường Dĩ An 2 phòng ngủ tầm trung
,,,,Query:evt_102223,,buy_for_living,Query,evt_102223,,,,tìm đất nền Phường Long Bình giá vừa phải gần trường học
,,,,Query:evt_103775,,investment,Query,evt_103775,,,,"mua căn hộ đầu tư ở Quận 1 pháp lý rõ ràng, khu nhà giàu"
,,,,Query:evt_102902,,buy_for_living,Query,evt_102902,,,,"cần mua căn hộ 4 phòng ngủ ở Phường Long Bình để ở, vị trí đẹp"
,,,,Query:evt_104105,,rent,Query,evt_104105,,,,tìm phòng nhà phố ở Quận Bình Thạnh giá hợp lý
,,,,Query:evt_104086,,buy_for_living,Query,evt_104086,,,,"nhà ở Quận 7 thoáng mát 3pn, sang trọng"
,,,,Query:evt_102233,,buy_for_living,Query,evt_102233,,,,căn hộ Quận Thủ Đức giá mềm cho gia đình
,,,,Query:evt_102924,,buy_for_living,Query,evt_102924,,,,"nhà ở Quận 7 thoáng mát 6pn, khu nhà giàu"
,,,,Query:evt_101333,,buy_for_living,Query,evt_101333,,,,căn hộ Quận Bình Thạnh cao cấp cho gia đình
,,,,Query:evt_103403,,investment,Query,evt_103403,,,,căn hộ Quận 2 ổn định dòng tiền tốt
,,,,Query:evt_102148,,buy_for_living,Query,evt_102148,,,,tìm nhà phố Quận 7 ổn định gần trường học
,,,,Query:evt_103105,,investment,Query,evt_103105,,,,"mua căn hộ đầu tư ở Quận Gò Vấp pháp lý rõ ràng, sang trọng"
,,,,Query:evt_100448,,buy_for_living,Query,evt_100448,,,,"nhà ở Quận Thủ Đức thoáng mát 3pn, bình dân"
,,,,Query:evt_100255,,investment,Query,evt_100255,,,,căn hộ Quận 1 rẻ một chút dòng tiền tốt
,,,,Query:evt_100164,,investment,Query,evt_100164,,,,căn hộ Phường Hiệp Bình khu nhà giàu dòng tiền tốt
,,,,Query:evt_103936,,rent,Query,evt_103936,,,,căn hộ Quận Thủ Đức vị trí đẹp cho thuê gần metro
,,,,Query:evt_102651,,buy_for_living,Query,evt_102651,,,,"nhà ở Quận 1 thoáng mát 3pn, giá hợp lý"
,,,,Query:evt_100913,,buy_for_living,Query,evt_100913,,,,"cần mua căn hộ 4 phòng ngủ ở Quận Thủ Đức để ở, vị trí đẹp"
,,,,Query:evt_101301,,buy_for_living,Query,evt_101301,,,,"cần mua nhà phố 3 phòng ngủ ở Quận Gò Vấp để ở, ổn định"
,,,,Query:evt_103029,,buy_for_living,Query,evt_103029,,,,tìm căn hộ Phường Dĩ An giá vừa phải gần trường học
,,,,Query:evt_103115,,rent,Query,evt_103115,,,,thuê nhà phố Quận 9 2 phòng ngủ tầm trung
,,,,Query:evt_100177,,investment,Query,evt_100177,,,,tìm căn hộ Quận Thủ Đức giá rẻ tiềm năng tăng giá
,,,,Query:evt_101214,,buy_for_living,Query,evt_101214,,,,tìm nhà phố Quận 1 tầm trung gần trường học
,,,,Query:evt_101262,,buy_for_living,Query,evt_101262,,,,"cần mua căn hộ 1 phòng ngủ ở Quận 9 để ở, giá hợp lý"
,,,,Query:evt_102693,,investment,Query,evt_102693,,,,biệt thự Quận Gò Vấp ổn định dòng tiền tốt
,,,,Query:evt_103139,,buy_for_living,Query,evt_103139,,,,"cần mua căn hộ 1 phòng ngủ ở Quận Gò Vấp để ở, giá tốt"
,,,,Query:evt_103061,,buy_for_living,Query,evt_103061,,,,biệt thự Quận 4 giá mềm cho vợ chồng mới cưới
,,,,Query:evt_100227,,buy_for_living,Query,evt_100227,,,,"cần mua căn hộ 2 phòng ngủ ở Quận 1 để ở, ổn định"
,,,,Query:evt_104403,,investment,Query,evt_104403,,,,"mua nhà phố đầu tư ở Quận 9 pháp lý rõ ràng, giá mềm"
,,,,Query:evt_103211,,buy_for_living,Query,evt_103211,,,,nhà phố Phường Long Bình ổn định cho vợ chồng mới cưới
,,,,Query:evt_100784,,investment,Query,evt_100784,,,,tìm căn hộ Quận 1 khu nhà giàu tiềm năng tăng giá
,,,,Query:evt_103274,,investment,Query,evt_103274,,,,tìm căn hộ Phường Dĩ An khu nhà giàu tiềm năng tăng giá
,,,,Query:evt_100666,,investment,Query,evt_100666,,,,tìm đất nền Phường Long Bình giá mềm tiềm năng tăng giá
,,,,Query:evt_103986,,buy_for_living,Query,evt_103986,,,,tìm căn hộ Quận 4 khu nhà giàu gần trường học
,,,,Query:evt_103784,,investment,Query,evt_103784,,,,tìm căn hộ Quận 7 giá hợp lý tiềm năng tăng giá
,,,,Query:evt_101823,,buy_for_living,Query,evt_101823,,,,"nhà ở Phường Long Bình thoáng mát 3pn, giá vừa phải"
,,,,Query:evt_100888,,rent,Query,evt_100888,,,,"cần thuê nhà phố Quận Thủ Đức full nội thất, giá vừa phải"
,,,,Query:evt_102297,,investment,Query,evt_102297,,,,biệt thự Phường Dĩ An giá vừa phải cho thuê lại được
,,,,Query:evt_103616,,buy_for_living,Query,evt_103616,,,,"cần mua nhà phố 4 phòng ngủ ở Quận 2 để ở, khu nhà giàu"
,,,,Query:evt_101472,,buy_for_living,Query,evt_101472,,,,tìm căn hộ Quận Tân Bình khu nhà giàu gần trường học
,,,,Query:evt_103323,,buy_for_living,Query,evt_103323,,,,"nhà ở Quận 7 thoáng mát 1pn, giá vừa phải"
,,,,Query:evt_101795,,investment,Query,evt_101795,,,,tìm nhà phố Phường Long Bình giá hợp lý tiềm năng tăng giá
,,,,Query:evt_101729,,investment,Query,evt_101729,,,,"mua căn hộ đầu tư ở Phường Long Bình pháp lý rõ ràng, vị trí đẹp"
,,,,Query:evt_104210,,investment,Query,evt_104210,,,,đất nền Phường Dĩ An giá tốt cho thuê lại được
,,,,Query:evt_101017,,investment,Query,evt_101017,,,,tìm biệt thự Quận Thủ Đức ổn định tiềm năng tăng giá
,,,,Query:evt_100752,,buy_for_living,Query,evt_100752,,,,căn hộ Phường Long Bình ổn định cho vợ chồng mới cưới
,,,,Query:evt_103806,,investment,Query,evt_103806,,,,"mua căn hộ đầu tư ở Quận 3 pháp lý rõ ràng, cao cấp"
,,,,Query:evt_103583,,buy_for_living,Query,evt_103583,,,,căn hộ Quận 3 giá hợp lý cho vợ chồng mới cưới
,,,,Query:evt_101030,,buy_for_living,Query,evt_101030,,,,tìm nhà phố Quận Thủ Đức giá vừa phải gần trường học
,,,,Query:evt_104163,,buy_for_living,Query,evt_104163,,,,"cần mua căn hộ 4 phòng ngủ ở Quận 9 để ở, giá hợp lý"
,,,,Query:evt_104427,,investment,Query,evt_104427,,,,nhà phố Quận 4 vị trí đẹp dòng tiền tốt
,,,,Query:evt_101052,,investment,Query,evt_101052,,,,căn hộ Phường Long Bình cao cấp cho thuê lại được
,,,,Query:evt_101904,,rent,Query,evt_101904,,,,tìm phòng căn hộ ở Phường Long Bình bình dân
,,,,Query:evt_100340,,investment,Query,evt_100340,,,,"mua nhà phố đầu tư ở Quận Thủ Đức pháp lý rõ ràng, ổn định"
,,,,Query:evt_101393,,rent,Query,evt_101393,,,,căn hộ Quận Thủ Đức rẻ một chút cho thuê gần metro
,,,,Query:evt_103494,,buy_for_living,Query,evt_103494,,,,căn hộ Quận 9 cao cấp cho gia đình
,,,,Query:evt_104405,,investment,Query,evt_104405,,,,tìm căn hộ Quận 7 giá vừa phải tiềm năng tăng giá
,,,,Query:evt_101192,,buy_for_living,Query,evt_101192,,,,tìm căn hộ Quận Bình Thạnh tầm trung gần trường học
,,,,Query:evt_104264,,buy_for_living,Query,evt_104264,,,,"cần mua đất nền 3 phòng ngủ ở Quận 2 để ở, rẻ một chút"
,,,,Query:evt_102394,,buy_for_living,Query,evt_102394,,,,"nhà ở Quận Gò Vấp thoáng mát 2pn, giá hợp lý"
,,,,Query:evt_103839,,buy_for_living,Query,evt_103839,,,,"cần mua căn hộ 2 phòng ngủ ở Phường Dĩ An để ở, giá rẻ"
,,,,Query:evt_100829,,investment,Query,evt_100829,,,,tìm căn hộ Quận 9 cao cấp tiềm năng tăng giá
,,,,Query:evt_102797,,buy_for_living,Query,evt_102797,,,,căn hộ Quận 9 cao cấp cho gia đình
,,,,Query:evt_102562,,investment,Query,evt_102562,,,,"mua căn hộ đầu tư ở Quận 3 pháp lý rõ ràng, tầm trung"
,,,,Query:evt_103265,,buy_for_living,Query,evt_103265,,,,tìm căn hộ Quận Thủ Đức giá rẻ gần trường học
,,,,Query:evt_100733,,investment,Query,evt_100733,,,,căn hộ Quận 3 rẻ một chút dòng tiền tốt
,,,,Query:evt_101820,,buy_for_living,Query,evt_101820,,,,căn hộ Quận 7 vị trí đẹp cho gia đình
,,,,Query:evt_102150,,buy_for_living,Query,evt_102150,,,,tìm đất nền Quận Bình Thạnh rẻ một chút gần trường học
,,,,Query:evt_102300,,buy_for_living,Query,evt_102300,,,,căn hộ Quận Bình Thạnh ổn định cho vợ chồng mới cưới
,,,,Query:evt_103377,,rent,Query,evt_103377,,,,thuê nhà phố Quận Thủ Đức 2 phòng ngủ bình dân
,,,,Query:evt_101940,,buy_for_living,Query,evt_101940,,,,"nhà ở Quận Bình Thạnh thoáng mát 0pn, giá rẻ"
,,,,Query:evt_103549,,buy_for_living,Query,evt_103549,,,,đất nền Quận Thủ Đức ổn định cho gia đình
,,,,Query:evt_101196,,rent,Query,evt_101196,,,,thuê căn hộ Quận 7 3 phòng ngủ giá rẻ
,,,,Query:evt_103605,,buy_for_living,Query,evt_103605,,,,tìm đất nền Quận 1 giá tốt gần trường học
,,,,Query:evt_102361,,investment,Query,evt_102361,,,,căn hộ Quận Bình Thạnh giá mềm cho thuê lại được
,,,,Query:evt_101825,,buy_for_living,Query,evt_101825,,,,"cần mua biệt thự 2 phòng ngủ ở Quận 2 để ở, bình dân"
,,,,Query:evt_102659,,buy_for_living,Query,evt_102659,,,,"nhà ở Phường Dĩ An thoáng mát 3pn, tầm trung"
,,,,Query:evt_103461,,investment,Query,evt_103461,,,,"mua đất nền đầu tư ở Quận 2 pháp lý rõ ràng, sang trọng"
,,,,Query:evt_103610,,buy_for_living,Query,evt_103610,,,,căn hộ Quận Gò Vấp giá hợp lý cho vợ chồng mới cưới
,,,,Query:evt_100859,,buy_for_living,Query,evt_100859,,,,nhà phố Quận 7 giá hợp lý cho vợ chồng mới cưới
,,,,Query:evt_104083,,buy_for_living,Query,evt_104083,,,,"cần mua căn hộ 4 phòng ngủ ở Quận Thủ Đức để ở, ổn định"
,,,,Query:evt_104109,,rent,Query,evt_104109,,,,thuê nhà phố Quận 7 3 phòng ngủ rẻ một chút
,,,,Query:evt_102082,,rent,Query,evt_102082,,,,tìm phòng biệt thự ở Quận Gò Vấp sang trọng
,,,,Query:evt_103475,,investment,Query,evt_103475,,,,căn hộ Quận 7 bình dân cho thuê lại được
,,,,Query:evt_103899,,buy_for_living,Query,evt_103899,,,,căn hộ Quận 9 cao cấp cho vợ chồng mới cưới
,,,,Query:evt_101511,,buy_for_living,Query,evt_101511,,,,"cần mua nhà phố 6 phòng ngủ ở Phường Hiệp Bình để ở, cao cấp"
,,,,Query:evt_104432,,investment,Query,evt_104432,,,,căn hộ Quận 2 ổn định dòng tiền tốt
,,,,Query:evt_101396,,rent,Query,evt_101396,,,,tìm phòng nhà phố ở Quận Thủ Đức giá vừa phải
,,,,Query:evt_100178,,investment,Query,evt_100178,,,,tìm căn hộ Quận Thủ Đức giá vừa phải tiềm năng tăng giá
,,,,Query:evt_102118,,investment,Query,evt_102118,,,,tìm căn hộ Quận 3 giá rẻ tiềm năng tăng giá
,,,,Query:evt_102404,,buy_for_living,Query,evt_102404,,,,căn hộ Quận 2 khu nhà giàu cho vợ chồng mới cưới
,,,,Query:evt_103591,,buy_for_living,Query,evt_103591,,,,tìm căn hộ Quận 9 tầm trung gần trường học
,,,,Query:evt_104410,,investment,Query,evt_104410,,,,tìm căn hộ Quận 2 rẻ một chút tiềm năng tăng giá
,,,,Query:evt_101134,,buy_for_living,Query,evt_101134,,,,căn hộ Phường Dĩ An giá rẻ cho vợ chồng mới cưới
,,,,Query:evt_100297,,buy_for_living,Query,evt_100297,,,,căn hộ Quận 9 rẻ một chút cho vợ chồng mới cưới
,,,,Query:evt_103706,,investment,Query,evt_103706,,,,tìm căn hộ Quận Thủ Đức giá vừa phải tiềm năng tăng giá
,,,,Query:evt_104442,,investment,Query,evt_104442,,,,tìm căn hộ Quận Gò Vấp tầm trung tiềm năng tăng giá
,,,,Query:evt_100157,,investment,Query,evt_100157,,,,tìm biệt thự Quận 7 giá mềm tiềm năng tăng giá
,,,,Query:evt_100566,,buy_for_living,Query,evt_100566,,,,"nhà ở Phường Long Bình thoáng mát 3pn, giá hợp lý"
,,,,Query:evt_100820,,buy_for_living,Query,evt_100820,,,,căn hộ Quận Thủ Đức vị trí đẹp cho gia đình
,,,,Query:evt_101817,,buy_for_living,Query,evt_101817,,,,tìm căn hộ Quận Gò Vấp bình dân gần trường học
,,,,Query:evt_104047,,rent,Query,evt_104047,,,,căn hộ Phường Long Bình bình dân cho thuê gần metro
,,,,Query:evt_101140,,buy_for_living,Query,evt_101140,,,,"cần mua căn hộ 0 phòng ngủ ở Quận 1 để ở, bình dân"
,,,,Query:evt_104218,,investment,Query,evt_104218,,,,nhà phố Quận Bình Thạnh rẻ một chút dòng tiền tốt
,,,,Query:evt_101811,,buy_for_living,Query,evt_101811,,,,nhà phố Quận 1 rẻ một chút cho gia đình
,,,,Query:evt_102823,,investment,Query,evt_102823,,,,"mua căn hộ đầu tư ở Quận 2 pháp lý rõ ràng, bình dân"
,,,,Query:evt_102877,,buy_for_living,Query,evt_102877,,,,"cần mua nhà phố 2 phòng ngủ ở Quận Thủ Đức để ở, giá hợp lý"
,,,,Query:evt_101056,,investment,Query,evt_101056,,,,biệt thự Quận 9 bình dân cho thuê lại được
,,,,Query:evt_101916,,buy_for_living,Query,evt_101916,,,,"cần mua căn hộ 2 phòng ngủ ở Quận 7 để ở, ổn định"
,,,,Query:evt_103776,,investment,Query,evt_103776,,,,nhà phố Quận 2 giá hợp lý dòng tiền tốt
,,,,Query:evt_103260,,buy_for_living,Query,evt_103260,,,,tìm đất nền Quận Bình Thạnh khu nhà giàu gần trường học
,,,,Query:evt_103326,,buy_for_living,Query,evt_103326,,,,"cần mua nhà phố 4 phòng ngủ ở Quận 1 để ở, cao cấp"
,,,,Query:evt_102496,,buy_for_living,Query,evt_102496,,,,căn hộ Quận 7 sang trọng cho vợ chồng mới cưới
,,,,Query:evt_104251,,investment,Query,evt_104251,,,,"mua căn hộ đầu tư ở Quận 9 pháp lý rõ ràng, giá vừa phải"
,,,,Query:evt_103749,,buy_for_living,Query,evt_103749,,,,căn hộ Quận Gò Vấp giá hợp lý cho vợ chồng mới cưới
,,,,Query:evt_103695,,buy_for_living,Query,evt_103695,,,,nhà phố Quận Bình Thạnh cao cấp cho vợ chồng mới cưới
,,,,Query:evt_101877,,buy_for_living,Query,evt_101877,,,,"nhà ở Quận Thủ Đức thoáng mát 2pn, giá rẻ"
,,,,Query:evt_100905,,buy_for_living,Query,evt_100905,,,,nhà phố Quận 4 giá vừa phải cho gia đình
,,,,Query:evt_100210,,buy_for_living,Query,evt_100210,,,,"cần mua biệt thự 2 phòng ngủ ở Quận Bình Thạnh để ở, giá hợp lý"
,,,,Query:evt_104007,,buy_for_living,Query,evt_104007,,,,căn hộ Quận 7 sang trọng cho vợ chồng mới cưới
,,,,Query:evt_103023,,buy_for_living,Query,evt_103023,,,,"cần mua nhà phố 2 phòng ngủ ở Quận 9 để ở, ổn định"
,,,,Query:evt_102144,,buy_for_living,Query,evt_102144,,,,tìm căn hộ Phường An Phú giá tốt gần trường học
,,,,Query:evt_102312,,buy_for_living,Query,evt_102312,,,,căn hộ Quận 2 giá rẻ cho vợ chồng mới cưới
,,,,Query:evt_103109,,rent,Query,evt_103109,,,,thuê nhà phố Quận 1 2 phòng ngủ giá mềm
,,,,Query:evt_103278,,investment,Query,evt_103278,,,,tìm nhà phố Quận 2 sang trọng tiềm năng tăng giá
,,,,Query:evt_100310,,buy_for_living,Query,evt_100310,,,,"cần mua đất nền 4 phòng ngủ ở Quận 2 để ở, sang trọng"
,,,,Query:evt_103233,,rent,Query,evt_103233,,,,tìm phòng nhà phố ở Quận Thủ Đức giá tốt
,,,,Query:evt_104058,,buy_for_living,Query,evt_104058,,,,căn hộ Quận Gò Vấp vị trí đẹp cho vợ chồng mới cưới
,,,,Query:evt_103631,,buy_for_living,Query,evt_103631,,,,"nhà ở Phường Long Bình thoáng mát 2pn, rẻ một chút"
,,,,Query:evt_102834,,buy_for_living,Query,evt_102834,,,,"cần mua căn hộ 5 phòng ngủ ở Quận Tân Bình để ở, vị trí đẹp"
,,,,Query:evt_102509,,buy_for_living,Query,evt_102509,,,,biệt thự Quận Bình Thạnh giá hợp lý cho gia đình
,,,,Query:evt_102512,,buy_for_living,Query,evt_102512,,,,đất nền Quận Bình Thạnh sang trọng cho vợ chồng mới cưới
,,,,Query:evt_101746,,buy_for_living,Query,evt_101746,,,,"nhà ở Quận Thủ Đức thoáng mát 1pn, tầm trung"
,,,,Query:evt_102036,,investment,Query,evt_102036,,,,"mua căn hộ đầu tư ở Quận Thủ Đức pháp lý rõ ràng, bình dân"
,,,,Query:evt_103183,,investment,Query,evt_103183,,,,tìm căn hộ Quận Tân Bình giá vừa phải tiềm năng tăng giá
,,,,Query:evt_100747,,buy_for_living,Query,evt_100747,,,,"nhà ở Quận 1 thoáng mát 1pn, tầm trung"
,,,,Query:evt_102019,,buy_for_living,Query,evt_102019,,,,nhà phố Phường Hiệp Bình cao cấp cho gia đình
,,,,Query:evt_102886,,buy_for_living,Query,evt_102886,,,,"nhà ở Quận 1 thoáng mát 1pn, giá mềm"
,,,,Query:evt_100361,,investment,Query,evt_100361,,,,đất nền Quận 2 giá tốt dòng tiền tốt
,,,,Query:evt_101706,,buy_for_living,Query,evt_101706,,,,tìm căn hộ Quận 9 bình dân gần trường học
,,,,Query:evt_103068,,buy_for_living,Query,evt_103068,,,,"nhà ở Quận Bình Thạnh thoáng mát 1pn, rẻ một chút"
,,,,Query:evt_102511,,buy_for_living,Query,evt_102511,,,,"cần mua nhà phố 1 phòng ngủ ở Quận 7 để ở, giá mềm"
,,,,Query:evt_102591,,buy_for_living,Query,evt_102591,,,,"nhà ở Quận Gò Vấp thoáng mát 3pn, rẻ một chút"
,,,,Query:evt_101368,,buy_for_living,Query,evt_101368,,,,căn hộ Quận Thủ Đức vị trí đẹp cho gia đình
,,,,Query:evt_101988,,buy_for_living,Query,evt_101988,,,,"nhà ở Phường Long Bình thoáng mát 1pn, giá rẻ"
,,,,Query:evt_102412,,buy_for_living,Query,evt_102412,,,,căn hộ Phường Long Bình bình dân cho gia đình
,,,,Query:evt_103454,,rent,Query,evt_103454,,,,"cần thuê căn hộ Quận Thủ Đức full nội thất, ổn định"
,,,,Query:evt_101564,,buy_for_living,Query,evt_101564,,,,"cần mua đất nền 4 phòng ngủ ở Quận 9 để ở, tầm trung"
,,,,Query:evt_102811,,buy_for_living,Query,evt_102811,,,,nhà phố Quận Bình Thạnh giá vừa phải cho gia đình
,,,,Query:evt_103030,,buy_for_living,Query,evt_103030,,,,"cần mua căn hộ 6 phòng ngủ ở Quận 1 để ở, vị trí đẹp"
,,,,Query:evt_104175,,buy_for_living,Query,evt_104175,,,,căn hộ Quận Tân Bình giá vừa phải cho vợ chồng mới cưới
,,,,Query:evt_101423,,buy_for_living,Query,evt_101423,,,,tìm căn hộ Quận Thủ Đức giá hợp lý gần trường học
,,,,Query:evt_102980,,investment,Query,evt_102980,,,,tìm biệt thự Quận Bình Thạnh sang trọng tiềm năng tăng giá
,,,,Query:evt_102508,,buy_for_living,Query,evt_102508,,,,"nhà ở Quận Thủ Đức thoáng mát 2pn, giá tốt"
,,,,Query:evt_102903,,buy_for_living,Query,evt_102903,,,,"cần mua căn hộ 1 phòng ngủ ở Quận Bình Thạnh để ở, giá mềm"
,,,,Query:evt_103446,,investment,Query,evt_103446,,,,nhà phố Quận Thủ Đức rẻ một chút dòng tiền tốt
,,,,Query:evt_101769,,rent,Query,evt_101769,,,,căn hộ Quận Thủ Đức giá tốt cho thuê gần metro
,,,,Query:evt_101256,,buy_for_living,Query,evt_101256,,,,tìm nhà phố Quận 1 cao cấp gần trường học
,,,,Query:evt_100795,,investment,Query,evt_100795,,,,nhà phố Quận 3 sang trọng cho thuê lại được
,,,,Query:evt_103313,,investment,Query,evt_103313,,,,tìm căn hộ Quận Gò Vấp ổn định tiềm năng tăng giá
,,,,Query:evt_102347,,buy_for_living,Query,evt_102347,,,,"nhà ở Quận 2 thoáng mát 4pn, khu nhà giàu"
,,,,Query:evt_101908,,rent,Query,evt_101908,,,,"cần thuê căn hộ Quận 9 full nội thất, giá vừa phải"
,,,,Query:evt_101213,,buy_for_living,Query,evt_101213,,,,"nhà ở Quận Gò Vấp thoáng mát 1pn, giá vừa phải"
,,,,Query:evt_103739,,rent,Query,evt_103739,,,,căn hộ Quận 9 sang trọng cho thuê gần metro
,,,,Query:evt_100968,,investment,Query,evt_100968,,,,căn hộ Phường Long Bình giá vừa phải dòng tiền tốt
,,,,Query:evt_102938,,buy_for_living,Query,evt_102938,,,,"cần mua nhà phố 2 phòng ngủ ở Quận Thủ Đức để ở, ổn định"
,,,,Query:evt_103857,,investment,Query,evt_103857,,,,"mua căn hộ đầu tư ở Phường Dĩ An pháp lý rõ ràng, giá tốt"
,,,,Query:evt_103981,,buy_for_living,Query,evt_103981,,,,tìm căn hộ Quận 1 giá rẻ gần trường học
,,,,Query:evt_100365,,investment,Query,evt_100365,,,,căn hộ Quận 9 giá vừa phải cho thuê lại được
,,,,Query:evt_101649,,buy_for_living,Query,evt_101649,,,,biệt thự Quận 1 giá vừa phải cho vợ chồng mới cưới
,,,,Query:evt_102872,,buy_for_living,Query,evt_102872,,,,căn hộ Quận 9 giá vừa phải cho vợ chồng mới cưới
,,,,Query:evt_102545,,buy_for_living,Query,evt_102545,,,,tìm căn hộ Quận Gò Vấp sang trọng gần trường học
,,,,Query:evt_103902,,buy_for_living,Query,evt_103902,,,,căn hộ Quận 3 ổn định cho gia đình
,,,,Query:evt_100629,,rent,Query,evt_100629,,,,tìm phòng nhà phố ở Phường Dĩ An giá rẻ
,,,,Query:evt_101007,,investment,Query,evt_101007,,,,"mua nhà phố đầu tư ở Quận 1 pháp lý rõ ràng, khu nhà giàu"
,,,,Query:evt_104030,,rent,Query,evt_104030,,,,căn hộ Quận Bình Thạnh vị trí đẹp cho thuê gần metro
,,,,Query:evt_102551,,investment,Query,evt_102551,,,,tìm đất nền Quận Thủ Đức sang trọng tiềm năng tăng giá
,,,,Query:evt_103292,,investment,Query,evt_103292,,,,căn hộ Quận Bình Thạnh giá tốt dòng tiền tốt
,,,,Query:evt_102624,,rent,Query,evt_102624,,,,"cần thuê căn hộ Quận 1 full nội thất, bình dân"
,,,,Query:evt_104444,,buy_for_living,Query,evt_104444,,,,căn hộ Quận Gò Vấp khu nhà giàu cho vợ chồng mới cưới
,,,,Query:evt_100069,,buy_for_living,Query,evt_100069,,,,căn hộ Quận Thủ Đức bình dân cho vợ chồng mới cưới
,,,,Query:evt_101771,,rent,Query,evt_101771,,,,tìm phòng căn hộ ở Phường An Phú bình dân
,,,,Query:evt_101012,,investment,Query,evt_101012,,,,"mua căn hộ đầu tư ở Phường Long Bình pháp lý rõ ràng, sang trọng"
,,,,Query:evt_100599,,buy_for_living,Query,evt_100599,,,,tìm biệt thự Quận 1 bình dân gần trường học
,,,,Query:evt_103809,,investment,Query,evt_103809,,,,nhà phố Quận 9 cao cấp dòng tiền tốt
,,,,Query:evt_102920,,buy_for_living,Query,evt_102920,,,,"cần mua biệt thự 3 phòng ngủ ở Quận Tân Bình để ở, sang trọng"
,,,,Query:evt_101791,,investment,Query,evt_101791,,,,tìm nhà phố Quận 9 khu nhà giàu tiềm năng tăng giá
,,,,Query:evt_101737,,buy_for_living,Query,evt_101737,,,,"nhà ở Quận Thủ Đức thoáng mát 3pn, rẻ một chút"
,,,,Query:evt_104484,,investment,Query,evt_104484,,,,nhà phố Quận 4 vị trí đẹp dòng tiền tốt
,,,,Query:evt_103194,,investment,Query,evt_103194,,,,"mua đất nền đầu tư ở Quận 3 pháp lý rõ ràng, ổn định"
,,,,Query:evt_102444,,buy_for_living,Query,evt_102444,,,,"cần mua căn hộ 2 phòng ngủ ở Quận Bình Thạnh để ở, giá vừa phải"
,,,,Query:evt_103010,,buy_for_living,Query,evt_103010,,,,căn hộ Quận Thủ Đức rẻ một chút cho gia đình
,,,,Query:evt_102172,,buy_for_living,Query,evt_102172,,,,tìm nhà phố Quận 9 giá tốt gần trường học
,,,,Query:evt_101775,,buy_for_living,Query,evt_101775,,,,tìm căn hộ Quận 1 giá rẻ gần trường học
,,,,Query:evt_102921,,buy_for_living,Query,evt_102921,,,,tìm biệt thự Quận 2 khu nhà giàu gần trường học
,,,,Query:evt_103107,,investment,Query,evt_103107,,,,nhà phố Quận Tân Bình tầm trung cho thuê lại được
,,,,Query:evt_100299,,buy_for_living,Query,evt_100299,,,,tìm căn hộ Quận Gò Vấp giá vừa phải gần trường học
,,,,Query:evt_101133,,buy_for_living,Query,evt_101133,,,,đất nền Phường Dĩ An rẻ một chút cho vợ chồng mới cưới
,,,,Query:evt_101470,,rent,Query,evt_101470,,,,"cần thuê nhà phố Quận Gò Vấp full nội thất, ổn định"
,,,,Query:evt_100235,,buy_for_living,Query,evt_100235,,,,nhà phố Quận 1 cao cấp cho gia đình
,,,,Query:evt_102516,,buy_for_living,Query,evt_102516,,,,căn hộ Quận Bình Thạnh giá vừa phải cho vợ chồng mới cưới
,,,,Query:evt_102951,,buy_for_living,Query,evt_102951,,,,tìm căn hộ Quận Thủ Đức ổn định gần trường học
,,,,Query:evt_100588,,buy_for_living,Query,evt_100588,,,,tìm đất nền Quận 4 bình dân gần trường học
,,,,Query:evt_103462,,investment,Query,evt_103462,,,,nhà phố Quận 2 rẻ một chút dòng tiền tốt
,,,,Query:evt_104108,,rent,Query,evt_104108,,,,nhà phố Quận Thủ Đức cao cấp cho thuê gần metro
,,,,Query:evt_103382,,rent,Query,evt_103382,,,,căn hộ Quận 4 tầm trung cho thuê gần metro
,,,,Query:evt_100722,,buy_for_living,Query,evt_100722,,,,"cần mua căn hộ 0 phòng ngủ ở Phường An Phú để ở, giá rẻ"
,,,,Query:evt_103045,,buy_for_living,Query,evt_103045,,,,tìm căn hộ Quận 9 ổn định gần trường học
,,,,Query:evt_102160,,buy_for_living,Query,evt_102160,,,,"cần mua căn hộ 6 phòng ngủ ở Quận Tân Bình để ở, vị trí đẹp"
,,,,Query:evt_101473,,buy_for_living,Query,evt_101473,,,,tìm căn hộ Quận Thủ Đức vị trí đẹp gần trường học
,,,,Query:evt_103221,,buy_for_living,Query,evt_103221,,,,nhà phố Quận 7 giá hợp lý cho gia đình
,,,,Query:evt_101123,,investment,Query,evt_101123,,,,căn hộ Quận Tân Bình ổn định dòng tiền tốt
,,,,Query:evt_100241,,investment,Query,evt_100241,,,,"mua nhà phố đầu tư ở Quận 4 pháp lý rõ ràng, sang trọng"
,,,,Query:evt_100865,,buy_for_living,Query,evt_100865,,,,căn hộ Quận 7 rẻ một chút cho gia đình
,,,,Query:evt_102043,,buy_for_living,Query,evt_102043,,,,"nhà ở Quận Gò Vấp thoáng mát 3pn, giá mềm"
,,,,Query:evt_101083,,buy_for_living,Query,evt_101083,,,,căn hộ Quận 1 cao cấp cho vợ chồng mới cưới
,,,,Query:evt_101399,,rent,Query,evt_101399,,,,"cần thuê căn hộ Quận Gò Vấp full nội thất, khu nhà giàu"
,,,,Query:evt_100943,,investment,Query,evt_100943,,,,"mua biệt thự đầu tư ở Phường Long Bình pháp lý rõ ràng, vị trí đẹp"
,,,,Query:evt_103999,,buy_for_living,Query,evt_103999,,,,nhà phố Quận Gò Vấp giá tốt cho gia đình
,,,,Query:evt_100805,,investment,Query,evt_100805,,,,biệt thự Quận Bình Thạnh bình dân dòng tiền tốt
,,,,Query:evt_102998,,buy_for_living,Query,evt_102998,,,,tìm căn hộ Quận 9 bình dân gần trường học
,,,,Query:evt_102705,,buy_for_living,Query,evt_102705,,,,"nhà ở Quận 9 thoáng mát 2pn, giá vừa phải"
,,,,Query:evt_100561,,buy_for_living,Query,evt_100561,,,,"nhà ở Quận 7 thoáng mát 2pn, giá vừa phải"
,,,,Query:evt_102553,,investment,Query,evt_102553,,,,tìm căn hộ Quận Tân Bình khu nhà giàu tiềm năng tăng giá
,,,,Query:evt_102679,,investment,Query,evt_102679,,,,nhà phố Quận Bình Thạnh ổn định cho thuê lại được
,,,,Query:evt_102092,,buy_for_living,Query,evt_102092,,,,đất nền Quận Gò Vấp giá tốt cho vợ chồng mới cưới
,,,,Query:evt_103096,,investment,Query,evt_103096,,,,căn hộ Phường An Phú giá tốt cho thuê lại được
,,,,Query:evt_101957,,buy_for_living,Query,evt_101957,,,,"nhà ở Quận Gò Vấp thoáng mát 2pn, giá hợp lý"
,,,,Query:evt_104224,,investment,Query,evt_104224,,,,tìm nhà phố Quận 7 khu nhà giàu tiềm năng tăng giá
,,,,Query:evt_103962,,buy_for_living,Query,evt_103962,,,,"cần mua căn hộ 2 phòng ngủ ở Quận 1 để ở, ổn định"
,,,,Query:evt_102746,,investment,Query,evt_102746,,,,tìm đất nền Phường Dĩ An giá hợp lý tiềm năng tăng giá
,,,,Query:evt_103687,,buy_for_living,Query,evt_103687,,,,căn hộ Phường Dĩ An giá vừa phải cho gia đình
,,,,Query:evt_104119,,investment,Query,evt_104119,,,,"mua nhà phố đầu tư ở Quận 7 pháp lý rõ ràng, ổn định"
,,,,Query:evt_100400,,buy_for_living,Query,evt_100400,,,,"nhà ở Quận Thủ Đức thoáng mát 2pn, giá mềm"
,,,,Query:evt_102973,,investment,Query,evt_102973,,,,nhà phố Quận 7 vị trí đẹp cho thuê lại được
,,,,Query:evt_102078,,rent,Query,evt_102078,,,,"cần thuê căn hộ Quận 1 full nội thất, giá tốt"
,,,,Query:evt_102335,,buy_for_living,Query,evt_102335,,,,"nhà ở Quận 2 thoáng mát 2pn, tầm trung"
,,,,Query:evt_102962,,investment,Query,evt_102962,,,,biệt thự Quận Tân Bình tầm trung dòng tiền tốt
,,,,Query:evt_100315,,buy_for_living,Query,evt_100315,,,,tìm căn hộ Quận 1 giá rẻ gần trường học
,,,,Query:evt_102930,,buy_for_living,Query,evt_102930,,,,căn hộ Quận 9 sang trọng cho vợ chồng mới cưới
,,,,Query:evt_100368,,investment,Query,evt_100368,,,,căn hộ Quận 1 tầm trung dòng tiền tốt
,,,,Query:evt_100461,,investment,Query,evt_100461,,,,căn hộ Quận 7 rẻ một chút dòng tiền tốt
,,,,Query:evt_103847,,investment,Query,evt_103847,,,,căn hộ Quận 2 rẻ một chút cho thuê lại được
,,,,Query:evt_104114,,investment,Query,evt_104114,,,,nhà phố Quận 1 bình dân cho thuê lại được
,,,,Query:evt_101340,,buy_for_living,Query,evt_101340,,,,"cần mua đất nền 2 phòng ngủ ở Quận 7 để ở, rẻ một chút"
,,,,Query:evt_102406,,buy_for_living,Query,evt_102406,,,,biệt thự Phường Dĩ An giá vừa phải cho vợ chồng mới cưới
,,,,Query:evt_101537,,buy_for_living,Query,evt_101537,,,,"cần mua đất nền 2 phòng ngủ ở Phường Long Bình để ở, tầm trung"
,,,,Query:evt_104331,,investment,Query,evt_104331,,,,căn hộ Quận 1 rẻ một chút cho thuê lại được
,,,,Query:evt_103264,,buy_for_living,Query,evt_103264,,,,tìm căn hộ Quận 2 tầm trung gần trường học
,,,,Query:evt_101392,,rent,Query,evt_101392,,,,tìm phòng đất nền ở Quận 7 ổn định
,,,,Query:evt_100621,,rent,Query,evt_100621,,,,"cần thuê đất nền Quận 3 full nội thất, khu nhà giàu"
,,,,Query:evt_103418,,rent,Query,evt_103418,,,,"cần thuê nhà phố Phường An Phú full nội thất, khu nhà giàu"
,,,,Query:evt_102627,,rent,Query,evt_102627,,,,thuê đất nền Quận 1 2 phòng ngủ ổn định
,,,,Query:evt_103198,,buy_for_living,Query,evt_103198,,,,nhà phố Quận 7 cao cấp cho gia đình
,,,,Query:evt_103877,,investment,Query,evt_103877,,,,tìm căn hộ Quận 3 giá vừa phải tiềm năng tăng giá
,,,,Query:evt_100745,,investment,Query,evt_100745,,,,"mua căn hộ đầu tư ở Phường Hiệp Bình pháp lý rõ ràng, giá mềm"
,,,,Query:evt_102780,,investment,Query,evt_102780,,,,căn hộ Quận Gò Vấp vị trí đẹp cho thuê lại được
,,,,Query:evt_101785,,buy_for_living,Query,evt_101785,,,,căn hộ Phường Dĩ An ổn định cho gia đình
,,,,Query:evt_101130,,buy_for_living,Query,evt_101130,,,,"nhà ở Quận Tân Bình thoáng mát 3pn, khu nhà giàu"
,,,,Query:evt_104425,,investment,Query,evt_104425,,,,tìm nhà phố Quận 7 bình dân tiềm năng tăng giá
,,,,Query:evt_102132,,buy_for_living,Query,evt_102132,,,,tìm đất nền Quận 7 giá rẻ gần trường học
,,,,Query:evt_101033,,buy_for_living,Query,evt_101033,,,,"nhà ở Quận Tân Bình thoáng mát 4pn, khu nhà giàu"
,,,,Query:evt_102419,,buy_for_living,Query,evt_102419,,,,tìm căn hộ Quận Thủ Đức giá hợp lý gần trường học
,,,,Query:evt_102098,,buy_for_living,Query,evt_102098,,,,căn hộ Quận 1 giá rẻ cho vợ chồng mới cưới
,,,,Query:evt_104334,,investment,Query,evt_104334,,,,"mua nhà phố đầu tư ở Quận 3 pháp lý rõ ràng, ổn định"
,,,,Query:evt_102255,,investment,Query,evt_102255,,,,tìm nhà phố Quận 1 cao cấp tiềm năng tăng giá
,,,,Query:evt_100498,,buy_for_living,Query,evt_100498,,,,tìm căn hộ Quận Gò Vấp giá hợp lý gần trường học
,,,,Query:evt_104142,,investment,Query,evt_104142,,,,căn hộ Quận 2 sang trọng dòng tiền tốt
,,,,Query:evt_104204,,buy_for_living,Query,evt_104204,,,,căn hộ Quận 9 ổn định cho vợ chồng mới cưới
,,,,Query:evt_101308,,buy_for_living,Query,evt_101308,,,,căn hộ Quận 7 giá vừa phải cho gia đình
,,,,Query:evt_104185,,investment,Query,evt_104185,,,,căn hộ Phường Dĩ An cao cấp dòng tiền tốt
,,,,Query:evt_104290,,investment,Query,evt_104290,,,,"mua căn hộ đầu tư ở Quận 4 pháp lý rõ ràng, bình dân"
,,,,Query:evt_101951,,buy_for_living,Query,evt_101951,,,,căn hộ Quận Gò Vấp rẻ một chút cho vợ chồng mới cưới
,,,,Query:evt_100211,,buy_for_living,Query,evt_100211,,,,căn hộ Quận 3 giá tốt cho gia đình
,,,,Query:evt_102819,,investment,Query,evt_102819,,,,căn hộ Quận Thủ Đức giá hợp lý dòng tiền tốt
,,,,Query:evt_102257,,investment,Query,evt_102257,,,,căn hộ Quận Gò Vấp ổn định cho thuê lại được
,,,,Query:evt_101055,,investment,Query,evt_101055,,,,biệt thự Quận 9 giá hợp lý dòng tiền tốt
,,,,Query:evt_102362,,investment,Query,evt_102362,,,,"mua căn hộ đầu tư ở Phường Long Bình pháp lý rõ ràng, tầm trung"
,,,,Query:evt_103154,,buy_for_living,Query,evt_103154,,,,"cần mua nhà phố 3 phòng ngủ ở Quận 9 để ở, ổn định"
,,,,Query:evt_101468,,rent,Query,evt_101468,,,,"cần thuê nhà phố Quận 9 full nội thất, giá vừa phải"
,,,,Query:evt_104255,,investment,Query,evt_104255,,,,tìm căn hộ Phường An Phú giá rẻ tiềm năng tăng giá
,,,,Query:evt_104359,,rent,Query,evt_104359,,,,căn hộ Quận Thủ Đức giá vừa phải cho thuê gần metro
,,,,Query:evt_100293,,buy_for_living,Query,evt_100293,,,,nhà phố Quận 9 vị trí đẹp cho gia đình
,,,,Query:evt_104343,,investment,Query,evt_104343,,,,căn hộ Quận 2 rẻ một chút dòng tiền tốt
,,,,Query:evt_102561,,investment,Query,evt_102561,,,,tìm căn hộ Quận 7 vị trí đẹp tiềm năng tăng giá
,,,,Query:evt_104233,,investment,Query,evt_104233,,,,nhà phố Quận Bình Thạnh ổn định dòng tiền tốt
,,,,Query:evt_104148,,investment,Query,evt_104148,,,,tìm đất nền Quận 7 tầm trung tiềm năng tăng giá
,,,,Query:evt_100683,,buy_for_living,Query,evt_100683,,,,tìm nhà phố Quận Thủ Đức vị trí đẹp gần trường học
,,,,Query:evt_100802,,investment,Query,evt_100802,,,,tìm căn hộ Quận 3 ổn định tiềm năng tăng giá
,,,,Query:evt_102309,,buy_for_living,Query,evt_102309,,,,tìm nhà phố Quận 7 giá tốt gần trường học
,,,,Query:evt_100087,,buy_for_living,Query,evt_100087,,,,tìm căn hộ Quận Thủ Đức giá tốt gần trường học
,,,,Query:evt_103499,,buy_for_living,Query,evt_103499,,,,căn hộ Quận 2 giá tốt cho vợ chồng mới cưới
,,,,Query:evt_103818,,investment,Query,evt_103818,,,,tìm căn hộ Quận Thủ Đức bình dân tiềm năng tăng giá
,,,,Query:evt_101657,,rent,Query,evt_101657,,,,nhà phố Quận 7 ổn định cho thuê gần metro
,,,,Query:evt_103728,,buy_for_living,Query,evt_103728,,,,nhà phố Quận Bình Thạnh giá hợp lý cho gia đình
,,,,Query:evt_103813,,investment,Query,evt_103813,,,,"mua biệt thự đầu tư ở Quận Tân Bình pháp lý rõ ràng, giá rẻ"
,,,,Query:evt_101598,,buy_for_living,Query,evt_101598,,,,căn hộ Quận 1 cao cấp cho gia đình
,,,,Query:evt_101868,,buy_for_living,Query,evt_101868,,,,căn hộ Quận Thủ Đức bình dân cho gia đình
,,,,Query:evt_104428,,investment,Query,evt_104428,,,,tìm nhà phố Quận 9 giá rẻ tiềm năng tăng giá
,,,,Query:evt_101582,,rent,Query,evt_101582,,,,căn hộ Quận 7 khu nhà giàu cho thuê gần metro
,,,,Query:evt_100058,,buy_for_living,Query,evt_100058,,,,nhà phố Quận 4 khu nhà giàu cho vợ chồng mới cưới
,,,,Query:evt_100298,,buy_for_living,Query,evt_100298,,,,"nhà ở Quận Bình Thạnh thoáng mát 2pn, giá vừa phải"
,,,,Query:evt_102244,,buy_for_living,Query,evt_102244,,,,tìm đất nền Quận 7 khu nhà giàu gần trường học
,,,,Query:evt_104370,,buy_for_living,Query,evt_104370,,,,"nhà ở Quận Thủ Đức thoáng mát 1pn, giá mềm"
,,,,Query:evt_103779,,investment,Query,evt_103779,,,,"mua căn hộ đầu tư ở Quận 1 pháp lý rõ ràng, ổn định"
,,,,Query:evt_101274,,investment,Query,evt_101274,,,,căn hộ Quận 2 giá rẻ dòng tiền tốt
,,,,Query:evt_104431,,investment,Query,evt_104431,,,,căn hộ Quận 4 khu nhà giàu cho thuê lại được
,,,,Query:evt_101372,,buy_for_living,Query,evt_101372,,,,tìm nhà phố Quận 7 sang trọng gần trường học
,,,,Query:evt_100391,,investment,Query,evt_100391,,,,căn hộ Quận Thủ Đức ổn định cho thuê lại được
,,,,Query:evt_103885,,buy_for_living,Query,evt_103885,,,,căn hộ Quận Thủ Đức giá hợp lý cho gia đình
,,,,Query:evt_100076,,buy_for_living,Query,evt_100076,,,,căn hộ Quận Bình Thạnh khu nhà giàu cho vợ chồng mới cưới
,,,,Query:evt_100723,,buy_for_living,Query,evt_100723,,,,"nhà ở Quận Bình Thạnh thoáng mát 2pn, bình dân"
,,,,Query:evt_104068,,investment,Query,evt_104068,,,,tìm căn hộ Quận Tân Bình bình dân tiềm năng tăng giá
,,,,Query:evt_102286,,investment,Query,evt_102286,,,,"mua căn hộ đầu tư ở Quận Thủ Đức pháp lý rõ ràng, khu nhà giàu"
,,,,Query:evt_100148,,buy_for_living,Query,evt_100148,,,,"nhà ở Quận Gò Vấp thoáng mát 5pn, sang trọng"
,,,,Query:evt_101121,,investment,Query,evt_101121,,,,đất nền Quận 7 rẻ một chút cho thuê lại được
,,,,Query:evt_103427,,rent,Query,evt_103427,,,,tìm phòng nhà phố ở Quận 3 khu nhà giàu
,,,,Query:evt_101432,,buy_for_living,Query,evt_101432,,,,"cần mua nhà phố 3 phòng ngủ ở Quận 7 để ở, giá mềm"
,,,,Query:evt_103195,,investment,Query,evt_103195,,,,nhà phố Quận Thủ Đức giá hợp lý dòng tiền tốt
,,,,Query:evt_103422,,rent,Query,evt_103422,,,,căn hộ Phường Dĩ An khu nhà giàu cho thuê gần metro
,,,,Query:evt_100705,,buy_for_living,Query,evt_100705,,,,tìm căn hộ Quận 1 tầm trung gần trường học
,,,,Query:evt_104214,,investment,Query,evt_104214,,,,căn hộ Quận Bình Thạnh bình dân dòng tiền tốt
,,,,Query:evt_103345,,buy_for_living,Query,evt_103345,,,,tìm nhà phố Quận 7 giá tốt gần trường học
,,,,Query:evt_100757,,buy_for_living,Query,evt_100757,,,,"nhà ở Quận 7 thoáng mát 6pn, khu nhà giàu"
,,,,Query:evt_102515,,buy_for_living,Query,evt_102515,,,,đất nền Quận Bình Thạnh sang trọng cho gia đình
,,,,Query:evt_104177,,buy_for_living,Query,evt_104177,,,,tìm đất nền Quận 4 tầm trung gần trường học
,,,,Query:evt_103219,,buy_for_living,Query,evt_103219,,,,"cần mua căn hộ 2 phòng ngủ ở Quận 4 để ở, giá mềm"
,,,,Query:evt_101220,,buy_for_living,Query,evt_101220,,,,tìm căn hộ Phường Long Bình sang trọng gần trường học
,,,,Query:evt_103694,,buy_for_living,Query,evt_103694,,,,căn hộ Quận Bình Thạnh khu nhà giàu cho vợ chồng mới cưới
,,,,Query:evt_100052,,buy_for_living,Query,evt_100052,,,,tìm căn hộ Quận 3 rẻ một chút gần trường học
,,,,Query:evt_102670,,rent,Query,evt_102670,,,,căn hộ Quận 9 tầm trung cho thuê gần metro
,,,,Query:evt_100100,,investment,Query,evt_100100,,,,tìm căn hộ Quận 9 tầm trung tiềm năng tăng giá
,,,,Query:evt_101039,,rent,Query,evt_101039,,,,"cần thuê căn hộ Quận 2 full nội thất, khu nhà giàu"
,,,,Query:evt_102240,,buy_for_living,Query,evt_102240,,,,căn hộ Quận Gò Vấp bình dân cho vợ chồng mới cưới
,,,,Query:evt_100331,,buy_for_living,Query,evt_100331,,,,căn hộ Quận 2 giá mềm cho vợ chồng mới cưới
,,,,Query:evt_102543,,buy_for_living,Query,evt_102543,,,,"cần mua căn hộ 5 phòng ngủ ở Quận 2 để ở, khu nhà giàu"
,,,,Query:evt_100070,,buy_for_living,Query,evt_100070,,,,"cần mua căn hộ 2 phòng ngủ ở Quận 1 để ở, ổn định"
,,,,Query:evt_100815,,buy_for_living,Query,evt_100815,,,,"nhà ở Quận Thủ Đức thoáng mát 3pn, cao cấp"
,,,,Query:evt_102567,,investment,Query,evt_102567,,,,"mua căn hộ đầu tư ở Quận 9 pháp lý rõ ràng, giá rẻ"
,,,,Query:evt_103361,,investment,Query,evt_103361,,,,căn hộ Quận 4 giá hợp lý dòng tiền tốt
,,,,Query:evt_102709,,buy_for_living,Query,evt_102709,,,,tìm nhà phố Quận 3 giá vừa phải gần trường học
,,,,Query:evt_104340,,investment,Query,evt_104340,,,,"mua căn hộ đầu tư ở Quận Gò Vấp pháp lý rõ ràng, ổn định"
,,,,Query:evt_104438,,investment,Query,evt_104438,,,,"mua nhà phố đầu tư ở Quận Bình Thạnh pháp lý rõ ràng, giá hợp lý"
,,,,Query:evt_101108,,investment,Query,evt_101108,,,,căn hộ Quận Thủ Đức giá mềm dòng tiền tốt
,,,,Query:evt_101981,,investment,Query,evt_101981,,,,căn hộ Quận Thủ Đức giá tốt dòng tiền tốt
,,,,Query:evt_103003,,buy_for_living,Query,evt_103003,,,,"cần mua căn hộ 3 phòng ngủ ở Quận 2 để ở, giá vừa phải"
,,,,Query:evt_100972,,investment,Query,evt_100972,,,,biệt thự Quận Tân Bình cao cấp dòng tiền tốt
,,,,Query:evt_101098,,buy_for_living,Query,evt_101098,,,,"cần mua nhà phố 6 phòng ngủ ở Quận 4 để ở, sang trọng"
,,,,Query:evt_100889,,rent,Query,evt_100889,,,,tìm phòng căn hộ ở Phường Dĩ An giá vừa phải
,,,,Query:evt_100681,,buy_for_living,Query,evt_100681,,,,đất nền Quận 9 giá vừa phải cho gia đình
,,,,Query:evt_102879,,buy_for_living,Query,evt_102879,,,,"nhà ở Quận 1 thoáng mát 6pn, sang trọng"
,,,,Query:evt_103724,,buy_for_living,Query,evt_103724,,,,tìm nhà phố Phường Dĩ An sang trọng gần trường học
,,,,Query:evt_100674,,buy_for_living,Query,evt_100674,,,,"nhà ở Quận Tân Bình thoáng mát 2pn, sang trọng"
,,,,Query:evt_101230,,investment,Query,evt_101230,,,,căn hộ Quận 2 giá mềm cho thuê lại được
,,,,Query:evt_100200,,investment,Query,evt_100200,,,,căn hộ Phường An Phú giá hợp lý dòng tiền tốt
,,,,Query:evt_104348,,rent,Query,evt_104348,,,,tìm phòng căn hộ ở Quận 9 tầm trung
,,,,Query:evt_101278,,investment,Query,evt_101278,,,,tìm nhà phố Quận 7 ổn định tiềm năng tăng giá
,,,,Query:evt_100964,,investment,Query,evt_100964,,,,tìm căn hộ Quận 1 cao cấp tiềm năng tăng giá
,,,,Query:evt_103402,,investment,Query,evt_103402,,,,nhà phố Quận Bình Thạnh vị trí đẹp cho thuê lại được
,,,,Query:evt_103676,,buy_for_living,Query,evt_103676,,,,nhà phố Quận Gò Vấp giá rẻ cho vợ chồng mới cưới
,,,,Query:evt_101747,,buy_for_living,Query,evt_101747,,,,"cần mua nhà phố 2 phòng ngủ ở Quận 1 để ở, khu nhà giàu"
,,,,Query:evt_103636,,investment,Query,evt_103636,,,,căn hộ Quận Thủ Đức vị trí đẹp cho thuê lại được
,,,,Query:evt_100232,,buy_for_living,Query,evt_100232,,,,tìm căn hộ Quận 2 rẻ một chút gần trường học
,,,,Query:evt_102275,,buy_for_living,Query,evt_102275,,,,"nhà ở Quận Thủ Đức thoáng mát 3pn, ổn định"
,,,,Query:evt_104036,,rent,Query,evt_104036,,,,"cần thuê nhà phố Phường Long Bình full nội thất, giá mềm"
,,,,Query:evt_102646,,rent,Query,evt_102646,,,,tìm phòng căn hộ ở Quận Tân Bình bình dân
,,,,Query:evt_102672,,rent,Query,evt_102672,,,,thuê căn hộ Quận 7 3 phòng ngủ rẻ một chút
,,,,Query:evt_101597,,buy_for_living,Query,evt_101597,,,,tìm căn hộ Quận 3 rẻ một chút gần trường học
,,,,Query:evt_103236,,rent,Query,evt_103236,,,,"cần thuê biệt thự Quận Tân Bình full nội thất, tầm trung"
,,,,Query:evt_103639,,investment,Query,evt_103639,,,,tìm căn hộ Quận Tân Bình giá hợp lý tiềm năng tăng giá
,,,,Query:evt_100547,,buy_for_living,Query,evt_100547,,,,tìm đất nền Quận 9 khu nhà giàu gần trường học
,,,,Query:evt_101640,,buy_for_living,Query,evt_101640,,,,tìm biệt thự Quận 7 sang trọng gần trường học
,,,,Query:evt_101525,,investment,Query,evt_101525,,,,căn hộ Quận Tân Bình bình dân cho thuê lại được
,,,,Query:evt_102325,,rent,Query,evt_102325,,,,tìm phòng nhà phố ở Quận Gò Vấp giá tốt
,,,,Query:evt_102977,,investment,Query,evt_102977,,,,"mua nhà phố đầu tư ở Quận Tân Bình pháp lý rõ ràng, giá vừa phải"
,,,,Query:evt_104046,,rent,Query,evt_104046,,,,tìm phòng căn hộ ở Quận Thủ Đức giá hợp lý
,,,,Query:evt_104423,,investment,Query,evt_104423,,,,nhà phố Quận Thủ Đức giá mềm dòng tiền tốt
,,,,Query:evt_101595,,buy_for_living,Query,evt_101595,,,,"cần mua nhà phố 1 phòng ngủ ở Quận 7 để ở, tầm trung"
,,,,Query:evt_100879,,buy_for_living,Query,evt_100879,,,,căn hộ Quận 2 giá vừa phải cho gia đình
,,,,Query:evt_100467,,investment,Query,evt_100467,,,,tìm nhà phố Quận 7 vị trí đẹp tiềm năng tăng giá
,,,,Query:evt_102573,,investment,Query,evt_102573,,,,tìm căn hộ Quận 1 giá hợp lý tiềm năng tăng giá
,,,,Query:evt_102935,,buy_for_living,Query,evt_102935,,,,căn hộ Quận 1 bình dân cho gia đình
,,,,Query:evt_104436,,investment,Query,evt_104436,,,,"mua căn hộ đầu tư ở Quận 1 pháp lý rõ ràng, vị trí đẹp"
,,,,Query:evt_102308,,buy_for_living,Query,evt_102308,,,,căn hộ Quận Tân Bình giá vừa phải cho gia đình
,,,,Query:evt_101568,,buy_for_living,Query,evt_101568,,,,"nhà ở Quận Tân Bình thoáng mát 2pn, giá hợp lý"
,,,,Query:evt_101699,,buy_for_living,Query,evt_101699,,,,"nhà ở Quận 9 thoáng mát 2pn, ổn định"
,,,,Query:evt_101163,,rent,Query,evt_101163,,,,căn hộ Quận Bình Thạnh sang trọng cho thuê gần metro
,,,,Query:evt_102874,,buy_for_living,Query,evt_102874,,,,tìm căn hộ Quận 9 sang trọng gần trường học
,,,,Query:evt_101549,,buy_for_living,Query,evt_101549,,,,"cần mua căn hộ 5 phòng ngủ ở Quận 1 để ở, sang trọng"
,,,,Query:evt_103594,,buy_for_living,Query,evt_103594,,,,"nhà ở Quận Gò Vấp thoáng mát 2pn, ổn định"
,,,,Query:evt_100091,,buy_for_living,Query,evt_100091,,,,căn hộ Quận Bình Thạnh bình dân cho vợ chồng mới cưới
,,,,Query:evt_101902,,rent,Query,evt_101902,,,,nhà phố Quận Thủ Đức tầm trung cho thuê gần metro
,,,,Query:evt_101281,,investment,Query,evt_101281,,,,tìm biệt thự Quận 1 cao cấp tiềm năng tăng giá
,,,,Query:evt_101884,,buy_for_living,Query,evt_101884,,,,căn hộ Quận 9 giá rẻ cho gia đình
,,,,Query:evt_104256,,investment,Query,evt_104256,,,,"mua căn hộ đầu tư ở Quận Bình Thạnh pháp lý rõ ràng, giá mềm"
,,,,Query:evt_101088,,buy_for_living,Query,evt_101088,,,,đất nền Quận 7 sang trọng cho gia đình
,,,,Query:evt_103969,,buy_for_living,Query,evt_103969,,,,tìm căn hộ Quận Tân Bình giá hợp lý gần trường học
,,,,Query:evt_100738,,investment,Query,evt_100738,,,,nhà phố Phường Dĩ An khu nhà giàu dòng tiền tốt
,,,,Query:evt_100392,,investment,Query,evt_100392,,,,"mua nhà phố đầu tư ở Quận 7 pháp lý rõ ràng, giá tốt"
,,,,Query:evt_104138,,investment,Query,evt_104138,,,,tìm nhà phố Quận Thủ Đức ổn định tiềm năng tăng giá
,,,,Query:evt_103248,,investment,Query,evt_103248,,,,tìm nhà phố Quận Thủ Đức rẻ một chút tiềm năng tăng giá
,,,,Query:evt_104461,,buy_for_living,Query,evt_104461,,,,căn hộ Quận 7 giá mềm cho vợ chồng mới cưới
,,,,Query:evt_101802,,investment,Query,evt_101802,,,,căn hộ Quận 1 giá mềm dòng tiền tốt
,,,,Query:evt_100851,,investment,Query,evt_100851,,,,nhà phố Quận 7 rẻ một chút dòng tiền tốt
,,,,Query:evt_101730,,investment,Query,evt_101730,,,,"mua căn hộ đầu tư ở Quận 2 pháp lý rõ ràng, giá rẻ"
,,,,Query:evt_104121,,investment,Query,evt_104121,,,,căn hộ Quận Bình Thạnh khu nhà giàu dòng tiền tốt
,,,,Query:evt_103491,,buy_for_living,Query,evt_103491,,,,căn hộ Quận 7 ổn định cho vợ chồng mới cưới
,,,,Query:evt_100033,,rent,Query,evt_100033,,,,tìm phòng căn hộ ở Quận Bình Thạnh ổn định
,,,,Query:evt_103383,,rent,Query,evt_103383,,,,căn hộ Quận 1 khu nhà giàu cho thuê gần metro
,,,,Query:evt_103052,,buy_for_living,Query,evt_103052,,,,căn hộ Phường An Phú giá mềm cho vợ chồng mới cưới
,,,,Query:evt_103849,,investment,Query,evt_103849,,,,căn hộ Quận Bình Thạnh giá tốt dòng tiền tốt
,,,,Query:evt_104134,,buy_for_living,Query,evt_104134,,,,căn hộ Quận 9 sang trọng cho vợ chồng mới cưới
,,,,Query:evt_103816,,investment,Query,evt_103816,,,,"mua căn hộ đầu tư ở Quận Bình Thạnh pháp lý rõ ràng, rẻ một chút"
,,,,Query:evt_103364,,investment,Query,evt_103364,,,,"mua nhà phố đầu tư ở Quận 2 pháp lý rõ ràng, ổn định"
,,,,Query:evt_103917,,buy_for_living,Query,evt_103917,,,,"cần mua căn hộ 6 phòng ngủ ở Phường Long Bình để ở, vị trí đẹp"
,,,,Query:evt_101626,,buy_for_living,Query,evt_101626,,,,nhà phố Quận 7 vị trí đẹp cho gia đình
,,,,Query:evt_103915,,buy_for_living,Query,evt_103915,,,,"cần mua căn hộ 2 phòng ngủ ở Quận 7 để ở, bình dân"
,,,,Query:evt_100316,,buy_for_living,Query,evt_100316,,,,nhà phố Quận 1 sang trọng cho gia đình
,,,,Query:evt_102829,,buy_for_living,Query,evt_102829,,,,"cần mua căn hộ 5 phòng ngủ ở Quận 4 để ở, cao cấp"
,,,,Query:evt_101962,,buy_for_living,Query,evt_101962,,,,"nhà ở Phường Dĩ An thoáng mát 4pn, vị trí đẹp"
,,,,Query:evt_102880,,buy_for_living,Query,evt_102880,,,,"cần mua nhà phố 2 phòng ngủ ở Quận Bình Thạnh để ở, bình dân"
,,,,Query:evt_104229,,investment,Query,evt_104229,,,,căn hộ Quận 1 cao cấp dòng tiền tốt
,,,,Query:evt_103452,,rent,Query,evt_103452,,,,thuê nhà phố Quận Bình Thạnh 4 phòng ngủ vị trí đẹp
,,,,Query:evt_101263,,buy_for_living,Query,evt_101263,,,,tìm căn hộ Quận 1 giá hợp lý gần trường học
,,,,Query:evt_102034,,investment,Query,evt_102034,,,,"mua nhà phố đầu tư ở Quận Bình Thạnh pháp lý rõ ràng, giá mềm"
,,,,Query:evt_104318,,rent,Query,evt_104318,,,,"cần thuê căn hộ Quận 3 full nội thất, giá mềm"
,,,,Query:evt_104066,,investment,Query,evt_104066,,,,"mua nhà phố đầu tư ở Phường Long Bình pháp lý rõ ràng, tầm trung"
,,,,Query:evt_102975,,investment,Query,evt_102975,,,,tìm biệt thự Quận 9 khu nhà giàu tiềm năng tăng giá
,,,,Query:evt_102827,,buy_for_living,Query,evt_102827,,,,tìm đất nền Quận 3 sang trọng gần trường học
,,,,Query:evt_102315,,rent,Query,evt_102315,,,,"cần thuê nhà phố Quận 1 full nội thất, giá rẻ"
,,,,Query:evt_102170,,buy_for_living,Query,evt_102170,,,,tìm nhà phố Quận 9 giá rẻ gần trường học
,,,,Query:evt_102710,,buy_for_living,Query,evt_102710,,,,tìm căn hộ Quận 3 sang trọng gần trường học
,,,,Query:evt_102622,,rent,Query,evt_102622,,,,"cần thuê căn hộ Quận 9 full nội thất, bình dân"
,,,,Query:evt_102482,,buy_for_living,Query,evt_102482,,,,căn hộ Phường Dĩ An giá vừa phải cho vợ chồng mới cưới
,,,,Query:evt_100988,,investment,Query,evt_100988,,,,"mua căn hộ đầu tư ở Quận 1 pháp lý rõ ràng, khu nhà giàu"
,,,,Query:evt_101757,,buy_for_living,Query,evt_101757,,,,đất nền Phường Dĩ An tầm trung cho vợ chồng mới cưới
,,,,Query:evt_103652,,investment,Query,evt_103652,,,,căn hộ Quận Thủ Đức ổn định dòng tiền tốt
,,,,Query:evt_104234,,investment,Query,evt_104234,,,,nhà phố Quận 9 tầm trung cho thuê lại được
,,,,Query:evt_100979,,investment,Query,evt_100979,,,,căn hộ Quận Tân Bình giá mềm cho thuê lại được
,,,,Query:evt_104132,,buy_for_living,Query,evt_104132,,,,"cần mua căn hộ 4 phòng ngủ ở Quận Thủ Đức để ở, sang trọng"
,,,,Query:evt_103257,,investment,Query,evt_103257,,,,đất nền Quận 2 giá hợp lý dòng tiền tốt
,,,,Query:evt_101135,,buy_for_living,Query,evt_101135,,,,"cần mua nhà phố 1 phòng ngủ ở Quận Tân Bình để ở, rẻ một chút"
,,,,Query:evt_102393,,buy_for_living,Query,evt_102393,,,,căn hộ Quận 1 tầm trung cho gia đình
,,,,Query:evt_103872,,investment,Query,evt_103872,,,,tìm căn hộ Quận 2 cao cấp tiềm năng tăng giá
,,,,Query:evt_102413,,buy_for_living,Query,evt_102413,,,,"cần mua nhà phố 4 phòng ngủ ở Quận Thủ Đức để ở, vị trí đẹp"
,,,,Query:evt_101194,,buy_for_living,Query,evt_101194,,,,"cần mua căn hộ 0 phòng ngủ ở Phường Long Bình để ở, giá mềm"
,,,,Query:evt_101151,,rent,Query,evt_101151,,,,thuê căn hộ Quận Thủ Đức 4 phòng ngủ bình dân
,,,,Query:evt_102387,,buy_for_living,Query,evt_102387,,,,"nhà ở Quận Bình Thạnh thoáng mát 1pn, bình dân"
,,,,Query:evt_104139,,investment,Query,evt_104139,,,,"mua căn hộ đầu tư ở Quận Bình Thạnh pháp lý rõ ràng, giá hợp lý"
,,,,Query:evt_100611,,buy_for_living,Query,evt_100611,,,,tìm căn hộ Quận 7 giá tốt gần trường học
,,,,Query:evt_101979,,investment,Query,evt_101979,,,,"mua nhà phố đầu tư ở Quận 1 pháp lý rõ ràng, tầm trung"
,,,,Query:evt_103675,,buy_for_living,Query,evt_103675,,,,tìm căn hộ Quận Gò Vấp giá hợp lý gần trường học
,,,,Query:evt_101790,,investment,Query,evt_101790,,,,căn hộ Quận Bình Thạnh giá vừa phải dòng tiền tốt
,,,,Query:evt_101540,,buy_for_living,Query,evt_101540,,,,tìm căn hộ Quận 1 tầm trung gần trường học
,,,,Query:evt_103241,,rent,Query,evt_103241,,,,biệt thự Quận Gò Vấp giá hợp lý cho thuê gần metro
,,,,Query:evt_102225,,buy_for_living,Query,evt_102225,,,,nhà phố Quận 7 giá mềm cho gia đình
,,,,Query:evt_101190,,buy_for_living,Query,evt_101190,,,,tìm nhà phố Quận Bình Thạnh ổn định gần trường học
,,,,Query:evt_104113,,investment,Query,evt_104113,,,,căn hộ Quận 1 giá vừa phải cho thuê lại được
,,,,Query:evt_104514,,investment,Query,evt_104514,,,,tìm căn hộ Quận 7 khu nhà giàu tiềm năng tăng giá
,,,,Query:evt_102532,,buy_for_living,Query,evt_102532,,,,"nhà ở Phường Long Bình thoáng mát 4pn, giá hợp lý"
,,,,Query:evt_100106,,investment,Query,evt_100106,,,,"mua nhà phố đầu tư ở Quận 4 pháp lý rõ ràng, tầm trung"
,,,,Query:evt_104292,,investment,Query,evt_104292,,,,đất nền Quận 1 tầm trung dòng tiền tốt
,,,,Query:evt_101516,,investment,Query,evt_101516,,,,"mua căn hộ đầu tư ở Quận Gò Vấp pháp lý rõ ràng, rẻ một chút"
,,,,Query:evt_103718,,buy_for_living,Query,evt_103718,,,,"nhà ở Phường Hiệp Bình thoáng mát 1pn, tầm trung"
,,,,Query:evt_101768,,rent,Query,evt_101768,,,,tìm phòng nhà phố ở Quận 2 bình dân
,,,,Query:evt_101389,,rent,Query,evt_101389,,,,căn hộ Quận Bình Thạnh giá hợp lý cho thuê gần metro
,,,,Query:evt_103834,,investment,Query,evt_103834,,,,căn hộ Phường Long Bình vị trí đẹp dòng tiền tốt
,,,,Query:evt_101299,,buy_for_living,Query,evt_101299,,,,tìm căn hộ Phường Long Bình giá tốt gần trường học
,,,,Query:evt_100380,,rent,Query,evt_100380,,,,thuê nhà phố Quận 1 5 phòng ngủ cao cấp
,,,,Query:evt_104490,,investment,Query,evt_104490,,,,"mua căn hộ đầu tư ở Quận 9 pháp lý rõ ràng, giá mềm"
,,,,Query:evt_102465,,rent,Query,evt_102465,,,,thuê nhà phố Quận 7 3 phòng ngủ rẻ một chút
,,,,Query:evt_100395,,investment,Query,evt_100395,,,,"mua nhà phố đầu tư ở Quận Bình Thạnh pháp lý rõ ràng, rẻ một chút"
,,,,Query:evt_100283,,rent,Query,evt_100283,,,,căn hộ Quận Thủ Đức cao cấp cho thuê gần metro
,,,,Query:evt_104045,,rent,Query,evt_104045,,,,"cần thuê nhà phố Quận Thủ Đức full nội thất, vị trí đẹp"
,,,,Query:evt_102295,,investment,Query,evt_102295,,,,biệt thự Quận Tân Bình rẻ một chút cho thuê lại được
,,,,Query:evt_100102,,investment,Query,evt_100102,,,,tìm căn hộ Quận 9 tầm trung tiềm năng tăng giá
,,,,Query:evt_103266,,buy_for_living,Query,evt_103266,,,,căn hộ Quận 7 giá rẻ cho gia đình
,,,,Query:evt_102337,,buy_for_living,Query,evt_102337,,,,"nhà ở Quận Thủ Đức thoáng mát 4pn, khu nhà giàu"
,,,,Query:evt_102500,,buy_for_living,Query,evt_102500,,,,"nhà ở Quận 9 thoáng mát 5pn, sang trọng"
,,,,Query:evt_101002,,investment,Query,evt_101002,,,,tìm căn hộ Phường An Phú ổn định tiềm năng tăng giá
,,,,Query:evt_102174,,buy_for_living,Query,evt_102174,,,,căn hộ Quận 4 giá mềm cho gia đình
,,,,Query:evt_100261,,rent,Query,evt_100261,,,,tìm phòng căn hộ ở Quận 2 giá hợp lý
,,,,Query:evt_101302,,buy_for_living,Query,evt_101302,,,,"cần mua căn hộ 0 phòng ngủ ở Phường Long Bình để ở, giá tốt"
,,,,Query:evt_101090,,buy_for_living,Query,evt_101090,,,,căn hộ Phường Dĩ An sang trọng cho vợ chồng mới cưới
,,,,Query:evt_101231,,investment,Query,evt_101231,,,,nhà phố Quận Thủ Đức giá vừa phải dòng tiền tốt
,,,,Query:evt_103727,,buy_for_living,Query,evt_103727,,,,tìm căn hộ Quận 2 giá hợp lý gần trường học
,,,,Query:evt_103222,,buy_for_living,Query,evt_103222,,,,căn hộ Phường Dĩ An giá hợp lý cho vợ chồng mới cưới
,,,,Query:evt_103983,,buy_for_living,Query,evt_103983,,,,"cần mua đất nền 0 phòng ngủ ở Quận 3 để ở, tầm trung"
,,,,Query:evt_101498,,buy_for_living,Query,evt_101498,,,,căn hộ Quận 1 sang trọng cho vợ chồng mới cưới
,,,,Query:evt_104167,,buy_for_living,Query,evt_104167,,,,"nhà ở Quận Thủ Đức thoáng mát 5pn, sang trọng"
,,,,Query:evt_103388,,rent,Query,evt_103388,,,,"cần thuê nhà phố Quận Bình Thạnh full nội thất, ổn định"
,,,,Query:evt_102907,,buy_for_living,Query,evt_102907,,,,căn hộ Quận 1 giá vừa phải cho gia đình
,,,,Query:evt_104031,,rent,Query,evt_104031,,,,"cần thuê căn hộ Quận Bình Thạnh full nội thất, giá mềm"
,,,,Query:evt_100433,,buy_for_living,Query,evt_100433,,,,tìm nhà phố Quận 2 rẻ một chút gần trường học
,,,,Query:evt_103710,,investment,Query,evt_103710,,,,nhà phố Quận 9 giá tốt cho thuê lại được
,,,,Query:evt_101024,,investment,Query,evt_101024,,,,căn hộ Quận 7 giá vừa phải cho thuê lại được
,,,,Query:evt_103151,,buy_for_living,Query,evt_103151,,,,nhà phố Quận Bình Thạnh cao cấp cho gia đình
,,,,Query:evt_103020,,buy_for_living,Query,evt_103020,,,,căn hộ Quận 1 vị trí đẹp cho vợ chồng mới cưới
,,,,Query:evt_100503,,buy_for_living,Query,evt_100503,,,,căn hộ Quận 2 giá hợp lý cho vợ chồng mới cưới
,,,,Query:evt_102806,,buy_for_living,Query,evt_102806,,,,nhà phố Quận 4 sang trọng cho gia đình
,,,,Query:evt_103417,,rent,Query,evt_103417,,,,đất nền Quận Thủ Đức rẻ một chút cho thuê gần metro
,,,,Query:evt_104404,,investment,Query,evt_104404,,,,"mua đất nền đầu tư ở Quận Tân Bình pháp lý rõ ràng, sang trọng"
,,,,Query:evt_103613,,buy_for_living,Query,evt_103613,,,,"nhà ở Quận 9 thoáng mát 2pn, ổn định"
,,,,Query:evt_103421,,rent,Query,evt_103421,,,,"cần thuê căn hộ Phường Dĩ An full nội thất, giá mềm"
,,,,Query:evt_102784,,investment,Query,evt_102784,,,,nhà phố Quận 1 rẻ một chút cho thuê lại được
,,,,Query:evt_104347,,investment,Query,evt_104347,,,,căn hộ Quận 9 sang trọng dòng tiền tốt
,,,,Query:evt_102825,,buy_for_living,Query,evt_102825,,,,biệt thự Quận 7 sang trọng cho gia đình
,,,,Query:evt_104040,,rent,Query,evt_104040,,,,"cần thuê căn hộ Quận 4 full nội thất, vị trí đẹp"
,,,,Query:evt_100901,,buy_for_living,Query,evt_100901,,,,căn hộ Quận 1 giá rẻ cho gia đình
,,,,Query:evt_102654,,buy_for_living,Query,evt_102654,,,,căn hộ Quận 1 giá tốt cho vợ chồng mới cưới
,,,,Query:evt_103078,,rent,Query,evt_103078,,,,căn hộ Phường Dĩ An rẻ một chút cho thuê gần metro
,,,,Query:evt_100375,,rent,Query,evt_100375,,,,tìm phòng biệt thự ở Phường Long Bình giá vừa phải
,,,,Query:evt_101103,,investment,Query,evt_101103,,,,"mua nhà phố đầu tư ở Quận 1 pháp lý rõ ràng, cao cấp"
,,,,Query:evt_102737,,buy_for_living,Query,evt_102737,,,,nhà phố Quận Thủ Đức sang trọng cho gia đình
,,,,Query:evt_101941,,buy_for_living,Query,evt_101941,,,,"cần mua nhà phố 5 phòng ngủ ở Quận Bình Thạnh để ở, ổn định"
,,,,Query:evt_104184,,investment,Query,evt_104184,,,,"mua căn hộ đầu tư ở Quận 9 pháp lý rõ ràng, ổn định"
,,,,Query:evt_102381,,buy_for_living,Query,evt_102381,,,,căn hộ Quận 9 giá hợp lý cho vợ chồng mới cưới
,,,,Query:evt_102415,,buy_for_living,Query,evt_102415,,,,"nhà ở Quận 1 thoáng mát 2pn, giá vừa phải"
,,,,Query:evt_100218,,buy_for_living,Query,evt_100218,,,,căn hộ Quận 9 bình dân cho gia đình
,,,,Query:evt_102789,,investment,Query,evt_102789,,,,đất nền Quận Bình Thạnh giá tốt dòng tiền tốt
,,,,Query:evt_102345,,buy_for_living,Query,evt_102345,,,,tìm nhà phố Quận Gò Vấp cao cấp gần trường học
,,,,Query:evt_104445,,buy_for_living,Query,evt_104445,,,,"nhà ở Quận 2 thoáng mát 1pn, giá vừa phải"
,,,,Query:evt_103766,,buy_for_living,Query,evt_103766,,,,"cần mua căn hộ 2 phòng ngủ ở Quận 1 để ở, ổn định"
,,,,Query:evt_103341,,buy_for_living,Query,evt_103341,,,,"cần mua nhà phố 5 phòng ngủ ở Quận Gò Vấp để ở, vị trí đẹp"
,,,,Query:evt_101794,,investment,Query,evt_101794,,,,biệt thự Quận Gò Vấp giá mềm cho thuê lại được
,,,,Query:evt_102619,,buy_for_living,Query,evt_102619,,,,căn hộ Quận Tân Bình vị trí đẹp cho vợ chồng mới cưới
,,,,Query:evt_103319,,buy_for_living,Query,evt_103319,,,,căn hộ Quận Tân Bình giá tốt cho vợ chồng mới cưới
,,,,Query:evt_101628,,buy_for_living,Query,evt_101628,,,,căn hộ Quận Thủ Đức giá tốt cho gia đình
,,,,Query:evt_101821,,buy_for_living,Query,evt_101821,,,,căn hộ Phường Dĩ An sang trọng cho vợ chồng mới cưới
,,,,Query:evt_104453,,buy_for_living,Query,evt_104453,,,,nhà phố Quận Tân Bình sang trọng cho vợ chồng mới cưới
,,,,Query:evt_103698,,investment,Query,evt_103698,,,,căn hộ Phường Dĩ An cao cấp cho thuê lại được
,,,,Query:evt_104505,,investment,Query,evt_104505,,,,tìm căn hộ Quận 7 khu nhà giàu tiềm năng tăng giá
,,,,Query:evt_102057,,buy_for_living,Query,evt_102057,,,,"cần mua căn hộ 3 phòng ngủ ở Quận 7 để ở, giá vừa phải"
,,,,Query:evt_103080,,rent,Query,evt_103080,,,,thuê đất nền Quận 1 4 phòng ngủ ổn định
,,,,Query:evt_104455,,buy_for_living,Query,evt_104455,,,,"nhà ở Quận 7 thoáng mát 3pn, giá tốt"
,,,,Query:evt_100240,,investment,Query,evt_100240,,,,căn hộ Quận 7 cao cấp dòng tiền tốt
,,,,Query:evt_104127,,buy_for_living,Query,evt_104127,,,,tìm nhà phố Phường Dĩ An giá rẻ gần trường học
,,,,Query:evt_100830,,investment,Query,evt_100830,,,,biệt thự Phường Dĩ An ổn định dòng tiền tốt
,,,,Query:evt_100134,,buy_for_living,Query,evt_100134,,,,căn hộ Quận 4 bình dân cho vợ chồng mới cưới
,,,,Query:evt_102916,,buy_for_living,Query,evt_102916,,,,"cần mua căn hộ 1 phòng ngủ ở Quận Thủ Đức để ở, giá mềm"
,,,,Query:evt_101152,,rent,Query,evt_101152,,,,nhà phố Quận 4 giá rẻ cho thuê gần metro
,,,,Query:evt_100445,,buy_for_living,Query,evt_100445,,,,"nhà ở Quận 7 thoáng mát 2pn, giá tốt"
,,,,Query:evt_100987,,investment,Query,evt_100987,,,,"mua nhà phố đầu tư ở Quận 2 pháp lý rõ ràng, giá tốt"
,,,,Query:evt_103886,,buy_for_living,Query,evt_103886,,,,căn hộ Quận Bình Thạnh giá vừa phải cho gia đình
,,,,Query:evt_102411,,buy_for_living,Query,evt_102411,,,,căn hộ Phường An Phú giá tốt cho vợ chồng mới cưới
,,,,Query:evt_101520,,investment,Query,evt_101520,,,,"mua biệt thự đầu tư ở Quận Thủ Đức pháp lý rõ ràng, cao cấp"
,,,,Query:evt_101251,,buy_for_living,Query,evt_101251,,,,"cần mua nhà phố 3 phòng ngủ ở Quận Bình Thạnh để ở, cao cấp"
,,,,Query:evt_101179,,buy_for_living,Query,evt_101179,,,,căn hộ Quận Thủ Đức rẻ một chút cho vợ chồng mới cưới
,,,,Query:evt_100501,,buy_for_living,Query,evt_100501,,,,"cần mua căn hộ 6 phòng ngủ ở Quận 2 để ở, sang trọng"
,,,,Query:evt_101538,,buy_for_living,Query,evt_101538,,,,"nhà ở Phường Dĩ An thoáng mát 6pn, cao cấp"
,,,,Query:evt_104394,,buy_for_living,Query,evt_104394,,,,"cần mua nhà phố 1 phòng ngủ ở Quận Thủ Đức để ở, rẻ một chút"
,,,,Query:evt_101357,,buy_for_living,Query,evt_101357,,,,tìm nhà phố Quận 4 tầm trung gần trường học
,,,,Query:evt_100046,,rent,Query,evt_100046,,,,nhà phố Quận 7 rẻ một chút cho thuê gần metro
,,,,Query:evt_101439,,buy_for_living,Query,evt_101439,,,,đất nền Quận 1 bình dân cho vợ chồng mới cưới
,,,,Query:evt_103627,,buy_for_living,Query,evt_103627,,,,nhà phố Phường Long Bình giá vừa phải cho gia đình
,,,,Query:evt_102513,,buy_for_living,Query,evt_102513,,,,đất nền Quận 3 sang trọng cho vợ chồng mới cưới
,,,,Query:evt_102384,,buy_for_living,Query,evt_102384,,,,tìm căn hộ Quận Tân Bình giá mềm gần trường học
,,,,Query:evt_100545,,buy_for_living,Query,evt_100545,,,,"nhà ở Quận 1 thoáng mát 4pn, cao cấp"
,,,,Query:evt_101681,,investment,Query,evt_101681,,,,"mua nhà phố đầu tư ở Quận Bình Thạnh pháp lý rõ ràng, giá tốt"
,,,,Query:evt_101694,,buy_for_living,Query,evt_101694,,,,"cần mua căn hộ 4 phòng ngủ ở Quận 9 để ở, khu nhà giàu"
,,,,Query:evt_103993,,buy_for_living,Query,evt_103993,,,,nhà phố Quận 1 giá rẻ cho gia đình
,,,,Query:evt_101990,,buy_for_living,Query,evt_101990,,,,đất nền Quận 2 giá rẻ cho vợ chồng mới cưới
,,,,Query:evt_102124,,buy_for_living,Query,evt_102124,,,,"cần mua căn hộ 5 phòng ngủ ở Quận 3 để ở, khu nhà giàu"
,,,,Query:evt_101655,,rent,Query,evt_101655,,,,thuê nhà phố Quận Thủ Đức 2 phòng ngủ giá vừa phải
,,,,Query:evt_101689,,buy_for_living,Query,evt_101689,,,,căn hộ Quận Gò Vấp giá hợp lý cho gia đình
,,,,Query:evt_101772,,rent,Query,evt_101772,,,,thuê căn hộ Quận 1 2 phòng ngủ ổn định
,,,,Query:evt_103223,,buy_for_living,Query,evt_103223,,,,tìm căn hộ Quận Bình Thạnh giá hợp lý gần trường học
,,,,Query:evt_102424,,investment,Query,evt_102424,,,,"mua căn hộ đầu tư ở Quận Tân Bình pháp lý rõ ràng, sang trọng"
,,,,Query:evt_104008,,buy_for_living,Query,evt_104008,,,,"cần mua căn hộ 4 phòng ngủ ở Phường An Phú để ở, khu nhà giàu"
,,,,Query:evt_102751,,investment,Query,evt_102751,,,,"mua căn hộ đầu tư ở Quận Thủ Đức pháp lý rõ ràng, giá tốt"
,,,,Query:evt_103516,,buy_for_living,Query,evt_103516,,,,"cần mua biệt thự 2 phòng ngủ ở Quận 9 để ở, giá hợp lý"
,,,,Query:evt_100222,,buy_for_living,Query,evt_100222,,,,"cần mua căn hộ 4 phòng ngủ ở Quận 1 để ở, cao cấp"
,,,,Query:evt_101867,,buy_for_living,Query,evt_101867,,,,nhà phố Quận Bình Thạnh giá vừa phải cho vợ chồng mới cưới
,,,,Query:evt_102655,,buy_for_living,Query,evt_102655,,,,căn hộ Quận 1 giá vừa phải cho vợ chồng mới cưới
,,,,Query:evt_100170,,investment,Query,evt_100170,,,,nhà phố Quận 9 sang trọng dòng tiền tốt
,,,,Query:evt_104140,,investment,Query,evt_104140,,,,căn hộ Quận 1 giá rẻ dòng tiền tốt
,,,,Query:evt_100748,,buy_for_living,Query,evt_100748,,,,"nhà ở Quận 1 thoáng mát 5pn, vị trí đẹp"
,,,,Query:evt_104482,,investment,Query,evt_104482,,,,nhà phố Quận Gò Vấp cao cấp cho thuê lại được
,,,,Query:evt_104236,,investment,Query,evt_104236,,,,nhà phố Quận 3 rẻ một chút cho thuê lại được
,,,,Query:evt_100497,,buy_for_living,Query,evt_100497,,,,căn hộ Quận 4 ổn định cho gia đình
,,,,Query:evt_103599,,buy_for_living,Query,evt_103599,,,,căn hộ Quận Thủ Đức tầm trung cho vợ chồng mới cưới
,,,,Query:evt_104187,,investment,Query,evt_104187,,,,"mua căn hộ đầu tư ở Quận Bình Thạnh pháp lý rõ ràng, ổn định"
,,,,Query:evt_102116,,investment,Query,evt_102116,,,,tìm đất nền Quận 7 giá tốt tiềm năng tăng giá
,,,,Query:evt_100186,,investment,Query,evt_100186,,,,"mua nhà phố đầu tư ở Quận 2 pháp lý rõ ràng, khu nhà giàu"
,,,,Query:evt_102451,,buy_for_living,Query,evt_102451,,,,nhà phố Quận 2 ổn định cho gia đình
,,,,Query:evt_102397,,buy_for_living,Query,evt_102397,,,,"cần mua căn hộ 1 phòng ngủ ở Quận Gò Vấp để ở, tầm trung"
,,,,Query:evt_102813,,investment,Query,evt_102813,,,,nhà phố Phường Dĩ An vị trí đẹp cho thuê lại được
,,,,Query:evt_103272,,buy_for_living,Query,evt_103272,,,,căn hộ Phường An Phú tầm trung cho vợ chồng mới cưới
,,,,Query:evt_102542,,buy_for_living,Query,evt_102542,,,,căn hộ Quận 9 giá rẻ cho gia đình
,,,,Query:evt_102330,,rent,Query,evt_102330,,,,đất nền Phường Dĩ An bình dân cho thuê gần metro
,,,,Query:evt_102821,,investment,Query,evt_102821,,,,nhà phố Phường Hiệp Bình khu nhà giàu cho thuê lại được
,,,,Query:evt_103209,,buy_for_living,Query,evt_103209,,,,"nhà ở Quận 7 thoáng mát 4pn, vị trí đẹp"
,,,,Query:evt_101792,,investment,Query,evt_101792,,,,tìm căn hộ Phường Dĩ An giá vừa phải tiềm năng tăng giá
,,,,Query:evt_101034,,buy_for_living,Query,evt_101034,,,,nhà phố Quận 3 khu nhà giàu cho vợ chồng mới cưới
,,,,Query:evt_101257,,buy_for_living,Query,evt_101257,,,,"cần mua căn hộ 2 phòng ngủ ở Quận 9 để ở, bình dân"
,,,,Query:evt_103648,,investment,Query,evt_103648,,,,tìm căn hộ Quận Bình Thạnh bình dân tiềm năng tăng giá
,,,,Query:evt_102319,,rent,Query,evt_102319,,,,tìm phòng căn hộ ở Quận Bình Thạnh giá vừa phải
,,,,Query:evt_103515,,buy_for_living,Query,evt_103515,,,,"nhà ở Quận 4 thoáng mát 3pn, ổn định"
,,,,Query:evt_101787,,buy_for_living,Query,evt_101787,,,,"cần mua căn hộ 6 phòng ngủ ở Quận Gò Vấp để ở, cao cấp"
,,,,Query:evt_102109,,rent,Query,evt_102109,,,,"cần thuê căn hộ Quận Thủ Đức full nội thất, cao cấp"
,,,,Query:evt_100710,,buy_for_living,Query,evt_100710,,,,nhà phố Quận 3 bình dân cho vợ chồng mới cưới
,,,,Query:evt_100870,,buy_for_living,Query,evt_100870,,,,"cần mua căn hộ 2 phòng ngủ ở Quận 7 để ở, giá hợp lý"
,,,,Query:evt_104039,,rent,Query,evt_104039,,,,"cần thuê nhà phố Quận 1 full nội thất, cao cấp"
,,,,Query:evt_102557,,investment,Query,evt_102557,,,,căn hộ Quận Thủ Đức cao cấp dòng tiền tốt
,,,,Query:evt_100325,,buy_for_living,Query,evt_100325,,,,căn hộ Quận 7 giá hợp lý cho vợ chồng mới cưới
,,,,Query:evt_103479,,buy_for_living,Query,evt_103479,,,,tìm căn hộ Quận 1 rẻ một chút gần trường học
,,,,Query:evt_104188,,investment,Query,evt_104188,,,,căn hộ Quận 4 cao cấp dòng tiền tốt
,,,,Query:evt_101443,,investment,Query,evt_101443,,,,căn hộ Phường An Phú giá hợp lý dòng tiền tốt
,,,,Query:evt_103780,,investment,Query,evt_103780,,,,"mua nhà phố đầu tư ở Quận 2 pháp lý rõ ràng, giá vừa phải"
,,,,Query:evt_101043,,rent,Query,evt_101043,,,,căn hộ Phường Long Bình giá mềm cho thuê gần metro
,,,,Query:evt_102817,,investment,Query,evt_102817,,,,"mua nhà phố đầu tư ở Quận 7 pháp lý rõ ràng, giá rẻ"
,,,,Query:evt_100175,,investment,Query,evt_100175,,,,căn hộ Quận 1 giá vừa phải cho thuê lại được
,,,,Query:evt_102982,,investment,Query,evt_102982,,,,căn hộ Quận Tân Bình giá tốt cho thuê lại được
,,,,Query:evt_103332,,buy_for_living,Query,evt_103332,,,,"nhà ở Quận Thủ Đức thoáng mát 4pn, cao cấp"
,,,,Query:evt_100848,,investment,Query,evt_100848,,,,nhà phố Quận 4 giá vừa phải cho thuê lại được
,,,,Query:evt_101063,,investment,Query,evt_101063,,,,đất nền Quận Bình Thạnh sang trọng dòng tiền tốt
,,,,Query:evt_102449,,buy_for_living,Query,evt_102449,,,,tìm căn hộ Quận 1 giá hợp lý gần trường học
,,,,Query:evt_103056,,buy_for_living,Query,evt_103056,,,,"cần mua nhà phố 3 phòng ngủ ở Quận Bình Thạnh để ở, vị trí đẹp"
,,,,Query:evt_100051,,buy_for_living,Query,evt_100051,,,,căn hộ Quận 3 ổn định cho gia đình
,,,,Query:evt_102302,,buy_for_living,Query,evt_102302,,,,đất nền Quận Tân Bình ổn định cho gia đình
,,,,Query:evt_104289,,investment,Query,evt_104289,,,,tìm căn hộ Phường Dĩ An cao cấp tiềm năng tăng giá
,,,,Query:evt_100504,,buy_for_living,Query,evt_100504,,,,"nhà ở Quận 1 thoáng mát 4pn, ổn định"
,,,,Query:evt_103137,,buy_for_living,Query,evt_103137,,,,tìm căn hộ Phường An Phú giá rẻ gần trường học
,,,,Query:evt_100103,,investment,Query,evt_100103,,,,tìm nhà phố Quận 1 ổn định tiềm năng tăng giá
,,,,Query:evt_101387,,rent,Query,evt_101387,,,,tìm phòng căn hộ ở Quận Thủ Đức giá tốt
,,,,Query:evt_104164,,buy_for_living,Query,evt_104164,,,,nhà phố Quận Tân Bình ổn định cho gia đình
,,,,Query:evt_101199,,rent,Query,evt_101199,,,,thuê nhà phố Phường An Phú 6 phòng ngủ cao cấp
,,,,Query:evt_100839,,investment,Query,evt_100839,,,,căn hộ Quận Gò Vấp giá vừa phải dòng tiền tốt
,,,,Query:evt_100822,,buy_for_living,Query,evt_100822,,,,căn hộ Quận 1 bình dân cho vợ chồng mới cưới
,,,,Query:evt_101351,,buy_for_living,Query,evt_101351,,,,"nhà ở Quận 7 thoáng mát 3pn, vị trí đẹp"
,,,,Query:evt_102824,,investment,Query,evt_102824,,,,"mua nhà phố đầu tư ở Quận 3 pháp lý rõ ràng, rẻ một chút"
,,,,Query:evt_100753,,buy_for_living,Query,evt_100753,,,,"cần mua biệt thự 4 phòng ngủ ở Quận Tân Bình để ở, khu nhà giàu"
,,,,Query:evt_100532,,buy_for_living,Query,evt_100532,,,,tìm nhà phố Quận 3 bình dân gần trường học
,,,,Query:evt_103092,,investment,Query,evt_103092,,,,nhà phố Quận 2 tầm trung dòng tiền tốt
,,,,Query:evt_101740,,buy_for_living,Query,evt_101740,,,,"nhà ở Phường An Phú thoáng mát 3pn, rẻ một chút"
,,,,Query:evt_102264,,buy_for_living,Query,evt_102264,,,,tìm căn hộ Quận Thủ Đức cao cấp gần trường học
,,,,Query:evt_102274,,buy_for_living,Query,evt_102274,,,,"cần mua nhà phố 2 phòng ngủ ở Quận 1 để ở, giá hợp lý"
,,,,Query:evt_103910,,buy_for_living,Query,evt_103910,,,,tìm căn hộ Quận 1 tầm trung gần trường học
,,,,Query:evt_104504,,investment,Query,evt_104504,,,,tìm nhà phố Quận 1 cao cấp tiềm năng tăng giá
,,,,Query:evt_100303,,buy_for_living,Query,evt_100303,,,,tìm căn hộ Quận 3 giá hợp lý gần trường học
,,,,Query:evt_102428,,investment,Query,evt_102428,,,,nhà phố Quận Bình Thạnh giá hợp lý dòng tiền tốt
,,,,Query:evt_104016,,buy_for_living,Query,evt_104016,,,,đất nền Quận Bình Thạnh ổn định cho gia đình
,,,,Query:evt_102008,,investment,Query,evt_102008,,,,"mua căn hộ đầu tư ở Quận 9 pháp lý rõ ràng, sang trọng"
,,,,Query:evt_102041,,investment,Query,evt_102041,,,,nhà phố Quận 1 vị trí đẹp cho thuê lại được
,,,,Query:evt_103119,,rent,Query,evt_103119,,,,"cần thuê đất nền Quận 3 full nội thất, giá vừa phải"
,,,,Query:evt_101442,,investment,Query,evt_101442,,,,"mua nhà phố đầu tư ở Quận 7 pháp lý rõ ràng, sang trọng"
,,,,Query:evt_103686,,investment,Query,evt_103686,,,,tìm căn hộ Quận Tân Bình rẻ một chút tiềm năng tăng giá
,,,,Query:evt_101188,,buy_for_living,Query,evt_101188,,,,"nhà ở Quận 4 thoáng mát 0pn, rẻ một chút"
,,,,Query:evt_100689,,investment,Query,evt_100689,,,,"mua nhà phố đầu tư ở Phường Dĩ An pháp lý rõ ràng, giá vừa phải"
,,,,Query:evt_100712,,buy_for_living,Query,evt_100712,,,,căn hộ Quận 9 giá vừa phải cho vợ chồng mới cưới
,,,,Query:evt_104010,,buy_for_living,Query,evt_104010,,,,tìm đất nền Phường Dĩ An khu nhà giàu gần trường học
,,,,Query:evt_100463,,investment,Query,evt_100463,,,,"mua căn hộ đầu tư ở Quận 7 pháp lý rõ ràng, giá tốt"
,,,,Query:evt_102189,,investment,Query,evt_102189,,,,nhà phố Quận Thủ Đức giá hợp lý dòng tiền tốt
,,,,Query:evt_103304,,investment,Query,evt_103304,,,,căn hộ Quận 1 bình dân dòng tiền tốt
,,,,Query:evt_100834,,investment,Query,evt_100834,,,,căn hộ Quận 1 giá rẻ dòng tiền tốt
,,,,Query:evt_102224,,buy_for_living,Query,evt_102224,,,,"nhà ở Quận 9 thoáng mát 0pn, giá tốt"
,,,,Query:evt_103550,,buy_for_living,Query,evt_103550,,,,tìm căn hộ Quận 4 giá rẻ gần trường học
,,,,Query:evt_102734,,buy_for_living,Query,evt_102734,,,,"nhà ở Quận 1 thoáng mát 2pn, giá hợp lý"
,,,,Query:evt_100849,,investment,Query,evt_100849,,,,nhà phố Quận 1 giá tốt dòng tiền tốt
,,,,Query:evt_102676,,rent,Query,evt_102676,,,,thuê căn hộ Quận Thủ Đức 4 phòng ngủ sang trọng
,,,,Query:evt_103927,,buy_for_living,Query,evt_103927,,,,đất nền Quận Gò Vấp khu nhà giàu cho gia đình
,,,,Query:evt_101882,,buy_for_living,Query,evt_101882,,,,nhà phố Quận 1 giá rẻ cho vợ chồng mới cưới
,,,,Query:evt_103943,,buy_for_living,Query,evt_103943,,,,căn hộ Quận 7 rẻ một chút cho gia đình
,,,,Query:evt_102556,,investment,Query,evt_102556,,,,căn hộ Quận 3 sang trọng cho thuê lại được
,,,,Query:evt_104022,,rent,Query,evt_104022,,,,biệt thự Quận Bình Thạnh giá vừa phải cho thuê gần metro
,,,,Query:evt_101527,,investment,Query,evt_101527,,,,đất nền Quận 1 ổn định cho thuê lại được
,,,,Query:evt_103089,,investment,Query,evt_103089,,,,tìm nhà phố Quận Tân Bình rẻ một chút tiềm năng tăng giá
,,,,Query:evt_101494,,buy_for_living,Query,evt_101494,,,,đất nền Quận 9 giá hợp lý cho gia đình
,,,,Query:evt_101275,,investment,Query,evt_101275,,,,"mua căn hộ đầu tư ở Quận 7 pháp lý rõ ràng, tầm trung"
,,,,Query:evt_102809,,buy_for_living,Query,evt_102809,,,,"nhà ở Quận 1 thoáng mát 0pn, rẻ một chút"
,,,,Query:evt_102446,,buy_for_living,Query,evt_102446,,,,tìm căn hộ Quận 2 giá hợp lý gần trường học
,,,,Query:evt_100488,,buy_for_living,Query,evt_100488,,,,"cần mua căn hộ 3 phòng ngủ ở Quận 9 để ở, giá vừa phải"
,,,,Query:evt_100369,,investment,Query,evt_100369,,,,"mua nhà phố đầu tư ở Quận 4 pháp lý rõ ràng, ổn định"
,,,,Query:evt_101421,,buy_for_living,Query,evt_101421,,,,tìm căn hộ Quận 9 sang trọng gần trường học
,,,,Query:evt_102085,,buy_for_living,Query,evt_102085,,,,căn hộ Phường Long Bình giá mềm cho vợ chồng mới cưới
,,,,Query:evt_102694,,investment,Query,evt_102694,,,,căn hộ Phường Hiệp Bình tầm trung dòng tiền tốt
,,,,Query:evt_101702,,buy_for_living,Query,evt_101702,,,,căn hộ Quận 7 giá hợp lý cho gia đình
,,,,Query:evt_103565,,investment,Query,evt_103565,,,,"mua đất nền đầu tư ở Quận 3 pháp lý rõ ràng, sang trọng"
,,,,Query:evt_100750,,buy_for_living,Query,evt_100750,,,,căn hộ Quận 3 giá hợp lý cho vợ chồng mới cưới
,,,,Query:evt_101047,,rent,Query,evt_101047,,,,căn hộ Quận 3 sang trọng cho thuê gần metro
,,,,Query:evt_102740,,buy_for_living,Query,evt_102740,,,,tìm căn hộ Quận Tân Bình sang trọng gần trường học
,,,,Query:evt_102939,,buy_for_living,Query,evt_102939,,,,"cần mua căn hộ 3 phòng ngủ ở Phường Dĩ An để ở, giá vừa phải"
,,,,Query:evt_102045,,buy_for_living,Query,evt_102045,,,,"cần mua đất nền 4 phòng ngủ ở Quận 1 để ở, giá vừa phải"
,,,,Query:evt_101995,,buy_for_living,Query,evt_101995,,,,nhà phố Quận 4 vị trí đẹp cho gia đình
,,,,Query:evt_101920,,buy_for_living,Query,evt_101920,,,,căn hộ Quận Thủ Đức giá mềm cho vợ chồng mới cưới
,,,,Query:evt_103243,,rent,Query,evt_103243,,,,căn hộ Quận Bình Thạnh giá rẻ cho thuê gần metro
,,,,Query:evt_100930,,buy_for_living,Query,evt_100930,,,,"nhà ở Quận 9 thoáng mát 1pn, giá tốt"
,,,,Query:evt_102263,,buy_for_living,Query,evt_102263,,,,tìm căn hộ Quận Bình Thạnh ổn định gần trường học
,,,,Query:evt_102681,,investment,Query,evt_102681,,,,"mua biệt thự đầu tư ở Quận 9 pháp lý rõ ràng, giá hợp lý"
,,,,Query:evt_100939,,investment,Query,evt_100939,,,,căn hộ Quận Thủ Đức rẻ một chút dòng tiền tốt
,,,,Query:evt_102594,,buy_for_living,Query,evt_102594,,,,căn hộ Quận 1 bình dân cho gia đình
,,,,Query:evt_104063,,buy_for_living,Query,evt_104063,,,,đất nền Phường An Phú vị trí đẹp cho gia đình
,,,,Query:evt_103617,,buy_for_living,Query,evt_103617,,,,đất nền Phường An Phú giá hợp lý cho vợ chồng mới cưới
,,,,Query:evt_100281,,rent,Query,evt_100281,,,,tìm phòng biệt thự ở Quận 2 giá hợp lý
,,,,Query:evt_101248,,buy_for_living,Query,evt_101248,,,,căn hộ Quận Bình Thạnh khu nhà giàu cho vợ chồng mới cưới
,,,,Query:evt_102504,,buy_for_living,Query,evt_102504,,,,căn hộ Phường Dĩ An vị trí đẹp cho gia đình
,,,,Query:evt_103578,,buy_for_living,Query,evt_103578,,,,"nhà ở Quận 1 thoáng mát 3pn, bình dân"
,,,,Query:evt_103957,,buy_for_living,Query,evt_103957,,,,"nhà ở Quận Gò Vấp thoáng mát 4pn, tầm trung"
,,,,Query:evt_101566,,buy_for_living,Query,evt_101566,,,,căn hộ Quận 9 sang trọng cho gia đình
,,,,Query:evt_104166,,buy_for_living,Query,evt_104166,,,,căn hộ Phường Long Bình khu nhà giàu cho gia đình
,,,,Query:evt_102644,,rent,Query,evt_102644,,,,"cần thuê căn hộ Quận 7 full nội thất, giá rẻ"
,,,,Query:evt_104235,,investment,Query,evt_104235,,,,"mua đất nền đầu tư ở Quận Thủ Đức pháp lý rõ ràng, cao cấp"
,,,,Query:evt_104080,,buy_for_living,Query,evt_104080,,,,căn hộ Phường Dĩ An tầm trung cho vợ chồng mới cưới
,,,,Query:evt_101029,,buy_for_living,Query,evt_101029,,,,tìm căn hộ Quận Thủ Đức giá vừa phải gần trường học
,,,,Query:evt_102961,,investment,Query,evt_102961,,,,đất nền Quận 3 giá tốt dòng tiền tốt
,,,,Query:evt_101506,,buy_for_living,Query,evt_101506,,,,căn hộ Quận 7 ổn định cho gia đình
,,,,Query:evt_102236,,buy_for_living,Query,evt_102236,,,,tìm căn hộ Quận Tân Bình sang trọng gần trường học
,,,,Query:evt_100632,,rent,Query,evt_100632,,,,căn hộ Quận 7 giá mềm cho thuê gần metro
,,,,Query:evt_102254,,investment,Query,evt_102254,,,,"mua căn hộ đầu tư ở Quận 1 pháp lý rõ ràng, ổn định"
,,,,Query:evt_104352,,rent,Query,evt_104352,,,,tìm phòng căn hộ ở Quận 4 cao cấp
,,,,Query:evt_101618,,buy_for_living,Query,evt_101618,,,,đất nền Quận Tân Bình bình dân cho vợ chồng mới cưới
,,,,Query:evt_102738,,buy_for_living,Query,evt_102738,,,,căn hộ Quận Thủ Đức bình dân cho vợ chồng mới cưới
,,,,Query:evt_102481,,buy_for_living,Query,evt_102481,,,,căn hộ Quận Bình Thạnh tầm trung cho gia đình
,,,,Query:evt_103682,,investment,Query,evt_103682,,,,biệt thự Quận 7 cao cấp cho thuê lại được
,,,,Query:evt_101356,,buy_for_living,Query,evt_101356,,,,căn hộ Phường Dĩ An ổn định cho gia đình
,,,,Query:evt_104507,,investment,Query,evt_104507,,,,tìm căn hộ Quận 1 giá mềm tiềm năng tăng giá
,,,,Query:evt_102812,,investment,Query,evt_102812,,,,tìm căn hộ Phường Dĩ An ổn định tiềm năng tăng giá
,,,,Query:evt_103343,,buy_for_living,Query,evt_103343,,,,đất nền Quận 4 giá tốt cho gia đình
,,,,Query:evt_104064,,investment,Query,evt_104064,,,,"mua căn hộ đầu tư ở Quận Tân Bình pháp lý rõ ràng, giá mềm"
,,,,Query:evt_101953,,buy_for_living,Query,evt_101953,,,,"nhà ở Quận 7 thoáng mát 3pn, giá hợp lý"
,,,,Query:evt_102485,,buy_for_living,Query,evt_102485,,,,"cần mua nhà phố 3 phòng ngủ ở Quận 7 để ở, bình dân"
,,,,Query:evt_103356,,buy_for_living,Query,evt_103356,,,,tìm nhà phố Phường An Phú giá vừa phải gần trường học
,,,,Query:evt_102278,,investment,Query,evt_102278,,,,nhà phố Quận 7 giá tốt dòng tiền tốt
,,,,Query:evt_104491,,investment,Query,evt_104491,,,,căn hộ Quận 2 khu nhà giàu cho thuê lại được
,,,,Query:evt_102431,,investment,Query,evt_102431,,,,"mua nhà phố đầu tư ở Quận 7 pháp lý rõ ràng, rẻ một chút"
,,,,Query:evt_101381,,buy_for_living,Query,evt_101381,,,,căn hộ Quận 7 giá vừa phải cho vợ chồng mới cưới
,,,,Query:evt_101814,,buy_for_living,Query,evt_101814,,,,"nhà ở Quận Tân Bình thoáng mát 2pn, rẻ một chút"
,,,,Query:evt_101137,,buy_for_living,Query,evt_101137,,,,căn hộ Phường Hiệp Bình tầm trung cho vợ chồng mới cưới
,,,,Query:evt_101617,,buy_for_living,Query,evt_101617,,,,tìm căn hộ Phường Long Bình tầm trung gần trường học
,,,,Query:evt_101487,,buy_for_living,Query,evt_101487,,,,tìm biệt thự Quận Bình Thạnh tầm trung gần trường học
,,,,Query:evt_102915,,buy_for_living,Query,evt_102915,,,,"cần mua căn hộ 6 phòng ngủ ở Quận 2 để ở, khu nhà giàu"
,,,,Query:evt_101228,,investment,Query,evt_101228,,,,tìm căn hộ Quận 2 ổn định tiềm năng tăng giá
,,,,Query:evt_101076,,buy_for_living,Query,evt_101076,,,,"nhà ở Quận 1 thoáng mát 5pn, cao cấp"
,,,,Query:evt_103453,,rent,Query,evt_103453,,,,tìm phòng căn hộ ở Quận 1 rẻ một chút
,,,,Query:evt_102937,,buy_for_living,Query,evt_102937,,,,đất nền Quận 4 giá mềm cho vợ chồng mới cưới
,,,,Query:evt_102768,,buy_for_living,Query,evt_102768,,,,nhà phố Quận 7 cao cấp cho vợ chồng mới cưới
,,,,Query:evt_101917,,buy_for_living,Query,evt_101917,,,,"nhà ở Quận 7 thoáng mát 3pn, giá rẻ"
,,,,Query:evt_101415,,investment,Query,evt_101415,,,,"mua biệt thự đầu tư ở Quận 7 pháp lý rõ ràng, bình dân"
,,,,Query:evt_100811,,buy_for_living,Query,evt_100811,,,,"nhà ở Quận Gò Vấp thoáng mát 4pn, giá hợp lý"
,,,,Query:evt_102007,,investment,Query,evt_102007,,,,tìm căn hộ Quận 9 vị trí đẹp tiềm năng tăng giá
,,,,Query:evt_103327,,buy_for_living,Query,evt_103327,,,,"cần mua đất nền 4 phòng ngủ ở Quận Thủ Đức để ở, sang trọng"
,,,,Query:evt_103117,,rent,Query,evt_103117,,,,"cần thuê nhà phố Quận Thủ Đức full nội thất, tầm trung"
,,,,Query:evt_100034,,rent,Query,evt_100034,,,,"cần thuê căn hộ Quận Bình Thạnh full nội thất, giá rẻ"
,,,,Query:evt_102914,,buy_for_living,Query,evt_102914,,,,đất nền Quận 1 cao cấp cho gia đình
,,,,Query:evt_101481,,buy_for_living,Query,evt_101481,,,,nhà phố Quận 1 khu nhà giàu cho gia đình
,,,,Query:evt_104350,,rent,Query,evt_104350,,,,thuê căn hộ Quận Bình Thạnh 4 phòng ngủ khu nhà giàu
,,,,Query:evt_104263,,buy_for_living,Query,evt_104263,,,,"cần mua căn hộ 4 phòng ngủ ở Quận Thủ Đức để ở, vị trí đẹp"
,,,,Query:evt_100016,,buy_for_living,Query,evt_100016,,,,"nhà ở Quận Thủ Đức thoáng mát 1pn, giá rẻ"
,,,,Query:evt_100938,,investment,Query,evt_100938,,,,tìm nhà phố Quận 9 giá hợp lý tiềm năng tăng giá
,,,,Query:evt_101800,,investment,Query,evt_101800,,,,"mua nhà phố đầu tư ở Quận Gò Vấp pháp lý rõ ràng, ổn định"
,,,,Query:evt_100194,,investment,Query,evt_100194,,,,nhà phố Quận 7 cao cấp dòng tiền tốt
,,,,Query:evt_100836,,investment,Query,evt_100836,,,,tìm căn hộ Quận Thủ Đức giá tốt tiềm năng tăng giá
,,,,Query:evt_100605,,buy_for_living,Query,evt_100605,,,,"cần mua căn hộ 6 phòng ngủ ở Quận 7 để ở, cao cấp"
,,,,Query:evt_101493,,buy_for_living,Query,evt_101493,,,,"nhà ở Quận 1 thoáng mát 2pn, giá tốt"
,,,,Query:evt_103501,,buy_for_living,Query,evt_103501,,,,đất nền Quận 7 giá rẻ cho vợ chồng mới cưới
,,,,Query:evt_100983,,investment,Query,evt_100983,,,,"mua căn hộ đầu tư ở Quận 7 pháp lý rõ ràng, giá rẻ"
,,,,Query:evt_103185,,investment,Query,evt_103185,,,,căn hộ Quận Tân Bình giá vừa phải cho thuê lại được
,,,,Query:evt_103336,,buy_for_living,Query,evt_103336,,,,"nhà ở Quận 7 thoáng mát 1pn, ổn định"
,,,,Query:evt_103376,,rent,Query,evt_103376,,,,tìm phòng căn hộ ở Phường Hiệp Bình sang trọng
,,,,Query:evt_103464,,investment,Query,evt_103464,,,,tìm căn hộ Phường Long Bình rẻ một chút tiềm năng tăng giá
,,,,Query:evt_102597,,buy_for_living,Query,evt_102597,,,,"cần mua nhà phố 2 phòng ngủ ở Quận Thủ Đức để ở, cao cấp"
,,,,Query:evt_103869,,investment,Query,evt_103869,,,,"mua căn hộ đầu tư ở Phường An Phú pháp lý rõ ràng, tầm trung"
,,,,Query:evt_103608,,buy_for_living,Query,evt_103608,,,,căn hộ Quận 9 rẻ một chút cho gia đình
,,,,Query:evt_102352,,buy_for_living,Query,evt_102352,,,,biệt thự Quận 1 cao cấp cho gia đình
,,,,Query:evt_100844,,investment,Query,evt_100844,,,,biệt thự Phường Dĩ An giá rẻ dòng tiền tốt
,,,,Query:evt_102708,,buy_for_living,Query,evt_102708,,,,"nhà ở Quận Thủ Đức thoáng mát 2pn, giá tốt"
,,,,Query:evt_100638,,investment,Query,evt_100638,,,,"mua căn hộ đầu tư ở Quận 9 pháp lý rõ ràng, bình dân"
,,,,Query:evt_100730,,buy_for_living,Query,evt_100730,,,,tìm căn hộ Quận Gò Vấp giá mềm gần trường học
,,,,Query:evt_100872,,buy_for_living,Query,evt_100872,,,,căn hộ Quận Thủ Đức cao cấp cho vợ chồng mới cưới
,,,,Query:evt_100602,,buy_for_living,Query,evt_100602,,,,nhà phố Phường Dĩ An bình dân cho vợ chồng mới cưới
,,,,Query:evt_102090,,buy_for_living,Query,evt_102090,,,,"cần mua nhà phố 6 phòng ngủ ở Quận 2 để ở, cao cấp"
,,,,Query:evt_102913,,buy_for_living,Query,evt_102913,,,,căn hộ Quận 1 khu nhà giàu cho gia đình
,,,,Query:evt_100917,,buy_for_living,Query,evt_100917,,,,"cần mua căn hộ 5 phòng ngủ ở Phường Dĩ An để ở, khu nhà giàu"
,,,,Query:evt_102894,,buy_for_living,Query,evt_102894,,,,"cần mua căn hộ 6 phòng ngủ ở Quận 9 để ở, cao cấp"
,,,,Query:evt_101684,,investment,Query,evt_101684,,,,nhà phố Quận Bình Thạnh giá rẻ cho thuê lại được
,,,,Query:evt_100613,,buy_for_living,Query,evt_100613,,,,đất nền Quận 2 bình dân cho vợ chồng mới cưới
,,,,Query:evt_103082,,rent,Query,evt_103082,,,,"cần thuê căn hộ Phường Dĩ An full nội thất, giá mềm"
,,,,Query:evt_101419,,buy_for_living,Query,evt_101419,,,,tìm căn hộ Quận 9 giá rẻ gần trường học
,,,,Query:evt_101938,,buy_for_living,Query,evt_101938,,,,căn hộ Quận 4 giá tốt cho gia đình
,,,,Query:evt_101553,,buy_for_living,Query,evt_101553,,,,căn hộ Quận 1 giá mềm cho gia đình
,,,,Query:evt_103841,,buy_for_living,Query,evt_103841,,,,tìm căn hộ Quận Bình Thạnh sang trọng gần trường học
,,,,Query:evt_103131,,buy_for_living,Query,evt_103131,,,,biệt thự Quận Gò Vấp tầm trung cho vợ chồng mới cưới
,,,,Query:evt_100266,,rent,Query,evt_100266,,,,căn hộ Quận Gò Vấp vị trí đẹp cho thuê gần metro
,,,,Query:evt_102554,,investment,Query,evt_102554,,,,căn hộ Quận 4 giá hợp lý cho thuê lại được
,,,,Query:evt_103022,,buy_for_living,Query,evt_103022,,,,"cần mua căn hộ 2 phòng ngủ ở Quận 2 để ở, bình dân"
,,,,Query:evt_100801,,investment,Query,evt_100801,,,,nhà phố Quận 7 tầm trung cho thuê lại được
,,,,Query:evt_101646,,buy_for_living,Query,evt_101646,,,,"cần mua biệt thự 2 phòng ngủ ở Quận Tân Bình để ở, giá tốt"
,,,,Query:evt_104377,,buy_for_living,Query,evt_104377,,,,"cần mua căn hộ 3 phòng ngủ ở Quận 7 để ở, giá vừa phải"
,,,,Query:evt_103146,,buy_for_living,Query,evt_103146,,,,tìm căn hộ Phường An Phú ổn định gần trường học
,,,,Query:evt_100687,,investment,Query,evt_100687,,,,tìm căn hộ Quận 3 cao cấp tiềm năng tăng giá
,,,,Query:evt_100697,,buy_for_living,Query,evt_100697,,,,tìm căn hộ Quận Tân Bình giá vừa phải gần trường học
,,,,Query:evt_102134,,investment,Query,evt_102134,,,,"mua căn hộ đầu tư ở Phường Dĩ An pháp lý rõ ràng, vị trí đẹp"
,,,,Query:evt_100095,,buy_for_living,Query,evt_100095,,,,"nhà ở Quận 7 thoáng mát 3pn, cao cấp"
,,,,Query:evt_100826,,investment,Query,evt_100826,,,,"mua căn hộ đầu tư ở Quận Thủ Đức pháp lý rõ ràng, sang trọng"
,,,,Query:evt_100377,,rent,Query,evt_100377,,,,tìm phòng căn hộ ở Quận Thủ Đức ổn định
,,,,Query:evt_101452,,investment,Query,evt_101452,,,,"mua căn hộ đầu tư ở Quận 2 pháp lý rõ ràng, bình dân"
,,,,Query:evt_103449,,rent,Query,evt_103449,,,,"cần thuê nhà phố Quận 3 full nội thất, ổn định"
,,,,Query:evt_100043,,rent,Query,evt_100043,,,,thuê đất nền Quận 1 3 phòng ngủ vị trí đẹp
,,,,Query:evt_103354,,buy_for_living,Query,evt_103354,,,,tìm căn hộ Quận Bình Thạnh giá tốt gần trường học
,,,,Query:evt_103210,,buy_for_living,Query,evt_103210,,,,"cần mua căn hộ 3 phòng ngủ ở Phường Long Bình để ở, tầm trung"
,,,,Query:evt_100492,,buy_for_living,Query,evt_100492,,,,"cần mua căn hộ 2 phòng ngủ ở Phường Long Bình để ở, giá tốt"
,,,,Query:evt_101084,,buy_for_living,Query,evt_101084,,,,tìm nhà phố Quận 9 giá mềm gần trường học
,,,,Query:evt_104152,,buy_for_living,Query,evt_104152,,,,căn hộ Quận 7 giá rẻ cho vợ chồng mới cưới
,,,,Query:evt_104094,,rent,Query,evt_104094,,,,tìm phòng đất nền ở Quận 9 bình dân
,,,,Query:evt_103172,,buy_for_living,Query,evt_103172,,,,tìm căn hộ Phường Hiệp Bình cao cấp gần trường học
,,,,Query:evt_101987,,buy_for_living,Query,evt_101987,,,,"nhà ở Quận Gò Vấp thoáng mát 3pn, giá vừa phải"
,,,,Query:evt_102849,,buy_for_living,Query,evt_102849,,,,tìm nhà phố Quận Thủ Đức ổn định gần trường học
,,,,Query:evt_101526,,investment,Query,evt_101526,,,,tìm căn hộ Quận 2 vị trí đẹp tiềm năng tăng giá
,,,,Query:evt_100425,,buy_for_living,Query,evt_100425,,,,căn hộ Quận 9 vị trí đẹp cho vợ chồng mới cưới
,,,,Query:evt_104422,,investment,Query,evt_104422,,,,tìm căn hộ Quận 9 giá hợp lý tiềm năng tăng giá
,,,,Query:evt_100577,,buy_for_living,Query,evt_100577,,,,tìm căn hộ Quận Gò Vấp giá mềm gần trường học
,,,,Query:evt_102320,,rent,Query,evt_102320,,,,tìm phòng căn hộ ở Quận 9 tầm trung
,,,,Query:evt_102943,,buy_for_living,Query,evt_102943,,,,căn hộ Quận Thủ Đức cao cấp cho gia đình
,,,,Query:evt_103240,,rent,Query,evt_103240,,,,"cần thuê căn hộ Quận 9 full nội thất, rẻ một chút"
,,,,Query:evt_103543,,buy_for_living,Query,evt_103543,,,,căn hộ Quận 2 giá hợp lý cho vợ chồng mới cưới
,,,,Query:evt_104223,,investment,Query,evt_104223,,,,căn hộ Quận 7 giá hợp lý dòng tiền tốt
,,,,Query:evt_103948,,buy_for_living,Query,evt_103948,,,,căn hộ Quận Thủ Đức tầm trung cho gia đình
,,,,Query:evt_102142,,investment,Query,evt_102142,,,,biệt thự Quận 3 sang trọng cho thuê lại được
,,,,Query:evt_100483,,buy_for_living,Query,evt_100483,,,,"nhà ở Phường Dĩ An thoáng mát 3pn, giá tốt"
,,,,Query:evt_102044,,buy_for_living,Query,evt_102044,,,,căn hộ Quận Tân Bình bình dân cho gia đình
,,,,Query:evt_102547,,investment,Query,evt_102547,,,,căn hộ Quận Thủ Đức tầm trung cho thuê lại được
,,,,Query:evt_103825,,investment,Query,evt_103825,,,,căn hộ Quận 7 giá mềm cho thuê lại được
,,,,Query:evt_102373,,investment,Query,evt_102373,,,,căn hộ Quận 2 khu nhà giàu cho thuê lại được
,,,,Query:evt_100896,,buy_for_living,Query,evt_100896,,,,nhà phố Quận 9 giá mềm cho vợ chồng mới cưới
,,,,Query:evt_102107,,rent,Query,evt_102107,,,,căn hộ Quận 9 giá tốt cho thuê gần metro
,,,,Query:evt_102112,,investment,Query,evt_102112,,,,"mua căn hộ đầu tư ở Quận Gò Vấp pháp lý rõ ràng, giá vừa phải"
,,,,Query:evt_103812,,investment,Query,evt_103812,,,,"mua căn hộ đầu tư ở Quận 9 pháp lý rõ ràng, giá tốt"
,,,,Query:evt_102051,,buy_for_living,Query,evt_102051,,,,tìm căn hộ Quận Thủ Đức ổn định gần trường học
,,,,Query:evt_103840,,buy_for_living,Query,evt_103840,,,,tìm căn hộ Quận 7 tầm trung gần trường học
,,,,Query:evt_101839,,buy_for_living,Query,evt_101839,,,,tìm đất nền Phường Hiệp Bình giá rẻ gần trường học
,,,,Query:evt_102891,,buy_for_living,Query,evt_102891,,,,"cần mua căn hộ 6 phòng ngủ ở Quận 3 để ở, vị trí đẹp"
,,,,Query:evt_103624,,buy_for_living,Query,evt_103624,,,,"nhà ở Quận 4 thoáng mát 1pn, ổn định"
,,,,Query:evt_101846,,buy_for_living,Query,evt_101846,,,,căn hộ Phường Long Bình giá hợp lý cho gia đình
,,,,Query:evt_104464,,buy_for_living,Query,evt_104464,,,,biệt thự Quận 4 cao cấp cho gia đình
,,,,Query:evt_102206,,investment,Query,evt_102206,,,,nhà phố Quận Bình Thạnh bình dân dòng tiền tốt
,,,,Query:evt_101832,,buy_for_living,Query,evt_101832,,,,tìm nhà phố Quận 4 cao cấp gần trường học
,,,,Query:evt_102884,,buy_for_living,Query,evt_102884,,,,tìm căn hộ Quận Bình Thạnh giá mềm gần trường học
,,,,Query:evt_103712,,investment,Query,evt_103712,,,,"mua biệt thự đầu tư ở Quận Tân Bình pháp lý rõ ràng, ổn định"
,,,,Query:evt_103963,,buy_for_living,Query,evt_103963,,,,nhà phố Quận Gò Vấp giá rẻ cho gia đình
,,,,Query:evt_102691,,investment,Query,evt_102691,,,,tìm căn hộ Phường Long Bình sang trọng tiềm năng tăng giá
,,,,Query:evt_100549,,buy_for_living,Query,evt_100549,,,,"cần mua đất nền 4 phòng ngủ ở Quận 2 để ở, vị trí đẹp"
,,,,Query:evt_101859,,buy_for_living,Query,evt_101859,,,,tìm đất nền Quận Tân Bình giá vừa phải gần trường học
,,,,Query:evt_103875,,investment,Query,evt_103875,,,,"mua căn hộ đầu tư ở Quận 9 pháp lý rõ ràng, giá mềm"
,,,,Query:evt_102805,,buy_for_living,Query,evt_102805,,,,"nhà ở Quận 7 thoáng mát 3pn, vị trí đẹp"
,,,,Query:evt_100534,,buy_for_living,Query,evt_100534,,,,nhà phố Quận Tân Bình giá tốt cho gia đình
,,,,Query:evt_100940,,investment,Query,evt_100940,,,,tìm biệt thự Quận 9 cao cấp tiềm năng tăng giá
,,,,Query:evt_100021,,buy_for_living,Query,evt_100021,,,,nhà phố Quận Thủ Đức giá vừa phải cho gia đình
,,,,Query:evt_100437,,buy_for_living,Query,evt_100437,,,,"nhà ở Phường Dĩ An thoáng mát 2pn, rẻ một chút"
,,,,Query:evt_103406,,investment,Query,evt_103406,,,,tìm căn hộ Quận 9 ổn định tiềm năng tăng giá
,,,,Query:evt_100998,,buy_for_living,Query,evt_100998,,,,đất nền Phường Long Bình giá mềm cho gia đình
,,,,Query:evt_102138,,investment,Query,evt_102138,,,,đất nền Phường Dĩ An giá rẻ cho thuê lại được
,,,,Query:evt_103645,,investment,Query,evt_103645,,,,tìm căn hộ Quận Thủ Đức vị trí đẹp tiềm năng tăng giá
,,,,Query:evt_101530,,investment,Query,evt_101530,,,,"mua nhà phố đầu tư ở Quận Thủ Đức pháp lý rõ ràng, khu nhà giàu"
,,,,Query:evt_101975,,investment,Query,evt_101975,,,,"mua căn hộ đầu tư ở Quận 3 pháp lý rõ ràng, sang trọng"
,,,,Query:evt_102079,,rent,Query,evt_102079,,,,căn hộ Quận Thủ Đức giá hợp lý cho thuê gần metro
,,,,Query:evt_103792,,investment,Query,evt_103792,,,,nhà phố Quận 3 rẻ một chút cho thuê lại được
,,,,Query:evt_103832,,investment,Query,evt_103832,,,,tìm căn hộ Quận Bình Thạnh khu nhà giàu tiềm năng tăng giá
,,,,Query:evt_102706,,buy_for_living,Query,evt_102706,,,,"nhà ở Quận Bình Thạnh thoáng mát 1pn, rẻ một chút"
,,,,Query:evt_100236,,buy_for_living,Query,evt_100236,,,,tìm căn hộ Quận 7 giá hợp lý gần trường học
,,,,Query:evt_104154,,buy_for_living,Query,evt_104154,,,,tìm căn hộ Phường Hiệp Bình giá rẻ gần trường học
,,,,Query:evt_102000,,investment,Query,evt_102000,,,,"mua căn hộ đầu tư ở Quận Thủ Đức pháp lý rõ ràng, tầm trung"
,,,,Query:evt_102469,,rent,Query,evt_102469,,,,tìm phòng căn hộ ở Quận 4 giá tốt
,,,,Query:evt_100916,,buy_for_living,Query,evt_100916,,,,"cần mua căn hộ 2 phòng ngủ ở Quận 2 để ở, giá hợp lý"
,,,,Query:evt_100507,,buy_for_living,Query,evt_100507,,,,"nhà ở Phường Long Bình thoáng mát 1pn, giá vừa phải"
,,,,Query:evt_103881,,buy_for_living,Query,evt_103881,,,,tìm nhà phố Quận 4 khu nhà giàu gần trường học
,,,,Query:evt_101008,,investment,Query,evt_101008,,,,căn hộ Quận 7 sang trọng dòng tiền tốt
,,,,Query:evt_104002,,buy_for_living,Query,evt_104002,,,,"nhà ở Quận Gò Vấp thoáng mát 5pn, khu nhà giàu"
,,,,Query:evt_100922,,buy_for_living,Query,evt_100922,,,,biệt thự Quận Gò Vấp giá vừa phải cho gia đình
,,,,Query:evt_104333,,investment,Query,evt_104333,,,,căn hộ Quận 9 tầm trung cho thuê lại được
,,,,Query:evt_101591,,buy_for_living,Query,evt_101591,,,,tìm nhà phố Quận Bình Thạnh bình dân gần trường học
,,,,Query:evt_101102,,investment,Query,evt_101102,,,,nhà phố Quận 1 giá mềm dòng tiền tốt
,,,,Query:evt_101991,,buy_for_living,Query,evt_101991,,,,"cần mua biệt thự 3 phòng ngủ ở Phường Dĩ An để ở, giá mềm"
,,,,Query:evt_101235,,investment,Query,evt_101235,,,,căn hộ Quận Bình Thạnh giá vừa phải dòng tiền tốt
,,,,Query:evt_103691,,buy_for_living,Query,evt_103691,,,,"cần mua căn hộ 2 phòng ngủ ở Quận Bình Thạnh để ở, bình dân"
,,,,Query:evt_102714,,investment,Query,evt_102714,,,,căn hộ Quận Thủ Đức giá vừa phải cho thuê lại được
,,,,Query:evt_104125,,buy_for_living,Query,evt_104125,,,,"cần mua căn hộ 2 phòng ngủ ở Quận 7 để ở, tầm trung"
,,,,Query:evt_104382,,buy_for_living,Query,evt_104382,,,,căn hộ Quận 1 bình dân cho gia đình
,,,,Query:evt_101907,,rent,Query,evt_101907,,,,"cần thuê đất nền Quận 1 full nội thất, giá vừa phải"
,,,,Query:evt_102859,,buy_for_living,Query,evt_102859,,,,tìm căn hộ Quận 7 bình dân gần trường học
,,,,Query:evt_100176,,investment,Query,evt_100176,,,,biệt thự Quận Gò Vấp khu nhà giàu dòng tiền tốt
,,,,Query:evt_100530,,buy_for_living,Query,evt_100530,,,,"nhà ở Quận Thủ Đức thoáng mát 1pn, giá mềm"
,,,,Query:evt_101662,,investment,Query,evt_101662,,,,biệt thự Quận 1 giá hợp lý cho thuê lại được
,,,,Query:evt_100996,,buy_for_living,Query,evt_100996,,,,tìm đất nền Quận 2 khu nhà giàu gần trường học
,,,,Query:evt_101127,,investment,Query,evt_101127,,,,tìm căn hộ Quận 7 giá tốt tiềm năng tăng giá
,,,,Query:evt_102052,,buy_for_living,Query,evt_102052,,,,căn hộ Phường Hiệp Bình giá tốt cho gia đình
,,,,Query:evt_103487,,buy_for_living,Query,evt_103487,,,,biệt thự Quận Gò Vấp bình dân cho gia đình
,,,,Query:evt_100728,,buy_for_living,Query,evt_100728,,,,"cần mua nhà phố 5 phòng ngủ ở Quận Thủ Đức để ở, khu nhà giàu"
,,,,Query:evt_104355,,rent,Query,evt_104355,,,,căn hộ Quận 9 vị trí đẹp cho thuê gần metro
,,,,Query:evt_100543,,buy_for_living,Query,evt_100543,,,,"nhà ở Quận 2 thoáng mát 4pn, giá vừa phải"
,,,,Query:evt_101928,,buy_for_living,Query,evt_101928,,,,căn hộ Quận Tân Bình cao cấp cho gia đình
,,,,Query:evt_102687,,investment,Query,evt_102687,,,,căn hộ Quận 2 vị trí đẹp cho thuê lại được
,,,,Query:evt_100167,,investment,Query,evt_100167,,,,"mua nhà phố đầu tư ở Quận Bình Thạnh pháp lý rõ ràng, bình dân"
,,,,Query:evt_100792,,investment,Query,evt_100792,,,,nhà phố Quận 2 khu nhà giàu cho thuê lại được
,,,,Query:evt_101665,,investment,Query,evt_101665,,,,"mua căn hộ đầu tư ở Quận 7 pháp lý rõ ràng, giá mềm"
,,,,Query:evt_101758,,buy_for_living,Query,evt_101758,,,,"cần mua căn hộ 2 phòng ngủ ở Quận 4 để ở, bình dân"
,,,,Query:evt_100203,,investment,Query,evt_100203,,,,căn hộ Quận 7 giá rẻ cho thuê lại được
,,,,Query:evt_101289,,investment,Query,evt_101289,,,,tìm căn hộ Quận Thủ Đức sang trọng tiềm năng tăng giá
,,,,Query:evt_102348,,buy_for_living,Query,evt_102348,,,,đất nền Quận 3 rẻ một chút cho vợ chồng mới cưới
,,,,Query:evt_104441,,investment,Query,evt_104441,,,,tìm biệt thự Quận Bình Thạnh giá tốt tiềm năng tăng giá
,,,,Query:evt_100606,,buy_for_living,Query,evt_100606,,,,"cần mua căn hộ 1 phòng ngủ ở Quận 7 để ở, ổn định"
,,,,Query:evt_104245,,investment,Query,evt_104245,,,,tìm căn hộ Quận 7 ổn định tiềm năng tăng giá
,,,,Query:evt_104072,,investment,Query,evt_104072,,,,"mua căn hộ đầu tư ở Quận Tân Bình pháp lý rõ ràng, giá vừa phải"
,,,,Query:evt_104380,,buy_for_living,Query,evt_104380,,,,"nhà ở Quận Gò Vấp thoáng mát 1pn, rẻ một chút"
,,,,Query:evt_101099,,investment,Query,evt_101099,,,,"mua căn hộ đầu tư ở Quận 3 pháp lý rõ ràng, khu nhà giàu"
,,,,Query:evt_103705,,investment,Query,evt_103705,,,,nhà phố Phường Long Bình giá tốt dòng tiền tốt
,,,,Query:evt_102501,,buy_for_living,Query,evt_102501,,,,căn hộ Quận 2 cao cấp cho gia đình
,,,,Query:evt_103924,,buy_for_living,Query,evt_103924,,,,tìm căn hộ Quận 1 giá hợp lý gần trường học
,,,,Query:evt_102192,,investment,Query,evt_102192,,,,căn hộ Quận 9 giá tốt dòng tiền tốt
,,,,Query:evt_100430,,buy_for_living,Query,evt_100430,,,,"nhà ở Quận 7 thoáng mát 2pn, giá mềm"
,,,,Query:evt_104104,,rent,Query,evt_104104,,,,thuê nhà phố Quận Gò Vấp 3 phòng ngủ giá rẻ
,,,,Query:evt_100244,,investment,Query,evt_100244,,,,căn hộ Phường Dĩ An khu nhà giàu cho thuê lại được
,,,,Query:evt_104506,,investment,Query,evt_104506,,,,căn hộ Quận Tân Bình giá rẻ cho thuê lại được
,,,,Query:evt_103770,,investment,Query,evt_103770,,,,nhà phố Quận 2 tầm trung dòng tiền tốt
,,,,Query:evt_100890,,rent,Query,evt_100890,,,,tìm phòng căn hộ ở Quận 2 rẻ một chút
,,,,Query:evt_101508,,buy_for_living,Query,evt_101508,,,,căn hộ Quận 2 giá vừa phải cho gia đình
,,,,Query:evt_101613,,buy_for_living,Query,evt_101613,,,,"cần mua nhà phố 4 phòng ngủ ở Quận 4 để ở, bình dân"
,,,,Query:evt_100389,,investment,Query,evt_100389,,,,căn hộ Quận 1 rẻ một chút dòng tiền tốt
,,,,Query:evt_100182,,investment,Query,evt_100182,,,,"mua nhà phố đầu tư ở Quận Gò Vấp pháp lý rõ ràng, khu nhà giàu"
,,,,Query:evt_103693,,buy_for_living,Query,evt_103693,,,,"nhà ở Phường Long Bình thoáng mát 2pn, khu nhà giàu"
,,,,Query:evt_101871,,buy_for_living,Query,evt_101871,,,,căn hộ Quận Bình Thạnh tầm trung cho gia đình
,,,,Query:evt_100105,,investment,Query,evt_100105,,,,tìm căn hộ Quận 9 giá rẻ tiềm năng tăng giá
,,,,Query:evt_102025,,buy_for_living,Query,evt_102025,,,,"cần mua căn hộ 1 phòng ngủ ở Quận Thủ Đức để ở, tầm trung"
,,,,Query:evt_101946,,buy_for_living,Query,evt_101946,,,,nhà phố Quận 7 khu nhà giàu cho vợ chồng mới cưới
,,,,Query:evt_101388,,rent,Query,evt_101388,,,,"cần thuê nhà phố Quận Thủ Đức full nội thất, giá mềm"
,,,,Query:evt_104181,,investment,Query,evt_104181,,,,căn hộ Quận Gò Vấp giá vừa phải cho thuê lại được
,,,,Query:evt_103878,,buy_for_living,Query,evt_103878,,,,biệt thự Phường Long Bình giá hợp lý cho gia đình
,,,,Query:evt_100794,,investment,Query,evt_100794,,,,căn hộ Quận Bình Thạnh khu nhà giàu cho thuê lại được
,,,,Query:evt_101870,,buy_for_living,Query,evt_101870,,,,"nhà ở Phường Dĩ An thoáng mát 5pn, rẻ một chút"
,,,,Query:evt_103867,,investment,Query,evt_103867,,,,căn hộ Quận Bình Thạnh giá hợp lý dòng tiền tốt
,,,,Query:evt_103890,,buy_for_living,Query,evt_103890,,,,"cần mua đất nền 3 phòng ngủ ở Quận 9 để ở, ổn định"
,,,,Query:evt_103523,,buy_for_living,Query,evt_103523,,,,tìm căn hộ Quận Gò Vấp giá hợp lý gần trường học
,,,,Query:evt_101887,,investment,Query,evt_101887,,,,tìm căn hộ Phường Long Bình sang trọng tiềm năng tăng giá
,,,,Query:evt_102054,,buy_for_living,Query,evt_102054,,,,căn hộ Quận Bình Thạnh giá mềm cho gia đình
,,,,Query:evt_103646,,investment,Query,evt_103646,,,,nhà phố Quận 4 sang trọng dòng tiền tốt
,,,,Query:evt_100321,,buy_for_living,Query,evt_100321,,,,tìm căn hộ Quận 9 giá rẻ gần trường học
,,,,Query:evt_100285,,buy_for_living,Query,evt_100285,,,,căn hộ Quận Bình Thạnh giá tốt cho vợ chồng mới cưới
,,,,Query:evt_100656,,investment,Query,evt_100656,,,,căn hộ Quận 9 sang trọng cho thuê lại được
,,,,Query:evt_100563,,buy_for_living,Query,evt_100563,,,,nhà phố Quận Bình Thạnh giá vừa phải cho vợ chồng mới cưới
,,,,Query:evt_102963,,investment,Query,evt_102963,,,,tìm nhà phố Quận 4 giá mềm tiềm năng tăng giá
,,,,Query:evt_100825,,buy_for_living,Query,evt_100825,,,,đất nền Quận 9 vị trí đẹp cho vợ chồng mới cưới
,,,,Query:evt_101698,,buy_for_living,Query,evt_101698,,,,tìm căn hộ Quận 7 bình dân gần trường học
,,,,Query:evt_103368,,investment,Query,evt_103368,,,,tìm nhà phố Quận 2 tầm trung tiềm năng tăng giá
,,,,Query:evt_100187,,investment,Query,evt_100187,,,,căn hộ Quận Gò Vấp giá hợp lý cho thuê lại được
,,,,Query:evt_104158,,buy_for_living,Query,evt_104158,,,,tìm biệt thự Quận 1 ổn định gần trường học
,,,,Query:evt_100378,,rent,Query,evt_100378,,,,"cần thuê căn hộ Quận 7 full nội thất, rẻ một chút"
,,,,Query:evt_102039,,investment,Query,evt_102039,,,,đất nền Quận 7 tầm trung cho thuê lại được
,,,,Query:evt_101347,,buy_for_living,Query,evt_101347,,,,"nhà ở Quận 9 thoáng mát 6pn, cao cấp"
,,,,Query:evt_103295,,investment,Query,evt_103295,,,,tìm căn hộ Quận Bình Thạnh tầm trung tiềm năng tăng giá
,,,,Query:evt_102765,,buy_for_living,Query,evt_102765,,,,"cần mua căn hộ 4 phòng ngủ ở Quận 7 để ở, khu nhà giàu"
,,,,Query:evt_100551,,buy_for_living,Query,evt_100551,,,,tìm căn hộ Quận 1 sang trọng gần trường học
,,,,Query:evt_103584,,buy_for_living,Query,evt_103584,,,,tìm biệt thự Quận 7 giá hợp lý gần trường học
,,,,Query:evt_100257,,rent,Query,evt_100257,,,,thuê căn hộ Phường Hiệp Bình 1 phòng ngủ rẻ một chút
,,,,Query:evt_100668,,investment,Query,evt_100668,,,,đất nền Quận 1 rẻ một chút dòng tiền tốt
,,,,Query:evt_102605,,buy_for_living,Query,evt_102605,,,,tìm đất nền Quận 7 giá hợp lý gần trường học
,,,,Query:evt_101291,,investment,Query,evt_101291,,,,căn hộ Phường Long Bình ổn định dòng tiền tốt
,,,,Query:evt_102678,,investment,Query,evt_102678,,,,căn hộ Quận 7 ổn định dòng tiền tốt
,,,,Query:evt_102059,,rent,Query,evt_102059,,,,"cần thuê biệt thự Quận 1 full nội thất, giá hợp lý"
,,,,Query:evt_102097,,buy_for_living,Query,evt_102097,,,,tìm căn hộ Quận Gò Vấp bình dân gần trường học
,,,,Query:evt_101615,,buy_for_living,Query,evt_101615,,,,căn hộ Quận 1 rẻ một chút cho vợ chồng mới cưới
,,,,Query:evt_103325,,buy_for_living,Query,evt_103325,,,,"cần mua nhà phố 4 phòng ngủ ở Quận 1 để ở, vị trí đẹp"
,,,,Query:evt_101743,,buy_for_living,Query,evt_101743,,,,"cần mua căn hộ 2 phòng ngủ ở Quận 3 để ở, bình dân"
,,,,Query:evt_102529,,buy_for_living,Query,evt_102529,,,,căn hộ Quận Tân Bình giá tốt cho vợ chồng mới cưới
,,,,Query:evt_101612,,buy_for_living,Query,evt_101612,,,,"nhà ở Quận Bình Thạnh thoáng mát 3pn, tầm trung"
,,,,Query:evt_103547,,buy_for_living,Query,evt_103547,,,,"nhà ở Quận 7 thoáng mát 2pn, giá hợp lý"
,,,,Query:evt_100075,,buy_for_living,Query,evt_100075,,,,"nhà ở Quận 1 thoáng mát 3pn, ổn định"
,,,,Query:evt_102544,,buy_for_living,Query,evt_102544,,,,"cần mua căn hộ 3 phòng ngủ ở Quận Thủ Đức để ở, giá hợp lý"
,,,,Query:evt_103735,,rent,Query,evt_103735,,,,tìm phòng nhà phố ở Quận 1 cao cấp
,,,,Query:evt_101744,,buy_for_living,Query,evt_101744,,,,tìm căn hộ Quận 9 tầm trung gần trường học
,,,,Query:evt_104508,,investment,Query,evt_104508,,,,"mua căn hộ đầu tư ở Quận 3 pháp lý rõ ràng, ổn định"
,,,,Query:evt_102883,,buy_for_living,Query,evt_102883,,,,nhà phố Quận Bình Thạnh rẻ một chút cho vợ chồng mới cưới
,,,,Query:evt_101635,,buy_for_living,Query,evt_101635,,,,căn hộ Quận Thủ Đức rẻ một chút cho vợ chồng mới cưới
,,,,Query:evt_101182,,buy_for_living,Query,evt_101182,,,,"nhà ở Quận Tân Bình thoáng mát 3pn, giá tốt"
,,,,Query:evt_103328,,buy_for_living,Query,evt_103328,,,,đất nền Quận 7 cao cấp cho gia đình
,,,,Query:evt_102645,,rent,Query,evt_102645,,,,tìm phòng căn hộ ở Quận 1 tầm trung
,,,,Query:evt_103752,,buy_for_living,Query,evt_103752,,,,"cần mua căn hộ 2 phòng ngủ ở Quận Bình Thạnh để ở, ổn định"
,,,,Query:evt_104287,,investment,Query,evt_104287,,,,tìm căn hộ Quận 3 bình dân tiềm năng tăng giá
,,,,Query:evt_101005,,investment,Query,evt_101005,,,,căn hộ Phường Long Bình vị trí đẹp dòng tiền tốt
,,,,Query:evt_102607,,buy_for_living,Query,evt_102607,,,,"cần mua nhà phố 2 phòng ngủ ở Phường Dĩ An để ở, giá rẻ"
,,,,Query:evt_101679,,investment,Query,evt_101679,,,,nhà phố Phường Dĩ An giá rẻ dòng tiền tốt
,,,,Query:evt_103951,,buy_for_living,Query,evt_103951,,,,căn hộ Quận Thủ Đức sang trọng cho vợ chồng mới cưới
,,,,Query:evt_102761,,buy_for_living,Query,evt_102761,,,,"nhà ở Quận 1 thoáng mát 2pn, tầm trung"
,,,,Query:evt_101146,,buy_for_living,Query,evt_101146,,,,"cần mua căn hộ 4 phòng ngủ ở Quận Gò Vấp để ở, cao cấp"
,,,,Query:evt_101268,,investment,Query,evt_101268,,,,căn hộ Quận Bình Thạnh giá tốt dòng tiền tốt
,,,,Query:evt_103050,,buy_for_living,Query,evt_103050,,,,biệt thự Quận 3 giá vừa phải cho gia đình
,,,,Query:evt_101409,,investment,Query,evt_101409,,,,"mua căn hộ đầu tư ở Quận 9 pháp lý rõ ràng, giá vừa phải"
,,,,Query:evt_103859,,investment,Query,evt_103859,,,,tìm căn hộ Quận 9 giá hợp lý tiềm năng tăng giá
,,,,Query:evt_102947,,buy_for_living,Query,evt_102947,,,,"nhà ở Phường Dĩ An thoáng mát 0pn, giá tốt"
,,,,Query:evt_100633,,rent,Query,evt_100633,,,,"cần thuê đất nền Quận 1 full nội thất, giá mềm"
,,,,Query:evt_103145,,buy_for_living,Query,evt_103145,,,,căn hộ Quận Bình Thạnh rẻ một chút cho gia đình
,,,,Query:evt_101219,,buy_for_living,Query,evt_101219,,,,biệt thự Quận 2 sang trọng cho vợ chồng mới cưới
,,,,Query:evt_103817,,investment,Query,evt_103817,,,,"mua căn hộ đầu tư ở Quận 4 pháp lý rõ ràng, cao cấp"
,,,,Query:evt_103745,,rent,Query,evt_103745,,,,căn hộ Quận 7 rẻ một chút cho thuê gần metro
,,,,Query:evt_100350,,investment,Query,evt_100350,,,,đất nền Quận 2 ổn định cho thuê lại được
,,,,Query:evt_100694,,investment,Query,evt_100694,,,,"mua đất nền đầu tư ở Quận 7 pháp lý rõ ràng, tầm trung"
,,,,Query:evt_102854,,buy_for_living,Query,evt_102854,,,,nhà phố Phường Hiệp Bình sang trọng cho vợ chồng mới cưới
,,,,Query:evt_102720,,investment,Query,evt_102720,,,,căn hộ Quận Gò Vấp giá hợp lý cho thuê lại được
,,,,Query:evt_104217,,investment,Query,evt_104217,,,,tìm biệt thự Quận 9 sang trọng tiềm năng tăng giá
,,,,Query:evt_103457,,rent,Query,evt_103457,,,,tìm phòng căn hộ ở Quận 1 sang trọng
,,,,Query:evt_103632,,buy_for_living,Query,evt_103632,,,,"nhà ở Quận Gò Vấp thoáng mát 3pn, giá hợp lý"
,,,,Query:evt_101492,,buy_for_living,Query,evt_101492,,,,tìm căn hộ Quận 9 giá mềm gần trường học
,,,,Query:evt_102729,,investment,Query,evt_102729,,,,"mua căn hộ đầu tư ở Quận 4 pháp lý rõ ràng, sang trọng"
,,,,Query:evt_102398,,buy_for_living,Query,evt_102398,,,,căn hộ Quận Thủ Đức bình dân cho gia đình
,,,,Query:evt_100966,,investment,Query,evt_100966,,,,tìm đất nền Phường Dĩ An giá tốt tiềm năng tăng giá
,,,,Query:evt_100090,,buy_for_living,Query,evt_100090,,,,tìm nhà phố Quận Thủ Đức rẻ một chút gần trường học
,,,,Query:evt_103291,,investment,Query,evt_103291,,,,tìm nhà phố Quận Bình Thạnh giá vừa phải tiềm năng tăng giá
,,,,Query:evt_103177,,buy_for_living,Query,evt_103177,,,,"cần mua căn hộ 3 phòng ngủ ở Quận 9 để ở, bình dân"
,,,,Query:evt_104079,,buy_for_living,Query,evt_104079,,,,"nhà ở Quận 1 thoáng mát 4pn, ổn định"
,,,,Query:evt_100767,,rent,Query,evt_100767,,,,"cần thuê nhà phố Quận 3 full nội thất, giá mềm"
,,,,Query:evt_101382,,buy_for_living,Query,evt_101382,,,,"nhà ở Quận 2 thoáng mát 5pn, vị trí đẹp"
,,,,Query:evt_102287,,investment,Query,evt_102287,,,,căn hộ Phường An Phú khu nhà giàu dòng tiền tốt
,,,,Query:evt_103066,,buy_for_living,Query,evt_103066,,,,"cần mua căn hộ 1 phòng ngủ ở Quận Bình Thạnh để ở, rẻ một chút"
,,,,Query:evt_104249,,investment,Query,evt_104249,,,,nhà phố Quận 9 giá vừa phải dòng tiền tốt
,,,,Query:evt_101270,,investment,Query,evt_101270,,,,căn hộ Quận Thủ Đức giá tốt cho thuê lại được
,,,,Query:evt_100117,,buy_for_living,Query,evt_100117,,,,tìm biệt thự Quận 7 cao cấp gần trường học
,,,,Query:evt_103226,,buy_for_living,Query,evt_103226,,,,"cần mua đất nền 1 phòng ngủ ở Quận 3 để ở, ổn định"
,,,,Query:evt_102073,,rent,Query,evt_102073,,,,căn hộ Quận Bình Thạnh giá mềm cho thuê gần metro
,,,,Query:evt_103142,,buy_for_living,Query,evt_103142,,,,căn hộ Quận Bình Thạnh cao cấp cho vợ chồng mới cưới
,,,,Query:evt_100253,,investment,Query,evt_100253,,,,căn hộ Quận 7 ổn định dòng tiền tốt
,,,,Query:evt_101833,,buy_for_living,Query,evt_101833,,,,tìm căn hộ Quận 7 bình dân gần trường học
,,,,Query:evt_102807,,buy_for_living,Query,evt_102807,,,,căn hộ Quận 1 rẻ một chút cho gia đình
,,,,Query:evt_102213,,buy_for_living,Query,evt_102213,,,,"cần mua căn hộ 1 phòng ngủ ở Quận Bình Thạnh để ở, tầm trung"
,,,,Query:evt_104093,,rent,Query,evt_104093,,,,căn hộ Quận 3 cao cấp cho thuê gần metro
,,,,Query:evt_102203,,investment,Query,evt_102203,,,,"mua biệt thự đầu tư ở Quận Thủ Đức pháp lý rõ ràng, bình dân"
,,,,Query:evt_101155,,rent,Query,evt_101155,,,,tìm phòng nhà phố ở Phường An Phú giá mềm
,,,,Query:evt_101484,,buy_for_living,Query,evt_101484,,,,"nhà ở Quận 1 thoáng mát 3pn, giá vừa phải"
,,,,Query:evt_103611,,buy_for_living,Query,evt_103611,,,,tìm căn hộ Quận 9 cao cấp gần trường học
,,,,Query:evt_101727,,investment,Query,evt_101727,,,,"mua căn hộ đầu tư ở Quận Tân Bình pháp lý rõ ràng, rẻ một chút"
,,,,Query:evt_100343,,investment,Query,evt_100343,,,,tìm căn hộ Quận 9 giá hợp lý tiềm năng tăng giá
,,,,Query:evt_101068,,buy_for_living,Query,evt_101068,,,,"nhà ở Quận 3 thoáng mát 0pn, giá vừa phải"
,,,,Query:evt_100975,,investment,Query,evt_100975,,,,"mua căn hộ đầu tư ở Quận 3 pháp lý rõ ràng, tầm trung"
,,,,Query:evt_102076,,rent,Query,evt_102076,,,,đất nền Quận 1 ổn định cho thuê gần metro
,,,,Query:evt_100641,,investment,Query,evt_100641,,,,căn hộ Quận Thủ Đức ổn định dòng tiền tốt
,,,,Query:evt_102279,,investment,Query,evt_102279,,,,tìm nhà phố Phường Dĩ An giá mềm tiềm năng tăng giá
,,,,Query:evt_103644,,investment,Query,evt_103644,,,,"mua căn hộ đầu tư ở Quận Thủ Đức pháp lý rõ ràng, bình dân"
,,,,Query:evt_102358,,investment,Query,evt_102358,,,,tìm căn hộ Quận Thủ Đức giá mềm tiềm năng tăng giá
,,,,Query:evt_102006,,investment,Query,evt_102006,,,,tìm căn hộ Quận 7 rẻ một chút tiềm năng tăng giá
,,,,Query:evt_100277,,rent,Query,evt_100277,,,,"cần thuê đất nền Quận Gò Vấp full nội thất, bình dân"
,,,,Query:evt_100603,,buy_for_living,Query,evt_100603,,,,nhà phố Phường Long Bình giá rẻ cho vợ chồng mới cưới
,,,,Query:evt_102005,,investment,Query,evt_102005,,,,tìm nhà phố Quận 7 giá vừa phải tiềm năng tăng giá
,,,,Query:evt_100759,,buy_for_living,Query,evt_100759,,,,"cần mua nhà phố 2 phòng ngủ ở Quận 9 để ở, bình dân"
,,,,Query:evt_100053,,buy_for_living,Query,evt_100053,,,,"nhà ở Quận 7 thoáng mát 5pn, cao cấp"
,,,,Query:evt_103380,,rent,Query,evt_103380,,,,"cần thuê căn hộ Quận 2 full nội thất, bình dân"
,,,,Query:evt_100950,,investment,Query,evt_100950,,,,"mua căn hộ đầu tư ở Quận Bình Thạnh pháp lý rõ ràng, giá tốt"
,,,,Query:evt_103908,,buy_for_living,Query,evt_103908,,,,"nhà ở Phường Long Bình thoáng mát 2pn, tầm trung"
,,,,Query:evt_101622,,buy_for_living,Query,evt_101622,,,,căn hộ Quận Thủ Đức rẻ một chút cho vợ chồng mới cưới
,,,,Query:evt_103155,,buy_for_living,Query,evt_103155,,,,"nhà ở Quận 3 thoáng mát 5pn, vị trí đẹp"
,,,,Query:evt_104434,,investment,Query,evt_104434,,,,căn hộ Quận Tân Bình giá hợp lý cho thuê lại được
,,,,Query:evt_100698,,buy_for_living,Query,evt_100698,,,,căn hộ Quận Thủ Đức vị trí đẹp cho vợ chồng mới cưới
,,,,Query:evt_100322,,buy_for_living,Query,evt_100322,,,,căn hộ Quận Thủ Đức tầm trung cho gia đình
,,,,Query:evt_101923,,buy_for_living,Query,evt_101923,,,,"cần mua đất nền 2 phòng ngủ ở Quận 1 để ở, bình dân"
,,,,Query:evt_102442,,buy_for_living,Query,evt_102442,,,,"cần mua đất nền 0 phòng ngủ ở Quận 1 để ở, giá vừa phải"
,,,,Query:evt_101067,,buy_for_living,Query,evt_101067,,,,tìm căn hộ Quận 1 bình dân gần trường học
,,,,Query:evt_101822,,buy_for_living,Query,evt_101822,,,,"nhà ở Quận 7 thoáng mát 3pn, vị trí đẹp"
,,,,Query:evt_101764,,rent,Query,evt_101764,,,,căn hộ Quận Tân Bình ổn định cho thuê gần metro
,,,,Query:evt_101144,,buy_for_living,Query,evt_101144,,,,đất nền Phường Long Bình giá rẻ cho vợ chồng mới cưới
,,,,Query:evt_103288,,investment,Query,evt_103288,,,,nhà phố Quận 1 giá vừa phải cho thuê lại được
,,,,Query:evt_103551,,buy_for_living,Query,evt_103551,,,,biệt thự Quận Bình Thạnh giá vừa phải cho gia đình
,,,,Query:evt_100093,,buy_for_living,Query,evt_100093,,,,"cần mua căn hộ 5 phòng ngủ ở Phường Dĩ An để ở, sang trọng"
,,,,Query:evt_101592,,buy_for_living,Query,evt_101592,,,,"cần mua nhà phố 4 phòng ngủ ở Quận 1 để ở, tầm trung"
,,,,Query:evt_103405,,investment,Query,evt_103405,,,,tìm nhà phố Quận 2 ổn định tiềm năng tăng giá
,,,,Query:evt_103799,,investment,Query,evt_103799,,,,căn hộ Quận 7 vị trí đẹp dòng tiền tốt
,,,,Query:evt_103883,,buy_for_living,Query,evt_103883,,,,"cần mua nhà phố 6 phòng ngủ ở Quận Bình Thạnh để ở, khu nhà giàu"
,,,,Query:evt_103315,,investment,Query,evt_103315,,,,căn hộ Quận 2 bình dân dòng tiền tốt
,,,,Query:evt_101721,,investment,Query,evt_101721,,,,tìm căn hộ Quận Tân Bình tầm trung tiềm năng tăng giá
,,,,Query:evt_100548,,buy_for_living,Query,evt_100548,,,,tìm căn hộ Phường Dĩ An giá vừa phải gần trường học
,,,,Query:evt_101449,,investment,Query,evt_101449,,,,"mua căn hộ đầu tư ở Quận 2 pháp lý rõ ràng, khu nhà giàu"
,,,,Query:evt_104027,,rent,Query,evt_104027,,,,tìm phòng biệt thự ở Quận Bình Thạnh ổn định
,,,,Query:evt_101550,,buy_for_living,Query,evt_101550,,,,căn hộ Quận Bình Thạnh khu nhà giàu cho vợ chồng mới cưới
,,,,Query:evt_101976,,investment,Query,evt_101976,,,,"mua nhà phố đầu tư ở Quận 7 pháp lý rõ ràng, vị trí đẹp"
,,,,Query:evt_100050,,rent,Query,evt_100050,,,,thuê nhà phố Quận 7 2 phòng ngủ bình dân
,,,,Query:evt_102533,,buy_for_living,Query,evt_102533,,,,căn hộ Quận 9 sang trọng cho vợ chồng mới cưới
,,,,Query:evt_103201,,buy_for_living,Query,evt_103201,,,,tìm nhà phố Quận 4 giá vừa phải gần trường học
,,,,Query:evt_103199,,buy_for_living,Query,evt_103199,,,,"nhà ở Quận Gò Vấp thoáng mát 3pn, giá mềm"
,,,,Query:evt_102779,,investment,Query,evt_102779,,,,tìm căn hộ Quận 7 giá hợp lý tiềm năng tăng giá
,,,,Query:evt_101479,,buy_for_living,Query,evt_101479,,,,căn hộ Quận 1 tầm trung cho vợ chồng mới cưới
,,,,Query:evt_101664,,investment,Query,evt_101664,,,,căn hộ Quận Thủ Đức giá tốt dòng tiền tốt
,,,,Query:evt_101460,,investment,Query,evt_101460,,,,"mua căn hộ đầu tư ở Quận Thủ Đức pháp lý rõ ràng, ổn định"
,,,,Query:evt_103387,,rent,Query,evt_103387,,,,tìm phòng nhà phố ở Quận 7 bình dân
,,,,Query:evt_103038,,buy_for_living,Query,evt_103038,,,,tìm biệt thự Quận 7 ổn định gần trường học
,,,,Query:evt_103537,,buy_for_living,Query,evt_103537,,,,"nhà ở Quận 9 thoáng mát 3pn, cao cấp"
,,,,Query:evt_103281,,investment,Query,evt_103281,,,,đất nền Phường Dĩ An rẻ một chút cho thuê lại được
,,,,Query:evt_101752,,buy_for_living,Query,evt_101752,,,,căn hộ Quận Bình Thạnh ổn định cho vợ chồng mới cưới
,,,,Query:evt_102456,,buy_for_living,Query,evt_102456,,,,tìm căn hộ Quận Tân Bình bình dân gần trường học
,,,,Query:evt_103011,,buy_for_living,Query,evt_103011,,,,nhà phố Quận 9 giá mềm cho gia đình
,,,,Query:evt_103870,,investment,Query,evt_103870,,,,căn hộ Quận 7 rẻ một chút cho thuê lại được
,,,,Query:evt_102580,,buy_for_living,Query,evt_102580,,,,căn hộ Quận 7 bình dân cho vợ chồng mới cưới
,,,,Query:evt_102128,,buy_for_living,Query,evt_102128,,,,"nhà ở Quận 7 thoáng mát 2pn, giá vừa phải"
,,,,Query:evt_103573,,buy_for_living,Query,evt_103573,,,,căn hộ Quận 2 tầm trung cho gia đình
,,,,Query:evt_104330,,investment,Query,evt_104330,,,,tìm căn hộ Quận 7 giá vừa phải tiềm năng tăng giá
,,,,Query:evt_104413,,investment,Query,evt_104413,,,,căn hộ Quận 3 giá hợp lý dòng tiền tốt
,,,,Query:evt_102103,,rent,Query,evt_102103,,,,căn hộ Quận 9 giá hợp lý cho thuê gần metro
,,,,Query:evt_100769,,rent,Query,evt_100769,,,,"cần thuê căn hộ Quận 7 full nội thất, cao cấp"
,,,,Query:evt_100580,,buy_for_living,Query,evt_100580,,,,căn hộ Quận Bình Thạnh giá vừa phải cho vợ chồng mới cưới
,,,,Query:evt_104360,,rent,Query,evt_104360,,,,"cần thuê biệt thự Quận 1 full nội thất, sang trọng"
,,,,Query:evt_102688,,investment,Query,evt_102688,,,,tìm căn hộ Phường An Phú rẻ một chút tiềm năng tăng giá
,,,,Query:evt_101093,,buy_for_living,Query,evt_101093,,,,"cần mua căn hộ 6 phòng ngủ ở Quận 9 để ở, vị trí đẹp"
,,,,Query:evt_104502,,investment,Query,evt_104502,,,,tìm biệt thự Quận 3 giá vừa phải tiềm năng tăng giá
,,,,Query:evt_100252,,investment,Query,evt_100252,,,,căn hộ Quận 9 giá rẻ cho thuê lại được
,,,,Query:evt_100806,,investment,Query,evt_100806,,,,tìm đất nền Quận 1 khu nhà giàu tiềm năng tăng giá
,,,,Query:evt_102498,,buy_for_living,Query,evt_102498,,,,"nhà ở Quận 2 thoáng mát 2pn, giá rẻ"
,,,,Query:evt_103726,,buy_for_living,Query,evt_103726,,,,"nhà ở Quận 2 thoáng mát 5pn, vị trí đẹp"
,,,,Query:evt_100880,,buy_for_living,Query,evt_100880,,,,tìm căn hộ Quận 1 sang trọng gần trường học
,,,,Query:evt_102656,,buy_for_living,Query,evt_102656,,,,căn hộ Quận 4 vị trí đẹp cho vợ chồng mới cưới
,,,,Query:evt_103033,,buy_for_living,Query,evt_103033,,,,tìm căn hộ Quận Tân Bình giá vừa phải gần trường học
,,,,Query:evt_103680,,investment,Query,evt_103680,,,,đất nền Quận Thủ Đức vị trí đẹp dòng tiền tốt
,,,,Query:evt_103414,,rent,Query,evt_103414,,,,thuê đất nền Quận Thủ Đức 1 phòng ngủ bình dân
,,,,Query:evt_103955,,buy_for_living,Query,evt_103955,,,,"nhà ở Quận 7 thoáng mát 1pn, tầm trung"
,,,,Query:evt_104219,,investment,Query,evt_104219,,,,đất nền Quận 2 giá vừa phải dòng tiền tốt
,,,,Query:evt_101563,,buy_for_living,Query,evt_101563,,,,căn hộ Quận 1 giá tốt cho vợ chồng mới cưới
,,,,Query:evt_102372,,investment,Query,evt_102372,,,,"mua căn hộ đầu tư ở Quận 3 pháp lý rõ ràng, rẻ một chút"
,,,,Query:evt_101837,,buy_for_living,Query,evt_101837,,,,"cần mua căn hộ 0 phòng ngủ ở Quận 9 để ở, giá hợp lý"
,,,,Query:evt_102898,,buy_for_living,Query,evt_102898,,,,"cần mua biệt thự 0 phòng ngủ ở Quận Bình Thạnh để ở, giá hợp lý"
,,,,Query:evt_102991,,buy_for_living,Query,evt_102991,,,,"cần mua căn hộ 0 phòng ngủ ở Quận 2 để ở, giá mềm"
,,,,Query:evt_100925,,buy_for_living,Query,evt_100925,,,,"nhà ở Quận Gò Vấp thoáng mát 2pn, giá vừa phải"
,,,,Query:evt_102802,,buy_for_living,Query,evt_102802,,,,"nhà ở Quận 9 thoáng mát 3pn, khu nhà giàu"
,,,,Query:evt_102752,,investment,Query,evt_102752,,,,tìm nhà phố Quận Bình Thạnh vị trí đẹp tiềm năng tăng giá
,,,,Query:evt_102122,,buy_for_living,Query,evt_102122,,,,nhà phố Quận Gò Vấp ổn định cho gia đình
,,,,Query:evt_102759,,buy_for_living,Query,evt_102759,,,,tìm căn hộ Quận 7 vị trí đẹp gần trường học
,,,,Query:evt_101819,,buy_for_living,Query,evt_101819,,,,"cần mua căn hộ 3 phòng ngủ ở Quận 1 để ở, bình dân"
,,,,Query:evt_102944,,buy_for_living,Query,evt_102944,,,,"nhà ở Quận 4 thoáng mát 1pn, tầm trung"
,,,,Query:evt_103415,,rent,Query,evt_103415,,,,tìm phòng căn hộ ở Quận 2 ổn định
,,,,Query:evt_103113,,rent,Query,evt_103113,,,,tìm phòng căn hộ ở Quận 2 giá mềm
,,,,Query:evt_101572,,buy_for_living,Query,evt_101572,,,,"nhà ở Quận 1 thoáng mát 2pn, giá tốt"
,,,,Query:evt_103557,,investment,Query,evt_103557,,,,biệt thự Quận 7 bình dân dòng tiền tốt
,,,,Query:evt_103100,,investment,Query,evt_103100,,,,"mua căn hộ đầu tư ở Quận 9 pháp lý rõ ràng, cao cấp"
,,,,Query:evt_101173,,buy_for_living,Query,evt_101173,,,,căn hộ Quận Bình Thạnh giá mềm cho vợ chồng mới cưới
,,,,Query:evt_101177,,buy_for_living,Query,evt_101177,,,,nhà phố Quận 9 giá hợp lý cho gia đình
,,,,Query:evt_100359,,investment,Query,evt_100359,,,,"mua căn hộ đầu tư ở Quận Thủ Đức pháp lý rõ ràng, sang trọng"
,,,,Query:evt_100165,,investment,Query,evt_100165,,,,"mua nhà phố đầu tư ở Quận 1 pháp lý rõ ràng, giá hợp lý"
,,,,Query:evt_103433,,investment,Query,evt_103433,,,,căn hộ Quận Thủ Đức giá hợp lý dòng tiền tốt
,,,,Query:evt_100080,,buy_for_living,Query,evt_100080,,,,tìm căn hộ Phường Dĩ An giá vừa phải gần trường học
,,,,Query:evt_101171,,buy_for_living,Query,evt_101171,,,,căn hộ Quận 2 giá hợp lý cho gia đình
,,,,Query:evt_103485,,buy_for_living,Query,evt_103485,,,,tìm căn hộ Quận 3 rẻ một chút gần trường học
,,,,Query:evt_103202,,buy_for_living,Query,evt_103202,,,,nhà phố Quận 7 giá rẻ cho vợ chồng mới cưới
,,,,Query:evt_100838,,investment,Query,evt_100838,,,,"mua đất nền đầu tư ở Quận Thủ Đức pháp lý rõ ràng, bình dân"
,,,,Query:evt_100390,,investment,Query,evt_100390,,,,căn hộ Quận 2 giá mềm cho thuê lại được
,,,,Query:evt_103133,,buy_for_living,Query,evt_103133,,,,tìm căn hộ Quận Gò Vấp giá vừa phải gần trường học
,,,,Query:evt_101900,,rent,Query,evt_101900,,,,thuê nhà phố Quận 3 3 phòng ngủ giá hợp lý
,,,,Query:evt_102994,,buy_for_living,Query,evt_102994,,,,"nhà ở Quận Thủ Đức thoáng mát 6pn, khu nhà giàu"
,,,,Query:evt_103483,,buy_for_living,Query,evt_103483,,,,nhà phố Quận 7 ổn định cho vợ chồng mới cưới
,,,,Query:evt_104412,,investment,Query,evt_104412,,,,"mua đất nền đầu tư ở Quận 9 pháp lý rõ ràng, giá rẻ"
,,,,Query:evt_102086,,buy_for_living,Query,evt_102086,,,,tìm căn hộ Quận 2 giá vừa phải gần trường học
,,,,Query:evt_100328,,buy_for_living,Query,evt_100328,,,,"nhà ở Quận 7 thoáng mát 3pn, tầm trung"
,,,,Query:evt_100147,,buy_for_living,Query,evt_100147,,,,tìm biệt thự Quận 9 giá rẻ gần trường học
,,,,Query:evt_102163,,buy_for_living,Query,evt_102163,,,,căn hộ Quận Gò Vấp bình dân cho gia đình
,,,,Query:evt_100347,,investment,Query,evt_100347,,,,tìm nhà phố Phường An Phú giá vừa phải tiềm năng tăng giá
,,,,Query:evt_101096,,buy_for_living,Query,evt_101096,,,,biệt thự Quận Thủ Đức giá hợp lý cho vợ chồng mới cưới
,,,,Query:evt_103987,,buy_for_living,Query,evt_103987,,,,nhà phố Quận 7 giá rẻ cho gia đình
,,,,Query:evt_101245,,investment,Query,evt_101245,,,,biệt thự Quận Tân Bình tầm trung dòng tiền tốt
,,,,Query:evt_102214,,buy_for_living,Query,evt_102214,,,,nhà phố Quận Bình Thạnh giá tốt cho gia đình
,,,,Query:evt_104375,,buy_for_living,Query,evt_104375,,,,"nhà ở Quận 3 thoáng mát 4pn, vị trí đẹp"
,,,,Query:evt_101862,,buy_for_living,Query,evt_101862,,,,"cần mua căn hộ 4 phòng ngủ ở Quận Tân Bình để ở, giá hợp lý"
,,,,Query:evt_102261,,buy_for_living,Query,evt_102261,,,,"cần mua căn hộ 4 phòng ngủ ở Quận Thủ Đức để ở, cao cấp"
,,,,Query:evt_101009,,investment,Query,evt_101009,,,,căn hộ Quận Thủ Đức bình dân cho thuê lại được
,,,,Query:evt_100696,,buy_for_living,Query,evt_100696,,,,"nhà ở Quận 2 thoáng mát 2pn, sang trọng"
,,,,Query:evt_104146,,investment,Query,evt_104146,,,,tìm nhà phố Quận 7 tầm trung tiềm năng tăng giá
,,,,Query:evt_101658,,rent,Query,evt_101658,,,,tìm phòng căn hộ ở Quận 2 giá vừa phải
,,,,Query:evt_103284,,investment,Query,evt_103284,,,,"mua căn hộ đầu tư ở Quận 1 pháp lý rõ ràng, sang trọng"
,,,,Query:evt_103067,,buy_for_living,Query,evt_103067,,,,biệt thự Quận Bình Thạnh giá mềm cho gia đình
,,,,Query:evt_101497,,buy_for_living,Query,evt_101497,,,,"cần mua căn hộ 1 phòng ngủ ở Quận Tân Bình để ở, rẻ một chút"
,,,,Query:evt_100446,,buy_for_living,Query,evt_100446,,,,tìm nhà phố Quận 7 khu nhà giàu gần trường học
,,,,Query:evt_103440,,investment,Query,evt_103440,,,,tìm căn hộ Quận 1 vị trí đẹp tiềm năng tăng giá
,,,,Query:evt_102105,,rent,Query,evt_102105,,,,"cần thuê căn hộ Quận Gò Vấp full nội thất, vị trí đẹp"
,,,,Query:evt_101448,,investment,Query,evt_101448,,,,"mua nhà phố đầu tư ở Phường Hiệp Bình pháp lý rõ ràng, tầm trung"
,,,,Query:evt_100749,,buy_for_living,Query,evt_100749,,,,căn hộ Phường Long Bình ổn định cho vợ chồng mới cưới
,,,,Query:evt_102304,,buy_for_living,Query,evt_102304,,,,"cần mua căn hộ 5 phòng ngủ ở Quận 1 để ở, vị trí đẹp"
,,,,Query:evt_100732,,buy_for_living,Query,evt_100732,,,,"nhà ở Quận 9 thoáng mát 3pn, giá tốt"
,,,,Query:evt_103206,,buy_for_living,Query,evt_103206,,,,tìm căn hộ Quận 9 khu nhà giàu gần trường học
,,,,Query:evt_100786,,investment,Query,evt_100786,,,,đất nền Quận 7 rẻ một chút cho thuê lại được
,,,,Query:evt_103649,,investment,Query,evt_103649,,,,"mua căn hộ đầu tư ở Quận 7 pháp lý rõ ràng, bình dân"
,,,,Query:evt_102539,,buy_for_living,Query,evt_102539,,,,"cần mua căn hộ 3 phòng ngủ ở Quận Gò Vấp để ở, khu nhà giàu"
,,,,Query:evt_102588,,buy_for_living,Query,evt_102588,,,,căn hộ Quận 4 giá rẻ cho gia đình
,,,,Query:evt_104365,,rent,Query,evt_104365,,,,căn hộ Quận 7 cao cấp cho thuê gần metro
,,,,Query:evt_101502,,buy_for_living,Query,evt_101502,,,,"cần mua căn hộ 2 phòng ngủ ở Quận 2 để ở, giá vừa phải"
,,,,Query:evt_103047,,buy_for_living,Query,evt_103047,,,,nhà phố Quận 1 giá vừa phải cho gia đình
,,,,Query:evt_101198,,rent,Query,evt_101198,,,,tìm phòng căn hộ ở Quận 2 ổn định
,,,,Query:evt_102050,,buy_for_living,Query,evt_102050,,,,"nhà ở Quận 2 thoáng mát 3pn, giá mềm"
,,,,Query:evt_101634,,buy_for_living,Query,evt_101634,,,,"nhà ở Phường An Phú thoáng mát 2pn, tầm trung"
,,,,Query:evt_102024,,buy_for_living,Query,evt_102024,,,,"cần mua biệt thự 3 phòng ngủ ở Quận Thủ Đức để ở, giá rẻ"
,,,,Query:evt_104260,,buy_for_living,Query,evt_104260,,,,căn hộ Quận 9 ổn định cho gia đình
,,,,Query:evt_102592,,buy_for_living,Query,evt_102592,,,,nhà phố Quận 3 giá rẻ cho vợ chồng mới cưới
,,,,Query:evt_103130,,buy_for_living,Query,evt_103130,,,,"nhà ở Quận Thủ Đức thoáng mát 3pn, giá hợp lý"
,,,,Query:evt_100781,,investment,Query,evt_100781,,,,tìm căn hộ Quận Gò Vấp giá vừa phải tiềm năng tăng giá
,,,,Query:evt_102535,,buy_for_living,Query,evt_102535,,,,"cần mua nhà phố 3 phòng ngủ ở Quận 2 để ở, giá mềm"
,,,,Query:evt_102137,,investment,Query,evt_102137,,,,nhà phố Phường Long Bình bình dân dòng tiền tốt
,,,,Query:evt_101456,,investment,Query,evt_101456,,,,"mua căn hộ đầu tư ở Quận 4 pháp lý rõ ràng, giá hợp lý"
,,,,Query:evt_104384,,buy_for_living,Query,evt_104384,,,,căn hộ Quận 7 giá vừa phải cho gia đình
,,,,Query:evt_100436,,buy_for_living,Query,evt_100436,,,,"cần mua biệt thự 3 phòng ngủ ở Quận 2 để ở, giá hợp lý"
,,,,Query:evt_101294,,investment,Query,evt_101294,,,,"mua biệt thự đầu tư ở Quận Tân Bình pháp lý rõ ràng, giá vừa phải"
,,,,Query:evt_101708,,investment,Query,evt_101708,,,,nhà phố Quận Thủ Đức khu nhà giàu dòng tiền tốt
,,,,Query:evt_101755,,buy_for_living,Query,evt_101755,,,,căn hộ Quận Thủ Đức sang trọng cho gia đình
,,,,Query:evt_103238,,rent,Query,evt_103238,,,,tìm phòng căn hộ ở Quận Tân Bình rẻ một chút
,,,,Query:evt_103458,,rent,Query,evt_103458,,,,thuê nhà phố Quận Thủ Đức 1 phòng ngủ giá tốt
,,,,Query:evt_100312,,buy_for_living,Query,evt_100312,,,,"nhà ở Quận 3 thoáng mát 4pn, bình dân"
,,,,Query:evt_102912,,buy_for_living,Query,evt_102912,,,,tìm căn hộ Quận 9 cao cấp gần trường học
,,,,Query:evt_100572,,buy_for_living,Query,evt_100572,,,,nhà phố Quận 4 tầm trung cho gia đình
,,,,Query:evt_101062,,investment,Query,evt_101062,,,,nhà phố Quận 9 giá vừa phải cho thuê lại được
,,,,Query:evt_103171,,buy_for_living,Query,evt_103171,,,,căn hộ Phường An Phú giá tốt cho gia đình
,,,,Query:evt_102603,,buy_for_living,Query,evt_102603,,,,đất nền Quận Thủ Đức giá vừa phải cho gia đình
,,,,Query:evt_103939,,buy_for_living,Query,evt_103939,,,,"cần mua căn hộ 1 phòng ngủ ở Quận 7 để ở, ổn định"
,,,,Query:evt_101054,,investment,Query,evt_101054,,,,"mua đất nền đầu tư ở Quận 9 pháp lý rõ ràng, giá vừa phải"
,,,,Query:evt_101252,,buy_for_living,Query,evt_101252,,,,căn hộ Quận 1 vị trí đẹp cho gia đình
,,,,Query:evt_100349,,investment,Query,evt_100349,,,,căn hộ Phường An Phú giá hợp lý cho thuê lại được
,,,,Query:evt_102895,,buy_for_living,Query,evt_102895,,,,căn hộ Quận 9 sang trọng cho gia đình
,,,,Query:evt_102129,,buy_for_living,Query,evt_102129,,,,căn hộ Phường Dĩ An vị trí đẹp cho vợ chồng mới cưới
,,,,Query:evt_100842,,investment,Query,evt_100842,,,,căn hộ Quận 1 tầm trung dòng tiền tốt
,,,,Query:evt_100520,,buy_for_living,Query,evt_100520,,,,căn hộ Quận 1 vị trí đẹp cho gia đình
,,,,Query:evt_100027,,buy_for_living,Query,evt_100027,,,,"cần mua căn hộ 1 phòng ngủ ở Quận 2 để ở, ổn định"
,,,,Query:evt_103413,,rent,Query,evt_103413,,,,thuê căn hộ Quận 9 3 phòng ngủ tầm trung
,,,,Query:evt_104149,,investment,Query,evt_104149,,,,căn hộ Phường An Phú giá tốt dòng tiền tốt
,,,,Query:evt_101162,,rent,Query,evt_101162,,,,"cần thuê nhà phố Quận Bình Thạnh full nội thất, vị trí đẹp"
,,,,Query:evt_103363,,investment,Query,evt_103363,,,,tìm căn hộ Quận 7 giá vừa phải tiềm năng tăng giá
,,,,Query:evt_102585,,buy_for_living,Query,evt_102585,,,,"cần mua căn hộ 6 phòng ngủ ở Quận 7 để ở, sang trọng"
,,,,Query:evt_100673,,buy_for_living,Query,evt_100673,,,,tìm đất nền Quận 2 cao cấp gần trường học
,,,,Query:evt_100660,,investment,Query,evt_100660,,,,tìm biệt thự Quận 3 vị trí đẹp tiềm năng tăng giá
,,,,Query:evt_100743,,investment,Query,evt_100743,,,,căn hộ Quận Thủ Đức bình dân dòng tiền tốt
,,,,Query:evt_100671,,investment,Query,evt_100671,,,,"mua căn hộ đầu tư ở Quận Bình Thạnh pháp lý rõ ràng, giá rẻ"
,,,,Query:evt_102707,,buy_for_living,Query,evt_102707,,,,tìm căn hộ Quận Thủ Đức rẻ một chút gần trường học
,,,,Query:evt_100326,,buy_for_living,Query,evt_100326,,,,"nhà ở Quận 7 thoáng mát 4pn, vị trí đẹp"
,,,,Query:evt_103761,,buy_for_living,Query,evt_103761,,,,căn hộ Quận Thủ Đức bình dân cho vợ chồng mới cưới
,,,,Query:evt_103072,,rent,Query,evt_103072,,,,tìm phòng nhà phố ở Quận 1 khu nhà giàu
,,,,Query:evt_100290,,buy_for_living,Query,evt_100290,,,,biệt thự Quận 4 vị trí đẹp cho vợ chồng mới cưới
,,,,Query:evt_103703,,investment,Query,evt_103703,,,,tìm nhà phố Quận 2 vị trí đẹp tiềm năng tăng giá
,,,,Query:evt_103674,,buy_for_living,Query,evt_103674,,,,căn hộ Quận 2 sang trọng cho vợ chồng mới cưới
,,,,Query:evt_100796,,investment,Query,evt_100796,,,,căn hộ Quận 9 bình dân dòng tiền tốt
,,,,Query:evt_100608,,buy_for_living,Query,evt_100608,,,,căn hộ Quận 4 tầm trung cho gia đình
,,,,Query:evt_101113,,investment,Query,evt_101113,,,,tìm căn hộ Quận Thủ Đức giá mềm tiềm năng tăng giá
,,,,Query:evt_104221,,investment,Query,evt_104221,,,,căn hộ Quận 1 bình dân cho thuê lại được
,,,,Query:evt_100803,,investment,Query,evt_100803,,,,"mua nhà phố đầu tư ở Phường Long Bình pháp lý rõ ràng, giá hợp lý"
,,,,Query:evt_102684,,investment,Query,evt_102684,,,,căn hộ Quận 9 giá vừa phải cho thuê lại được
,,,,Query:evt_102153,,buy_for_living,Query,evt_102153,,,,nhà phố Quận Gò Vấp giá hợp lý cho vợ chồng mới cưới
,,,,Query:evt_104035,,rent,Query,evt_104035,,,,"cần thuê nhà phố Quận 9 full nội thất, khu nhà giàu"
,,,,Query:evt_103797,,investment,Query,evt_103797,,,,căn hộ Quận 3 giá tốt cho thuê lại được
,,,,Query:evt_101778,,buy_for_living,Query,evt_101778,,,,căn hộ Quận 2 tầm trung cho vợ chồng mới cưới
,,,,Query:evt_103161,,buy_for_living,Query,evt_103161,,,,"nhà ở Quận Bình Thạnh thoáng mát 2pn, cao cấp"
,,,,Query:evt_103365,,investment,Query,evt_103365,,,,đất nền Quận 1 giá vừa phải cho thuê lại được
,,,,Query:evt_101629,,buy_for_living,Query,evt_101629,,,,nhà phố Quận Thủ Đức giá vừa phải cho gia đình
,,,,Query:evt_103391,,rent,Query,evt_103391,,,,thuê căn hộ Quận Tân Bình 3 phòng ngủ vị trí đẹp
,,,,Query:evt_103220,,buy_for_living,Query,evt_103220,,,,căn hộ Quận 4 ổn định cho vợ chồng mới cưới
,,,,Query:evt_102839,,buy_for_living,Query,evt_102839,,,,"cần mua đất nền 6 phòng ngủ ở Quận Thủ Đức để ở, vị trí đẹp"
,,,,Query:evt_102288,,investment,Query,evt_102288,,,,tìm đất nền Quận 1 khu nhà giàu tiềm năng tăng giá
,,,,Query:evt_103995,,buy_for_living,Query,evt_103995,,,,nhà phố Quận Bình Thạnh giá rẻ cho vợ chồng mới cưới
,,,,Query:evt_102689,,investment,Query,evt_102689,,,,căn hộ Phường Long Bình ổn định cho thuê lại được
,,,,Query:evt_102232,,buy_for_living,Query,evt_102232,,,,căn hộ Quận Tân Bình giá vừa phải cho gia đình
,,,,Query:evt_100475,,investment,Query,evt_100475,,,,tìm nhà phố Quận Tân Bình giá rẻ tiềm năng tăng giá
,,,,Query:evt_100944,,investment,Query,evt_100944,,,,căn hộ Quận 4 ổn định cho thuê lại được
,,,,Query:evt_104407,,investment,Query,evt_104407,,,,tìm căn hộ Phường Long Bình rẻ một chút tiềm năng tăng giá
,,,,Query:evt_103502,,buy_for_living,Query,evt_103502,,,,căn hộ Quận 1 giá mềm cho vợ chồng mới cưới
,,,,Query:evt_102443,,buy_for_living,Query,evt_102443,,,,"cần mua nhà phố 1 phòng ngủ ở Quận 4 để ở, ổn định"
,,,,Query:evt_101911,,buy_for_living,Query,evt_101911,,,,"nhà ở Quận 9 thoáng mát 5pn, cao cấp"
,,,,Query:evt_104313,,rent,Query,evt_104313,,,,thuê căn hộ Quận 2 3 phòng ngủ cao cấp
,,,,Query:evt_100440,,buy_for_living,Query,evt_100440,,,,"cần mua căn hộ 6 phòng ngủ ở Phường Long Bình để ở, khu nhà giàu"
,,,,Query:evt_104399,,investment,Query,evt_104399,,,,căn hộ Quận Tân Bình vị trí đẹp cho thuê lại được
,,,,Query:evt_104172,,buy_for_living,Query,evt_104172,,,,"nhà ở Quận 4 thoáng mát 1pn, giá mềm"
,,,,Query:evt_104402,,investment,Query,evt_104402,,,,"mua nhà phố đầu tư ở Quận 7 pháp lý rõ ràng, giá vừa phải"
,,,,Query:evt_104190,,investment,Query,evt_104190,,,,tìm căn hộ Quận 3 khu nhà giàu tiềm năng tăng giá
,,,,Query:evt_100130,,buy_for_living,Query,evt_100130,,,,nhà phố Quận Gò Vấp giá tốt cho gia đình
,,,,Query:evt_100947,,investment,Query,evt_100947,,,,nhà phố Quận Bình Thạnh ổn định cho thuê lại được
,,,,Query:evt_101153,,rent,Query,evt_101153,,,,tìm phòng nhà phố ở Quận 2 cao cấp
,,,,Query:evt_102636,,rent,Query,evt_102636,,,,thuê căn hộ Quận Thủ Đức 1 phòng ngủ giá rẻ
,,,,Query:evt_104244,,investment,Query,evt_104244,,,,nhà phố Quận 7 ổn định dòng tiền tốt
,,,,Query:evt_103267,,buy_for_living,Query,evt_103267,,,,nhà phố Quận Thủ Đức giá vừa phải cho vợ chồng mới cưới
,,,,Query:evt_102642,,rent,Query,evt_102642,,,,nhà phố Quận Thủ Đức tầm trung cho thuê gần metro
,,,,Query:evt_103540,,buy_for_living,Query,evt_103540,,,,căn hộ Phường Long Bình cao cấp cho vợ chồng mới cưới
,,,,Query:evt_104052,,buy_for_living,Query,evt_104052,,,,"cần mua nhà phố 2 phòng ngủ ở Quận Thủ Đức để ở, giá vừa phải"
,,,,Query:evt_102522,,buy_for_living,Query,evt_102522,,,,tìm căn hộ Quận 9 sang trọng gần trường học
,,,,Query:evt_101495,,buy_for_living,Query,evt_101495,,,,căn hộ Phường Dĩ An khu nhà giàu cho gia đình
,,,,Query:evt_103925,,buy_for_living,Query,evt_103925,,,,"nhà ở Quận 3 thoáng mát 4pn, sang trọng"
,,,,Query:evt_100144,,buy_for_living,Query,evt_100144,,,,"cần mua nhà phố 6 phòng ngủ ở Quận 1 để ở, cao cấp"
,,,,Query:evt_104513,,investment,Query,evt_104513,,,,"mua căn hộ đầu tư ở Quận 3 pháp lý rõ ràng, rẻ một chút"
,,,,Query:evt_100237,,buy_for_living,Query,evt_100237,,,,căn hộ Quận Tân Bình giá hợp lý cho gia đình
,,,,Query:evt_103344,,buy_for_living,Query,evt_103344,,,,biệt thự Quận 1 bình dân cho vợ chồng mới cưới
,,,,Query:evt_101323,,buy_for_living,Query,evt_101323,,,,tìm nhà phố Quận 3 vị trí đẹp gần trường học
,,,,Query:evt_103937,,rent,Query,evt_103937,,,,"cần thuê nhà phố Quận 9 full nội thất, ổn định"
,,,,Query:evt_103270,,buy_for_living,Query,evt_103270,,,,nhà phố Quận 7 giá hợp lý cho gia đình
,,,,Query:evt_101059,,investment,Query,evt_101059,,,,căn hộ Quận 7 rẻ một chút dòng tiền tốt
,,,,Query:evt_101238,,investment,Query,evt_101238,,,,căn hộ Quận 4 khu nhà giàu dòng tiền tốt
,,,,Query:evt_100908,,buy_for_living,Query,evt_100908,,,,căn hộ Quận 3 giá vừa phải cho gia đình
,,,,Query:evt_103880,,buy_for_living,Query,evt_103880,,,,tìm căn hộ Quận Bình Thạnh sang trọng gần trường học
,,,,Query:evt_103426,,rent,Query,evt_103426,,,,căn hộ Quận 7 giá rẻ cho thuê gần metro
,,,,Query:evt_102610,,buy_for_living,Query,evt_102610,,,,căn hộ Quận Tân Bình rẻ một chút cho vợ chồng mới cưới
,,,,Query:evt_102221,,buy_for_living,Query,evt_102221,,,,"cần mua căn hộ 2 phòng ngủ ở Quận Bình Thạnh để ở, bình dân"
,,,,Query:evt_101524,,investment,Query,evt_101524,,,,biệt thự Quận Bình Thạnh giá hợp lý cho thuê lại được
,,,,Query:evt_102941,,buy_for_living,Query,evt_102941,,,,"nhà ở Quận Gò Vấp thoáng mát 6pn, vị trí đẹp"
,,,,Query:evt_103031,,buy_for_living,Query,evt_103031,,,,căn hộ Quận Gò Vấp giá vừa phải cho gia đình
,,,,Query:evt_103990,,buy_for_living,Query,evt_103990,,,,"cần mua nhà phố 0 phòng ngủ ở Phường Long Bình để ở, giá mềm"
,,,,Query:evt_101614,,buy_for_living,Query,evt_101614,,,,căn hộ Phường Dĩ An tầm trung cho gia đình
,,,,Query:evt_100431,,buy_for_living,Query,evt_100431,,,,"nhà ở Quận 9 thoáng mát 2pn, giá vừa phải"
,,,,Query:evt_100226,,buy_for_living,Query,evt_100226,,,,tìm đất nền Quận 2 giá mềm gần trường học
,,,,Query:evt_102820,,investment,Query,evt_102820,,,,nhà phố Quận 1 giá mềm cho thuê lại được
,,,,Query:evt_102095,,buy_for_living,Query,evt_102095,,,,căn hộ Quận 3 rẻ một chút cho vợ chồng mới cưới
,,,,Query:evt_103075,,rent,Query,evt_103075,,,,thuê căn hộ Quận Thủ Đức 3 phòng ngủ rẻ một chút
,,,,Query:evt_103276,,investment,Query,evt_103276,,,,căn hộ Quận Thủ Đức ổn định cho thuê lại được
,,,,Query:evt_102957,,investment,Query,evt_102957,,,,nhà phố Quận 3 ổn định dòng tiền tốt
,,,,Query:evt_102408,,buy_for_living,Query,evt_102408,,,,căn hộ Quận 7 giá tốt cho gia đình
,,,,Query:evt_101292,,investment,Query,evt_101292,,,,nhà phố Quận Bình Thạnh cao cấp dòng tiền tốt
,,,,Query:evt_102350,,buy_for_living,Query,evt_102350,,,,"nhà ở Quận 2 thoáng mát 3pn, giá hợp lý"
,,,,Query:evt_104341,,investment,Query,evt_104341,,,,tìm căn hộ Quận 4 bình dân tiềm năng tăng giá
,,,,Query:evt_100874,,buy_for_living,Query,evt_100874,,,,nhà phố Quận 7 vị trí đẹp cho vợ chồng mới cưới
,,,,Query:evt_104373,,buy_for_living,Query,evt_104373,,,,tìm nhà phố Quận 3 giá hợp lý gần trường học
,,,,Query:evt_103944,,buy_for_living,Query,evt_103944,,,,căn hộ Phường Long Bình giá rẻ cho vợ chồng mới cưới
,,,,Query:evt_102818,,investment,Query,evt_102818,,,,tìm căn hộ Quận 7 bình dân tiềm năng tăng giá
,,,,Query:evt_102865,,buy_for_living,Query,evt_102865,,,,nhà phố Quận Thủ Đức khu nhà giàu cho gia đình
,,,,Query:evt_102881,,buy_for_living,Query,evt_102881,,,,tìm căn hộ Quận 7 vị trí đẹp gần trường học
,,,,Query:evt_101309,,buy_for_living,Query,evt_101309,,,,tìm nhà phố Quận 1 ổn định gần trường học
,,,,Query:evt_102528,,buy_for_living,Query,evt_102528,,,,"nhà ở Quận 4 thoáng mát 2pn, giá rẻ"
,,,,Query:evt_101879,,buy_for_living,Query,evt_101879,,,,"nhà ở Quận Thủ Đức thoáng mát 2pn, giá vừa phải"
,,,,Query:evt_100416,,buy_for_living,Query,evt_100416,,,,"cần mua nhà phố 4 phòng ngủ ở Quận 9 để ở, sang trọng"
,,,,Query:evt_101455,,investment,Query,evt_101455,,,,tìm căn hộ Quận Thủ Đức giá hợp lý tiềm năng tăng giá
,,,,Query:evt_100320,,buy_for_living,Query,evt_100320,,,,tìm nhà phố Quận 7 giá tốt gần trường học
,,,,Query:evt_104169,,buy_for_living,Query,evt_104169,,,,nhà phố Quận 7 cao cấp cho gia đình
,,,,Query:evt_102852,,buy_for_living,Query,evt_102852,,,,căn hộ Quận Gò Vấp giá hợp lý cho vợ chồng mới cưới
,,,,Query:evt_102356,,investment,Query,evt_102356,,,,căn hộ Quận Thủ Đức cao cấp dòng tiền tốt
,,,,Query:evt_102822,,investment,Query,evt_102822,,,,tìm căn hộ Quận 4 giá mềm tiềm năng tăng giá
,,,,Query:evt_104228,,investment,Query,evt_104228,,,,"mua nhà phố đầu tư ở Quận 7 pháp lý rõ ràng, vị trí đẹp"
,,,,Query:evt_102747,,investment,Query,evt_102747,,,,căn hộ Quận 7 giá hợp lý dòng tiền tốt
,,,,Query:evt_100948,,investment,Query,evt_100948,,,,căn hộ Quận 9 giá hợp lý dòng tiền tốt
,,,,Query:evt_101704,,buy_for_living,Query,evt_101704,,,,nhà phố Quận 7 giá tốt cho gia đình
,,,,Query:evt_100726,,buy_for_living,Query,evt_100726,,,,đất nền Quận 1 giá mềm cho vợ chồng mới cưới
,,,,Query:evt_102525,,buy_for_living,Query,evt_102525,,,,"nhà ở Phường An Phú thoáng mát 6pn, sang trọng"
,,,,Query:evt_100711,,buy_for_living,Query,evt_100711,,,,căn hộ Phường Dĩ An khu nhà giàu cho vợ chồng mới cưới
,,,,Query:evt_100565,,buy_for_living,Query,evt_100565,,,,căn hộ Quận 7 giá vừa phải cho vợ chồng mới cưới
,,,,Query:evt_102860,,buy_for_living,Query,evt_102860,,,,biệt thự Phường An Phú khu nhà giàu cho gia đình
,,,,Query:evt_103268,,buy_for_living,Query,evt_103268,,,,biệt thự Quận 7 giá hợp lý cho gia đình
,,,,Query:evt_100068,,buy_for_living,Query,evt_100068,,,,"cần mua biệt thự 3 phòng ngủ ở Quận Gò Vấp để ở, tầm trung"
,,,,Query:evt_100885,,buy_for_living,Query,evt_100885,,,,"nhà ở Quận 2 thoáng mát 2pn, giá hợp lý"
,,,,Query:evt_104013,,buy_for_living,Query,evt_104013,,,,"cần mua nhà phố 2 phòng ngủ ở Quận 7 để ở, sang trọng"
,,,,Query:evt_101128,,investment,Query,evt_101128,,,,tìm căn hộ Quận 9 ổn định tiềm năng tăng giá
,,,,Query:evt_103083,,rent,Query,evt_103083,,,,"cần thuê đất nền Quận 7 full nội thất, giá hợp lý"
,,,,Query:evt_102238,,buy_for_living,Query,evt_102238,,,,nhà phố Quận 7 giá hợp lý cho gia đình
,,,,Query:evt_103106,,investment,Query,evt_103106,,,,tìm căn hộ Quận Thủ Đức rẻ một chút tiềm năng tăng giá
,,,,Query:evt_103393,,rent,Query,evt_103393,,,,"cần thuê căn hộ Quận Bình Thạnh full nội thất, sang trọng"
,,,,Query:evt_102984,,investment,Query,evt_102984,,,,tìm nhà phố Quận 9 tầm trung tiềm năng tăng giá
,,,,Query:evt_100086,,buy_for_living,Query,evt_100086,,,,"cần mua căn hộ 4 phòng ngủ ở Quận Thủ Đức để ở, khu nhà giàu"
,,,,Query:evt_100727,,buy_for_living,Query,evt_100727,,,,"nhà ở Quận 7 thoáng mát 1pn, giá mềm"
,,,,Query:evt_103312,,investment,Query,evt_103312,,,,căn hộ Phường Hiệp Bình giá tốt dòng tiền tốt
,,,,Query:evt_102609,,buy_for_living,Query,evt_102609,,,,căn hộ Phường Dĩ An giá hợp lý cho gia đình
,,,,Query:evt_100653,,investment,Query,evt_100653,,,,biệt thự Quận 7 cao cấp dòng tiền tốt
,,,,Query:evt_102499,,buy_for_living,Query,evt_102499,,,,nhà phố Quận 7 giá mềm cho gia đình
,,,,Query:evt_104349,,rent,Query,evt_104349,,,,"cần thuê căn hộ Quận 1 full nội thất, bình dân"
,,,,Query:evt_104044,,rent,Query,evt_104044,,,,nhà phố Quận Thủ Đức giá vừa phải cho thuê gần metro
,,,,Query:evt_101523,,investment,Query,evt_101523,,,,tìm nhà phố Quận 1 vị trí đẹp tiềm năng tăng giá
,,,,Query:evt_103912,,buy_for_living,Query,evt_103912,,,,biệt thự Quận 1 giá vừa phải cho vợ chồng mới cưới
,,,,Query:evt_104230,,investment,Query,evt_104230,,,,căn hộ Quận 7 khu nhà giàu dòng tiền tốt
,,,,Query:evt_104243,,investment,Query,evt_104243,,,,tìm nhà phố Quận Tân Bình rẻ một chút tiềm năng tăng giá
,,,,Query:evt_104486,,investment,Query,evt_104486,,,,"mua căn hộ đầu tư ở Quận 2 pháp lý rõ ràng, vị trí đẹp"
,,,,Query:evt_100141,,buy_for_living,Query,evt_100141,,,,tìm căn hộ Quận Thủ Đức giá tốt gần trường học
,,,,Query:evt_102457,,buy_for_living,Query,evt_102457,,,,đất nền Quận 1 giá mềm cho vợ chồng mới cưới
,,,,Query:evt_104205,,buy_for_living,Query,evt_104205,,,,tìm đất nền Quận 7 giá rẻ gần trường học
,,,,Query:evt_102070,,rent,Query,evt_102070,,,,thuê căn hộ Quận 3 2 phòng ngủ bình dân
,,,,Query:evt_102436,,investment,Query,evt_102436,,,,tìm biệt thự Quận Gò Vấp sang trọng tiềm năng tăng giá
,,,,Query:evt_101206,,rent,Query,evt_101206,,,,nhà phố Quận 7 giá mềm cho thuê gần metro
,,,,Query:evt_103372,,investment,Query,evt_103372,,,,nhà phố Phường Long Bình cao cấp cho thuê lại được
,,,,Query:evt_102769,,buy_for_living,Query,evt_102769,,,,"nhà ở Quận 2 thoáng mát 4pn, tầm trung"
,,,,Query:evt_101847,,buy_for_living,Query,evt_101847,,,,"cần mua nhà phố 4 phòng ngủ ở Quận 1 để ở, ổn định"
,,,,Query:evt_102658,,buy_for_living,Query,evt_102658,,,,căn hộ Quận 9 khu nhà giàu cho vợ chồng mới cưới
,,,,Query:evt_101465,,rent,Query,evt_101465,,,,"cần thuê nhà phố Quận 9 full nội thất, giá vừa phải"
,,,,Query:evt_100254,,investment,Query,evt_100254,,,,tìm đất nền Quận 3 giá rẻ tiềm năng tăng giá
,,,,Query:evt_101402,,investment,Query,evt_101402,,,,nhà phố Quận Bình Thạnh giá rẻ dòng tiền tốt
,,,,Query:evt_104275,,investment,Query,evt_104275,,,,"mua đất nền đầu tư ở Quận 4 pháp lý rõ ràng, khu nhà giàu"
,,,,Query:evt_103717,,buy_for_living,Query,evt_103717,,,,"cần mua căn hộ 1 phòng ngủ ở Phường Long Bình để ở, giá rẻ"
,,,,Query:evt_101906,,rent,Query,evt_101906,,,,thuê nhà phố Quận 7 4 phòng ngủ giá rẻ
,,,,Query:evt_101934,,buy_for_living,Query,evt_101934,,,,nhà phố Quận 2 rẻ một chút cho gia đình
,,,,Query:evt_103374,,rent,Query,evt_103374,,,,thuê căn hộ Quận 7 2 phòng ngủ tầm trung
,,,,Query:evt_103961,,buy_for_living,Query,evt_103961,,,,căn hộ Quận 7 giá hợp lý cho gia đình
,,,,Query:evt_101414,,investment,Query,evt_101414,,,,căn hộ Quận 2 giá mềm cho thuê lại được
,,,,Query:evt_104075,,investment,Query,evt_104075,,,,biệt thự Quận 9 giá hợp lý dòng tiền tốt
,,,,Query:evt_101824,,buy_for_living,Query,evt_101824,,,,"nhà ở Quận 7 thoáng mát 6pn, vị trí đẹp"
,,,,Query:evt_103398,,investment,Query,evt_103398,,,,đất nền Quận 7 khu nhà giàu dòng tiền tốt
,,,,Query:evt_101355,,buy_for_living,Query,evt_101355,,,,tìm căn hộ Quận Gò Vấp ổn định gần trường học
,,,,Query:evt_101267,,investment,Query,evt_101267,,,,tìm căn hộ Quận 7 giá mềm tiềm năng tăng giá
,,,,Query:evt_103064,,buy_for_living,Query,evt_103064,,,,"cần mua biệt thự 2 phòng ngủ ở Quận Thủ Đức để ở, ổn định"
,,,,Query:evt_100166,,investment,Query,evt_100166,,,,"mua nhà phố đầu tư ở Phường Dĩ An pháp lý rõ ràng, rẻ một chút"
,,,,Query:evt_104293,,buy_for_living,Query,evt_104293,,,,đất nền Quận Bình Thạnh giá mềm cho gia đình
,,,,Query:evt_102271,,buy_for_living,Query,evt_102271,,,,căn hộ Quận Thủ Đức tầm trung cho vợ chồng mới cưới
,,,,Query:evt_103633,,buy_for_living,Query,evt_103633,,,,"nhà ở Quận Tân Bình thoáng mát 3pn, giá hợp lý"
,,,,Query:evt_103837,,buy_for_living,Query,evt_103837,,,,"cần mua căn hộ 3 phòng ngủ ở Quận 1 để ở, giá mềm"
,,,,Query:evt_100625,,rent,Query,evt_100625,,,,"cần thuê nhà phố Quận Thủ Đức full nội thất, giá vừa phải"
,,,,Query:evt_102493,,buy_for_living,Query,evt_102493,,,,đất nền Quận 7 giá tốt cho vợ chồng mới cưới
,,,,Query:evt_100207,,buy_for_living,Query,evt_100207,,,,"cần mua căn hộ 4 phòng ngủ ở Quận 9 để ở, giá hợp lý"
,,,,Query:evt_104298,,buy_for_living,Query,evt_104298,,,,"cần mua biệt thự 2 phòng ngủ ở Phường Hiệp Bình để ở, ổn định"
,,,,Query:evt_101436,,buy_for_living,Query,evt_101436,,,,"nhà ở Quận 2 thoáng mát 5pn, cao cấp"
,,,,Query:evt_104269,,buy_for_living,Query,evt_104269,,,,tìm căn hộ Quận Tân Bình bình dân gần trường học
,,,,Query:evt_103428,,rent,Query,evt_103428,,,,tìm phòng nhà phố ở Quận 2 bình dân
,,,,Query:evt_102292,,investment,Query,evt_102292,,,,tìm biệt thự Quận Bình Thạnh giá hợp lý tiềm năng tăng giá
,,,,Query:evt_103736,,rent,Query,evt_103736,,,,tìm phòng biệt thự ở Quận Tân Bình khu nhà giàu
,,,,Query:evt_102195,,investment,Query,evt_102195,,,,tìm nhà phố Quận Tân Bình vị trí đẹp tiềm năng tăng giá
,,,,Query:evt_101364,,buy_for_living,Query,evt_101364,,,,"cần mua căn hộ 3 phòng ngủ ở Quận Bình Thạnh để ở, sang trọng"
,,,,Query:evt_100485,,buy_for_living,Query,evt_100485,,,,"cần mua căn hộ 2 phòng ngủ ở Phường Hiệp Bình để ở, giá vừa phải"
,,,,Query:evt_101038,,rent,Query,evt_101038,,,,thuê căn hộ Quận 7 3 phòng ngủ vị trí đẹp
,,,,Query:evt_101125,,investment,Query,evt_101125,,,,nhà phố Quận Gò Vấp giá rẻ dòng tiền tốt
,,,,Query:evt_104041,,rent,Query,evt_104041,,,,"cần thuê căn hộ Quận Thủ Đức full nội thất, giá tốt"
,,,,Query:evt_103128,,rent,Query,evt_103128,,,,căn hộ Quận 1 sang trọng cho thuê gần metro
,,,,Query:evt_102641,,rent,Query,evt_102641,,,,căn hộ Quận 7 giá mềm cho thuê gần metro
,,,,Query:evt_102744,,investment,Query,evt_102744,,,,tìm đất nền Quận 7 giá hợp lý tiềm năng tăng giá
,,,,Query:evt_101101,,investment,Query,evt_101101,,,,căn hộ Quận Thủ Đức giá hợp lý cho thuê lại được
,,,,Query:evt_102887,,buy_for_living,Query,evt_102887,,,,"cần mua nhà phố 1 phòng ngủ ở Quận 9 để ở, giá vừa phải"
,,,,Query:evt_104320,,rent,Query,evt_104320,,,,"cần thuê căn hộ Quận Thủ Đức full nội thất, giá mềm"
,,,,Query:evt_100278,,rent,Query,evt_100278,,,,"cần thuê nhà phố Quận 1 full nội thất, vị trí đẹp"
,,,,Query:evt_102425,,investment,Query,evt_102425,,,,nhà phố Quận Gò Vấp sang trọng dòng tiền tốt
,,,,Query:evt_102429,,investment,Query,evt_102429,,,,căn hộ Quận Tân Bình giá hợp lý cho thuê lại được
,,,,Query:evt_102156,,buy_for_living,Query,evt_102156,,,,căn hộ Quận 3 giá hợp lý cho vợ chồng mới cưới
,,,,Query:evt_100078,,buy_for_living,Query,evt_100078,,,,căn hộ Quận 2 giá vừa phải cho gia đình
,,,,Query:evt_103253,,investment,Query,evt_103253,,,,"mua căn hộ đầu tư ở Quận 3 pháp lý rõ ràng, giá mềm"
,,,,Query:evt_101536,,buy_for_living,Query,evt_101536,,,,nhà phố Quận 9 cao cấp cho vợ chồng mới cưới
,,,,Query:evt_103620,,buy_for_living,Query,evt_103620,,,,tìm căn hộ Quận Gò Vấp giá vừa phải gần trường học
,,,,Query:evt_102463,,rent,Query,evt_102463,,,,tìm phòng căn hộ ở Quận Gò Vấp giá vừa phải
,,,,Query:evt_102866,,buy_for_living,Query,evt_102866,,,,căn hộ Quận Thủ Đức giá vừa phải cho gia đình
,,,,Query:evt_102795,,buy_for_living,Query,evt_102795,,,,tìm căn hộ Quận 2 sang trọng gần trường học
,,,,Query:evt_101609,,buy_for_living,Query,evt_101609,,,,"nhà ở Quận Bình Thạnh thoáng mát 1pn, rẻ một chút"
,,,,Query:evt_100857,,investment,Query,evt_100857,,,,nhà phố Quận Bình Thạnh giá vừa phải cho thuê lại được
,,,,Query:evt_104038,,rent,Query,evt_104038,,,,căn hộ Quận 7 sang trọng cho thuê gần metro
,,,,Query:evt_100009,,buy_for_living,Query,evt_100009,,,,tìm căn hộ Quận 3 rẻ một chút gần trường học
,,,,Query:evt_100470,,investment,Query,evt_100470,,,,nhà phố Quận 3 bình dân dòng tiền tốt
,,,,Query:evt_103522,,buy_for_living,Query,evt_103522,,,,"nhà ở Quận Gò Vấp thoáng mát 4pn, giá hợp lý"
,,,,Query:evt_100231,,buy_for_living,Query,evt_100231,,,,căn hộ Quận 1 tầm trung cho vợ chồng mới cưới
,,,,Query:evt_102730,,investment,Query,evt_102730,,,,"mua biệt thự đầu tư ở Phường Dĩ An pháp lý rõ ràng, tầm trung"
,,,,Query:evt_101853,,buy_for_living,Query,evt_101853,,,,căn hộ Quận 4 cao cấp cho gia đình
,,,,Query:evt_101840,,buy_for_living,Query,evt_101840,,,,"cần mua nhà phố 1 phòng ngủ ở Phường Long Bình để ở, giá mềm"
,,,,Query:evt_100327,,buy_for_living,Query,evt_100327,,,,nhà phố Quận 7 giá tốt cho gia đình
,,,,Query:evt_101607,,buy_for_living,Query,evt_101607,,,,"cần mua căn hộ 3 phòng ngủ ở Quận 2 để ở, giá tốt"
,,,,Query:evt_104178,,buy_for_living,Query,evt_104178,,,,"nhà ở Phường Dĩ An thoáng mát 4pn, ổn định"
,,,,Query:evt_102680,,investment,Query,evt_102680,,,,căn hộ Quận 2 rẻ một chút dòng tiền tốt
,,,,Query:evt_101950,,buy_for_living,Query,evt_101950,,,,tìm biệt thự Phường An Phú vị trí đẹp gần trường học
,,,,Query:evt_100247,,investment,Query,evt_100247,,,,"mua biệt thự đầu tư ở Quận Gò Vấp pháp lý rõ ràng, cao cấp"
,,,,Query:evt_102988,,buy_for_living,Query,evt_102988,,,,"nhà ở Quận Thủ Đức thoáng mát 3pn, bình dân"
,,,,Query:evt_101720,,investment,Query,evt_101720,,,,tìm căn hộ Phường Long Bình khu nhà giàu tiềm năng tăng giá
,,,,Query:evt_103600,,buy_for_living,Query,evt_103600,,,,căn hộ Phường Dĩ An bình dân cho vợ chồng mới cưới
,,,,Query:evt_102202,,investment,Query,evt_102202,,,,căn hộ Quận 9 cao cấp cho thuê lại được
,,,,Query:evt_102159,,buy_for_living,Query,evt_102159,,,,"cần mua căn hộ 3 phòng ngủ ở Quận 7 để ở, giá vừa phải"
,,,,Query:evt_102093,,buy_for_living,Query,evt_102093,,,,tìm nhà phố Quận 1 tầm trung gần trường học
,,,,Query:evt_103079,,rent,Query,evt_103079,,,,thuê nhà phố Quận 2 2 phòng ngủ ổn định
,,,,Query:evt_100230,,buy_for_living,Query,evt_100230,,,,"cần mua đất nền 2 phòng ngủ ở Quận 7 để ở, rẻ một chút"
,,,,Query:evt_103481,,buy_for_living,Query,evt_103481,,,,tìm căn hộ Quận Thủ Đức giá tốt gần trường học
,,,,Query:evt_103688,,buy_for_living,Query,evt_103688,,,,"cần mua đất nền 1 phòng ngủ ở Quận Gò Vấp để ở, ổn định"
,,,,Query:evt_102121,,investment,Query,evt_102121,,,,căn hộ Phường Dĩ An tầm trung dòng tiền tốt
,,,,Query:evt_103296,,investment,Query,evt_103296,,,,căn hộ Quận 9 sang trọng cho thuê lại được
,,,,Query:evt_102343,,buy_for_living,Query,evt_102343,,,,"nhà ở Quận 9 thoáng mát 3pn, giá rẻ"
,,,,Query:evt_101584,,rent,Query,evt_101584,,,,nhà phố Quận Gò Vấp giá vừa phải cho thuê gần metro
,,,,Query:evt_101463,,rent,Query,evt_101463,,,,tìm phòng nhà phố ở Quận 7 bình dân
,,,,Query:evt_102885,,buy_for_living,Query,evt_102885,,,,nhà phố Quận Bình Thạnh giá mềm cho vợ chồng mới cưới
,,,,Query:evt_101680,,investment,Query,evt_101680,,,,đất nền Quận 1 giá vừa phải dòng tiền tốt
,,,,Query:evt_101781,,buy_for_living,Query,evt_101781,,,,căn hộ Phường Dĩ An rẻ một chút cho vợ chồng mới cưới
,,,,Query:evt_103359,,investment,Query,evt_103359,,,,căn hộ Quận 3 sang trọng cho thuê lại được
,,,,Query:evt_103416,,rent,Query,evt_103416,,,,nhà phố Quận 1 ổn định cho thuê gần metro
,,,,Query:evt_100570,,buy_for_living,Query,evt_100570,,,,căn hộ Quận 7 cao cấp cho gia đình
,,,,Query:evt_100385,,investment,Query,evt_100385,,,,"mua nhà phố đầu tư ở Quận Tân Bình pháp lý rõ ràng, khu nhà giàu"
,,,,Query:evt_102064,,rent,Query,evt_102064,,,,căn hộ Quận 1 cao cấp cho thuê gần metro
,,,,Query:evt_101739,,buy_for_living,Query,evt_101739,,,,tìm căn hộ Quận 3 bình dân gần trường học
,,,,Query:evt_102857,,buy_for_living,Query,evt_102857,,,,"cần mua căn hộ 3 phòng ngủ ở Quận Tân Bình để ở, giá vừa phải"
,,,,Query:evt_100382,,rent,Query,evt_100382,,,,căn hộ Quận Gò Vấp giá hợp lý cho thuê gần metro
,,,,Query:evt_100933,,investment,Query,evt_100933,,,,nhà phố Phường Long Bình ổn định dòng tiền tốt
,,,,Query:evt_104176,,buy_for_living,Query,evt_104176,,,,"cần mua căn hộ 6 phòng ngủ ở Quận 1 để ở, khu nhà giàu"
,,,,Query:evt_100642,,investment,Query,evt_100642,,,,"mua nhà phố đầu tư ở Quận Gò Vấp pháp lý rõ ràng, tầm trung"
,,,,Query:evt_103208,,buy_for_living,Query,evt_103208,,,,căn hộ Quận 9 giá rẻ cho gia đình
,,,,Query:evt_103945,,buy_for_living,Query,evt_103945,,,,căn hộ Quận 4 khu nhà giàu cho vợ chồng mới cưới
,,,,Query:evt_101958,,buy_for_living,Query,evt_101958,,,,tìm đất nền Quận 7 ổn định gần trường học
,,,,Query:evt_102755,,investment,Query,evt_102755,,,,căn hộ Quận 7 cao cấp cho thuê lại được
,,,,Query:evt_100026,,buy_for_living,Query,evt_100026,,,,tìm căn hộ Quận Tân Bình sang trọng gần trường học
,,,,Query:evt_102182,,investment,Query,evt_102182,,,,căn hộ Quận 1 ổn định dòng tiền tốt
,,,,Query:evt_100110,,investment,Query,evt_100110,,,,biệt thự Quận 9 bình dân dòng tiền tốt
,,,,Query:evt_103037,,buy_for_living,Query,evt_103037,,,,"nhà ở Quận 7 thoáng mát 3pn, giá vừa phải"
,,,,Query:evt_102326,,rent,Query,evt_102326,,,,thuê nhà phố Quận 7 1 phòng ngủ rẻ một chút
,,,,Query:evt_101025,,investment,Query,evt_101025,,,,"mua căn hộ đầu tư ở Quận 2 pháp lý rõ ràng, giá vừa phải"
,,,,Query:evt_104354,,rent,Query,evt_104354,,,,tìm phòng nhà phố ở Quận 7 tầm trung
,,,,Query:evt_100304,,buy_for_living,Query,evt_100304,,,,"cần mua căn hộ 6 phòng ngủ ở Quận 7 để ở, sang trọng"
,,,,Query:evt_103094,,investment,Query,evt_103094,,,,căn hộ Quận Tân Bình bình dân dòng tiền tốt
,,,,Query:evt_100578,,buy_for_living,Query,evt_100578,,,,tìm căn hộ Quận Thủ Đức rẻ một chút gần trường học
,,,,Query:evt_101915,,buy_for_living,Query,evt_101915,,,,tìm căn hộ Quận 1 vị trí đẹp gần trường học
,,,,Query:evt_100807,,investment,Query,evt_100807,,,,"mua căn hộ đầu tư ở Quận Tân Bình pháp lý rõ ràng, giá tốt"
,,,,Query:evt_102927,,buy_for_living,Query,evt_102927,,,,tìm đất nền Quận Thủ Đức cao cấp gần trường học
,,,,Query:evt_104216,,investment,Query,evt_104216,,,,"mua nhà phố đầu tư ở Quận Thủ Đức pháp lý rõ ràng, giá hợp lý"
,,,,Query:evt_101669,,investment,Query,evt_101669,,,,căn hộ Quận 1 giá tốt cho thuê lại được
,,,,Query:evt_102850,,buy_for_living,Query,evt_102850,,,,tìm nhà phố Quận 4 sang trọng gần trường học
,,,,Query:evt_103353,,buy_for_living,Query,evt_103353,,,,"cần mua biệt thự 1 phòng ngủ ở Quận 2 để ở, giá rẻ"
,,,,Query:evt_103263,,buy_for_living,Query,evt_103263,,,,"nhà ở Quận 4 thoáng mát 2pn, giá hợp lý"
,,,,Query:evt_104254,,investment,Query,evt_104254,,,,nhà phố Phường Dĩ An ổn định dòng tiền tốt
,,,,Query:evt_102652,,buy_for_living,Query,evt_102652,,,,"nhà ở Quận 1 thoáng mát 6pn, khu nhà giàu"
,,,,Query:evt_103629,,buy_for_living,Query,evt_103629,,,,"nhà ở Phường Long Bình thoáng mát 4pn, cao cấp"
,,,,Query:evt_100013,,buy_for_living,Query,evt_100013,,,,căn hộ Quận 3 cao cấp cho gia đình
,,,,Query:evt_104120,,investment,Query,evt_104120,,,,tìm căn hộ Quận 1 sang trọng tiềm năng tăng giá
,,,,Query:evt_101676,,investment,Query,evt_101676,,,,biệt thự Quận 9 giá vừa phải cho thuê lại được
,,,,Query:evt_102781,,investment,Query,evt_102781,,,,tìm đất nền Quận 9 giá mềm tiềm năng tăng giá
,,,,Query:evt_101016,,investment,Query,evt_101016,,,,tìm căn hộ Quận Bình Thạnh tầm trung tiềm năng tăng giá
,,,,Query:evt_100223,,buy_for_living,Query,evt_100223,,,,tìm căn hộ Quận 4 ổn định gần trường học
,,,,Query:evt_102055,,buy_for_living,Query,evt_102055,,,,nhà phố Quận 2 vị trí đẹp cho vợ chồng mới cưới
,,,,Query:evt_101147,,buy_for_living,Query,evt_101147,,,,căn hộ Quận 1 cao cấp cho gia đình
,,,,Query:evt_104082,,buy_for_living,Query,evt_104082,,,,tìm nhà phố Phường An Phú bình dân gần trường học
,,,,Query:evt_100063,,buy_for_living,Query,evt_100063,,,,"cần mua nhà phố 1 phòng ngủ ở Quận Thủ Đức để ở, rẻ một chút"
,,,,Query:evt_100024,,buy_for_living,Query,evt_100024,,,,"nhà ở Quận Gò Vấp thoáng mát 3pn, giá hợp lý"
,,,,Query:evt_103765,,buy_for_living,Query,evt_103765,,,,căn hộ Phường Long Bình tầm trung cho gia đình
,,,,Query:evt_101073,,buy_for_living,Query,evt_101073,,,,tìm căn hộ Phường Long Bình ổn định gần trường học
,,,,Query:evt_101589,,buy_for_living,Query,evt_101589,,,,"cần mua đất nền 3 phòng ngủ ở Quận Thủ Đức để ở, tầm trung"
,,,,Query:evt_103618,,buy_for_living,Query,evt_103618,,,,"nhà ở Quận Bình Thạnh thoáng mát 6pn, khu nhà giàu"
,,,,Query:evt_101232,,investment,Query,evt_101232,,,,tìm căn hộ Phường Long Bình bình dân tiềm năng tăng giá
,,,,Query:evt_103074,,rent,Query,evt_103074,,,,thuê biệt thự Quận 1 4 phòng ngủ giá hợp lý
,,,,Query:evt_102677,,rent,Query,evt_102677,,,,thuê căn hộ Quận 2 1 phòng ngủ bình dân
,,,,Query:evt_103786,,investment,Query,evt_103786,,,,"mua căn hộ đầu tư ở Quận Thủ Đức pháp lý rõ ràng, giá mềm"
,,,,Query:evt_104151,,investment,Query,evt_104151,,,,nhà phố Quận 2 giá hợp lý cho thuê lại được
,,,,Query:evt_102900,,buy_for_living,Query,evt_102900,,,,căn hộ Quận Bình Thạnh sang trọng cho vợ chồng mới cưới
,,,,Query:evt_101725,,investment,Query,evt_101725,,,,"mua căn hộ đầu tư ở Quận Tân Bình pháp lý rõ ràng, giá rẻ"
,,,,Query:evt_100847,,investment,Query,evt_100847,,,,"mua căn hộ đầu tư ở Quận 2 pháp lý rõ ràng, vị trí đẹp"
,,,,Query:evt_104001,,buy_for_living,Query,evt_104001,,,,căn hộ Phường Dĩ An sang trọng cho gia đình
,,,,Query:evt_103754,,buy_for_living,Query,evt_103754,,,,"cần mua căn hộ 4 phòng ngủ ở Quận 3 để ở, sang trọng"
,,,,Query:evt_101310,,buy_for_living,Query,evt_101310,,,,tìm biệt thự Quận Bình Thạnh giá vừa phải gần trường học
,,,,Query:evt_101306,,buy_for_living,Query,evt_101306,,,,"cần mua căn hộ 3 phòng ngủ ở Quận 2 để ở, giá vừa phải"
,,,,Query:evt_101608,,buy_for_living,Query,evt_101608,,,,căn hộ Quận Thủ Đức vị trí đẹp cho gia đình
,,,,Query:evt_103619,,buy_for_living,Query,evt_103619,,,,"nhà ở Quận 4 thoáng mát 2pn, bình dân"
,,,,Query:evt_103626,,buy_for_living,Query,evt_103626,,,,nhà phố Quận 2 vị trí đẹp cho vợ chồng mới cưới
,,,,Query:evt_104433,,investment,Query,evt_104433,,,,căn hộ Quận 2 sang trọng cho thuê lại được
,,,,Query:evt_100006,,buy_for_living,Query,evt_100006,,,,căn hộ Quận 1 rẻ một chút cho vợ chồng mới cưới
,,,,Query:evt_103358,,investment,Query,evt_103358,,,,tìm nhà phố Phường Long Bình vị trí đẹp tiềm năng tăng giá
,,,,Query:evt_101499,,buy_for_living,Query,evt_101499,,,,"nhà ở Quận 2 thoáng mát 2pn, giá hợp lý"
,,,,Query:evt_103166,,buy_for_living,Query,evt_103166,,,,"nhà ở Quận 4 thoáng mát 6pn, cao cấp"
,,,,Query:evt_101910,,buy_for_living,Query,evt_101910,,,,căn hộ Phường Dĩ An khu nhà giàu cho gia đình
,,,,Query:evt_103828,,investment,Query,evt_103828,,,,tìm căn hộ Quận Thủ Đức bình dân tiềm năng tăng giá
,,,,Query:evt_103424,,rent,Query,evt_103424,,,,"cần thuê đất nền Quận 9 full nội thất, khu nhà giàu"
,,,,Query:evt_100212,,buy_for_living,Query,evt_100212,,,,tìm căn hộ Quận 3 tầm trung gần trường học
,,,,Query:evt_100755,,buy_for_living,Query,evt_100755,,,,tìm căn hộ Quận 3 giá vừa phải gần trường học
,,,,Query:evt_102566,,investment,Query,evt_102566,,,,tìm căn hộ Quận 9 tầm trung tiềm năng tăng giá
,,,,Query:evt_100783,,investment,Query,evt_100783,,,,tìm nhà phố Phường Long Bình giá tốt tiềm năng tăng giá
,,,,Query:evt_100397,,buy_for_living,Query,evt_100397,,,,căn hộ Quận 9 giá tốt cho vợ chồng mới cưới
,,,,Query:evt_104130,,buy_for_living,Query,evt_104130,,,,nhà phố Quận 1 tầm trung cho gia đình
,,,,Query:evt_102018,,buy_for_living,Query,evt_102018,,,,biệt thự Quận Thủ Đức bình dân cho vợ chồng mới cưới
,,,,Query:evt_100556,,buy_for_living,Query,evt_100556,,,,tìm biệt thự Phường Hiệp Bình khu nhà giàu gần trường học
,,,,Query:evt_100245,,investment,Query,evt_100245,,,,"mua căn hộ đầu tư ở Quận 3 pháp lý rõ ràng, giá tốt"
,,,,Query:evt_103285,,investment,Query,evt_103285,,,,biệt thự Quận Bình Thạnh giá tốt cho thuê lại được
,,,,Query:evt_102467,,rent,Query,evt_102467,,,,"cần thuê nhà phố Quận 4 full nội thất, giá rẻ"
,,,,Query:evt_101514,,investment,Query,evt_101514,,,,tìm căn hộ Quận 2 vị trí đẹp tiềm năng tăng giá
,,,,Query:evt_100116,,buy_for_living,Query,evt_100116,,,,căn hộ Quận Gò Vấp rẻ một chút cho vợ chồng mới cưới
,,,,Query:evt_104006,,buy_for_living,Query,evt_104006,,,,căn hộ Quận Thủ Đức giá tốt cho gia đình
,,,,Query:evt_104452,,buy_for_living,Query,evt_104452,,,,"cần mua đất nền 3 phòng ngủ ở Quận Gò Vấp để ở, giá hợp lý"
,,,,Query:evt_100994,,buy_for_living,Query,evt_100994,,,,căn hộ Quận 9 vị trí đẹp cho vợ chồng mới cưới
,,,,Query:evt_103864,,investment,Query,evt_103864,,,,đất nền Quận Bình Thạnh sang trọng dòng tiền tốt
,,,,Query:evt_103538,,buy_for_living,Query,evt_103538,,,,"cần mua căn hộ 6 phòng ngủ ở Quận 3 để ở, khu nhà giàu"
,,,,Query:evt_104304,,buy_for_living,Query,evt_104304,,,,tìm đất nền Quận Thủ Đức cao cấp gần trường học
,,,,Query:evt_100858,,buy_for_living,Query,evt_100858,,,,"cần mua căn hộ 2 phòng ngủ ở Quận 7 để ở, giá hợp lý"
,,,,Query:evt_102690,,investment,Query,evt_102690,,,,"mua nhà phố đầu tư ở Quận 4 pháp lý rõ ràng, giá hợp lý"
,,,,Query:evt_102269,,buy_for_living,Query,evt_102269,,,,căn hộ Quận 9 ổn định cho gia đình
,,,,Query:evt_101348,,buy_for_living,Query,evt_101348,,,,căn hộ Quận 1 giá mềm cho gia đình
,,,,Query:evt_101181,,buy_for_living,Query,evt_101181,,,,tìm căn hộ Quận 2 giá rẻ gần trường học
,,,,Query:evt_104060,,buy_for_living,Query,evt_104060,,,,"nhà ở Quận 2 thoáng mát 6pn, khu nhà giàu"
,,,,Query:evt_100428,,buy_for_living,Query,evt_100428,,,,căn hộ Quận Gò Vấp cao cấp cho gia đình
,,,,Query:evt_102683,,investment,Query,evt_102683,,,,"mua căn hộ đầu tư ở Quận Tân Bình pháp lý rõ ràng, giá hợp lý"
,,,,Query:evt_101571,,buy_for_living,Query,evt_101571,,,,nhà phố Quận Thủ Đức khu nhà giàu cho vợ chồng mới cưới
,,,,Query:evt_103898,,buy_for_living,Query,evt_103898,,,,tìm căn hộ Quận Tân Bình cao cấp gần trường học
,,,,Query:evt_100953,,investment,Query,evt_100953,,,,căn hộ Phường Long Bình giá mềm cho thuê lại được
,,,,Query:evt_101431,,buy_for_living,Query,evt_101431,,,,nhà phố Phường An Phú giá mềm cho gia đình
,,,,Query:evt_100107,,investment,Query,evt_100107,,,,nhà phố Quận 1 giá vừa phải cho thuê lại được
,,,,Query:evt_103884,,buy_for_living,Query,evt_103884,,,,nhà phố Quận 7 rẻ một chút cho vợ chồng mới cưới
,,,,Query:evt_102069,,rent,Query,evt_102069,,,,"cần thuê căn hộ Quận 7 full nội thất, giá hợp lý"
,,,,Query:evt_102010,,investment,Query,evt_102010,,,,đất nền Quận 9 vị trí đẹp dòng tiền tốt
,,,,Query:evt_102046,,buy_for_living,Query,evt_102046,,,,tìm căn hộ Quận 1 tầm trung gần trường học
,,,,Query:evt_101994,,buy_for_living,Query,evt_101994,,,,"cần mua căn hộ 4 phòng ngủ ở Quận 3 để ở, sang trọng"
,,,,Query:evt_102229,,buy_for_living,Query,evt_102229,,,,nhà phố Quận 9 bình dân cho gia đình
,,,,Query:evt_100121,,buy_for_living,Query,evt_100121,,,,tìm căn hộ Quận 9 bình dân gần trường học
,,,,Query:evt_102386,,buy_for_living,Query,evt_102386,,,,"nhà ở Quận Tân Bình thoáng mát 3pn, cao cấp"
,,,,Query:evt_104510,,investment,Query,evt_104510,,,,căn hộ Quận Bình Thạnh giá rẻ dòng tiền tốt
,,,,Query:evt_103244,,investment,Query,evt_103244,,,,nhà phố Quận 9 giá hợp lý cho thuê lại được
,,,,Query:evt_101247,,investment,Query,evt_101247,,,,tìm căn hộ Quận 7 vị trí đẹp tiềm năng tăng giá
,,,,Query:evt_100895,,rent,Query,evt_100895,,,,tìm phòng đất nền ở Quận 2 rẻ một chút
,,,,Query:evt_104388,,buy_for_living,Query,evt_104388,,,,căn hộ Quận Thủ Đức khu nhà giàu cho gia đình
,,,,Query:evt_103190,,investment,Query,evt_103190,,,,nhà phố Quận Bình Thạnh giá vừa phải cho thuê lại được
,,,,Query:evt_101074,,buy_for_living,Query,evt_101074,,,,căn hộ Quận Tân Bình giá tốt cho gia đình
,,,,Query:evt_100088,,buy_for_living,Query,evt_100088,,,,căn hộ Quận 7 rẻ một chút cho gia đình
,,,,Query:evt_100585,,buy_for_living,Query,evt_100585,,,,tìm căn hộ Quận Tân Bình tầm trung gần trường học
,,,,Query:evt_102251,,investment,Query,evt_102251,,,,"mua căn hộ đầu tư ở Quận 7 pháp lý rõ ràng, giá vừa phải"
,,,,Query:evt_102241,,buy_for_living,Query,evt_102241,,,,tìm đất nền Quận 9 khu nhà giàu gần trường học
,,,,Query:evt_102200,,investment,Query,evt_102200,,,,căn hộ Quận 9 vị trí đẹp cho thuê lại được
,,,,Query:evt_103249,,investment,Query,evt_103249,,,,"mua căn hộ đầu tư ở Quận 7 pháp lý rõ ràng, cao cấp"
,,,,Query:evt_102194,,investment,Query,evt_102194,,,,tìm nhà phố Quận 4 vị trí đẹp tiềm năng tăng giá
,,,,Query:evt_102003,,investment,Query,evt_102003,,,,căn hộ Quận Bình Thạnh tầm trung cho thuê lại được
,,,,Query:evt_102875,,buy_for_living,Query,evt_102875,,,,"cần mua căn hộ 6 phòng ngủ ở Quận 2 để ở, sang trọng"
,,,,Query:evt_103788,,investment,Query,evt_103788,,,,nhà phố Quận 7 bình dân cho thuê lại được
,,,,Query:evt_104472,,investment,Query,evt_104472,,,,"mua căn hộ đầu tư ở Quận 9 pháp lý rõ ràng, ổn định"
,,,,Query:evt_102472,,rent,Query,evt_102472,,,,căn hộ Quận 3 bình dân cho thuê gần metro
,,,,Query:evt_102966,,investment,Query,evt_102966,,,,căn hộ Phường Dĩ An ổn định cho thuê lại được
,,,,Query:evt_104050,,rent,Query,evt_104050,,,,"cần thuê căn hộ Phường Hiệp Bình full nội thất, giá rẻ"
,,,,Query:evt_103125,,rent,Query,evt_103125,,,,"cần thuê căn hộ Quận 3 full nội thất, sang trọng"
,,,,Query:evt_100313,,buy_for_living,Query,evt_100313,,,,"cần mua nhà phố 1 phòng ngủ ở Quận Thủ Đức để ở, giá tốt"
,,,,Query:evt_101383,,buy_for_living,Query,evt_101383,,,,tìm căn hộ Quận 2 giá rẻ gần trường học
,,,,Query:evt_100684,,investment,Query,evt_100684,,,,nhà phố Quận 3 giá rẻ cho thuê lại được
,,,,Query:evt_103229,,buy_for_living,Query,evt_103229,,,,tìm nhà phố Phường Long Bình giá hợp lý gần trường học
,,,,Query:evt_100518,,buy_for_living,Query,evt_100518,,,,"nhà ở Quận 4 thoáng mát 3pn, giá hợp lý"
,,,,Query:evt_104100,,rent,Query,evt_104100,,,,biệt thự Quận 1 tầm trung cho thuê gần metro
,,,,Query:evt_100612,,buy_for_living,Query,evt_100612,,,,"nhà ở Quận Thủ Đức thoáng mát 4pn, ổn định"
,,,,Query:evt_104107,,rent,Query,evt_104107,,,,"cần thuê căn hộ Phường Long Bình full nội thất, khu nhà giàu"
,,,,Query:evt_103593,,buy_for_living,Query,evt_103593,,,,"cần mua nhà phố 1 phòng ngủ ở Quận 4 để ở, tầm trung"
,,,,Query:evt_101418,,buy_for_living,Query,evt_101418,,,,"nhà ở Quận Bình Thạnh thoáng mát 2pn, sang trọng"
,,,,Query:evt_101353,,buy_for_living,Query,evt_101353,,,,tìm căn hộ Quận Thủ Đức sang trọng gần trường học
,,,,Query:evt_103108,,investment,Query,evt_103108,,,,nhà phố Quận Bình Thạnh tầm trung dòng tiền tốt
,,,,Query:evt_101955,,buy_for_living,Query,evt_101955,,,,căn hộ Quận Thủ Đức rẻ một chút cho vợ chồng mới cưới
,,,,Query:evt_103854,,investment,Query,evt_103854,,,,"mua căn hộ đầu tư ở Quận Bình Thạnh pháp lý rõ ràng, ổn định"
,,,,Query:evt_101217,,buy_for_living,Query,evt_101217,,,,căn hộ Quận 4 khu nhà giàu cho gia đình
,,,,Query:evt_103431,,investment,Query,evt_103431,,,,căn hộ Quận 1 giá vừa phải dòng tiền tốt
,,,,Query:evt_102931,,buy_for_living,Query,evt_102931,,,,căn hộ Quận Bình Thạnh sang trọng cho vợ chồng mới cưới
,,,,Query:evt_104297,,buy_for_living,Query,evt_104297,,,,nhà phố Quận 1 rẻ một chút cho vợ chồng mới cưới
,,,,Query:evt_100724,,buy_for_living,Query,evt_100724,,,,căn hộ Quận 7 khu nhà giàu cho gia đình
,,,,Query:evt_104128,,buy_for_living,Query,evt_104128,,,,"cần mua căn hộ 2 phòng ngủ ở Quận 1 để ở, giá vừa phải"
,,,,Query:evt_100592,,buy_for_living,Query,evt_100592,,,,"nhà ở Quận Thủ Đức thoáng mát 1pn, rẻ một chút"
,,,,Query:evt_102258,,investment,Query,evt_102258,,,,"mua căn hộ đầu tư ở Phường Dĩ An pháp lý rõ ràng, giá hợp lý"
,,,,Query:evt_101936,,buy_for_living,Query,evt_101936,,,,"nhà ở Quận 1 thoáng mát 2pn, bình dân"
,,,,Query:evt_101667,,investment,Query,evt_101667,,,,"mua nhà phố đầu tư ở Phường Hiệp Bình pháp lý rõ ràng, vị trí đẹp"
,,,,Query:evt_103507,,buy_for_living,Query,evt_103507,,,,căn hộ Phường Dĩ An cao cấp cho gia đình
,,,,Query:evt_101286,,investment,Query,evt_101286,,,,"mua biệt thự đầu tư ở Quận 1 pháp lý rõ ràng, giá hợp lý"
,,,,Query:evt_100149,,buy_for_living,Query,evt_100149,,,,tìm căn hộ Quận 9 giá hợp lý gần trường học
,,,,Query:evt_103577,,buy_for_living,Query,evt_103577,,,,căn hộ Phường Hiệp Bình giá hợp lý cho vợ chồng mới cưới
,,,,Query:evt_102323,,rent,Query,evt_102323,,,,"cần thuê căn hộ Quận 7 full nội thất, giá rẻ"
,,,,Query:evt_102299,,buy_for_living,Query,evt_102299,,,,tìm căn hộ Phường An Phú giá tốt gần trường học
,,,,Query:evt_103504,,buy_for_living,Query,evt_103504,,,,đất nền Quận 2 cao cấp cho vợ chồng mới cưới
,,,,Query:evt_102013,,buy_for_living,Query,evt_102013,,,,"nhà ở Quận 3 thoáng mát 0pn, tầm trung"
,,,,Query:evt_100793,,investment,Query,evt_100793,,,,"mua nhà phố đầu tư ở Quận 3 pháp lý rõ ràng, cao cấp"
,,,,Query:evt_100077,,buy_for_living,Query,evt_100077,,,,"cần mua nhà phố 2 phòng ngủ ở Quận 3 để ở, giá vừa phải"
,,,,Query:evt_103860,,investment,Query,evt_103860,,,,căn hộ Quận 9 giá mềm cho thuê lại được
,,,,Query:evt_104499,,investment,Query,evt_104499,,,,căn hộ Phường Long Bình giá hợp lý dòng tiền tốt
,,,,Query:evt_103043,,buy_for_living,Query,evt_103043,,,,tìm căn hộ Quận 3 giá mềm gần trường học
,,,,Query:evt_104206,,investment,Query,evt_104206,,,,căn hộ Phường Dĩ An giá rẻ dòng tiền tốt
,,,,Query:evt_103174,,buy_for_living,Query,evt_103174,,,,căn hộ Quận 7 giá hợp lý cho gia đình
,,,,Query:evt_101489,,buy_for_living,Query,evt_101489,,,,đất nền Phường Dĩ An giá mềm cho vợ chồng mới cưới
,,,,Query:evt_100234,,buy_for_living,Query,evt_100234,,,,tìm đất nền Quận Thủ Đức rẻ một chút gần trường học
,,,,Query:evt_100814,,buy_for_living,Query,evt_100814,,,,căn hộ Quận Thủ Đức giá hợp lý cho vợ chồng mới cưới
,,,,Query:evt_104372,,buy_for_living,Query,evt_104372,,,,đất nền Quận 7 ổn định cho gia đình
,,,,Query:evt_104312,,rent,Query,evt_104312,,,,thuê nhà phố Quận 1 3 phòng ngủ tầm trung
,,,,Query:evt_103842,,buy_for_living,Query,evt_103842,,,,nhà phố Quận 1 giá rẻ cho vợ chồng mới cưới
,,,,Query:evt_100292,,buy_for_living,Query,evt_100292,,,,tìm nhà phố Quận 7 giá tốt gần trường học
,,,,Query:evt_100136,,buy_for_living,Query,evt_100136,,,,căn hộ Quận 1 sang trọng cho gia đình
,,,,Query:evt_100179,,investment,Query,evt_100179,,,,"mua căn hộ đầu tư ở Quận Thủ Đức pháp lý rõ ràng, giá hợp lý"
,,,,Query:evt_103234,,rent,Query,evt_103234,,,,"cần thuê căn hộ Quận 7 full nội thất, giá tốt"
,,,,Query:evt_101707,,investment,Query,evt_101707,,,,căn hộ Quận 9 cao cấp cho thuê lại được
,,,,Query:evt_102950,,buy_for_living,Query,evt_102950,,,,căn hộ Phường Hiệp Bình giá vừa phải cho gia đình
,,,,Query:evt_100967,,investment,Query,evt_100967,,,,căn hộ Quận 7 giá vừa phải cho thuê lại được
,,,,Query:evt_101543,,buy_for_living,Query,evt_101543,,,,tìm căn hộ Quận 2 giá tốt gần trường học
,,,,Query:evt_103921,,buy_for_living,Query,evt_103921,,,,"nhà ở Quận 3 thoáng mát 4pn, sang trọng"
,,,,Query:evt_101408,,investment,Query,evt_101408,,,,căn hộ Quận 2 bình dân dòng tiền tốt
,,,,Query:evt_101253,,buy_for_living,Query,evt_101253,,,,tìm nhà phố Quận 7 ổn định gần trường học
,,,,Query:evt_104182,,investment,Query,evt_104182,,,,"mua căn hộ đầu tư ở Quận Thủ Đức pháp lý rõ ràng, tầm trung"
,,,,Query:evt_101926,,buy_for_living,Query,evt_101926,,,,"cần mua đất nền 4 phòng ngủ ở Quận Bình Thạnh để ở, vị trí đẹp"
,,,,Query:evt_100678,,buy_for_living,Query,evt_100678,,,,tìm nhà phố Phường Dĩ An giá vừa phải gần trường học
,,,,Query:evt_101623,,buy_for_living,Query,evt_101623,,,,căn hộ Quận 7 giá vừa phải cho vợ chồng mới cưới
,,,,Query:evt_100153,,investment,Query,evt_100153,,,,nhà phố Quận Thủ Đức giá hợp lý cho thuê lại được
,,,,Query:evt_102922,,buy_for_living,Query,evt_102922,,,,nhà phố Quận 7 bình dân cho vợ chồng mới cưới
,,,,Query:evt_101204,,rent,Query,evt_101204,,,,tìm phòng căn hộ ở Quận 2 giá hợp lý
,,,,Query:evt_101403,,investment,Query,evt_101403,,,,"mua căn hộ đầu tư ở Quận 2 pháp lý rõ ràng, cao cấp"
,,,,Query:evt_101561,,buy_for_living,Query,evt_101561,,,,"nhà ở Phường Dĩ An thoáng mát 2pn, giá mềm"
,,,,Query:evt_103448,,rent,Query,evt_103448,,,,căn hộ Quận Gò Vấp sang trọng cho thuê gần metro
,,,,Query:evt_103778,,investment,Query,evt_103778,,,,"mua căn hộ đầu tư ở Quận 2 pháp lý rõ ràng, khu nhà giàu"
,,,,Query:evt_104286,,investment,Query,evt_104286,,,,tìm nhà phố Quận Gò Vấp cao cấp tiềm năng tăng giá
,,,,Query:evt_102181,,investment,Query,evt_102181,,,,tìm nhà phố Quận Thủ Đức giá rẻ tiềm năng tăng giá
,,,,Query:evt_101094,,buy_for_living,Query,evt_101094,,,,căn hộ Quận 9 sang trọng cho gia đình
,,,,Query:evt_101363,,buy_for_living,Query,evt_101363,,,,"nhà ở Quận 9 thoáng mát 1pn, bình dân"
,,,,Query:evt_100332,,buy_for_living,Query,evt_100332,,,,"nhà ở Phường An Phú thoáng mát 2pn, giá mềm"
,,,,Query:evt_102995,,buy_for_living,Query,evt_102995,,,,"cần mua căn hộ 2 phòng ngủ ở Quận Gò Vấp để ở, giá vừa phải"
,,,,Query:evt_101732,,investment,Query,evt_101732,,,,tìm căn hộ Quận 7 vị trí đẹp tiềm năng tăng giá
,,,,Query:evt_100657,,investment,Query,evt_100657,,,,căn hộ Quận 7 ổn định cho thuê lại được
,,,,Query:evt_100607,,buy_for_living,Query,evt_100607,,,,đất nền Quận 3 giá tốt cho vợ chồng mới cưới
,,,,Query:evt_102081,,rent,Query,evt_102081,,,,nhà phố Phường Hiệp Bình giá rẻ cho thuê gần metro
,,,,Query:evt_103976,,buy_for_living,Query,evt_103976,,,,nhà phố Quận Bình Thạnh vị trí đẹp cho vợ chồng mới cưới
,,,,Query:evt_104285,,investment,Query,evt_104285,,,,nhà phố Quận Gò Vấp giá mềm dòng tiền tốt
,,,,Query:evt_102464,,rent,Query,evt_102464,,,,thuê căn hộ Quận 7 1 phòng ngủ tầm trung
,,,,Query:evt_100688,,investment,Query,evt_100688,,,,"mua đất nền đầu tư ở Quận 7 pháp lý rõ ràng, ổn định"
,,,,Query:evt_100035,,rent,Query,evt_100035,,,,thuê căn hộ Quận Bình Thạnh 0 phòng ngủ giá hợp lý
,,,,Query:evt_100636,,investment,Query,evt_100636,,,,"mua căn hộ đầu tư ở Quận Thủ Đức pháp lý rõ ràng, vị trí đẹp"
,,,,Query:evt_101131,,buy_for_living,Query,evt_101131,,,,tìm căn hộ Phường Hiệp Bình giá vừa phải gần trường học
,,,,Query:evt_100137,,buy_for_living,Query,evt_100137,,,,tìm căn hộ Quận 9 giá tốt gần trường học
,,,,Query:evt_101316,,buy_for_living,Query,evt_101316,,,,tìm căn hộ Quận 7 vị trí đẹp gần trường học
,,,,Query:evt_103509,,buy_for_living,Query,evt_103509,,,,căn hộ Quận Tân Bình vị trí đẹp cho gia đình
,,,,Query:evt_102458,,rent,Query,evt_102458,,,,"cần thuê căn hộ Quận 9 full nội thất, giá rẻ"
,,,,Query:evt_101610,,buy_for_living,Query,evt_101610,,,,căn hộ Quận 7 tầm trung cho gia đình
,,,,Query:evt_101603,,buy_for_living,Query,evt_101603,,,,"nhà ở Quận Tân Bình thoáng mát 4pn, tầm trung"
,,,,Query:evt_102510,,buy_for_living,Query,evt_102510,,,,"nhà ở Phường Dĩ An thoáng mát 3pn, giá rẻ"
,,,,Query:evt_100652,,investment,Query,evt_100652,,,,căn hộ Quận 3 sang trọng cho thuê lại được
,,,,Query:evt_104299,,buy_for_living,Query,evt_104299,,,,căn hộ Quận 4 giá tốt cho vợ chồng mới cưới
,,,,Query:evt_101200,,rent,Query,evt_101200,,,,căn hộ Quận 2 rẻ một chút cho thuê gần metro
,,,,Query:evt_100929,,buy_for_living,Query,evt_100929,,,,đất nền Quận Thủ Đức sang trọng cho vợ chồng mới cưới
,,,,Query:evt_103667,,buy_for_living,Query,evt_103667,,,,"nhà ở Quận 2 thoáng mát 1pn, bình dân"
,,,,Query:evt_100773,,rent,Query,evt_100773,,,,thuê nhà phố Quận 1 6 phòng ngủ sang trọng
,,,,Query:evt_100586,,buy_for_living,Query,evt_100586,,,,"nhà ở Quận 9 thoáng mát 0pn, giá tốt"
,,,,Query:evt_100751,,buy_for_living,Query,evt_100751,,,,căn hộ Quận Tân Bình tầm trung cho gia đình
,,,,Query:evt_103574,,buy_for_living,Query,evt_103574,,,,tìm nhà phố Quận 4 giá mềm gần trường học
,,,,Query:evt_101097,,buy_for_living,Query,evt_101097,,,,"cần mua căn hộ 1 phòng ngủ ở Quận 4 để ở, giá tốt"
,,,,Query:evt_101349,,buy_for_living,Query,evt_101349,,,,căn hộ Quận 9 ổn định cho vợ chồng mới cưới
,,,,Query:evt_103625,,buy_for_living,Query,evt_103625,,,,"cần mua biệt thự 2 phòng ngủ ở Quận Bình Thạnh để ở, tầm trung"
,,,,Query:evt_103566,,investment,Query,evt_103566,,,,căn hộ Quận 2 sang trọng dòng tiền tốt
,,,,Query:evt_100020,,buy_for_living,Query,evt_100020,,,,nhà phố Phường Long Bình bình dân cho vợ chồng mới cưới
,,,,Query:evt_101638,,buy_for_living,Query,evt_101638,,,,"nhà ở Quận 2 thoáng mát 3pn, giá rẻ"
,,,,Query:evt_104467,,investment,Query,evt_104467,,,,căn hộ Quận Tân Bình tầm trung dòng tiền tốt
,,,,Query:evt_103322,,buy_for_living,Query,evt_103322,,,,"nhà ở Quận 9 thoáng mát 2pn, giá vừa phải"
,,,,Query:evt_102339,,buy_for_living,Query,evt_102339,,,,"cần mua đất nền 0 phòng ngủ ở Quận 3 để ở, giá rẻ"
,,,,Query:evt_102548,,investment,Query,evt_102548,,,,tìm căn hộ Quận Tân Bình vị trí đẹp tiềm năng tăng giá
,,,,Query:evt_101307,,buy_for_living,Query,evt_101307,,,,tìm biệt thự Quận 2 giá tốt gần trường học
,,,,Query:evt_100206,,investment,Query,evt_100206,,,,"mua căn hộ đầu tư ở Quận 7 pháp lý rõ ràng, ổn định"
,,,,Query:evt_102851,,buy_for_living,Query,evt_102851,,,,căn hộ Quận 1 tầm trung cho gia đình
,,,,Query:evt_100812,,buy_for_living,Query,evt_100812,,,,căn hộ Quận Gò Vấp ổn định cho vợ chồng mới cưới
,,,,Query:evt_102204,,investment,Query,evt_102204,,,,biệt thự Phường Dĩ An tầm trung dòng tiền tốt
,,,,Query:evt_101901,,rent,Query,evt_101901,,,,"cần thuê nhà phố Quận Tân Bình full nội thất, sang trọng"
,,,,Query:evt_102239,,buy_for_living,Query,evt_102239,,,,căn hộ Quận 1 vị trí đẹp cho vợ chồng mới cưới
,,,,Query:evt_103081,,rent,Query,evt_103081,,,,thuê căn hộ Quận Bình Thạnh 2 phòng ngủ tầm trung
,,,,Query:evt_103708,,investment,Query,evt_103708,,,,tìm căn hộ Quận 7 vị trí đẹp tiềm năng tăng giá
,,,,Query:evt_102762,,buy_for_living,Query,evt_102762,,,,"cần mua biệt thự 3 phòng ngủ ở Quận Tân Bình để ở, vị trí đẹp"
,,,,Query:evt_100271,,rent,Query,evt_100271,,,,tìm phòng căn hộ ở Phường Long Bình cao cấp
,,,,Query:evt_102349,,buy_for_living,Query,evt_102349,,,,căn hộ Quận 9 tầm trung cho vợ chồng mới cưới
,,,,Query:evt_101420,,buy_for_living,Query,evt_101420,,,,nhà phố Quận 9 cao cấp cho gia đình
,,,,Query:evt_101466,,rent,Query,evt_101466,,,,tìm phòng căn hộ ở Quận Bình Thạnh khu nhà giàu
,,,,Query:evt_102741,,buy_for_living,Query,evt_102741,,,,"nhà ở Quận Thủ Đức thoáng mát 2pn, giá tốt"
,,,,Query:evt_101886,,buy_for_living,Query,evt_101886,,,,biệt thự Quận 1 vị trí đẹp cho gia đình
,,,,Query:evt_101574,,rent,Query,evt_101574,,,,"cần thuê căn hộ Quận 4 full nội thất, bình dân"
,,,,Query:evt_102441,,buy_for_living,Query,evt_102441,,,,"cần mua căn hộ 1 phòng ngủ ở Quận 7 để ở, rẻ một chút"
,,,,Query:evt_101122,,investment,Query,evt_101122,,,,căn hộ Quận 2 tầm trung cho thuê lại được
,,,,Query:evt_101046,,rent,Query,evt_101046,,,,tìm phòng căn hộ ở Phường Long Bình giá mềm
,,,,Query:evt_103978,,buy_for_living,Query,evt_103978,,,,căn hộ Quận Bình Thạnh giá mềm cho gia đình
,,,,Query:evt_104495,,investment,Query,evt_104495,,,,biệt thự Quận Thủ Đức giá hợp lý dòng tiền tốt
,,,,Query:evt_101682,,investment,Query,evt_101682,,,,căn hộ Quận Bình Thạnh cao cấp cho thuê lại được
,,,,Query:evt_101018,,investment,Query,evt_101018,,,,căn hộ Quận 9 giá vừa phải cho thuê lại được
,,,,Query:evt_100059,,buy_for_living,Query,evt_100059,,,,tìm đất nền Quận 1 sang trọng gần trường học
,,,,Query:evt_101659,,rent,Query,evt_101659,,,,tìm phòng căn hộ ở Quận 3 khu nhà giàu
,,,,Query:evt_103286,,investment,Query,evt_103286,,,,"mua căn hộ đầu tư ở Quận Bình Thạnh pháp lý rõ ràng, giá hợp lý"
,,,,Query:evt_103197,,buy_for_living,Query,evt_103197,,,,"cần mua căn hộ 3 phòng ngủ ở Quận 1 để ở, cao cấp"
,,,,Query:evt_102114,,investment,Query,evt_102114,,,,nhà phố Quận 2 sang trọng dòng tiền tốt
,,,,Query:evt_100725,,buy_for_living,Query,evt_100725,,,,"cần mua căn hộ 2 phòng ngủ ở Quận 9 để ở, ổn định"
,,,,Query:evt_101467,,rent,Query,evt_101467,,,,nhà phố Quận 1 tầm trung cho thuê gần metro
,,,,Query:evt_102970,,investment,Query,evt_102970,,,,tìm căn hộ Quận 9 giá rẻ tiềm năng tăng giá
,,,,Query:evt_101028,,buy_for_living,Query,evt_101028,,,,nhà phố Quận 1 cao cấp cho gia đình
,,,,Query:evt_101006,,investment,Query,evt_101006,,,,"mua căn hộ đầu tư ở Phường Dĩ An pháp lý rõ ràng, bình dân"
,,,,Query:evt_103169,,buy_for_living,Query,evt_103169,,,,tìm đất nền Quận Thủ Đức tầm trung gần trường học
,,,,Query:evt_101244,,investment,Query,evt_101244,,,,tìm căn hộ Quận Tân Bình giá tốt tiềm năng tăng giá
,,,,Query:evt_101475,,buy_for_living,Query,evt_101475,,,,căn hộ Phường Hiệp Bình giá rẻ cho vợ chồng mới cưới
,,,,Query:evt_103729,,buy_for_living,Query,evt_103729,,,,nhà phố Quận 1 giá mềm cho gia đình
,,,,Query:evt_102327,,rent,Query,evt_102327,,,,"cần thuê nhà phố Quận 9 full nội thất, khu nhà giàu"
,,,,Query:evt_102285,,investment,Query,evt_102285,,,,"mua căn hộ đầu tư ở Quận 3 pháp lý rõ ràng, giá vừa phải"
,,,,Query:evt_103968,,buy_for_living,Query,evt_103968,,,,tìm căn hộ Quận 1 khu nhà giàu gần trường học
,,,,Query:evt_103941,,buy_for_living,Query,evt_103941,,,,căn hộ Quận 9 giá mềm cho gia đình
,,,,Query:evt_102764,,buy_for_living,Query,evt_102764,,,,tìm nhà phố Quận 7 giá tốt gần trường học
,,,,Query:evt_102164,,buy_for_living,Query,evt_102164,,,,tìm căn hộ Quận 4 giá mềm gần trường học
,,,,Query:evt_101042,,rent,Query,evt_101042,,,,tìm phòng căn hộ ở Quận 7 sang trọng
,,,,Query:evt_100199,,investment,Query,evt_100199,,,,"mua biệt thự đầu tư ở Quận Gò Vấp pháp lý rõ ràng, ổn định"
,,,,Query:evt_100464,,investment,Query,evt_100464,,,,căn hộ Quận Thủ Đức giá vừa phải dòng tiền tốt
,,,,Query:evt_100072,,buy_for_living,Query,evt_100072,,,,tìm biệt thự Quận Gò Vấp giá vừa phải gần trường học
,,,,Query:evt_103702,,investment,Query,evt_103702,,,,tìm căn hộ Quận Thủ Đức sang trọng tiềm năng tăng giá
,,,,Query:evt_102199,,investment,Query,evt_102199,,,,nhà phố Quận Gò Vấp ổn định cho thuê lại được
,,,,Query:evt_100505,,buy_for_living,Query,evt_100505,,,,nhà phố Quận 9 bình dân cho gia đình
,,,,Query:evt_101661,,rent,Query,evt_101661,,,,thuê nhà phố Quận 7 2 phòng ngủ bình dân
,,,,Query:evt_103262,,buy_for_living,Query,evt_103262,,,,"nhà ở Quận 7 thoáng mát 2pn, tầm trung"
,,,,Query:evt_101672,,investment,Query,evt_101672,,,,tìm biệt thự Quận 7 ổn định tiềm năng tăng giá
,,,,Query:evt_100146,,buy_for_living,Query,evt_100146,,,,"cần mua căn hộ 4 phòng ngủ ở Quận 7 để ở, vị trí đẹp"
,,,,Query:evt_102674,,rent,Query,evt_102674,,,,thuê đất nền Quận 7 6 phòng ngủ giá rẻ
,,,,Query:evt_103099,,investment,Query,evt_103099,,,,"mua đất nền đầu tư ở Quận 3 pháp lý rõ ràng, ổn định"
,,,,Query:evt_103466,,investment,Query,evt_103466,,,,tìm căn hộ Quận Tân Bình tầm trung tiềm năng tăng giá
,,,,Query:evt_101876,,buy_for_living,Query,evt_101876,,,,"nhà ở Quận 2 thoáng mát 4pn, vị trí đẹp"
,,,,Query:evt_102420,,buy_for_living,Query,evt_102420,,,,căn hộ Quận 3 tầm trung cho gia đình
,,,,Query:evt_102838,,buy_for_living,Query,evt_102838,,,,tìm căn hộ Quận Thủ Đức sang trọng gần trường học
,,,,Query:evt_101370,,buy_for_living,Query,evt_101370,,,,tìm căn hộ Quận 7 khu nhà giàu gần trường học
,,,,Query:evt_102618,,buy_for_living,Query,evt_102618,,,,nhà phố Quận 1 tầm trung cho vợ chồng mới cưới
,,,,Query:evt_101711,,investment,Query,evt_101711,,,,tìm nhà phố Quận Thủ Đức ổn định tiềm năng tăng giá
,,,,Query:evt_100387,,investment,Query,evt_100387,,,,tìm căn hộ Quận 9 giá hợp lý tiềm năng tăng giá
,,,,Query:evt_100272,,rent,Query,evt_100272,,,,tìm phòng đất nền ở Quận Bình Thạnh giá hợp lý
,,,,Query:evt_101391,,rent,Query,evt_101391,,,,nhà phố Quận 4 bình dân cho thuê gần metro
,,,,Query:evt_100780,,rent,Query,evt_100780,,,,tìm phòng nhà phố ở Quận Thủ Đức giá vừa phải
,,,,Query:evt_103835,,investment,Query,evt_103835,,,,căn hộ Phường Long Bình ổn định dòng tiền tốt
,,,,Query:evt_101037,,buy_for_living,Query,evt_101037,,,,biệt thự Phường Long Bình giá mềm cho gia đình
,,,,Query:evt_102560,,investment,Query,evt_102560,,,,tìm đất nền Quận 1 tầm trung tiềm năng tăng giá
,,,,Query:evt_102960,,investment,Query,evt_102960,,,,"mua nhà phố đầu tư ở Quận Bình Thạnh pháp lý rõ ràng, bình dân"
,,,,Query:evt_102450,,buy_for_living,Query,evt_102450,,,,đất nền Quận 9 sang trọng cho vợ chồng mới cưới
,,,,Query:evt_101630,,buy_for_living,Query,evt_101630,,,,"nhà ở Quận Tân Bình thoáng mát 2pn, ổn định"
,,,,Query:evt_103567,,investment,Query,evt_103567,,,,căn hộ Quận Tân Bình cao cấp dòng tiền tốt
,,,,Query:evt_103160,,buy_for_living,Query,evt_103160,,,,"nhà ở Quận Tân Bình thoáng mát 4pn, vị trí đẹp"
,,,,Query:evt_100635,,rent,Query,evt_100635,,,,thuê đất nền Quận Bình Thạnh 4 phòng ngủ tầm trung
,,,,Query:evt_101022,,investment,Query,evt_101022,,,,căn hộ Quận 1 bình dân dòng tiền tốt
,,,,Query:evt_102815,,investment,Query,evt_102815,,,,nhà phố Quận Thủ Đức tầm trung cho thuê lại được
,,,,Query:evt_101692,,buy_for_living,Query,evt_101692,,,,"nhà ở Quận 2 thoáng mát 4pn, tầm trung"
,,,,Query:evt_100372,,investment,Query,evt_100372,,,,tìm căn hộ Quận 4 giá hợp lý tiềm năng tăng giá
,,,,Query:evt_101120,,investment,Query,evt_101120,,,,tìm căn hộ Quận Bình Thạnh giá tốt tiềm năng tăng giá
,,,,Query:evt_101685,,investment,Query,evt_101685,,,,căn hộ Quận 4 sang trọng dòng tiền tốt
,,,,Query:evt_103114,,rent,Query,evt_103114,,,,nhà phố Quận 9 khu nhà giàu cho thuê gần metro
,,,,Query:evt_101001,,investment,Query,evt_101001,,,,căn hộ Quận Thủ Đức giá vừa phải cho thuê lại được
,,,,Query:evt_100198,,investment,Query,evt_100198,,,,tìm căn hộ Quận 7 giá vừa phải tiềm năng tăng giá
,,,,Query:evt_104378,,buy_for_living,Query,evt_104378,,,,"cần mua căn hộ 3 phòng ngủ ở Quận 7 để ở, giá tốt"
,,,,Query:evt_104099,,rent,Query,evt_104099,,,,tìm phòng nhà phố ở Quận 9 giá hợp lý
,,,,Query:evt_100910,,buy_for_living,Query,evt_100910,,,,căn hộ Quận 1 ổn định cho gia đình
,,,,Query:evt_104392,,buy_for_living,Query,evt_104392,,,,nhà phố Quận Tân Bình vị trí đẹp cho vợ chồng mới cưới
,,,,Query:evt_103846,,investment,Query,evt_103846,,,,căn hộ Quận 9 cao cấp dòng tiền tốt
,,,,Query:evt_100616,,buy_for_living,Query,evt_100616,,,,căn hộ Quận Thủ Đức tầm trung cho vợ chồng mới cưới
,,,,Query:evt_103823,,investment,Query,evt_103823,,,,nhà phố Quận Thủ Đức giá vừa phải dòng tiền tốt
,,,,Query:evt_100000,,buy_for_living,Query,evt_100000,,,,nhà phố Quận 7 rẻ một chút cho gia đình
,,,,Query:evt_102265,,buy_for_living,Query,evt_102265,,,,"cần mua căn hộ 4 phòng ngủ ở Phường Dĩ An để ở, khu nhà giàu"
,,,,Query:evt_103920,,buy_for_living,Query,evt_103920,,,,nhà phố Quận Bình Thạnh ổn định cho vợ chồng mới cưới
,,,,Query:evt_103518,,buy_for_living,Query,evt_103518,,,,căn hộ Quận 3 giá rẻ cho gia đình
,,,,Query:evt_103672,,buy_for_living,Query,evt_103672,,,,nhà phố Quận Thủ Đức rẻ một chút cho vợ chồng mới cưới
,,,,Query:evt_104049,,rent,Query,evt_104049,,,,tìm phòng căn hộ ở Quận 2 giá tốt
,,,,Query:evt_103527,,buy_for_living,Query,evt_103527,,,,"cần mua đất nền 6 phòng ngủ ở Phường Dĩ An để ở, vị trí đẹp"
,,,,Query:evt_104278,,investment,Query,evt_104278,,,,nhà phố Quận Gò Vấp giá tốt cho thuê lại được
,,,,Query:evt_104250,,investment,Query,evt_104250,,,,"mua căn hộ đầu tư ở Quận 7 pháp lý rõ ràng, giá mềm"
,,,,Query:evt_100287,,buy_for_living,Query,evt_100287,,,,tìm đất nền Quận 9 cao cấp gần trường học
,,,,Query:evt_103684,,investment,Query,evt_103684,,,,tìm nhà phố Quận 7 giá tốt tiềm năng tăng giá
,,,,Query:evt_101410,,investment,Query,evt_101410,,,,biệt thự Quận 2 bình dân dòng tiền tốt
,,,,Query:evt_104391,,buy_for_living,Query,evt_104391,,,,căn hộ Quận Thủ Đức cao cấp cho vợ chồng mới cưới
,,,,Query:evt_101339,,buy_for_living,Query,evt_101339,,,,"cần mua nhà phố 2 phòng ngủ ở Quận Tân Bình để ở, giá tốt"
,,,,Query:evt_102976,,investment,Query,evt_102976,,,,nhà phố Quận Bình Thạnh cao cấp dòng tiền tốt
,,,,Query:evt_102249,,investment,Query,evt_102249,,,,"mua căn hộ đầu tư ở Quận Bình Thạnh pháp lý rõ ràng, khu nhà giàu"
,,,,Query:evt_103696,,buy_for_living,Query,evt_103696,,,,nhà phố Quận 7 cao cấp cho vợ chồng mới cưới
,,,,Query:evt_102298,,buy_for_living,Query,evt_102298,,,,căn hộ Phường Long Bình tầm trung cho gia đình
,,,,Query:evt_100126,,buy_for_living,Query,evt_100126,,,,căn hộ Quận 7 giá tốt cho vợ chồng mới cưới
,,,,Query:evt_104301,,buy_for_living,Query,evt_104301,,,,căn hộ Quận 7 vị trí đẹp cho vợ chồng mới cưới
,,,,Query:evt_100864,,buy_for_living,Query,evt_100864,,,,đất nền Quận 7 khu nhà giàu cho vợ chồng mới cưới
,,,,Query:evt_102918,,buy_for_living,Query,evt_102918,,,,"cần mua căn hộ 5 phòng ngủ ở Quận Gò Vấp để ở, cao cấp"
,,,,Query:evt_100154,,investment,Query,evt_100154,,,,nhà phố Phường Dĩ An giá mềm dòng tiền tốt
,,,,Query:evt_102009,,investment,Query,evt_102009,,,,nhà phố Quận 3 tầm trung dòng tiền tốt
,,,,Query:evt_101411,,investment,Query,evt_101411,,,,căn hộ Quận 1 giá vừa phải cho thuê lại được
,,,,Query:evt_100740,,investment,Query,evt_100740,,,,"mua nhà phố đầu tư ở Quận Bình Thạnh pháp lý rõ ràng, giá tốt"
,,,,Query:evt_101197,,rent,Query,evt_101197,,,,"cần thuê căn hộ Quận Thủ Đức full nội thất, rẻ một chút"
,,,,Query:evt_100427,,buy_for_living,Query,evt_100427,,,,nhà phố Phường Dĩ An giá mềm cho gia đình
,,,,Query:evt_102476,,rent,Query,evt_102476,,,,thuê căn hộ Quận Gò Vấp 2 phòng ngủ giá tốt
,,,,Query:evt_100550,,buy_for_living,Query,evt_100550,,,,tìm nhà phố Quận 2 giá mềm gần trường học
,,,,Query:evt_103603,,buy_for_living,Query,evt_103603,,,,tìm căn hộ Quận Thủ Đức vị trí đẹp gần trường học
,,,,Query:evt_103748,,buy_for_living,Query,evt_103748,,,,tìm căn hộ Quận 3 giá mềm gần trường học
,,,,Query:evt_102754,,investment,Query,evt_102754,,,,"mua căn hộ đầu tư ở Quận Thủ Đức pháp lý rõ ràng, giá rẻ"
,,,,Query:evt_101835,,buy_for_living,Query,evt_101835,,,,tìm căn hộ Quận Bình Thạnh giá hợp lý gần trường học
,,,,Query:evt_100675,,buy_for_living,Query,evt_100675,,,,tìm nhà phố Quận 2 sang trọng gần trường học
,,,,Query:evt_102117,,investment,Query,evt_102117,,,,nhà phố Quận 1 ổn định cho thuê lại được
,,,,Query:evt_103637,,investment,Query,evt_103637,,,,tìm căn hộ Phường Long Bình giá tốt tiềm năng tăng giá
,,,,Query:evt_101440,,buy_for_living,Query,evt_101440,,,,"nhà ở Quận 7 thoáng mát 3pn, tầm trung"
,,,,Query:evt_103293,,investment,Query,evt_103293,,,,nhà phố Quận 1 sang trọng dòng tiền tốt
,,,,Query:evt_103189,,investment,Query,evt_103189,,,,căn hộ Quận 9 giá hợp lý dòng tiền tốt
,,,,Query:evt_100213,,buy_for_living,Query,evt_100213,,,,"cần mua căn hộ 2 phòng ngủ ở Quận 3 để ở, tầm trung"
,,,,Query:evt_100443,,buy_for_living,Query,evt_100443,,,,tìm căn hộ Phường Long Bình ổn định gần trường học
,,,,Query:evt_102227,,buy_for_living,Query,evt_102227,,,,"cần mua căn hộ 3 phòng ngủ ở Quận 3 để ở, khu nhà giàu"
,,,,Query:evt_100558,,buy_for_living,Query,evt_100558,,,,căn hộ Quận Gò Vấp sang trọng cho vợ chồng mới cưới
,,,,Query:evt_100023,,buy_for_living,Query,evt_100023,,,,biệt thự Quận 9 giá rẻ cho vợ chồng mới cưới
,,,,Query:evt_100667,,investment,Query,evt_100667,,,,nhà phố Quận Bình Thạnh ổn định dòng tiền tốt
,,,,Query:evt_101061,,investment,Query,evt_101061,,,,tìm nhà phố Quận Thủ Đức tầm trung tiềm năng tăng giá
,,,,Query:evt_104363,,rent,Query,evt_104363,,,,nhà phố Quận 9 sang trọng cho thuê gần metro
,,,,Query:evt_103162,,buy_for_living,Query,evt_103162,,,,tìm căn hộ Quận Thủ Đức khu nhà giàu gần trường học
,,,,Query:evt_101441,,buy_for_living,Query,evt_101441,,,,"nhà ở Quận 4 thoáng mát 3pn, sang trọng"
,,,,Query:evt_102268,,buy_for_living,Query,evt_102268,,,,"cần mua nhà phố 2 phòng ngủ ở Quận 9 để ở, vị trí đẹp"
,,,,Query:evt_103683,,investment,Query,evt_103683,,,,"mua biệt thự đầu tư ở Quận Thủ Đức pháp lý rõ ràng, khu nhà giàu"
,,,,Query:evt_102220,,buy_for_living,Query,evt_102220,,,,"cần mua căn hộ 2 phòng ngủ ở Quận Gò Vấp để ở, vị trí đẹp"
,,,,Query:evt_102281,,investment,Query,evt_102281,,,,tìm căn hộ Quận Bình Thạnh cao cấp tiềm năng tăng giá
,,,,Query:evt_101078,,buy_for_living,Query,evt_101078,,,,căn hộ Quận 7 cao cấp cho gia đình
,,,,Query:evt_103678,,investment,Query,evt_103678,,,,căn hộ Quận 1 giá vừa phải cho thuê lại được
,,,,Query:evt_100363,,investment,Query,evt_100363,,,,tìm căn hộ Quận Bình Thạnh rẻ một chút tiềm năng tăng giá
,,,,Query:evt_100314,,buy_for_living,Query,evt_100314,,,,"nhà ở Quận Thủ Đức thoáng mát 5pn, sang trọng"
,,,,Query:evt_103334,,buy_for_living,Query,evt_103334,,,,căn hộ Quận Gò Vấp rẻ một chút cho gia đình
,,,,Query:evt_101989,,buy_for_living,Query,evt_101989,,,,căn hộ Quận 2 giá vừa phải cho gia đình
,,,,Query:evt_103650,,investment,Query,evt_103650,,,,căn hộ Quận Bình Thạnh khu nhà giàu cho thuê lại được
,,,,Query:evt_102303,,buy_for_living,Query,evt_102303,,,,biệt thự Quận Bình Thạnh bình dân cho gia đình
,,,,Query:evt_102867,,buy_for_living,Query,evt_102867,,,,tìm căn hộ Quận Thủ Đức giá rẻ gần trường học
,,,,Query:evt_101504,,buy_for_living,Query,evt_101504,,,,"nhà ở Quận 7 thoáng mát 1pn, giá mềm"
,,,,Query:evt_100344,,investment,Query,evt_100344,,,,nhà phố Quận Gò Vấp rẻ một chút dòng tiền tốt
,,,,Query:evt_102702,,buy_for_living,Query,evt_102702,,,,tìm nhà phố Quận 1 giá rẻ gần trường học
,,,,Query:evt_101211,,buy_for_living,Query,evt_101211,,,,"cần mua căn hộ 4 phòng ngủ ở Phường Long Bình để ở, tầm trung"
,,,,Query:evt_103604,,buy_for_living,Query,evt_103604,,,,căn hộ Quận 7 ổn định cho vợ chồng mới cưới
,,,,Query:evt_103021,,buy_for_living,Query,evt_103021,,,,tìm nhà phố Quận 1 giá hợp lý gần trường học
,,,,Query:evt_101977,,investment,Query,evt_101977,,,,tìm biệt thự Quận 9 giá hợp lý tiềm năng tăng giá
,,,,Query:evt_103781,,investment,Query,evt_103781,,,,căn hộ Quận Thủ Đức giá tốt dòng tiền tốt
,,,,Query:evt_102492,,buy_for_living,Query,evt_102492,,,,"nhà ở Quận Bình Thạnh thoáng mát 3pn, giá vừa phải"
,,,,Query:evt_103533,,buy_for_living,Query,evt_103533,,,,biệt thự Quận 7 vị trí đẹp cho vợ chồng mới cưới
,,,,Query:evt_104406,,investment,Query,evt_104406,,,,"mua căn hộ đầu tư ở Quận Gò Vấp pháp lý rõ ràng, cao cấp"
,,,,Query:evt_102649,,buy_for_living,Query,evt_102649,,,,căn hộ Quận Thủ Đức khu nhà giàu cho gia đình
,,,,Query:evt_103699,,investment,Query,evt_103699,,,,"mua nhà phố đầu tư ở Quận 3 pháp lý rõ ràng, tầm trung"
,,,,Query:evt_101783,,buy_for_living,Query,evt_101783,,,,"nhà ở Quận 3 thoáng mát 1pn, bình dân"
,,,,Query:evt_100094,,buy_for_living,Query,evt_100094,,,,nhà phố Quận 4 bình dân cho gia đình
,,,,Query:evt_101710,,investment,Query,evt_101710,,,,"mua căn hộ đầu tư ở Quận 3 pháp lý rõ ràng, sang trọng"
,,,,Query:evt_101796,,investment,Query,evt_101796,,,,tìm đất nền Quận 9 ổn định tiềm năng tăng giá
,,,,Query:evt_102317,,rent,Query,evt_102317,,,,thuê căn hộ Quận 9 3 phòng ngủ ổn định
,,,,Query:evt_104160,,buy_for_living,Query,evt_104160,,,,nhà phố Quận 7 giá hợp lý cho gia đình
,,,,Query:evt_103013,,buy_for_living,Query,evt_103013,,,,"cần mua căn hộ 4 phòng ngủ ở Phường Dĩ An để ở, khu nhà giàu"
,,,,Query:evt_103460,,investment,Query,evt_103460,,,,"mua căn hộ đầu tư ở Quận Thủ Đức pháp lý rõ ràng, cao cấp"
,,,,Query:evt_101872,,buy_for_living,Query,evt_101872,,,,căn hộ Quận Tân Bình khu nhà giàu cho vợ chồng mới cưới
,,,,Query:evt_103138,,buy_for_living,Query,evt_103138,,,,tìm căn hộ Quận 1 giá hợp lý gần trường học
,,,,Query:evt_100971,,investment,Query,evt_100971,,,,căn hộ Phường Long Bình tầm trung cho thuê lại được
,,,,Query:evt_104339,,investment,Query,evt_104339,,,,đất nền Quận 2 cao cấp cho thuê lại được
,,,,Query:evt_100250,,investment,Query,evt_100250,,,,căn hộ Quận Gò Vấp cao cấp dòng tiền tốt
,,,,Query:evt_103714,,investment,Query,evt_103714,,,,đất nền Quận Bình Thạnh sang trọng cho thuê lại được
,,,,Query:evt_103570,,buy_for_living,Query,evt_103570,,,,"nhà ở Quận 1 thoáng mát 1pn, tầm trung"
,,,,Query:evt_102487,,buy_for_living,Query,evt_102487,,,,tìm nhà phố Quận Thủ Đức tầm trung gần trường học
,,,,Query:evt_104077,,buy_for_living,Query,evt_104077,,,,nhà phố Quận 1 vị trí đẹp cho vợ chồng mới cưới
,,,,Query:evt_103180,,buy_for_living,Query,evt_103180,,,,căn hộ Phường Hiệp Bình cao cấp cho gia đình
,,,,Query:evt_101734,,investment,Query,evt_101734,,,,căn hộ Quận 2 khu nhà giàu cho thuê lại được
,,,,Query:evt_102840,,buy_for_living,Query,evt_102840,,,,căn hộ Quận Thủ Đức giá mềm cho vợ chồng mới cưới
,,,,Query:evt_104497,,investment,Query,evt_104497,,,,nhà phố Quận 1 giá hợp lý cho thuê lại được
,,,,Query:evt_103204,,buy_for_living,Query,evt_103204,,,,"nhà ở Quận 7 thoáng mát 2pn, tầm trung"
,,,,Query:evt_104474,,investment,Query,evt_104474,,,,nhà phố Quận 1 bình dân dòng tiền tốt
,,,,Query:evt_101545,,buy_for_living,Query,evt_101545,,,,căn hộ Quận 1 giá vừa phải cho vợ chồng mới cưới
,,,,Query:evt_100120,,buy_for_living,Query,evt_100120,,,,"cần mua căn hộ 2 phòng ngủ ở Quận 9 để ở, tầm trung"
,,,,Query:evt_103743,,rent,Query,evt_103743,,,,tìm phòng nhà phố ở Phường An Phú giá hợp lý
,,,,Query:evt_103960,,buy_for_living,Query,evt_103960,,,,"cần mua căn hộ 4 phòng ngủ ở Quận Gò Vấp để ở, sang trọng"
,,,,Query:evt_101579,,rent,Query,evt_101579,,,,biệt thự Quận 1 khu nhà giàu cho thuê gần metro
,,,,Query:evt_104122,,investment,Query,evt_104122,,,,căn hộ Quận 9 giá hợp lý dòng tiền tốt
,,,,Query:evt_104342,,investment,Query,evt_104342,,,,tìm căn hộ Quận Tân Bình giá rẻ tiềm năng tăng giá
,,,,Query:evt_103512,,buy_for_living,Query,evt_103512,,,,tìm căn hộ Phường An Phú tầm trung gần trường học
,,,,Query:evt_101648,,buy_for_living,Query,evt_101648,,,,"nhà ở Quận 3 thoáng mát 2pn, ổn định"
,,,,Query:evt_100973,,investment,Query,evt_100973,,,,"mua căn hộ đầu tư ở Quận 7 pháp lý rõ ràng, khu nhà giàu"
,,,,Query:evt_102471,,rent,Query,evt_102471,,,,tìm phòng nhà phố ở Quận 9 vị trí đẹp
,,,,Query:evt_103308,,investment,Query,evt_103308,,,,căn hộ Quận 7 rẻ một chút dòng tiền tốt
,,,,Query:evt_100404,,buy_for_living,Query,evt_100404,,,,"nhà ở Quận 3 thoáng mát 1pn, giá hợp lý"
,,,,Query:evt_101845,,buy_for_living,Query,evt_101845,,,,căn hộ Quận 9 giá tốt cho gia đình
,,,,Query:evt_103468,,investment,Query,evt_103468,,,,căn hộ Quận 9 giá rẻ dòng tiền tốt
,,,,Query:evt_100878,,buy_for_living,Query,evt_100878,,,,nhà phố Quận Gò Vấp giá tốt cho vợ chồng mới cưới
,,,,Query:evt_104247,,investment,Query,evt_104247,,,,"mua nhà phố đầu tư ở Quận 9 pháp lý rõ ràng, giá vừa phải"
,,,,Query:evt_100800,,investment,Query,evt_100800,,,,tìm căn hộ Quận 1 khu nhà giàu tiềm năng tăng giá
,,,,Query:evt_101040,,rent,Query,evt_101040,,,,tìm phòng căn hộ ở Phường Hiệp Bình giá vừa phải
,,,,Query:evt_102438,,investment,Query,evt_102438,,,,nhà phố Quận 1 tầm trung dòng tiền tốt
,,,,Query:evt_101978,,investment,Query,evt_101978,,,,căn hộ Quận 2 bình dân cho thuê lại được
,,,,Query:evt_103659,,investment,Query,evt_103659,,,,tìm nhà phố Quận 7 tầm trung tiềm năng tăng giá
,,,,Query:evt_101627,,buy_for_living,Query,evt_101627,,,,"nhà ở Phường Dĩ An thoáng mát 3pn, bình dân"
,,,,Query:evt_102068,,rent,Query,evt_102068,,,,thuê biệt thự Quận Bình Thạnh 2 phòng ngủ tầm trung
,,,,Query:evt_102253,,investment,Query,evt_102253,,,,tìm căn hộ Quận 1 giá tốt tiềm năng tăng giá
,,,,Query:evt_100778,,rent,Query,evt_100778,,,,tìm phòng căn hộ ở Phường Long Bình giá mềm
,,,,Query:evt_102555,,investment,Query,evt_102555,,,,"mua căn hộ đầu tư ở Quận 7 pháp lý rõ ràng, cao cấp"
,,,,Query:evt_100122,,buy_for_living,Query,evt_100122,,,,"cần mua nhà phố 1 phòng ngủ ở Quận Thủ Đức để ở, giá hợp lý"
,,,,Query:evt_104025,,rent,Query,evt_104025,,,,căn hộ Quận Gò Vấp khu nhà giàu cho thuê gần metro
,,,,Query:evt_101322,,buy_for_living,Query,evt_101322,,,,căn hộ Quận 9 rẻ một chút cho gia đình
,,,,Query:evt_100011,,buy_for_living,Query,evt_100011,,,,"nhà ở Quận Thủ Đức thoáng mát 1pn, bình dân"
,,,,Query:evt_102205,,investment,Query,evt_102205,,,,tìm biệt thự Quận 2 ổn định tiềm năng tăng giá
,,,,Query:evt_100594,,buy_for_living,Query,evt_100594,,,,căn hộ Quận 2 rẻ một chút cho gia đình
,,,,Query:evt_100028,,buy_for_living,Query,evt_100028,,,,căn hộ Quận 7 giá tốt cho gia đình
,,,,Query:evt_100709,,buy_for_living,Query,evt_100709,,,,"nhà ở Quận Thủ Đức thoáng mát 3pn, rẻ một chút"
,,,,Query:evt_100772,,rent,Query,evt_100772,,,,biệt thự Quận Tân Bình giá tốt cho thuê gần metro
,,,,Query:evt_101992,,buy_for_living,Query,evt_101992,,,,"nhà ở Phường Long Bình thoáng mát 3pn, ổn định"
,,,,Query:evt_100770,,rent,Query,evt_100770,,,,tìm phòng căn hộ ở Quận 7 rẻ một chút
,,,,Query:evt_102718,,investment,Query,evt_102718,,,,"mua căn hộ đầu tư ở Quận 7 pháp lý rõ ràng, sang trọng"
,,,,Query:evt_100744,,investment,Query,evt_100744,,,,nhà phố Quận 7 sang trọng dòng tiền tốt
,,,,Query:evt_100308,,buy_for_living,Query,evt_100308,,,,căn hộ Quận 1 sang trọng cho gia đình
,,,,Query:evt_100330,,buy_for_living,Query,evt_100330,,,,nhà phố Phường Dĩ An giá tốt cho vợ chồng mới cưới
,,,,Query:evt_103824,,investment,Query,evt_103824,,,,căn hộ Phường Dĩ An khu nhà giàu cho thuê lại được
,,,,Query:evt_103017,,buy_for_living,Query,evt_103017,,,,tìm căn hộ Quận 2 giá vừa phải gần trường học
,,,,Query:evt_101174,,buy_for_living,Query,evt_101174,,,,tìm đất nền Quận 7 cao cấp gần trường học
,,,,Query:evt_103163,,buy_for_living,Query,evt_103163,,,,"nhà ở Quận 2 thoáng mát 4pn, vị trí đẹp"
,,,,Query:evt_100531,,buy_for_living,Query,evt_100531,,,,căn hộ Quận 3 vị trí đẹp cho gia đình
,,,,Query:evt_101535,,buy_for_living,Query,evt_101535,,,,nhà phố Quận Thủ Đức ổn định cho vợ chồng mới cưới
,,,,Query:evt_101223,,buy_for_living,Query,evt_101223,,,,căn hộ Quận 9 rẻ một chút cho gia đình
,,,,Query:evt_102665,,rent,Query,evt_102665,,,,thuê căn hộ Phường Long Bình 4 phòng ngủ giá vừa phải
,,,,Query:evt_101246,,investment,Query,evt_101246,,,,căn hộ Quận 9 sang trọng dòng tiền tốt
,,,,Query:evt_102773,,buy_for_living,Query,evt_102773,,,,"cần mua căn hộ 2 phòng ngủ ở Quận 9 để ở, rẻ một chút"
,,,,Query:evt_103246,,investment,Query,evt_103246,,,,nhà phố Quận 1 ổn định cho thuê lại được
,,,,Query:evt_101532,,buy_for_living,Query,evt_101532,,,,"cần mua căn hộ 2 phòng ngủ ở Quận 7 để ở, ổn định"
,,,,Query:evt_100469,,investment,Query,evt_100469,,,,"mua căn hộ đầu tư ở Quận 1 pháp lý rõ ràng, giá tốt"
,,,,Query:evt_100956,,investment,Query,evt_100956,,,,tìm nhà phố Quận Bình Thạnh rẻ một chút tiềm năng tăng giá
,,,,Query:evt_103432,,investment,Query,evt_103432,,,,căn hộ Quận 7 giá vừa phải cho thuê lại được
,,,,Query:evt_103333,,buy_for_living,Query,evt_103333,,,,"nhà ở Phường Dĩ An thoáng mát 2pn, bình dân"
,,,,Query:evt_101963,,buy_for_living,Query,evt_101963,,,,"nhà ở Phường An Phú thoáng mát 3pn, giá rẻ"
,,,,Query:evt_103251,,investment,Query,evt_103251,,,,"mua nhà phố đầu tư ở Phường Dĩ An pháp lý rõ ràng, rẻ một chút"
,,,,Query:evt_102145,,buy_for_living,Query,evt_102145,,,,tìm căn hộ Quận 3 giá rẻ gần trường học
,,,,Query:evt_103144,,buy_for_living,Query,evt_103144,,,,"cần mua căn hộ 3 phòng ngủ ở Quận 1 để ở, giá rẻ"
,,,,Query:evt_102433,,investment,Query,evt_102433,,,,tìm nhà phố Quận 7 tầm trung tiềm năng tăng giá
,,,,Query:evt_101632,,buy_for_living,Query,evt_101632,,,,tìm đất nền Quận 4 sang trọng gần trường học
,,,,Query:evt_100926,,buy_for_living,Query,evt_100926,,,,"nhà ở Quận 2 thoáng mát 2pn, rẻ một chút"
,,,,Query:evt_104096,,rent,Query,evt_104096,,,,tìm phòng nhà phố ở Quận 7 giá tốt
,,,,Query:evt_100524,,buy_for_living,Query,evt_100524,,,,tìm nhà phố Quận 1 khu nhà giàu gần trường học
,,,,Query:evt_101766,,rent,Query,evt_101766,,,,tìm phòng căn hộ ở Quận Tân Bình khu nhà giàu
,,,,Query:evt_102534,,buy_for_living,Query,evt_102534,,,,"nhà ở Quận 3 thoáng mát 1pn, ổn định"
,,,,Query:evt_101660,,rent,Query,evt_101660,,,,tìm phòng căn hộ ở Quận 7 khu nhà giàu
,,,,Query:evt_102904,,buy_for_living,Query,evt_102904,,,,căn hộ Quận 3 tầm trung cho vợ chồng mới cưới
,,,,Query:evt_102336,,buy_for_living,Query,evt_102336,,,,tìm căn hộ Quận Thủ Đức vị trí đẹp gần trường học
,,,,Query:evt_101126,,investment,Query,evt_101126,,,,"mua đất nền đầu tư ở Quận 7 pháp lý rõ ràng, giá mềm"
,,,,Query:evt_101191,,buy_for_living,Query,evt_101191,,,,tìm căn hộ Quận 9 khu nhà giàu gần trường học
,,,,Query:evt_101184,,buy_for_living,Query,evt_101184,,,,đất nền Phường Hiệp Bình bình dân cho gia đình
,,,,Query:evt_102135,,investment,Query,evt_102135,,,,tìm căn hộ Quận 7 bình dân tiềm năng tăng giá
,,,,Query:evt_101719,,investment,Query,evt_101719,,,,căn hộ Quận Tân Bình khu nhà giàu dòng tiền tốt
,,,,Query:evt_103339,,buy_for_living,Query,evt_103339,,,,đất nền Quận 7 giá rẻ cho vợ chồng mới cưới
,,,,Query:evt_101687,,buy_for_living,Query,evt_101687,,,,"nhà ở Quận Gò Vấp thoáng mát 3pn, cao cấp"
,,,,Query:evt_102723,,investment,Query,evt_102723,,,,tìm căn hộ Quận 3 rẻ một chút tiềm năng tăng giá
,,,,Query:evt_101812,,buy_for_living,Query,evt_101812,,,,nhà phố Quận 9 tầm trung cho vợ chồng mới cưới
,,,,Query:evt_100453,,buy_for_living,Query,evt_100453,,,,"cần mua căn hộ 1 phòng ngủ ở Quận 9 để ở, giá mềm"
,,,,Query:evt_104439,,investment,Query,evt_104439,,,,tìm căn hộ Quận 3 cao cấp tiềm năng tăng giá
,,,,Query:evt_100025,,buy_for_living,Query,evt_100025,,,,tìm đất nền Phường An Phú cao cấp gần trường học
,,,,Query:evt_103555,,buy_for_living,Query,evt_103555,,,,"cần mua căn hộ 2 phòng ngủ ở Quận Thủ Đức để ở, giá rẻ"
,,,,Query:evt_103796,,investment,Query,evt_103796,,,,"mua nhà phố đầu tư ở Phường Dĩ An pháp lý rõ ràng, sang trọng"
,,,,Query:evt_103090,,investment,Query,evt_103090,,,,tìm nhà phố Phường An Phú giá mềm tiềm năng tăng giá
,,,,Query:evt_100341,,investment,Query,evt_100341,,,,"mua biệt thự đầu tư ở Phường An Phú pháp lý rõ ràng, cao cấp"
,,,,Query:evt_100980,,investment,Query,evt_100980,,,,"mua đất nền đầu tư ở Quận 7 pháp lý rõ ràng, rẻ một chút"
,,,,Query:evt_102017,,buy_for_living,Query,evt_102017,,,,"nhà ở Quận Bình Thạnh thoáng mát 1pn, giá rẻ"
,,,,Query:evt_103700,,investment,Query,evt_103700,,,,căn hộ Quận 3 sang trọng dòng tiền tốt
,,,,Query:evt_101446,,investment,Query,evt_101446,,,,căn hộ Quận 3 tầm trung dòng tiền tốt
,,,,Query:evt_103497,,buy_for_living,Query,evt_103497,,,,"nhà ở Quận 2 thoáng mát 5pn, khu nhà giàu"
,,,,Query:evt_104419,,investment,Query,evt_104419,,,,tìm nhà phố Quận 4 khu nhà giàu tiềm năng tăng giá
,,,,Query:evt_100491,,buy_for_living,Query,evt_100491,,,,nhà phố Quận 1 tầm trung cho gia đình
,,,,Query:evt_100877,,buy_for_living,Query,evt_100877,,,,"nhà ở Quận 2 thoáng mát 4pn, khu nhà giàu"
,,,,Query:evt_103439,,investment,Query,evt_103439,,,,"mua nhà phố đầu tư ở Quận 3 pháp lý rõ ràng, giá hợp lý"
,,,,Query:evt_100899,,buy_for_living,Query,evt_100899,,,,"nhà ở Phường Dĩ An thoáng mát 3pn, bình dân"
,,,,Query:evt_102969,,investment,Query,evt_102969,,,,tìm căn hộ Quận 9 giá mềm tiềm năng tăng giá
,,,,Query:evt_101285,,investment,Query,evt_101285,,,,"mua nhà phố đầu tư ở Quận 1 pháp lý rõ ràng, vị trí đẹp"
,,,,Query:evt_103478,,buy_for_living,Query,evt_103478,,,,biệt thự Phường Long Bình rẻ một chút cho vợ chồng mới cưới
,,,,Query:evt_100883,,buy_for_living,Query,evt_100883,,,,"nhà ở Quận 7 thoáng mát 5pn, vị trí đẹp"
,,,,Query:evt_100538,,buy_for_living,Query,evt_100538,,,,"cần mua căn hộ 3 phòng ngủ ở Quận 7 để ở, rẻ một chút"
,,,,Query:evt_101844,,buy_for_living,Query,evt_101844,,,,"nhà ở Quận Gò Vấp thoáng mát 3pn, tầm trung"
,,,,Query:evt_100459,,buy_for_living,Query,evt_100459,,,,"cần mua nhà phố 6 phòng ngủ ở Phường Hiệp Bình để ở, sang trọng"
,,,,Query:evt_101160,,rent,Query,evt_101160,,,,đất nền Phường Long Bình giá tốt cho thuê gần metro
,,,,Query:evt_100771,,rent,Query,evt_100771,,,,thuê căn hộ Quận Tân Bình 4 phòng ngủ khu nhà giàu
,,,,Query:evt_104095,,rent,Query,evt_104095,,,,biệt thự Quận Thủ Đức giá vừa phải cho thuê gần metro
,,,,Query:evt_101227,,buy_for_living,Query,evt_101227,,,,"nhà ở Quận 1 thoáng mát 2pn, ổn định"
,,,,Query:evt_104361,,rent,Query,evt_104361,,,,thuê căn hộ Phường Dĩ An 3 phòng ngủ giá vừa phải
,,,,Query:evt_101905,,rent,Query,evt_101905,,,,tìm phòng căn hộ ở Quận Thủ Đức giá mềm
,,,,Query:evt_101469,,rent,Query,evt_101469,,,,"cần thuê căn hộ Phường Long Bình full nội thất, giá vừa phải"
,,,,Query:evt_104000,,buy_for_living,Query,evt_104000,,,,căn hộ Quận Tân Bình giá hợp lý cho vợ chồng mới cưới
,,,,Query:evt_100201,,investment,Query,evt_100201,,,,nhà phố Quận 1 giá tốt cho thuê lại được
,,,,Query:evt_104048,,rent,Query,evt_104048,,,,căn hộ Quận Gò Vấp ổn định cho thuê gần metro
,,,,Query:evt_100742,,investment,Query,evt_100742,,,,"mua nhà phố đầu tư ở Quận Thủ Đức pháp lý rõ ràng, ổn định"
,,,,Query:evt_102521,,buy_for_living,Query,evt_102521,,,,căn hộ Quận Tân Bình bình dân cho vợ chồng mới cưới
,,,,Query:evt_103561,,investment,Query,evt_103561,,,,tìm căn hộ Quận 1 cao cấp tiềm năng tăng giá
,,,,Query:evt_102541,,buy_for_living,Query,evt_102541,,,,tìm nhà phố Quận 2 giá rẻ gần trường học
,,,,Query:evt_104196,,buy_for_living,Query,evt_104196,,,,"nhà ở Phường Dĩ An thoáng mát 2pn, giá hợp lý"
,,,,Query:evt_101856,,buy_for_living,Query,evt_101856,,,,căn hộ Phường Long Bình ổn định cho vợ chồng mới cưới
,,,,Query:evt_103804,,investment,Query,evt_103804,,,,tìm căn hộ Phường Dĩ An cao cấp tiềm năng tăng giá
,,,,Query:evt_101041,,rent,Query,evt_101041,,,,thuê nhà phố Phường An Phú 1 phòng ngủ ổn định
,,,,Query:evt_101187,,buy_for_living,Query,evt_101187,,,,nhà phố Quận Bình Thạnh giá hợp lý cho gia đình
,,,,Query:evt_104309,,rent,Query,evt_104309,,,,tìm phòng căn hộ ở Quận 2 giá rẻ
,,,,Query:evt_100367,,investment,Query,evt_100367,,,,tìm nhà phố Quận 1 giá hợp lý tiềm năng tăng giá
,,,,Query:evt_101760,,buy_for_living,Query,evt_101760,,,,"cần mua đất nền 4 phòng ngủ ở Quận 7 để ở, giá vừa phải"
,,,,Query:evt_100357,,investment,Query,evt_100357,,,,tìm căn hộ Quận 7 bình dân tiềm năng tăng giá
,,,,Query:evt_100493,,buy_for_living,Query,evt_100493,,,,nhà phố Quận 3 giá hợp lý cho vợ chồng mới cưới
,,,,Query:evt_102066,,rent,Query,evt_102066,,,,đất nền Quận 7 giá rẻ cho thuê gần metro
,,,,Query:evt_102864,,buy_for_living,Query,evt_102864,,,,căn hộ Quận Tân Bình giá hợp lý cho gia đình
,,,,Query:evt_100921,,buy_for_living,Query,evt_100921,,,,căn hộ Phường An Phú ổn định cho gia đình
,,,,Query:evt_100370,,investment,Query,evt_100370,,,,tìm căn hộ Phường Long Bình giá vừa phải tiềm năng tăng giá
,,,,Query:evt_100604,,buy_for_living,Query,evt_100604,,,,"cần mua căn hộ 2 phòng ngủ ở Quận 7 để ở, giá hợp lý"
,,,,Query:evt_102942,,buy_for_living,Query,evt_102942,,,,tìm căn hộ Quận Thủ Đức tầm trung gần trường học
,,,,Query:evt_102842,,buy_for_living,Query,evt_102842,,,,nhà phố Quận Thủ Đức giá vừa phải cho vợ chồng mới cưới
,,,,Query:evt_101026,,investment,Query,evt_101026,,,,"mua căn hộ đầu tư ở Quận 9 pháp lý rõ ràng, giá tốt"
,,,,Query:evt_100275,,rent,Query,evt_100275,,,,thuê căn hộ Quận 9 1 phòng ngủ bình dân
,,,,Query:evt_102207,,buy_for_living,Query,evt_102207,,,,"cần mua nhà phố 3 phòng ngủ ở Quận Thủ Đức để ở, giá hợp lý"
,,,,Query:evt_100228,,buy_for_living,Query,evt_100228,,,,"cần mua đất nền 2 phòng ngủ ở Quận 2 để ở, giá hợp lý"
,,,,Query:evt_102739,,buy_for_living,Query,evt_102739,,,,"nhà ở Quận 9 thoáng mát 3pn, giá rẻ"
,,,,Query:evt_102110,,rent,Query,evt_102110,,,,tìm phòng căn hộ ở Phường An Phú giá hợp lý
,,,,Query:evt_103757,,buy_for_living,Query,evt_103757,,,,căn hộ Quận Thủ Đức giá hợp lý cho vợ chồng mới cưới
,,,,Query:evt_102643,,rent,Query,evt_102643,,,,"cần thuê căn hộ Phường Long Bình full nội thất, ổn định"
,,,,Query:evt_104042,,rent,Query,evt_104042,,,,tìm phòng biệt thự ở Phường Dĩ An giá vừa phải
,,,,Query:evt_103769,,investment,Query,evt_103769,,,,"mua nhà phố đầu tư ở Quận 2 pháp lý rõ ràng, cao cấp"
,,,,Query:evt_101723,,investment,Query,evt_101723,,,,căn hộ Phường Hiệp Bình giá vừa phải dòng tiền tốt
,,,,Query:evt_104279,,investment,Query,evt_104279,,,,nhà phố Phường Long Bình khu nhà giàu cho thuê lại được
,,,,Query:evt_101930,,buy_for_living,Query,evt_101930,,,,căn hộ Quận 7 khu nhà giàu cho gia đình
,,,,Query:evt_101010,,investment,Query,evt_101010,,,,tìm đất nền Quận Bình Thạnh sang trọng tiềm năng tăng giá
,,,,Query:evt_102648,,rent,Query,evt_102648,,,,"cần thuê nhà phố Phường An Phú full nội thất, cao cấp"
,,,,Query:evt_102972,,investment,Query,evt_102972,,,,căn hộ Quận Tân Bình rẻ một chút cho thuê lại được
,,,,Query:evt_101167,,buy_for_living,Query,evt_101167,,,,"nhà ở Quận 2 thoáng mát 2pn, tầm trung"
,,,,Query:evt_100990,,investment,Query,evt_100990,,,,nhà phố Phường Long Bình tầm trung cho thuê lại được
,,,,Query:evt_104029,,rent,Query,evt_104029,,,,tìm phòng căn hộ ở Quận 2 giá mềm
,,,,Query:evt_103640,,investment,Query,evt_103640,,,,nhà phố Phường An Phú tầm trung cho thuê lại được
,,,,Query:evt_100741,,investment,Query,evt_100741,,,,"mua căn hộ đầu tư ở Quận 1 pháp lý rõ ràng, tầm trung"
,,,,Query:evt_101942,,buy_for_living,Query,evt_101942,,,,biệt thự Quận 2 giá tốt cho gia đình
,,,,Query:evt_102775,,investment,Query,evt_102775,,,,tìm căn hộ Quận Bình Thạnh tầm trung tiềm năng tăng giá
,,,,Query:evt_102212,,buy_for_living,Query,evt_102212,,,,đất nền Quận 7 giá vừa phải cho gia đình
,,,,Query:evt_101376,,buy_for_living,Query,evt_101376,,,,đất nền Phường Dĩ An giá hợp lý cho vợ chồng mới cưới
,,,,Query:evt_101909,,rent,Query,evt_101909,,,,tìm phòng đất nền ở Quận Tân Bình giá vừa phải
,,,,Query:evt_101750,,buy_for_living,Query,evt_101750,,,,"cần mua đất nền 0 phòng ngủ ở Quận Bình Thạnh để ở, bình dân"
,,,,Query:evt_102280,,investment,Query,evt_102280,,,,tìm nhà phố Phường Long Bình cao cấp tiềm năng tăng giá
,,,,Query:evt_100519,,buy_for_living,Query,evt_100519,,,,"nhà ở Quận 2 thoáng mát 2pn, giá hợp lý"
,,,,Query:evt_102267,,buy_for_living,Query,evt_102267,,,,"cần mua nhà phố 0 phòng ngủ ở Quận 4 để ở, giá tốt"
,,,,Query:evt_102180,,buy_for_living,Query,evt_102180,,,,"nhà ở Quận 1 thoáng mát 2pn, tầm trung"
,,,,Query:evt_104324,,rent,Query,evt_104324,,,,căn hộ Quận Thủ Đức giá rẻ cho thuê gần metro
,,,,Query:evt_103524,,buy_for_living,Query,evt_103524,,,,"cần mua căn hộ 2 phòng ngủ ở Quận Tân Bình để ở, vị trí đẹp"
,,,,Query:evt_103918,,buy_for_living,Query,evt_103918,,,,"cần mua căn hộ 2 phòng ngủ ở Quận 9 để ở, giá hợp lý"
,,,,Query:evt_100055,,buy_for_living,Query,evt_100055,,,,"nhà ở Quận 1 thoáng mát 3pn, tầm trung"
,,,,Query:evt_100479,,investment,Query,evt_100479,,,,căn hộ Quận Thủ Đức vị trí đẹp cho thuê lại được
,,,,Query:evt_103305,,investment,Query,evt_103305,,,,"mua căn hộ đầu tư ở Phường Long Bình pháp lý rõ ràng, giá rẻ"
,,,,Query:evt_103140,,buy_for_living,Query,evt_103140,,,,"cần mua nhà phố 2 phòng ngủ ở Quận 9 để ở, giá vừa phải"
,,,,Query:evt_100333,,buy_for_living,Query,evt_100333,,,,nhà phố Quận 2 ổn định cho vợ chồng mới cưới
,,,,Query:evt_104237,,investment,Query,evt_104237,,,,căn hộ Quận 7 cao cấp cho thuê lại được
,,,,Query:evt_100658,,investment,Query,evt_100658,,,,"mua căn hộ đầu tư ở Quận 9 pháp lý rõ ràng, vị trí đẹp"
,,,,Query:evt_103282,,investment,Query,evt_103282,,,,"mua căn hộ đầu tư ở Quận 3 pháp lý rõ ràng, rẻ một chút"
,,,,Query:evt_103157,,buy_for_living,Query,evt_103157,,,,tìm căn hộ Quận 7 giá rẻ gần trường học
,,,,Query:evt_102155,,buy_for_living,Query,evt_102155,,,,tìm nhà phố Quận 2 giá vừa phải gần trường học
,,,,Query:evt_104376,,buy_for_living,Query,evt_104376,,,,"cần mua nhà phố 3 phòng ngủ ở Quận 1 để ở, tầm trung"
,,,,Query:evt_103484,,buy_for_living,Query,evt_103484,,,,tìm căn hộ Quận 7 ổn định gần trường học
,,,,Query:evt_103959,,buy_for_living,Query,evt_103959,,,,"cần mua căn hộ 2 phòng ngủ ở Quận 7 để ở, ổn định"
,,,,Query:evt_104315,,rent,Query,evt_104315,,,,tìm phòng căn hộ ở Quận Thủ Đức giá mềm
,,,,Query:evt_100898,,buy_for_living,Query,evt_100898,,,,tìm căn hộ Quận 2 giá mềm gần trường học
,,,,Query:evt_104379,,buy_for_living,Query,evt_104379,,,,căn hộ Quận Gò Vấp rẻ một chút cho gia đình
,,,,Query:evt_100190,,investment,Query,evt_100190,,,,căn hộ Quận Thủ Đức giá hợp lý cho thuê lại được
,,,,Query:evt_104408,,investment,Query,evt_104408,,,,tìm căn hộ Quận 2 bình dân tiềm năng tăng giá
,,,,Query:evt_101967,,investment,Query,evt_101967,,,,"mua căn hộ đầu tư ở Quận Gò Vấp pháp lý rõ ràng, tầm trung"
,,,,Query:evt_101266,,investment,Query,evt_101266,,,,căn hộ Quận 2 sang trọng cho thuê lại được
,,,,Query:evt_100691,,investment,Query,evt_100691,,,,"mua căn hộ đầu tư ở Quận 1 pháp lý rõ ràng, rẻ một chút"
,,,,Query:evt_101779,,buy_for_living,Query,evt_101779,,,,nhà phố Quận 2 giá vừa phải cho gia đình
,,,,Query:evt_103093,,investment,Query,evt_103093,,,,căn hộ Quận 9 bình dân dòng tiền tốt
,,,,Query:evt_100937,,investment,Query,evt_100937,,,,tìm căn hộ Quận 9 tầm trung tiềm năng tăng giá
,,,,Query:evt_100083,,buy_for_living,Query,evt_100083,,,,tìm căn hộ Phường Dĩ An ổn định gần trường học
,,,,Query:evt_100555,,buy_for_living,Query,evt_100555,,,,tìm đất nền Quận 7 sang trọng gần trường học
,,,,Query:evt_102638,,rent,Query,evt_102638,,,,căn hộ Quận Thủ Đức giá mềm cho thuê gần metro
,,,,Query:evt_103979,,buy_for_living,Query,evt_103979,,,,"nhà ở Quận Thủ Đức thoáng mát 3pn, ổn định"
,,,,Query:evt_101375,,buy_for_living,Query,evt_101375,,,,tìm căn hộ Quận 2 cao cấp gần trường học
,,,,Query:evt_103303,,investment,Query,evt_103303,,,,tìm căn hộ Phường An Phú tầm trung tiềm năng tăng giá
,,,,Query:evt_100571,,buy_for_living,Query,evt_100571,,,,"cần mua biệt thự 2 phòng ngủ ở Quận 9 để ở, giá mềm"
,,,,Query:evt_103664,,buy_for_living,Query,evt_103664,,,,tìm nhà phố Quận 9 ổn định gần trường học
,,,,Query:evt_104515,,investment,Query,evt_104515,,,,tìm căn hộ Quận 3 bình dân tiềm năng tăng giá
,,,,Query:evt_101111,,investment,Query,evt_101111,,,,tìm biệt thự Quận 1 khu nhà giàu tiềm năng tăng giá
,,,,Query:evt_100460,,buy_for_living,Query,evt_100460,,,,căn hộ Phường Dĩ An tầm trung cho gia đình
,,,,Query:evt_100920,,buy_for_living,Query,evt_100920,,,,căn hộ Quận Thủ Đức giá hợp lý cho gia đình
,,,,Query:evt_102728,,investment,Query,evt_102728,,,,căn hộ Quận Tân Bình bình dân dòng tiền tốt
,,,,Query:evt_101569,,buy_for_living,Query,evt_101569,,,,đất nền Quận 3 giá vừa phải cho vợ chồng mới cưới
,,,,Query:evt_103123,,rent,Query,evt_103123,,,,tìm phòng nhà phố ở Quận 9 giá vừa phải
,,,,Query:evt_102987,,buy_for_living,Query,evt_102987,,,,tìm căn hộ Quận 2 giá rẻ gần trường học
,,,,Query:evt_102490,,buy_for_living,Query,evt_102490,,,,"nhà ở Quận 9 thoáng mát 5pn, ổn định"
,,,,Query:evt_100022,,buy_for_living,Query,evt_100022,,,,tìm đất nền Phường Dĩ An rẻ một chút gần trường học
,,,,Query:evt_101616,,buy_for_living,Query,evt_101616,,,,nhà phố Quận Gò Vấp giá hợp lý cho vợ chồng mới cưới
,,,,Query:evt_103545,,buy_for_living,Query,evt_103545,,,,"cần mua căn hộ 6 phòng ngủ ở Quận Thủ Đức để ở, cao cấp"
,,,,Query:evt_104335,,investment,Query,evt_104335,,,,tìm căn hộ Quận Thủ Đức sang trọng tiềm năng tăng giá
,,,,Query:evt_101406,,investment,Query,evt_101406,,,,nhà phố Quận 2 ổn định cho thuê lại được
,,,,Query:evt_101172,,buy_for_living,Query,evt_101172,,,,căn hộ Quận Thủ Đức sang trọng cho gia đình
,,,,Query:evt_101201,,rent,Query,evt_101201,,,,"cần thuê căn hộ Quận Thủ Đức full nội thất, ổn định"
,,,,Query:evt_102661,,buy_for_living,Query,evt_102661,,,,căn hộ Quận 1 sang trọng cho vợ chồng mới cưới
,,,,Query:evt_103073,,rent,Query,evt_103073,,,,nhà phố Quận Thủ Đức giá hợp lý cho thuê gần metro
,,,,Query:evt_102171,,buy_for_living,Query,evt_102171,,,,"nhà ở Quận 9 thoáng mát 1pn, bình dân"
,,,,Query:evt_100415,,buy_for_living,Query,evt_100415,,,,"cần mua căn hộ 6 phòng ngủ ở Quận 3 để ở, sang trọng"
,,,,Query:evt_101765,,rent,Query,evt_101765,,,,thuê nhà phố Quận Bình Thạnh 3 phòng ngủ giá hợp lý
,,,,Query:evt_100041,,rent,Query,evt_100041,,,,tìm phòng căn hộ ở Quận 3 giá mềm
,,,,Query:evt_101330,,buy_for_living,Query,evt_101330,,,,"cần mua đất nền 1 phòng ngủ ở Quận 2 để ở, giá vừa phải"
,,,,Query:evt_104074,,investment,Query,evt_104074,,,,tìm biệt thự Quận Gò Vấp cao cấp tiềm năng tăng giá
,,,,Query:evt_102028,,buy_for_living,Query,evt_102028,,,,tìm nhà phố Quận 1 khu nhà giàu gần trường học
,,,,Query:evt_101639,,buy_for_living,Query,evt_101639,,,,căn hộ Quận Gò Vấp giá mềm cho gia đình
,,,,Query:evt_102794,,buy_for_living,Query,evt_102794,,,,"cần mua nhà phố 2 phòng ngủ ở Quận 7 để ở, giá rẻ"
,,,,Query:evt_102108,,rent,Query,evt_102108,,,,"cần thuê căn hộ Quận Gò Vấp full nội thất, vị trí đẹp"
,,,,Query:evt_103302,,investment,Query,evt_103302,,,,tìm nhà phố Quận Thủ Đức giá vừa phải tiềm năng tăng giá
,,,,Query:evt_100300,,buy_for_living,Query,evt_100300,,,,"cần mua nhà phố 5 phòng ngủ ở Quận Tân Bình để ở, khu nhà giàu"
,,,,Query:evt_101974,,investment,Query,evt_101974,,,,tìm căn hộ Quận Tân Bình rẻ một chút tiềm năng tăng giá
,,,,Query:evt_101298,,investment,Query,evt_101298,,,,tìm căn hộ Quận 7 khu nhà giàu tiềm năng tăng giá
,,,,Query:evt_104489,,investment,Query,evt_104489,,,,căn hộ Quận 2 cao cấp dòng tiền tốt
,,,,Query:evt_103974,,buy_for_living,Query,evt_103974,,,,"nhà ở Quận Thủ Đức thoáng mát 3pn, ổn định"
,,,,Query:evt_103723,,buy_for_living,Query,evt_103723,,,,tìm căn hộ Phường Long Bình giá hợp lý gần trường học
,,,,Query:evt_102047,,buy_for_living,Query,evt_102047,,,,"nhà ở Quận 2 thoáng mát 2pn, tầm trung"
,,,,Query:evt_100777,,rent,Query,evt_100777,,,,tìm phòng căn hộ ở Quận 1 tầm trung
,,,,Query:evt_102835,,buy_for_living,Query,evt_102835,,,,tìm đất nền Quận 9 cao cấp gần trường học
,,,,Query:evt_102056,,buy_for_living,Query,evt_102056,,,,đất nền Quận 9 cao cấp cho gia đình
,,,,Query:evt_102953,,investment,Query,evt_102953,,,,"mua nhà phố đầu tư ở Quận Bình Thạnh pháp lý rõ ràng, giá hợp lý"
,,,,Query:evt_104488,,investment,Query,evt_104488,,,,đất nền Quận 4 giá vừa phải cho thuê lại được
,,,,Query:evt_102188,,investment,Query,evt_102188,,,,"mua nhà phố đầu tư ở Quận 2 pháp lý rõ ràng, giá tốt"
,,,,Query:evt_100114,,buy_for_living,Query,evt_100114,,,,căn hộ Quận 7 bình dân cho gia đình
,,,,Query:evt_102371,,investment,Query,evt_102371,,,,tìm nhà phố Quận 9 ổn định tiềm năng tăng giá
,,,,Query:evt_102461,,rent,Query,evt_102461,,,,"cần thuê căn hộ Quận 1 full nội thất, giá vừa phải"
,,,,Query:evt_102845,,buy_for_living,Query,evt_102845,,,,tìm nhà phố Quận 2 sang trọng gần trường học
,,,,Query:evt_101966,,investment,Query,evt_101966,,,,"mua căn hộ đầu tư ở Quận Tân Bình pháp lý rõ ràng, giá vừa phải"
,,,,Query:evt_103822,,investment,Query,evt_103822,,,,căn hộ Quận Tân Bình sang trọng cho thuê lại được
,,,,Query:evt_101512,,buy_for_living,Query,evt_101512,,,,căn hộ Quận 1 sang trọng cho gia đình
,,,,Query:evt_102537,,buy_for_living,Query,evt_102537,,,,tìm căn hộ Quận Thủ Đức tầm trung gần trường học
,,,,Query:evt_101169,,buy_for_living,Query,evt_101169,,,,nhà phố Quận 1 giá mềm cho gia đình
,,,,Query:evt_101705,,buy_for_living,Query,evt_101705,,,,đất nền Quận Tân Bình ổn định cho vợ chồng mới cưới
,,,,Query:evt_101816,,buy_for_living,Query,evt_101816,,,,nhà phố Quận Bình Thạnh ổn định cho vợ chồng mới cưới
,,,,Query:evt_101522,,investment,Query,evt_101522,,,,tìm căn hộ Quận 2 giá tốt tiềm năng tăng giá
,,,,Query:evt_103893,,buy_for_living,Query,evt_103893,,,,"nhà ở Phường Long Bình thoáng mát 2pn, giá tốt"
,,,,Query:evt_100101,,investment,Query,evt_100101,,,,đất nền Quận 3 rẻ một chút cho thuê lại được
,,,,Query:evt_101678,,investment,Query,evt_101678,,,,căn hộ Phường Long Bình tầm trung cho thuê lại được
,,,,Query:evt_101320,,buy_for_living,Query,evt_101320,,,,tìm biệt thự Quận 9 tầm trung gần trường học
,,,,Query:evt_103704,,investment,Query,evt_103704,,,,tìm nhà phố Quận 2 vị trí đẹp tiềm năng tăng giá
,,,,Query:evt_103579,,buy_for_living,Query,evt_103579,,,,"nhà ở Quận Tân Bình thoáng mát 2pn, giá hợp lý"
,,,,Query:evt_103833,,investment,Query,evt_103833,,,,"mua nhà phố đầu tư ở Quận 4 pháp lý rõ ràng, ổn định"
,,,,Query:evt_103085,,rent,Query,evt_103085,,,,thuê căn hộ Phường Long Bình 2 phòng ngủ rẻ một chút
,,,,Query:evt_101813,,buy_for_living,Query,evt_101813,,,,căn hộ Quận Thủ Đức vị trí đẹp cho gia đình
,,,,Query:evt_103879,,buy_for_living,Query,evt_103879,,,,nhà phố Quận 9 tầm trung cho vợ chồng mới cưới
,,,,Query:evt_100508,,buy_for_living,Query,evt_100508,,,,"cần mua đất nền 3 phòng ngủ ở Quận 2 để ở, giá mềm"
,,,,Query:evt_102778,,investment,Query,evt_102778,,,,đất nền Quận 9 rẻ một chút dòng tiền tốt
,,,,Query:evt_104393,,buy_for_living,Query,evt_104393,,,,căn hộ Phường Dĩ An giá rẻ cho gia đình
,,,,Query:evt_100863,,buy_for_living,Query,evt_100863,,,,căn hộ Quận Bình Thạnh giá tốt cho vợ chồng mới cưới
,,,,Query:evt_101020,,investment,Query,evt_101020,,,,căn hộ Quận 9 rẻ một chút dòng tiền tốt
,,,,Query:evt_103589,,buy_for_living,Query,evt_103589,,,,"nhà ở Phường Dĩ An thoáng mát 2pn, giá rẻ"
,,,,Query:evt_102147,,buy_for_living,Query,evt_102147,,,,đất nền Quận 7 rẻ một chút cho gia đình
,,,,Query:evt_102075,,rent,Query,evt_102075,,,,"cần thuê căn hộ Quận 2 full nội thất, giá hợp lý"
,,,,Query:evt_103596,,buy_for_living,Query,evt_103596,,,,đất nền Quận 1 giá tốt cho gia đình
,,,,Query:evt_100067,,buy_for_living,Query,evt_100067,,,,nhà phố Quận 9 sang trọng cho vợ chồng mới cưới
,,,,Query:evt_100374,,rent,Query,evt_100374,,,,tìm phòng nhà phố ở Quận Gò Vấp vị trí đẹp
,,,,Query:evt_104308,,rent,Query,evt_104308,,,,căn hộ Quận 4 sang trọng cho thuê gần metro
,,,,Query:evt_101369,,buy_for_living,Query,evt_101369,,,,"cần mua nhà phố 6 phòng ngủ ở Quận 7 để ở, sang trọng"
,,,,Query:evt_101202,,rent,Query,evt_101202,,,,"cần thuê nhà phố Quận 2 full nội thất, rẻ một chút"
,,,,Query:evt_103666,,buy_for_living,Query,evt_103666,,,,căn hộ Quận Bình Thạnh giá mềm cho gia đình
,,,,Query:evt_103228,,buy_for_living,Query,evt_103228,,,,tìm căn hộ Quận Thủ Đức ổn định gần trường học
,,,,Query:evt_101888,,investment,Query,evt_101888,,,,tìm căn hộ Phường Dĩ An giá vừa phải tiềm năng tăng giá
,,,,Query:evt_102629,,rent,Query,evt_102629,,,,"cần thuê nhà phố Quận Thủ Đức full nội thất, cao cấp"
,,,,Query:evt_102964,,investment,Query,evt_102964,,,,"mua nhà phố đầu tư ở Quận 1 pháp lý rõ ràng, sang trọng"
,,,,Query:evt_102965,,investment,Query,evt_102965,,,,đất nền Phường Long Bình giá hợp lý cho thuê lại được
,,,,Query:evt_102029,,buy_for_living,Query,evt_102029,,,,"cần mua căn hộ 1 phòng ngủ ở Quận Bình Thạnh để ở, ổn định"
,,,,Query:evt_100018,,buy_for_living,Query,evt_100018,,,,"nhà ở Quận 7 thoáng mát 2pn, rẻ một chút"
,,,,Query:evt_102379,,buy_for_living,Query,evt_102379,,,,tìm nhà phố Quận 3 giá hợp lý gần trường học
,,,,Query:evt_100672,,investment,Query,evt_100672,,,,căn hộ Quận 7 rẻ một chút cho thuê lại được
,,,,Query:evt_104501,,investment,Query,evt_104501,,,,tìm biệt thự Quận 3 giá hợp lý tiềm năng tăng giá
,,,,Query:evt_101428,,buy_for_living,Query,evt_101428,,,,"cần mua căn hộ 3 phòng ngủ ở Quận Thủ Đức để ở, vị trí đẹp"
,,,,Query:evt_101929,,buy_for_living,Query,evt_101929,,,,"nhà ở Quận Thủ Đức thoáng mát 3pn, bình dân"
,,,,Query:evt_100677,,buy_for_living,Query,evt_100677,,,,"cần mua nhà phố 2 phòng ngủ ở Quận Thủ Đức để ở, giá hợp lý"
,,,,Query:evt_104252,,investment,Query,evt_104252,,,,tìm căn hộ Quận Tân Bình giá mềm tiềm năng tăng giá
,,,,Query:evt_101580,,rent,Query,evt_101580,,,,"cần thuê căn hộ Quận Thủ Đức full nội thất, giá tốt"
,,,,Query:evt_100912,,buy_for_living,Query,evt_100912,,,,"cần mua nhà phố 0 phòng ngủ ở Quận 4 để ở, giá rẻ"
,,,,Query:evt_102080,,rent,Query,evt_102080,,,,tìm phòng biệt thự ở Quận Gò Vấp giá hợp lý
,,,,Query:evt_102167,,buy_for_living,Query,evt_102167,,,,căn hộ Quận 2 giá hợp lý cho vợ chồng mới cưới
,,,,Query:evt_100614,,buy_for_living,Query,evt_100614,,,,"cần mua căn hộ 2 phòng ngủ ở Quận 1 để ở, bình dân"
,,,,Query:evt_100256,,rent,Query,evt_100256,,,,tìm phòng căn hộ ở Quận Tân Bình giá mềm
,,,,Query:evt_101805,,investment,Query,evt_101805,,,,"mua nhà phố đầu tư ở Quận Bình Thạnh pháp lý rõ ràng, giá mềm"
,,,,Query:evt_102385,,buy_for_living,Query,evt_102385,,,,nhà phố Quận 3 giá rẻ cho vợ chồng mới cưới
,,,,Query:evt_100215,,buy_for_living,Query,evt_100215,,,,đất nền Phường Dĩ An vị trí đẹp cho gia đình
,,,,Query:evt_100887,,rent,Query,evt_100887,,,,"cần thuê căn hộ Quận 9 full nội thất, tầm trung"
,,,,Query:evt_100442,,buy_for_living,Query,evt_100442,,,,tìm đất nền Quận Thủ Đức rẻ một chút gần trường học
,,,,Query:evt_103170,,buy_for_living,Query,evt_103170,,,,tìm căn hộ Phường Long Bình giá rẻ gần trường học
,,,,Query:evt_100782,,investment,Query,evt_100782,,,,căn hộ Quận Tân Bình giá rẻ cho thuê lại được
,,,,Query:evt_102089,,buy_for_living,Query,evt_102089,,,,đất nền Quận Thủ Đức ổn định cho vợ chồng mới cưới
,,,,Query:evt_103534,,buy_for_living,Query,evt_103534,,,,"nhà ở Quận Bình Thạnh thoáng mát 3pn, cao cấp"
,,,,Query:evt_102946,,buy_for_living,Query,evt_102946,,,,tìm nhà phố Phường Long Bình sang trọng gần trường học
,,,,Query:evt_104257,,investment,Query,evt_104257,,,,"mua nhà phố đầu tư ở Quận Bình Thạnh pháp lý rõ ràng, cao cấp"
,,,,Query:evt_100978,,investment,Query,evt_100978,,,,tìm nhà phố Quận 9 giá vừa phải tiềm năng tăng giá
,,,,Query:evt_101019,,investment,Query,evt_101019,,,,căn hộ Quận 3 cao cấp dòng tiền tốt
,,,,Query:evt_102040,,investment,Query,evt_102040,,,,căn hộ Quận 2 ổn định dòng tiền tốt
,,,,Query:evt_103443,,investment,Query,evt_103443,,,,căn hộ Quận Thủ Đức giá rẻ cho thuê lại được
,,,,Query:evt_101653,,rent,Query,evt_101653,,,,tìm phòng căn hộ ở Quận 3 vị trí đẹp
,,,,Query:evt_101086,,buy_for_living,Query,evt_101086,,,,tìm căn hộ Phường Hiệp Bình cao cấp gần trường học
,,,,Query:evt_104194,,buy_for_living,Query,evt_104194,,,,"nhà ở Phường Hiệp Bình thoáng mát 3pn, giá tốt"
,,,,Query:evt_103670,,buy_for_living,Query,evt_103670,,,,tìm biệt thự Phường Long Bình bình dân gần trường học
,,,,Query:evt_102932,,buy_for_living,Query,evt_102932,,,,căn hộ Phường Long Bình giá mềm cho gia đình
,,,,Query:evt_101565,,buy_for_living,Query,evt_101565,,,,"nhà ở Quận Bình Thạnh thoáng mát 4pn, khu nhà giàu"
,,,,Query:evt_104043,,rent,Query,evt_104043,,,,tìm phòng nhà phố ở Quận 9 khu nhà giàu
,,,,Query:evt_102540,,buy_for_living,Query,evt_102540,,,,đất nền Quận 2 giá hợp lý cho gia đình
,,,,Query:evt_100279,,rent,Query,evt_100279,,,,tìm phòng nhà phố ở Quận 9 sang trọng
,,,,Query:evt_104129,,buy_for_living,Query,evt_104129,,,,"nhà ở Phường Dĩ An thoáng mát 2pn, giá rẻ"
,,,,Query:evt_100289,,buy_for_living,Query,evt_100289,,,,"nhà ở Quận 9 thoáng mát 2pn, rẻ một chút"
,,,,Query:evt_103408,,investment,Query,evt_103408,,,,nhà phố Quận Thủ Đức bình dân cho thuê lại được
,,,,Query:evt_100824,,buy_for_living,Query,evt_100824,,,,"cần mua căn hộ 4 phòng ngủ ở Quận Gò Vấp để ở, ổn định"
,,,,Query:evt_102375,,buy_for_living,Query,evt_102375,,,,căn hộ Quận 1 tầm trung cho gia đình
,,,,Query:evt_103214,,buy_for_living,Query,evt_103214,,,,"nhà ở Phường Hiệp Bình thoáng mát 1pn, giá rẻ"
,,,,Query:evt_103148,,buy_for_living,Query,evt_103148,,,,tìm căn hộ Quận 9 giá vừa phải gần trường học
,,,,Query:evt_103442,,investment,Query,evt_103442,,,,căn hộ Quận 2 vị trí đẹp dòng tiền tốt
,,,,Query:evt_101945,,buy_for_living,Query,evt_101945,,,,"cần mua căn hộ 1 phòng ngủ ở Quận 7 để ở, giá rẻ"
,,,,Query:evt_101652,,rent,Query,evt_101652,,,,căn hộ Quận 1 rẻ một chút cho thuê gần metro
,,,,Query:evt_104028,,rent,Query,evt_104028,,,,"cần thuê nhà phố Quận Bình Thạnh full nội thất, tầm trung"
,,,,Query:evt_104239,,investment,Query,evt_104239,,,,căn hộ Phường An Phú giá hợp lý dòng tiền tốt
,,,,Query:evt_102767,,buy_for_living,Query,evt_102767,,,,"cần mua biệt thự 6 phòng ngủ ở Quận Bình Thạnh để ở, sang trọng"
,,,,Query:evt_101186,,buy_for_living,Query,evt_101186,,,,"cần mua nhà phố 2 phòng ngủ ở Phường Long Bình để ở, ổn định"
,,,,Query:evt_100526,,buy_for_living,Query,evt_100526,,,,"cần mua biệt thự 3 phòng ngủ ở Quận 7 để ở, giá vừa phải"
,,,,Query:evt_102971,,investment,Query,evt_102971,,,,căn hộ Quận 2 ổn định dòng tiền tốt
,,,,Query:evt_102725,,investment,Query,evt_102725,,,,"mua căn hộ đầu tư ở Quận Gò Vấp pháp lý rõ ràng, khu nhà giàu"
,,,,Query:evt_100906,,buy_for_living,Query,evt_100906,,,,tìm nhà phố Quận Thủ Đức ổn định gần trường học
,,,,Query:evt_103445,,investment,Query,evt_103445,,,,căn hộ Quận 3 sang trọng cho thuê lại được
,,,,Query:evt_100871,,buy_for_living,Query,evt_100871,,,,"cần mua nhà phố 4 phòng ngủ ở Quận Bình Thạnh để ở, sang trọng"
,,,,Query:evt_102565,,investment,Query,evt_102565,,,,biệt thự Quận Bình Thạnh giá vừa phải dòng tiền tốt
,,,,Query:evt_100818,,buy_for_living,Query,evt_100818,,,,tìm nhà phố Quận Tân Bình cao cấp gần trường học
,,,,Query:evt_103716,,investment,Query,evt_103716,,,,"mua căn hộ đầu tư ở Quận 2 pháp lý rõ ràng, ổn định"
,,,,Query:evt_100651,,investment,Query,evt_100651,,,,đất nền Quận 3 giá mềm dòng tiền tốt
,,,,Query:evt_102506,,buy_for_living,Query,evt_102506,,,,nhà phố Phường Long Bình cao cấp cho vợ chồng mới cưới
,,,,Query:evt_100601,,buy_for_living,Query,evt_100601,,,,nhà phố Phường Long Bình bình dân cho gia đình
,,,,Query:evt_103235,,rent,Query,evt_103235,,,,thuê căn hộ Quận 1 3 phòng ngủ cao cấp
,,,,Query:evt_104282,,investment,Query,evt_104282,,,,tìm căn hộ Quận 2 giá mềm tiềm năng tăng giá
,,,,Query:evt_101620,,buy_for_living,Query,evt_101620,,,,căn hộ Phường Long Bình rẻ một chút cho gia đình
,,,,Query:evt_104240,,investment,Query,evt_104240,,,,tìm nhà phố Quận 3 rẻ một chút tiềm năng tăng giá
,,,,Query:evt_102876,,buy_for_living,Query,evt_102876,,,,căn hộ Quận 9 tầm trung cho vợ chồng mới cưới
,,,,Query:evt_103294,,investment,Query,evt_103294,,,,tìm nhà phố Phường Dĩ An giá rẻ tiềm năng tăng giá
,,,,Query:evt_102871,,buy_for_living,Query,evt_102871,,,,"nhà ở Quận 1 thoáng mát 3pn, ổn định"
,,,,Query:evt_102341,,buy_for_living,Query,evt_102341,,,,"cần mua biệt thự 3 phòng ngủ ở Quận Bình Thạnh để ở, giá mềm"
,,,,Query:evt_100434,,buy_for_living,Query,evt_100434,,,,tìm căn hộ Quận 1 giá rẻ gần trường học
,,,,Query:evt_100217,,buy_for_living,Query,evt_100217,,,,căn hộ Quận Gò Vấp giá vừa phải cho gia đình
,,,,Query:evt_100869,,buy_for_living,Query,evt_100869,,,,tìm nhà phố Phường An Phú giá vừa phải gần trường học
,,,,Query:evt_102731,,buy_for_living,Query,evt_102731,,,,tìm căn hộ Phường Dĩ An sang trọng gần trường học
,,,,Query:evt_101224,,buy_for_living,Query,evt_101224,,,,"nhà ở Quận 7 thoáng mát 4pn, giá vừa phải"
,,,,Query:evt_103751,,buy_for_living,Query,evt_103751,,,,tìm nhà phố Quận Bình Thạnh giá mềm gần trường học
,,,,Query:evt_103280,,investment,Query,evt_103280,,,,"mua căn hộ đầu tư ở Quận 1 pháp lý rõ ràng, giá hợp lý"
,,,,Query:evt_101548,,buy_for_living,Query,evt_101548,,,,nhà phố Quận 7 sang trọng cho gia đình
,,,,Query:evt_104446,,buy_for_living,Query,evt_104446,,,,"nhà ở Quận 1 thoáng mát 2pn, giá hợp lý"
,,,,Query:evt_103800,,investment,Query,evt_103800,,,,căn hộ Quận Gò Vấp ổn định dòng tiền tốt
,,,,Query:evt_101342,,buy_for_living,Query,evt_101342,,,,"nhà ở Quận 2 thoáng mát 1pn, rẻ một chút"
,,,,Query:evt_100421,,buy_for_living,Query,evt_100421,,,,"cần mua căn hộ 5 phòng ngủ ở Quận 7 để ở, cao cấp"
,,,,Query:evt_104180,,buy_for_living,Query,evt_104180,,,,"nhà ở Quận 9 thoáng mát 2pn, giá rẻ"
,,,,Query:evt_102380,,buy_for_living,Query,evt_102380,,,,nhà phố Quận Bình Thạnh tầm trung cho vợ chồng mới cưới
,,,,Query:evt_101461,,investment,Query,evt_101461,,,,tìm căn hộ Quận Gò Vấp giá hợp lý tiềm năng tăng giá
,,,,Query:evt_103034,,buy_for_living,Query,evt_103034,,,,"nhà ở Quận 3 thoáng mát 4pn, giá vừa phải"
,,,,Query:evt_104371,,buy_for_living,Query,evt_104371,,,,căn hộ Phường Dĩ An tầm trung cho vợ chồng mới cưới
,,,,Query:evt_104192,,investment,Query,evt_104192,,,,căn hộ Phường Long Bình giá rẻ cho thuê lại được
,,,,Query:evt_103357,,investment,Query,evt_103357,,,,"mua nhà phố đầu tư ở Quận 3 pháp lý rõ ràng, giá tốt"
,,,,Query:evt_102409,,buy_for_living,Query,evt_102409,,,,căn hộ Quận Thủ Đức ổn định cho vợ chồng mới cưới
,,,,Query:evt_101881,,buy_for_living,Query,evt_101881,,,,"nhà ở Quận 4 thoáng mát 2pn, bình dân"
,,,,Query:evt_102647,,rent,Query,evt_102647,,,,căn hộ Quận 3 khu nhà giàu cho thuê gần metro
,,,,Query:evt_101367,,buy_for_living,Query,evt_101367,,,,"nhà ở Quận Bình Thạnh thoáng mát 4pn, sang trọng"
,,,,Query:evt_100465,,investment,Query,evt_100465,,,,căn hộ Quận 7 khu nhà giàu dòng tiền tốt
,,,,Query:evt_101361,,buy_for_living,Query,evt_101361,,,,tìm nhà phố Quận 7 giá vừa phải gần trường học
,,,,Query:evt_100152,,investment,Query,evt_100152,,,,"mua nhà phố đầu tư ở Phường Dĩ An pháp lý rõ ràng, rẻ một chút"
,,,,Query:evt_102736,,buy_for_living,Query,evt_102736,,,,căn hộ Quận 2 giá rẻ cho gia đình
,,,,Query:evt_104209,,investment,Query,evt_104209,,,,đất nền Phường Dĩ An tầm trung cho thuê lại được
,,,,Query:evt_102042,,investment,Query,evt_102042,,,,biệt thự Quận 7 giá rẻ dòng tiền tốt
,,,,Query:evt_100512,,buy_for_living,Query,evt_100512,,,,"nhà ở Quận Thủ Đức thoáng mát 4pn, tầm trung"
,,,,Query:evt_101873,,buy_for_living,Query,evt_101873,,,,căn hộ Quận 3 sang trọng cho vợ chồng mới cưới
,,,,Query:evt_100301,,buy_for_living,Query,evt_100301,,,,"cần mua căn hộ 1 phòng ngủ ở Quận 1 để ở, giá mềm"
,,,,Query:evt_100680,,buy_for_living,Query,evt_100680,,,,"nhà ở Quận 3 thoáng mát 3pn, cao cấp"
,,,,Query:evt_104332,,investment,Query,evt_104332,,,,"mua đất nền đầu tư ở Quận Thủ Đức pháp lý rõ ràng, giá hợp lý"
,,,,Query:evt_103232,,rent,Query,evt_103232,,,,tìm phòng nhà phố ở Quận 1 khu nhà giàu
,,,,Query:evt_103643,,investment,Query,evt_103643,,,,căn hộ Quận 3 giá vừa phải dòng tiền tốt
,,,,Query:evt_104369,,buy_for_living,Query,evt_104369,,,,tìm nhà phố Quận 1 ổn định gần trường học
,,,,Query:evt_103900,,buy_for_living,Query,evt_103900,,,,tìm nhà phố Phường Dĩ An giá mềm gần trường học
,,,,Query:evt_100798,,investment,Query,evt_100798,,,,tìm căn hộ Phường Dĩ An ổn định tiềm năng tăng giá
,,,,Query:evt_102489,,buy_for_living,Query,evt_102489,,,,căn hộ Phường Hiệp Bình khu nhà giàu cho gia đình
,,,,Query:evt_101374,,buy_for_living,Query,evt_101374,,,,tìm đất nền Quận 7 giá mềm gần trường học
,,,,Query:evt_103581,,buy_for_living,Query,evt_103581,,,,đất nền Quận 9 vị trí đẹp cho vợ chồng mới cưới
,,,,Query:evt_100861,,buy_for_living,Query,evt_100861,,,,nhà phố Quận Thủ Đức ổn định cho gia đình
,,,,Query:evt_103385,,rent,Query,evt_103385,,,,"cần thuê nhà phố Phường An Phú full nội thất, bình dân"
,,,,Query:evt_100161,,investment,Query,evt_100161,,,,tìm nhà phố Quận 1 giá vừa phải tiềm năng tăng giá
,,,,Query:evt_103091,,investment,Query,evt_103091,,,,"mua nhà phố đầu tư ở Phường An Phú pháp lý rõ ràng, giá mềm"
,,,,Query:evt_100260,,rent,Query,evt_100260,,,,"cần thuê căn hộ Quận 9 full nội thất, giá mềm"
,,,,Query:evt_100862,,buy_for_living,Query,evt_100862,,,,căn hộ Quận 7 giá hợp lý cho gia đình
,,,,Query:evt_100319,,buy_for_living,Query,evt_100319,,,,"nhà ở Quận Thủ Đức thoáng mát 3pn, giá mềm"
,,,,Query:evt_103865,,investment,Query,evt_103865,,,,"mua căn hộ đầu tư ở Quận 7 pháp lý rõ ràng, khu nhà giàu"
,,,,Query:evt_102248,,investment,Query,evt_102248,,,,"mua căn hộ đầu tư ở Phường Long Bình pháp lý rõ ràng, giá rẻ"
,,,,Query:evt_103367,,investment,Query,evt_103367,,,,"mua căn hộ đầu tư ở Quận 9 pháp lý rõ ràng, giá rẻ"
,,,,Query:evt_101338,,buy_for_living,Query,evt_101338,,,,"nhà ở Quận 1 thoáng mát 3pn, rẻ một chút"
,,,,Query:evt_101590,,buy_for_living,Query,evt_101590,,,,tìm nhà phố Quận 7 giá tốt gần trường học
,,,,Query:evt_101250,,buy_for_living,Query,evt_101250,,,,"nhà ở Quận Bình Thạnh thoáng mát 5pn, sang trọng"
,,,,Query:evt_102161,,buy_for_living,Query,evt_102161,,,,biệt thự Quận 1 giá tốt cho vợ chồng mới cưới
,,,,Query:evt_103042,,buy_for_living,Query,evt_103042,,,,tìm căn hộ Phường Dĩ An giá vừa phải gần trường học
,,,,Query:evt_101808,,buy_for_living,Query,evt_101808,,,,nhà phố Quận 1 tầm trung cho gia đình
,,,,Query:evt_100099,,investment,Query,evt_100099,,,,tìm căn hộ Phường Dĩ An sang trọng tiềm năng tăng giá
,,,,Query:evt_101735,,buy_for_living,Query,evt_101735,,,,tìm căn hộ Quận Tân Bình giá hợp lý gần trường học
,,,,Query:evt_101081,,buy_for_living,Query,evt_101081,,,,"nhà ở Quận Thủ Đức thoáng mát 4pn, khu nhà giàu"
,,,,Query:evt_102803,,buy_for_living,Query,evt_102803,,,,căn hộ Quận 2 vị trí đẹp cho gia đình
,,,,Query:evt_101343,,buy_for_living,Query,evt_101343,,,,"cần mua nhà phố 6 phòng ngủ ở Quận 2 để ở, khu nhà giàu"
,,,,Query:evt_102246,,investment,Query,evt_102246,,,,căn hộ Phường Hiệp Bình giá rẻ cho thuê lại được
,,,,Query:evt_102250,,investment,Query,evt_102250,,,,căn hộ Phường Dĩ An khu nhà giàu dòng tiền tốt
,,,,Query:evt_100192,,investment,Query,evt_100192,,,,nhà phố Quận Bình Thạnh giá hợp lý cho thuê lại được
,,,,Query:evt_100388,,investment,Query,evt_100388,,,,căn hộ Quận 9 khu nhà giàu dòng tiền tốt
,,,,Query:evt_103005,,buy_for_living,Query,evt_103005,,,,tìm căn hộ Quận Gò Vấp giá rẻ gần trường học
,,,,Query:evt_103444,,investment,Query,evt_103444,,,,nhà phố Quận 9 rẻ một chút cho thuê lại được
,,,,Query:evt_101384,,rent,Query,evt_101384,,,,tìm phòng căn hộ ở Quận Tân Bình bình dân
,,,,Query:evt_100942,,investment,Query,evt_100942,,,,tìm căn hộ Phường Dĩ An giá mềm tiềm năng tăng giá
,,,,Query:evt_100819,,buy_for_living,Query,evt_100819,,,,tìm đất nền Quận 3 ổn định gần trường học
,,,,Query:evt_101544,,buy_for_living,Query,evt_101544,,,,"cần mua căn hộ 1 phòng ngủ ở Quận 4 để ở, giá tốt"
,,,,Query:evt_100992,,buy_for_living,Query,evt_100992,,,,nhà phố Quận 3 giá tốt cho vợ chồng mới cưới
,,,,Query:evt_100591,,buy_for_living,Query,evt_100591,,,,"nhà ở Quận 7 thoáng mát 1pn, giá mềm"
,,,,Query:evt_101510,,buy_for_living,Query,evt_101510,,,,"cần mua nhà phố 6 phòng ngủ ở Quận 9 để ở, cao cấp"
,,,,Query:evt_101447,,investment,Query,evt_101447,,,,"mua căn hộ đầu tư ở Quận 1 pháp lý rõ ràng, rẻ một chút"
,,,,Query:evt_103767,,buy_for_living,Query,evt_103767,,,,"cần mua căn hộ 4 phòng ngủ ở Quận Bình Thạnh để ở, vị trí đẹp"
,,,,Query:evt_102505,,buy_for_living,Query,evt_102505,,,,căn hộ Phường Dĩ An tầm trung cho gia đình
,,,,Query:evt_103437,,investment,Query,evt_103437,,,,căn hộ Quận 1 giá rẻ dòng tiền tốt
,,,,Query:evt_101154,,rent,Query,evt_101154,,,,tìm phòng biệt thự ở Quận Thủ Đức giá vừa phải
,,,,Query:evt_100574,,buy_for_living,Query,evt_100574,,,,"cần mua nhà phố 4 phòng ngủ ở Quận 1 để ở, giá hợp lý"
,,,,Query:evt_100846,,investment,Query,evt_100846,,,,tìm căn hộ Quận 9 khu nhà giàu tiềm năng tăng giá
,,,,Query:evt_100159,,investment,Query,evt_100159,,,,tìm căn hộ Quận 2 sang trọng tiềm năng tăng giá
,,,,Query:evt_102453,,buy_for_living,Query,evt_102453,,,,tìm nhà phố Quận Gò Vấp tầm trung gần trường học
,,,,Query:evt_103782,,investment,Query,evt_103782,,,,tìm căn hộ Quận Bình Thạnh vị trí đẹp tiềm năng tăng giá
,,,,Query:evt_103737,,rent,Query,evt_103737,,,,thuê căn hộ Quận 9 6 phòng ngủ khu nhà giàu
,,,,Query:evt_104198,,buy_for_living,Query,evt_104198,,,,tìm căn hộ Quận Gò Vấp cao cấp gần trường học
,,,,Query:evt_103071,,buy_for_living,Query,evt_103071,,,,"cần mua căn hộ 6 phòng ngủ ở Quận 2 để ở, cao cấp"
,,,,Query:evt_100720,,buy_for_living,Query,evt_100720,,,,"cần mua nhà phố 3 phòng ngủ ở Quận 1 để ở, rẻ một chút"
,,,,Query:evt_101519,,investment,Query,evt_101519,,,,căn hộ Quận 1 vị trí đẹp cho thuê lại được
,,,,Query:evt_101780,,buy_for_living,Query,evt_101780,,,,căn hộ Quận Thủ Đức giá hợp lý cho vợ chồng mới cưới
,,,,Query:evt_103500,,buy_for_living,Query,evt_103500,,,,"nhà ở Quận 1 thoáng mát 6pn, cao cấp"
,,,,Query:evt_102139,,investment,Query,evt_102139,,,,căn hộ Quận 1 khu nhà giàu cho thuê lại được
,,,,Query:evt_103829,,investment,Query,evt_103829,,,,căn hộ Quận 7 rẻ một chút cho thuê lại được
,,,,Query:evt_101731,,investment,Query,evt_101731,,,,căn hộ Quận 9 giá tốt dòng tiền tốt
,,,,Query:evt_101124,,investment,Query,evt_101124,,,,đất nền Quận 2 bình dân cho thuê lại được
,,,,Query:evt_101933,,buy_for_living,Query,evt_101933,,,,căn hộ Quận Gò Vấp giá hợp lý cho vợ chồng mới cưới
,,,,Query:evt_100482,,buy_for_living,Query,evt_100482,,,,căn hộ Quận 1 vị trí đẹp cho vợ chồng mới cưới
,,,,Query:evt_102226,,buy_for_living,Query,evt_102226,,,,"cần mua căn hộ 3 phòng ngủ ở Quận 3 để ở, ổn định"
,,,,Query:evt_102614,,buy_for_living,Query,evt_102614,,,,"cần mua căn hộ 1 phòng ngủ ở Quận 7 để ở, giá vừa phải"
,,,,Query:evt_100840,,investment,Query,evt_100840,,,,"mua đất nền đầu tư ở Quận 2 pháp lý rõ ràng, sang trọng"
,,,,Query:evt_100735,,investment,Query,evt_100735,,,,tìm căn hộ Quận Thủ Đức ổn định tiềm năng tăng giá
,,,,Query:evt_101964,,investment,Query,evt_101964,,,,căn hộ Quận Tân Bình tầm trung cho thuê lại được
,,,,Query:evt_101605,,buy_for_living,Query,evt_101605,,,,"cần mua nhà phố 3 phòng ngủ ở Quận Bình Thạnh để ở, rẻ một chút"
,,,,Query:evt_103787,,investment,Query,evt_103787,,,,tìm đất nền Quận 1 giá vừa phải tiềm năng tăng giá
,,,,Query:evt_102698,,buy_for_living,Query,evt_102698,,,,tìm căn hộ Quận 2 sang trọng gần trường học
,,,,Query:evt_104090,,buy_for_living,Query,evt_104090,,,,"cần mua căn hộ 4 phòng ngủ ở Phường Dĩ An để ở, giá vừa phải"
,,,,Query:evt_101229,,investment,Query,evt_101229,,,,tìm đất nền Quận Thủ Đức giá vừa phải tiềm năng tăng giá
,,,,Query:evt_102316,,rent,Query,evt_102316,,,,căn hộ Quận 2 giá tốt cho thuê gần metro
,,,,Query:evt_100707,,buy_for_living,Query,evt_100707,,,,căn hộ Quận 9 giá hợp lý cho gia đình
,,,,Query:evt_100012,,buy_for_living,Query,evt_100012,,,,nhà phố Quận Tân Bình giá vừa phải cho gia đình
,,,,Query:evt_102470,,rent,Query,evt_102470,,,,thuê căn hộ Quận 1 1 phòng ngủ giá tốt
,,,,Query:evt_102945,,buy_for_living,Query,evt_102945,,,,"nhà ở Quận 9 thoáng mát 2pn, giá tốt"
,,,,Query:evt_100708,,buy_for_living,Query,evt_100708,,,,"nhà ở Quận 7 thoáng mát 3pn, giá hợp lý"
,,,,Query:evt_102434,,investment,Query,evt_102434,,,,căn hộ Quận Thủ Đức tầm trung cho thuê lại được
,,,,Query:evt_100038,,rent,Query,evt_100038,,,,tìm phòng căn hộ ở Quận Bình Thạnh giá mềm
,,,,Query:evt_102523,,buy_for_living,Query,evt_102523,,,,"cần mua nhà phố 3 phòng ngủ ở Phường Hiệp Bình để ở, khu nhà giàu"
,,,,Query:evt_103665,,buy_for_living,Query,evt_103665,,,,tìm căn hộ Quận 2 tầm trung gần trường học
,,,,Query:evt_102217,,buy_for_living,Query,evt_102217,,,,căn hộ Quận 4 ổn định cho gia đình
,,,,Query:evt_100927,,buy_for_living,Query,evt_100927,,,,căn hộ Quận 7 giá rẻ cho gia đình
,,,,Query:evt_104026,,rent,Query,evt_104026,,,,"cần thuê nhà phố Quận 1 full nội thất, tầm trung"
,,,,Query:evt_103771,,investment,Query,evt_103771,,,,đất nền Quận Gò Vấp tầm trung dòng tiền tốt
,,,,Query:evt_101642,,buy_for_living,Query,evt_101642,,,,căn hộ Quận 9 khu nhà giàu cho gia đình
,,,,Query:evt_100628,,rent,Query,evt_100628,,,,tìm phòng nhà phố ở Quận Thủ Đức ổn định
,,,,Query:evt_100173,,investment,Query,evt_100173,,,,"mua căn hộ đầu tư ở Quận 4 pháp lý rõ ràng, vị trí đẹp"
,,,,Query:evt_100471,,investment,Query,evt_100471,,,,"mua căn hộ đầu tư ở Quận 9 pháp lý rõ ràng, giá mềm"
,,,,Query:evt_101670,,investment,Query,evt_101670,,,,"mua nhà phố đầu tư ở Phường An Phú pháp lý rõ ràng, bình dân"
,,,,Query:evt_101265,,buy_for_living,Query,evt_101265,,,,căn hộ Quận Bình Thạnh bình dân cho vợ chồng mới cưới
,,,,Query:evt_100384,,investment,Query,evt_100384,,,,căn hộ Quận 2 giá tốt dòng tiền tốt
,,,,Query:evt_101293,,investment,Query,evt_101293,,,,nhà phố Quận Bình Thạnh giá hợp lý dòng tiền tốt
,,,,Query:evt_103517,,buy_for_living,Query,evt_103517,,,,"cần mua căn hộ 2 phòng ngủ ở Quận 1 để ở, giá tốt"
,,,,Query:evt_101534,,buy_for_living,Query,evt_101534,,,,"nhà ở Quận 7 thoáng mát 3pn, sang trọng"
,,,,Query:evt_100195,,investment,Query,evt_100195,,,,"mua nhà phố đầu tư ở Quận Tân Bình pháp lý rõ ràng, bình dân"
,,,,Query:evt_102228,,buy_for_living,Query,evt_102228,,,,"nhà ở Quận 3 thoáng mát 1pn, giá hợp lý"
,,,,Query:evt_104073,,investment,Query,evt_104073,,,,tìm nhà phố Quận Bình Thạnh vị trí đẹp tiềm năng tăng giá
,,,,Query:evt_102952,,buy_for_living,Query,evt_102952,,,,tìm nhà phố Quận Thủ Đức giá hợp lý gần trường học
,,,,Query:evt_101971,,investment,Query,evt_101971,,,,tìm căn hộ Quận 2 giá rẻ tiềm năng tăng giá
,,,,Query:evt_100334,,buy_for_living,Query,evt_100334,,,,căn hộ Quận 1 tầm trung cho gia đình
,,,,Query:evt_100423,,buy_for_living,Query,evt_100423,,,,tìm căn hộ Quận Tân Bình giá hợp lý gần trường học
,,,,Query:evt_103459,,rent,Query,evt_103459,,,,thuê đất nền Quận 1 6 phòng ngủ vị trí đẹp
,,,,Query:evt_103014,,buy_for_living,Query,evt_103014,,,,đất nền Quận 7 giá mềm cho gia đình
,,,,Query:evt_104145,,investment,Query,evt_104145,,,,"mua nhà phố đầu tư ở Phường Long Bình pháp lý rõ ràng, giá vừa phải"
,,,,Query:evt_103513,,buy_for_living,Query,evt_103513,,,,"nhà ở Quận Tân Bình thoáng mát 2pn, giá hợp lý"
,,,,Query:evt_102782,,investment,Query,evt_102782,,,,nhà phố Quận 9 giá vừa phải dòng tiền tốt
,,,,Query:evt_101555,,buy_for_living,Query,evt_101555,,,,tìm căn hộ Phường Long Bình sang trọng gần trường học
,,,,Query:evt_101236,,investment,Query,evt_101236,,,,tìm căn hộ Quận 4 cao cấp tiềm năng tăng giá
,,,,Query:evt_103103,,investment,Query,evt_103103,,,,tìm nhà phố Quận 9 khu nhà giàu tiềm năng tăng giá
,,,,Query:evt_102311,,buy_for_living,Query,evt_102311,,,,"cần mua biệt thự 4 phòng ngủ ở Quận Bình Thạnh để ở, giá rẻ"
,,,,Query:evt_101897,,investment,Query,evt_101897,,,,nhà phố Quận 1 giá mềm cho thuê lại được
,,,,Query:evt_100336,,buy_for_living,Query,evt_100336,,,,"cần mua căn hộ 4 phòng ngủ ở Quận 9 để ở, tầm trung"
,,,,Query:evt_101738,,buy_for_living,Query,evt_101738,,,,"cần mua căn hộ 2 phòng ngủ ở Quận 2 để ở, giá mềm"
,,,,Query:evt_100891,,rent,Query,evt_100891,,,,tìm phòng nhà phố ở Quận 2 giá tốt
,,,,Query:evt_101855,,buy_for_living,Query,evt_101855,,,,căn hộ Phường Long Bình bình dân cho gia đình
,,,,Query:evt_103721,,buy_for_living,Query,evt_103721,,,,"nhà ở Quận 7 thoáng mát 3pn, giá hợp lý"
,,,,Query:evt_102360,,investment,Query,evt_102360,,,,tìm căn hộ Phường Hiệp Bình tầm trung tiềm năng tăng giá
,,,,Query:evt_103407,,investment,Query,evt_103407,,,,đất nền Quận Thủ Đức vị trí đẹp cho thuê lại được
,,,,Query:evt_102060,,rent,Query,evt_102060,,,,nhà phố Quận Bình Thạnh giá rẻ cho thuê gần metro
,,,,Query:evt_100456,,buy_for_living,Query,evt_100456,,,,nhà phố Quận 4 tầm trung cho gia đình
,,,,Query:evt_104179,,buy_for_living,Query,evt_104179,,,,tìm căn hộ Quận Tân Bình ổn định gần trường học
,,,,Query:evt_100597,,buy_for_living,Query,evt_100597,,,,"nhà ở Quận 9 thoáng mát 0pn, giá hợp lý"
,,,,Query:evt_103928,,buy_for_living,Query,evt_103928,,,,"nhà ở Quận 4 thoáng mát 2pn, giá mềm"
,,,,Query:evt_100474,,investment,Query,evt_100474,,,,căn hộ Quận Thủ Đức giá hợp lý dòng tiền tốt
,,,,Query:evt_100789,,investment,Query,evt_100789,,,,căn hộ Quận 1 cao cấp cho thuê lại được
,,,,Query:evt_100219,,buy_for_living,Query,evt_100219,,,,"nhà ở Quận 7 thoáng mát 3pn, giá mềm"
,,,,Query:evt_100779,,rent,Query,evt_100779,,,,tìm phòng biệt thự ở Phường Dĩ An giá tốt
,,,,Query:evt_102452,,buy_for_living,Query,evt_102452,,,,đất nền Phường Long Bình giá vừa phải cho gia đình
,,,,Query:evt_103153,,buy_for_living,Query,evt_103153,,,,"cần mua nhà phố 3 phòng ngủ ở Quận Thủ Đức để ở, giá hợp lý"
,,,,Query:evt_101341,,buy_for_living,Query,evt_101341,,,,nhà phố Quận 1 khu nhà giàu cho vợ chồng mới cưới
,,,,Query:evt_100393,,investment,Query,evt_100393,,,,tìm căn hộ Quận 2 ổn định tiềm năng tăng giá
,,,,Query:evt_102570,,investment,Query,evt_102570,,,,căn hộ Phường Dĩ An vị trí đẹp dòng tiền tốt
,,,,Query:evt_100071,,buy_for_living,Query,evt_100071,,,,"cần mua căn hộ 2 phòng ngủ ở Quận Tân Bình để ở, ổn định"
,,,,Query:evt_101142,,buy_for_living,Query,evt_101142,,,,tìm đất nền Quận 1 giá rẻ gần trường học
,,,,Query:evt_103760,,buy_for_living,Query,evt_103760,,,,tìm nhà phố Quận 9 giá mềm gần trường học
,,,,Query:evt_104115,,investment,Query,evt_104115,,,,nhà phố Quận 2 giá mềm dòng tiền tốt
,,,,Query:evt_101359,,buy_for_living,Query,evt_101359,,,,"cần mua đất nền 2 phòng ngủ ở Quận 3 để ở, tầm trung"
,,,,Query:evt_103063,,buy_for_living,Query,evt_103063,,,,"nhà ở Phường Hiệp Bình thoáng mát 1pn, bình dân"
,,,,Query:evt_103802,,investment,Query,evt_103802,,,,"mua căn hộ đầu tư ở Quận 7 pháp lý rõ ràng, vị trí đẹp"
,,,,Query:evt_103609,,buy_for_living,Query,evt_103609,,,,căn hộ Quận 9 ổn định cho vợ chồng mới cưới
,,,,Query:evt_103511,,buy_for_living,Query,evt_103511,,,,"cần mua căn hộ 4 phòng ngủ ở Quận Thủ Đức để ở, sang trọng"
,,,,Query:evt_100345,,investment,Query,evt_100345,,,,nhà phố Quận Gò Vấp giá hợp lý cho thuê lại được
,,,,Query:evt_103909,,buy_for_living,Query,evt_103909,,,,căn hộ Phường An Phú khu nhà giàu cho gia đình
,,,,Query:evt_100379,,rent,Query,evt_100379,,,,tìm phòng căn hộ ở Quận 7 giá rẻ
,,,,Query:evt_102141,,investment,Query,evt_102141,,,,đất nền Quận 1 rẻ một chút cho thuê lại được
,,,,Query:evt_102276,,buy_for_living,Query,evt_102276,,,,đất nền Quận Thủ Đức vị trí đẹp cho gia đình
,,,,Query:evt_103311,,investment,Query,evt_103311,,,,tìm biệt thự Quận Thủ Đức giá tốt tiềm năng tăng giá
,,,,Query:evt_102589,,buy_for_living,Query,evt_102589,,,,căn hộ Quận Thủ Đức giá rẻ cho gia đình
,,,,Query:evt_103903,,buy_for_living,Query,evt_103903,,,,tìm căn hộ Quận 9 tầm trung gần trường học
,,,,Query:evt_102211,,buy_for_living,Query,evt_102211,,,,căn hộ Phường Long Bình sang trọng cho vợ chồng mới cưới
,,,,Query:evt_103734,,rent,Query,evt_103734,,,,tìm phòng căn hộ ở Quận 9 khu nhà giàu
,,,,Query:evt_102242,,buy_for_living,Query,evt_102242,,,,tìm nhà phố Quận Gò Vấp tầm trung gần trường học
,,,,Query:evt_103057,,buy_for_living,Query,evt_103057,,,,căn hộ Phường Hiệp Bình vị trí đẹp cho vợ chồng mới cưới
,,,,Query:evt_100490,,buy_for_living,Query,evt_100490,,,,tìm căn hộ Quận 2 cao cấp gần trường học
,,,,Query:evt_101092,,buy_for_living,Query,evt_101092,,,,"nhà ở Quận 9 thoáng mát 2pn, bình dân"
,,,,Query:evt_102277,,buy_for_living,Query,evt_102277,,,,đất nền Phường Dĩ An ổn định cho vợ chồng mới cưới
,,,,Query:evt_103606,,buy_for_living,Query,evt_103606,,,,"nhà ở Quận 4 thoáng mát 2pn, ổn định"
,,,,Query:evt_102484,,buy_for_living,Query,evt_102484,,,,"nhà ở Quận 4 thoáng mát 6pn, vị trí đẹp"
,,,,Query:evt_102917,,buy_for_living,Query,evt_102917,,,,căn hộ Quận 2 ổn định cho gia đình
,,,,Query:evt_101422,,buy_for_living,Query,evt_101422,,,,"cần mua căn hộ 4 phòng ngủ ở Quận 3 để ở, bình dân"
,,,,Query:evt_103530,,buy_for_living,Query,evt_103530,,,,tìm căn hộ Quận Thủ Đức rẻ một chút gần trường học
,,,,Query:evt_101798,,investment,Query,evt_101798,,,,tìm căn hộ Quận 3 giá mềm tiềm năng tăng giá
,,,,Query:evt_104411,,investment,Query,evt_104411,,,,"mua căn hộ đầu tư ở Quận 3 pháp lý rõ ràng, giá hợp lý"
,,,,Query:evt_101998,,buy_for_living,Query,evt_101998,,,,căn hộ Quận Bình Thạnh bình dân cho gia đình
,,,,Query:evt_100354,,investment,Query,evt_100354,,,,"mua nhà phố đầu tư ở Quận 1 pháp lý rõ ràng, giá rẻ"
,,,,Query:evt_104173,,buy_for_living,Query,evt_104173,,,,tìm căn hộ Quận 3 ổn định gần trường học
,,,,Query:evt_101242,,investment,Query,evt_101242,,,,"mua căn hộ đầu tư ở Quận 1 pháp lý rõ ràng, giá tốt"
,,,,Query:evt_100162,,investment,Query,evt_100162,,,,tìm biệt thự Phường Hiệp Bình giá hợp lý tiềm năng tăng giá
,,,,Query:evt_103306,,investment,Query,evt_103306,,,,"mua căn hộ đầu tư ở Quận 7 pháp lý rõ ràng, tầm trung"
,,,,Query:evt_101562,,buy_for_living,Query,evt_101562,,,,"cần mua biệt thự 2 phòng ngủ ở Quận 9 để ở, giá hợp lý"
,,,,Query:evt_100133,,buy_for_living,Query,evt_100133,,,,"cần mua nhà phố 1 phòng ngủ ở Quận 7 để ở, giá rẻ"
,,,,Query:evt_100399,,buy_for_living,Query,evt_100399,,,,căn hộ Quận Tân Bình giá mềm cho gia đình
,,,,Query:evt_101745,,buy_for_living,Query,evt_101745,,,,tìm nhà phố Quận Tân Bình tầm trung gần trường học
,,,,Query:evt_100567,,buy_for_living,Query,evt_100567,,,,căn hộ Phường Hiệp Bình ổn định cho gia đình
,,,,Query:evt_103181,,investment,Query,evt_103181,,,,đất nền Quận Tân Bình sang trọng dòng tiền tốt
,,,,Query:evt_104116,,investment,Query,evt_104116,,,,nhà phố Quận 9 giá vừa phải cho thuê lại được
,,,,Query:evt_101138,,buy_for_living,Query,evt_101138,,,,căn hộ Phường Dĩ An cao cấp cho gia đình
,,,,Query:evt_103805,,investment,Query,evt_103805,,,,tìm căn hộ Quận 3 sang trọng tiềm năng tăng giá
,,,,Query:evt_104385,,buy_for_living,Query,evt_104385,,,,căn hộ Quận 1 vị trí đẹp cho gia đình
,,,,Query:evt_101457,,investment,Query,evt_101457,,,,"mua căn hộ đầu tư ở Quận 3 pháp lý rõ ràng, rẻ một chút"
,,,,Query:evt_102700,,buy_for_living,Query,evt_102700,,,,"nhà ở Quận Gò Vấp thoáng mát 4pn, sang trọng"
,,,,Query:evt_101050,,rent,Query,evt_101050,,,,tìm phòng căn hộ ở Quận 1 giá tốt
,,,,Query:evt_101935,,buy_for_living,Query,evt_101935,,,,"cần mua nhà phố 3 phòng ngủ ở Quận 1 để ở, giá vừa phải"
,,,,Query:evt_100458,,buy_for_living,Query,evt_100458,,,,tìm biệt thự Quận 4 vị trí đẹp gần trường học
,,,,Query:evt_101377,,buy_for_living,Query,evt_101377,,,,đất nền Quận 1 vị trí đẹp cho gia đình
,,,,Query:evt_102208,,buy_for_living,Query,evt_102208,,,,"nhà ở Phường Dĩ An thoáng mát 2pn, giá mềm"
,,,,Query:evt_102502,,buy_for_living,Query,evt_102502,,,,"cần mua nhà phố 5 phòng ngủ ở Quận 2 để ở, cao cấp"
,,,,Query:evt_100573,,buy_for_living,Query,evt_100573,,,,nhà phố Quận Tân Bình giá vừa phải cho vợ chồng mới cưới
,,,,Query:evt_100768,,rent,Query,evt_100768,,,,tìm phòng nhà phố ở Quận 9 sang trọng
,,,,Query:evt_101866,,buy_for_living,Query,evt_101866,,,,"cần mua nhà phố 6 phòng ngủ ở Quận 3 để ở, vị trí đẹp"
,,,,Query:evt_100196,,investment,Query,evt_100196,,,,căn hộ Quận Thủ Đức giá rẻ dòng tiền tốt
,,,,Query:evt_103412,,rent,Query,evt_103412,,,,"cần thuê nhà phố Quận 1 full nội thất, giá hợp lý"
,,,,Query:evt_101666,,investment,Query,evt_101666,,,,nhà phố Quận 4 rẻ một chút cho thuê lại được
,,,,Query:evt_101091,,buy_for_living,Query,evt_101091,,,,nhà phố Quận 9 giá rẻ cho vợ chồng mới cưới
,,,,Query:evt_100307,,buy_for_living,Query,evt_100307,,,,căn hộ Quận 2 giá tốt cho vợ chồng mới cưới
,,,,Query:evt_104288,,investment,Query,evt_104288,,,,nhà phố Quận 1 giá rẻ cho thuê lại được
,,,,Query:evt_102703,,buy_for_living,Query,evt_102703,,,,căn hộ Quận 4 giá hợp lý cho gia đình
,,,,Query:evt_104084,,buy_for_living,Query,evt_104084,,,,"cần mua căn hộ 5 phòng ngủ ở Quận 9 để ở, giá vừa phải"
,,,,Query:evt_102743,,investment,Query,evt_102743,,,,tìm căn hộ Quận 1 sang trọng tiềm năng tăng giá
,,,,Query:evt_100402,,buy_for_living,Query,evt_100402,,,,"cần mua căn hộ 6 phòng ngủ ở Quận 7 để ở, cao cấp"
,,,,Query:evt_101014,,investment,Query,evt_101014,,,,tìm nhà phố Quận 2 vị trí đẹp tiềm năng tăng giá
,,,,Query:evt_102923,,buy_for_living,Query,evt_102923,,,,"nhà ở Quận 7 thoáng mát 2pn, cao cấp"
,,,,Query:evt_104248,,investment,Query,evt_104248,,,,tìm căn hộ Quận Gò Vấp bình dân tiềm năng tăng giá
,,,,Query:evt_100032,,rent,Query,evt_100032,,,,căn hộ Quận Gò Vấp giá mềm cho thuê gần metro
,,,,Query:evt_101453,,investment,Query,evt_101453,,,,căn hộ Quận Thủ Đức tầm trung dòng tiền tốt
,,,,Query:evt_102873,,buy_for_living,Query,evt_102873,,,,nhà phố Quận 1 bình dân cho gia đình
,,,,Query:evt_101394,,rent,Query,evt_101394,,,,"cần thuê căn hộ Quận Thủ Đức full nội thất, bình dân"
,,,,Query:evt_103651,,investment,Query,evt_103651,,,,"mua biệt thự đầu tư ở Quận 2 pháp lý rõ ràng, cao cấp"
,,,,Query:evt_101970,,investment,Query,evt_101970,,,,tìm đất nền Quận Thủ Đức giá hợp lý tiềm năng tăng giá
,,,,Query:evt_102637,,rent,Query,evt_102637,,,,"cần thuê nhà phố Quận Bình Thạnh full nội thất, giá tốt"
,,,,Query:evt_104451,,buy_for_living,Query,evt_104451,,,,"nhà ở Phường Dĩ An thoáng mát 4pn, ổn định"
,,,,Query:evt_100868,,buy_for_living,Query,evt_100868,,,,"nhà ở Quận 7 thoáng mát 5pn, cao cấp"
,,,,Query:evt_100928,,buy_for_living,Query,evt_100928,,,,căn hộ Phường Long Bình ổn định cho gia đình
,,,,Query:evt_101503,,buy_for_living,Query,evt_101503,,,,căn hộ Quận Thủ Đức giá rẻ cho gia đình
,,,,Query:evt_104420,,investment,Query,evt_104420,,,,"mua căn hộ đầu tư ở Quận Thủ Đức pháp lý rõ ràng, tầm trung"
,,,,Query:evt_101899,,investment,Query,evt_101899,,,,tìm căn hộ Quận 4 khu nhà giàu tiềm năng tăng giá
,,,,Query:evt_101756,,buy_for_living,Query,evt_101756,,,,tìm căn hộ Quận 4 khu nhà giàu gần trường học
,,,,Query:evt_103715,,investment,Query,evt_103715,,,,tìm căn hộ Phường Dĩ An tầm trung tiềm năng tăng giá
,,,,Query:evt_103366,,investment,Query,evt_103366,,,,"mua căn hộ đầu tư ở Quận 3 pháp lý rõ ràng, giá hợp lý"
,,,,Query:evt_102695,,investment,Query,evt_102695,,,,nhà phố Quận 4 giá vừa phải dòng tiền tốt
,,,,Query:evt_101207,,rent,Query,evt_101207,,,,nhà phố Quận 4 giá mềm cho thuê gần metro
,,,,Query:evt_103070,,buy_for_living,Query,evt_103070,,,,căn hộ Quận Gò Vấp rẻ một chút cho vợ chồng mới cưới
,,,,Query:evt_102435,,investment,Query,evt_102435,,,,"mua căn hộ đầu tư ở Quận 4 pháp lý rõ ràng, cao cấp"
,,,,Query:evt_103019,,buy_for_living,Query,evt_103019,,,,tìm căn hộ Phường Dĩ An sang trọng gần trường học
,,,,Query:evt_102353,,buy_for_living,Query,evt_102353,,,,"nhà ở Quận 3 thoáng mát 4pn, cao cấp"
,,,,Query:evt_103953,,buy_for_living,Query,evt_103953,,,,căn hộ Quận Bình Thạnh tầm trung cho vợ chồng mới cưới
,,,,Query:evt_103562,,investment,Query,evt_103562,,,,nhà phố Quận 3 tầm trung cho thuê lại được
,,,,Query:evt_100984,,investment,Query,evt_100984,,,,tìm nhà phố Quận 9 giá hợp lý tiềm năng tăng giá
,,,,Query:evt_102399,,buy_for_living,Query,evt_102399,,,,"nhà ở Quận 1 thoáng mát 2pn, tầm trung"
,,,,Query:evt_101594,,buy_for_living,Query,evt_101594,,,,"nhà ở Quận Thủ Đức thoáng mát 6pn, sang trọng"
,,,,Query:evt_103858,,investment,Query,evt_103858,,,,tìm đất nền Phường Hiệp Bình giá hợp lý tiềm năng tăng giá
,,,,Query:evt_100665,,investment,Query,evt_100665,,,,nhà phố Quận 7 tầm trung cho thuê lại được
,,,,Query:evt_101675,,investment,Query,evt_101675,,,,căn hộ Quận 1 cao cấp cho thuê lại được
,,,,Query:evt_100008,,buy_for_living,Query,evt_100008,,,,tìm căn hộ Quận 3 vị trí đẹp gần trường học
,,,,Query:evt_104450,,buy_for_living,Query,evt_104450,,,,tìm căn hộ Quận Bình Thạnh bình dân gần trường học
,,,,Query:evt_101751,,buy_for_living,Query,evt_101751,,,,tìm đất nền Quận 3 giá hợp lý gần trường học
,,,,Query:evt_103342,,buy_for_living,Query,evt_103342,,,,tìm căn hộ Phường Hiệp Bình giá vừa phải gần trường học
,,,,Query:evt_104024,,rent,Query,evt_104024,,,,thuê đất nền Quận Tân Bình 1 phòng ngủ giá rẻ
,,,,Query:evt_101713,,investment,Query,evt_101713,,,,tìm căn hộ Quận Thủ Đức giá vừa phải tiềm năng tăng giá
,,,,Query:evt_101280,,investment,Query,evt_101280,,,,căn hộ Quận Bình Thạnh giá tốt cho thuê lại được
,,,,Query:evt_103553,,buy_for_living,Query,evt_103553,,,,nhà phố Quận Thủ Đức vị trí đẹp cho vợ chồng mới cưới
,,,,Query:evt_101490,,buy_for_living,Query,evt_101490,,,,"nhà ở Quận Bình Thạnh thoáng mát 5pn, tầm trung"
,,,,Query:evt_100679,,buy_for_living,Query,evt_100679,,,,"nhà ở Quận 7 thoáng mát 2pn, giá hợp lý"
,,,,Query:evt_102928,,buy_for_living,Query,evt_102928,,,,"nhà ở Quận 9 thoáng mát 3pn, giá hợp lý"
,,,,Query:evt_100902,,buy_for_living,Query,evt_100902,,,,căn hộ Quận 3 giá hợp lý cho vợ chồng mới cưới
,,,,Query:evt_103048,,buy_for_living,Query,evt_103048,,,,căn hộ Quận 3 giá tốt cho vợ chồng mới cưới
,,,,Query:evt_104326,,rent,Query,evt_104326,,,,thuê căn hộ Quận 9 4 phòng ngủ vị trí đẹp
,,,,Query:evt_104322,,rent,Query,evt_104322,,,,nhà phố Quận 2 giá rẻ cho thuê gần metro
,,,,Query:evt_102459,,rent,Query,evt_102459,,,,căn hộ Quận 7 vị trí đẹp cho thuê gần metro
,,,,Query:evt_102577,,buy_for_living,Query,evt_102577,,,,tìm căn hộ Quận 7 rẻ một chút gần trường học
,,,,Query:evt_104222,,investment,Query,evt_104222,,,,căn hộ Quận 9 giá vừa phải dòng tiền tốt
,,,,Query:evt_102814,,investment,Query,evt_102814,,,,nhà phố Quận 3 rẻ một chút cho thuê lại được
,,,,Query:evt_100129,,buy_for_living,Query,evt_100129,,,,căn hộ Quận 1 vị trí đẹp cho gia đình
,,,,Query:evt_100056,,buy_for_living,Query,evt_100056,,,,"cần mua căn hộ 3 phòng ngủ ở Quận 9 để ở, ổn định"
,,,,Query:evt_100969,,investment,Query,evt_100969,,,,"mua nhà phố đầu tư ở Quận 1 pháp lý rõ ràng, ổn định"
,,,,Query:evt_103519,,buy_for_living,Query,evt_103519,,,,"cần mua nhà phố 3 phòng ngủ ở Quận Thủ Đức để ở, giá hợp lý"
,,,,Query:evt_102599,,buy_for_living,Query,evt_102599,,,,"nhà ở Quận 2 thoáng mát 2pn, giá vừa phải"
,,,,Query:evt_101931,,buy_for_living,Query,evt_101931,,,,nhà phố Quận 7 giá mềm cho vợ chồng mới cưới
,,,,Query:evt_102053,,buy_for_living,Query,evt_102053,,,,căn hộ Quận 2 giá vừa phải cho gia đình
,,,,Query:evt_104056,,buy_for_living,Query,evt_104056,,,,tìm nhà phố Quận Thủ Đức giá tốt gần trường học
,,,,Query:evt_100342,,investment,Query,evt_100342,,,,tìm nhà phố Quận 7 bình dân tiềm năng tăng giá
,,,,Query:evt_101749,,buy_for_living,Query,evt_101749,,,,"nhà ở Quận 9 thoáng mát 3pn, giá hợp lý"
,,,,Query:evt_103971,,buy_for_living,Query,evt_103971,,,,nhà phố Quận 7 cao cấp cho vợ chồng mới cưới
,,,,Query:evt_100853,,investment,Query,evt_100853,,,,căn hộ Phường An Phú ổn định cho thuê lại được
,,,,Query:evt_103158,,buy_for_living,Query,evt_103158,,,,"nhà ở Quận Bình Thạnh thoáng mát 5pn, khu nhà giàu"
,,,,Query:evt_104283,,investment,Query,evt_104283,,,,nhà phố Quận 1 vị trí đẹp dòng tiền tốt
,,,,Query:evt_101215,,buy_for_living,Query,evt_101215,,,,căn hộ Quận 9 bình dân cho vợ chồng mới cưới
,,,,Query:evt_102002,,investment,Query,evt_102002,,,,căn hộ Quận Bình Thạnh sang trọng cho thuê lại được
,,,,Query:evt_103539,,buy_for_living,Query,evt_103539,,,,tìm nhà phố Quận Thủ Đức giá hợp lý gần trường học
,,,,Query:evt_100457,,buy_for_living,Query,evt_100457,,,,nhà phố Quận 7 cao cấp cho gia đình
,,,,Query:evt_103882,,buy_for_living,Query,evt_103882,,,,"cần mua nhà phố 3 phòng ngủ ở Quận Tân Bình để ở, giá rẻ"
,,,,Query:evt_103746,,rent,Query,evt_103746,,,,thuê nhà phố Phường Dĩ An 6 phòng ngủ khu nhà giàu
,,,,Query:evt_103095,,investment,Query,evt_103095,,,,tìm căn hộ Phường An Phú giá vừa phải tiềm năng tăng giá
,,,,Query:evt_103991,,buy_for_living,Query,evt_103991,,,,nhà phố Phường Long Bình giá rẻ cho vợ chồng mới cưới
,,,,Query:evt_103935,,rent,Query,evt_103935,,,,"cần thuê căn hộ Phường Long Bình full nội thất, rẻ một chút"
,,,,Query:evt_102149,,buy_for_living,Query,evt_102149,,,,"cần mua căn hộ 1 phòng ngủ ở Quận Bình Thạnh để ở, rẻ một chút"
,,,,Query:evt_104323,,rent,Query,evt_104323,,,,căn hộ Quận 4 giá rẻ cho thuê gần metro
,,,,Query:evt_103791,,investment,Query,evt_103791,,,,nhà phố Quận 9 rẻ một chút cho thuê lại được
,,,,Query:evt_103025,,buy_for_living,Query,evt_103025,,,,tìm nhà phố Quận Thủ Đức ổn định gần trường học
,,,,Query:evt_104069,,investment,Query,evt_104069,,,,tìm căn hộ Phường Long Bình khu nhà giàu tiềm năng tăng giá
,,,,Query:evt_102612,,buy_for_living,Query,evt_102612,,,,tìm nhà phố Quận 7 rẻ một chút gần trường học
,,,,Query:evt_101599,,buy_for_living,Query,evt_101599,,,,nhà phố Quận 1 khu nhà giàu cho vợ chồng mới cưới
,,,,Query:evt_103001,,buy_for_living,Query,evt_103001,,,,"nhà ở Quận Thủ Đức thoáng mát 6pn, cao cấp"
,,,,Query:evt_100049,,rent,Query,evt_100049,,,,tìm phòng căn hộ ở Quận 2 sang trọng
,,,,Query:evt_101999,,investment,Query,evt_101999,,,,"mua căn hộ đầu tư ở Quận 1 pháp lý rõ ràng, giá rẻ"
,,,,Query:evt_102001,,investment,Query,evt_102001,,,,căn hộ Quận 3 giá mềm cho thuê lại được
,,,,Query:evt_103495,,buy_for_living,Query,evt_103495,,,,nhà phố Quận Bình Thạnh khu nhà giàu cho vợ chồng mới cưới
,,,,Query:evt_100949,,investment,Query,evt_100949,,,,"mua căn hộ đầu tư ở Quận 1 pháp lý rõ ràng, ổn định"
,,,,Query:evt_101799,,investment,Query,evt_101799,,,,nhà phố Quận Bình Thạnh rẻ một chút dòng tiền tốt
,,,,Query:evt_102766,,buy_for_living,Query,evt_102766,,,,"cần mua nhà phố 2 phòng ngủ ở Quận 9 để ở, giá tốt"
,,,,Query:evt_104207,,investment,Query,evt_104207,,,,tìm đất nền Quận Bình Thạnh giá hợp lý tiềm năng tăng giá
,,,,Query:evt_103852,,investment,Query,evt_103852,,,,tìm nhà phố Quận 1 tầm trung tiềm năng tăng giá
,,,,Query:evt_100499,,buy_for_living,Query,evt_100499,,,,"cần mua căn hộ 4 phòng ngủ ở Quận 9 để ở, sang trọng"
,,,,Query:evt_100172,,investment,Query,evt_100172,,,,căn hộ Quận 4 vị trí đẹp cho thuê lại được
,,,,Query:evt_102447,,buy_for_living,Query,evt_102447,,,,tìm đất nền Quận 1 vị trí đẹp gần trường học
,,,,Query:evt_103896,,buy_for_living,Query,evt_103896,,,,tìm căn hộ Quận 7 tầm trung gần trường học
,,,,Query:evt_103411,,rent,Query,evt_103411,,,,nhà phố Quận 4 tầm trung cho thuê gần metro
,,,,Query:evt_100841,,investment,Query,evt_100841,,,,nhà phố Quận 4 bình dân dòng tiền tốt
,,,,Query:evt_102799,,buy_for_living,Query,evt_102799,,,,"cần mua căn hộ 3 phòng ngủ ở Quận 9 để ở, vị trí đẹp"
,,,,Query:evt_103401,,investment,Query,evt_103401,,,,"mua căn hộ đầu tư ở Quận Thủ Đức pháp lý rõ ràng, cao cấp"
,,,,Query:evt_100544,,buy_for_living,Query,evt_100544,,,,căn hộ Quận 7 ổn định cho gia đình
,,,,Query:evt_103482,,buy_for_living,Query,evt_103482,,,,"cần mua đất nền 6 phòng ngủ ở Quận Bình Thạnh để ở, vị trí đẹp"
,,,,Query:evt_104034,,rent,Query,evt_104034,,,,thuê căn hộ Quận Tân Bình 3 phòng ngủ tầm trung
,,,,Query:evt_100650,,investment,Query,evt_100650,,,,tìm đất nền Quận 3 ổn định tiềm năng tăng giá
,,,,Query:evt_100358,,investment,Query,evt_100358,,,,"mua căn hộ đầu tư ở Quận Thủ Đức pháp lý rõ ràng, vị trí đẹp"
,,,,Query:evt_103777,,investment,Query,evt_103777,,,,biệt thự Quận 7 ổn định dòng tiền tốt
,,,,Query:evt_100258,,rent,Query,evt_100258,,,,"cần thuê căn hộ Quận 2 full nội thất, sang trọng"
,,,,Query:evt_104143,,investment,Query,evt_104143,,,,nhà phố Quận Bình Thạnh bình dân cho thuê lại được
,,,,Query:evt_103861,,investment,Query,evt_103861,,,,căn hộ Quận Bình Thạnh sang trọng cho thuê lại được
,,,,Query:evt_102653,,buy_for_living,Query,evt_102653,,,,"cần mua đất nền 1 phòng ngủ ở Quận 3 để ở, giá hợp lý"
,,,,Query:evt_102893,,buy_for_living,Query,evt_102893,,,,căn hộ Quận Gò Vấp tầm trung cho vợ chồng mới cưới
,,,,Query:evt_100188,,investment,Query,evt_100188,,,,nhà phố Quận 1 giá mềm dòng tiền tốt
,,,,Query:evt_100001,,buy_for_living,Query,evt_100001,,,,nhà phố Quận Thủ Đức giá mềm cho gia đình
,,,,Query:evt_101875,,buy_for_living,Query,evt_101875,,,,tìm căn hộ Quận 9 sang trọng gần trường học
,,,,Query:evt_100540,,buy_for_living,Query,evt_100540,,,,"cần mua căn hộ 3 phòng ngủ ở Quận Thủ Đức để ở, giá rẻ"
,,,,Query:evt_101576,,rent,Query,evt_101576,,,,"cần thuê căn hộ Quận 7 full nội thất, tầm trung"
,,,,Query:evt_101150,,rent,Query,evt_101150,,,,"cần thuê biệt thự Quận Bình Thạnh full nội thất, bình dân"
,,,,Query:evt_100774,,rent,Query,evt_100774,,,,tìm phòng nhà phố ở Quận 9 cao cấp
,,,,Query:evt_100168,,investment,Query,evt_100168,,,,tìm căn hộ Quận Thủ Đức giá rẻ tiềm năng tăng giá
,,,,Query:evt_103531,,buy_for_living,Query,evt_103531,,,,"nhà ở Quận 2 thoáng mát 4pn, khu nhà giàu"
,,,,Query:evt_103622,,buy_for_living,Query,evt_103622,,,,nhà phố Quận Tân Bình bình dân cho vợ chồng mới cưới
,,,,Query:evt_100897,,buy_for_living,Query,evt_100897,,,,tìm căn hộ Quận 7 giá tốt gần trường học
,,,,Query:evt_104459,,buy_for_living,Query,evt_104459,,,,căn hộ Quận Bình Thạnh giá tốt cho vợ chồng mới cưới
,,,,Query:evt_103088,,rent,Query,evt_103088,,,,tìm phòng nhà phố ở Quận Thủ Đức giá hợp lý
,,,,Query:evt_102826,,buy_for_living,Query,evt_102826,,,,căn hộ Quận Tân Bình rẻ một chút cho vợ chồng mới cưới
,,,,Query:evt_102011,,investment,Query,evt_102011,,,,căn hộ Phường An Phú sang trọng cho thuê lại được
,,,,Query:evt_100438,,buy_for_living,Query,evt_100438,,,,nhà phố Phường An Phú ổn định cho vợ chồng mới cưới
,,,,Query:evt_100143,,buy_for_living,Query,evt_100143,,,,căn hộ Quận Bình Thạnh khu nhà giàu cho gia đình
,,,,Query:evt_100408,,buy_for_living,Query,evt_100408,,,,tìm biệt thự Quận Tân Bình rẻ một chút gần trường học
,,,,Query:evt_100637,,investment,Query,evt_100637,,,,"mua nhà phố đầu tư ở Quận 4 pháp lý rõ ràng, vị trí đẹp"
,,,,Query:evt_102201,,investment,Query,evt_102201,,,,"mua căn hộ đầu tư ở Phường Dĩ An pháp lý rõ ràng, khu nhà giàu"
,,,,Query:evt_100804,,investment,Query,evt_100804,,,,nhà phố Quận 2 sang trọng cho thuê lại được
,,,,Query:evt_100500,,buy_for_living,Query,evt_100500,,,,nhà phố Quận 7 cao cấp cho vợ chồng mới cưới
,,,,Query:evt_100739,,investment,Query,evt_100739,,,,nhà phố Quận 1 bình dân dòng tiền tốt
,,,,Query:evt_100355,,investment,Query,evt_100355,,,,nhà phố Quận 9 vị trí đẹp cho thuê lại được
,,,,Query:evt_100843,,investment,Query,evt_100843,,,,nhà phố Quận 2 giá rẻ dòng tiền tốt
,,,,Query:evt_102568,,investment,Query,evt_102568,,,,tìm nhà phố Quận 4 tầm trung tiềm năng tăng giá
,,,,Query:evt_100366,,investment,Query,evt_100366,,,,"mua căn hộ đầu tư ở Phường Long Bình pháp lý rõ ràng, giá rẻ"
,,,,Query:evt_103668,,buy_for_living,Query,evt_103668,,,,"nhà ở Quận 1 thoáng mát 6pn, cao cấp"
,,,,Query:evt_102176,,buy_for_living,Query,evt_102176,,,,tìm nhà phố Quận Gò Vấp giá vừa phải gần trường học
,,,,Query:evt_101082,,buy_for_living,Query,evt_101082,,,,biệt thự Quận Bình Thạnh sang trọng cho gia đình
,,,,Query:evt_104430,,investment,Query,evt_104430,,,,biệt thự Quận 1 giá vừa phải dòng tiền tốt
,,,,Query:evt_103255,,investment,Query,evt_103255,,,,"mua căn hộ đầu tư ở Quận 7 pháp lý rõ ràng, cao cấp"
,,,,Query:evt_101060,,investment,Query,evt_101060,,,,"mua biệt thự đầu tư ở Phường Long Bình pháp lý rõ ràng, tầm trung"
,,,,Query:evt_101577,,rent,Query,evt_101577,,,,tìm phòng căn hộ ở Quận 2 rẻ một chút
,,,,Query:evt_102084,,buy_for_living,Query,evt_102084,,,,tìm căn hộ Quận 1 sang trọng gần trường học
,,,,Query:evt_103965,,buy_for_living,Query,evt_103965,,,,"cần mua biệt thự 2 phòng ngủ ở Quận 2 để ở, giá hợp lý"
,,,,Query:evt_103410,,investment,Query,evt_103410,,,,đất nền Quận 7 giá tốt cho thuê lại được
,,,,Query:evt_104021,,rent,Query,evt_104021,,,,căn hộ Quận Bình Thạnh cao cấp cho thuê gần metro
,,,,Query:evt_102329,,rent,Query,evt_102329,,,,"cần thuê căn hộ Phường Dĩ An full nội thất, giá hợp lý"
,,,,Query:evt_102119,,investment,Query,evt_102119,,,,căn hộ Quận 9 bình dân dòng tiền tốt
,,,,Query:evt_102671,,rent,Query,evt_102671,,,,"cần thuê căn hộ Quận 4 full nội thất, giá vừa phải"
,,,,Query:evt_101852,,buy_for_living,Query,evt_101852,,,,"cần mua căn hộ 2 phòng ngủ ở Quận Thủ Đức để ở, giá mềm"
,,,,Query:evt_102611,,buy_for_living,Query,evt_102611,,,,tìm căn hộ Quận 1 giá tốt gần trường học
,,,,Query:evt_103985,,buy_for_living,Query,evt_103985,,,,căn hộ Quận Tân Bình cao cấp cho gia đình
,,,,Query:evt_101668,,investment,Query,evt_101668,,,,"mua căn hộ đầu tư ở Quận 2 pháp lý rõ ràng, giá vừa phải"
,,,,Query:evt_103279,,investment,Query,evt_103279,,,,căn hộ Quận Thủ Đức giá rẻ dòng tiền tốt
,,,,Query:evt_100513,,buy_for_living,Query,evt_100513,,,,"cần mua nhà phố 3 phòng ngủ ở Quận 1 để ở, ổn định"
,,,,Query:evt_102756,,investment,Query,evt_102756,,,,tìm căn hộ Quận Gò Vấp bình dân tiềm năng tăng giá
,,,,Query:evt_102032,,investment,Query,evt_102032,,,,"mua căn hộ đầu tư ở Quận Thủ Đức pháp lý rõ ràng, bình dân"
,,,,Query:evt_103655,,investment,Query,evt_103655,,,,nhà phố Phường Long Bình giá hợp lý cho thuê lại được
,,,,Query:evt_101117,,investment,Query,evt_101117,,,,"mua đất nền đầu tư ở Quận 3 pháp lý rõ ràng, giá mềm"
,,,,Query:evt_103853,,investment,Query,evt_103853,,,,căn hộ Quận 2 cao cấp dòng tiền tốt
,,,,Query:evt_101551,,buy_for_living,Query,evt_101551,,,,nhà phố Quận 3 vị trí đẹp cho vợ chồng mới cưới
,,,,Query:evt_103994,,buy_for_living,Query,evt_103994,,,,"cần mua nhà phố 1 phòng ngủ ở Quận Thủ Đức để ở, bình dân"
,,,,Query:evt_101255,,buy_for_living,Query,evt_101255,,,,"nhà ở Quận 3 thoáng mát 5pn, sang trọng"
,,,,Query:evt_102940,,buy_for_living,Query,evt_102940,,,,"cần mua căn hộ 3 phòng ngủ ở Quận Bình Thạnh để ở, tầm trung"
,,,,Query:evt_104103,,rent,Query,evt_104103,,,,"cần thuê nhà phố Phường An Phú full nội thất, bình dân"
,,,,Query:evt_101132,,buy_for_living,Query,evt_101132,,,,nhà phố Quận Bình Thạnh khu nhà giàu cho vợ chồng mới cưới
,,,,Query:evt_100202,,investment,Query,evt_100202,,,,"mua căn hộ đầu tư ở Quận 3 pháp lý rõ ràng, bình dân"
,,,,Query:evt_101869,,buy_for_living,Query,evt_101869,,,,"cần mua căn hộ 2 phòng ngủ ở Quận 7 để ở, giá rẻ"
,,,,Query:evt_103490,,buy_for_living,Query,evt_103490,,,,tìm căn hộ Quận Gò Vấp bình dân gần trường học
,,,,Query:evt_102363,,investment,Query,evt_102363,,,,tìm căn hộ Quận Thủ Đức rẻ một chút tiềm năng tăng giá
,,,,Query:evt_102012,,investment,Query,evt_102012,,,,tìm căn hộ Quận Tân Bình rẻ một chút tiềm năng tăng giá
,,,,Query:evt_101462,,rent,Query,evt_101462,,,,căn hộ Quận 3 tầm trung cho thuê gần metro
,,,,Query:evt_100029,,buy_for_living,Query,evt_100029,,,,"nhà ở Quận Thủ Đức thoáng mát 3pn, rẻ một chút"
,,,,Query:evt_103168,,buy_for_living,Query,evt_103168,,,,"nhà ở Quận 4 thoáng mát 2pn, giá tốt"
,,,,Query:evt_104267,,buy_for_living,Query,evt_104267,,,,"cần mua căn hộ 5 phòng ngủ ở Phường Dĩ An để ở, sang trọng"
,,,,Query:evt_102366,,investment,Query,evt_102366,,,,căn hộ Quận Bình Thạnh giá vừa phải dòng tiền tốt
,,,,Query:evt_102615,,buy_for_living,Query,evt_102615,,,,tìm căn hộ Quận 7 vị trí đẹp gần trường học
,,,,Query:evt_101701,,buy_for_living,Query,evt_101701,,,,căn hộ Quận 4 bình dân cho gia đình
,,,,Query:evt_100676,,buy_for_living,Query,evt_100676,,,,"cần mua căn hộ 4 phòng ngủ ở Quận 1 để ở, cao cấp"
,,,,Query:evt_101077,,buy_for_living,Query,evt_101077,,,,nhà phố Quận Bình Thạnh giá vừa phải cho vợ chồng mới cưới
,,,,Query:evt_102318,,rent,Query,evt_102318,,,,"cần thuê căn hộ Quận 2 full nội thất, tầm trung"
,,,,Query:evt_100079,,buy_for_living,Query,evt_100079,,,,"nhà ở Quận Thủ Đức thoáng mát 6pn, vị trí đẹp"
,,,,Query:evt_104473,,investment,Query,evt_104473,,,,căn hộ Quận 4 cao cấp cho thuê lại được
,,,,Query:evt_102919,,buy_for_living,Query,evt_102919,,,,đất nền Quận 7 giá rẻ cho gia đình
,,,,Query:evt_101222,,buy_for_living,Query,evt_101222,,,,căn hộ Quận Thủ Đức giá tốt cho gia đình
,,,,Query:evt_103176,,buy_for_living,Query,evt_103176,,,,tìm căn hộ Quận 9 rẻ một chút gần trường học
,,,,Query:evt_102878,,buy_for_living,Query,evt_102878,,,,"nhà ở Quận 2 thoáng mát 2pn, giá rẻ"
,,,,Query:evt_102421,,buy_for_living,Query,evt_102421,,,,căn hộ Quận Tân Bình ổn định cho gia đình
,,,,Query:evt_101782,,buy_for_living,Query,evt_101782,,,,nhà phố Quận 2 sang trọng cho vợ chồng mới cưới
,,,,Query:evt_102559,,investment,Query,evt_102559,,,,nhà phố Quận 3 giá hợp lý cho thuê lại được
,,,,Query:evt_100813,,buy_for_living,Query,evt_100813,,,,căn hộ Quận Bình Thạnh ổn định cho gia đình
,,,,Query:evt_104259,,investment,Query,evt_104259,,,,nhà phố Quận 9 giá vừa phải dòng tiền tốt
,,,,Query:evt_102848,,buy_for_living,Query,evt_102848,,,,"nhà ở Quận 4 thoáng mát 6pn, cao cấp"
,,,,Query:evt_101458,,investment,Query,evt_101458,,,,căn hộ Quận Bình Thạnh giá hợp lý cho thuê lại được
,,,,Query:evt_100961,,investment,Query,evt_100961,,,,biệt thự Quận 1 giá tốt cho thuê lại được
,,,,Query:evt_104492,,investment,Query,evt_104492,,,,tìm căn hộ Quận 7 sang trọng tiềm năng tăng giá
,,,,Query:evt_101064,,buy_for_living,Query,evt_101064,,,,tìm nhà phố Quận Tân Bình giá vừa phải gần trường học
,,,,Query:evt_100999,,buy_for_living,Query,evt_100999,,,,"nhà ở Quận 2 thoáng mát 3pn, giá rẻ"
,,,,Query:evt_100536,,buy_for_living,Query,evt_100536,,,,"nhà ở Quận 1 thoáng mát 4pn, bình dân"
,,,,Query:evt_100515,,buy_for_living,Query,evt_100515,,,,"nhà ở Quận 9 thoáng mát 2pn, rẻ một chút"
,,,,Query:evt_101404,,investment,Query,evt_101404,,,,tìm căn hộ Quận 1 tầm trung tiềm năng tăng giá
,,,,Query:evt_103552,,buy_for_living,Query,evt_103552,,,,"cần mua biệt thự 6 phòng ngủ ở Quận 1 để ở, cao cấp"
,,,,Query:evt_100557,,buy_for_living,Query,evt_100557,,,,"cần mua nhà phố 5 phòng ngủ ở Phường Long Bình để ở, cao cấp"
,,,,Query:evt_102992,,buy_for_living,Query,evt_102992,,,,nhà phố Quận 7 sang trọng cho vợ chồng mới cưới
,,,,Query:evt_101959,,buy_for_living,Query,evt_101959,,,,"nhà ở Phường Long Bình thoáng mát 1pn, tầm trung"
,,,,Query:evt_103215,,buy_for_living,Query,evt_103215,,,,"nhà ở Quận 3 thoáng mát 1pn, giá tốt"
,,,,Query:evt_101528,,investment,Query,evt_101528,,,,căn hộ Quận Bình Thạnh giá rẻ cho thuê lại được
,,,,Query:evt_102296,,investment,Query,evt_102296,,,,"mua đất nền đầu tư ở Quận 3 pháp lý rõ ràng, rẻ một chút"
,,,,Query:evt_104512,,investment,Query,evt_104512,,,,tìm căn hộ Quận 2 tầm trung tiềm năng tăng giá
,,,,Query:evt_103419,,rent,Query,evt_103419,,,,"cần thuê nhà phố Quận Tân Bình full nội thất, bình dân"
,,,,Query:evt_101430,,buy_for_living,Query,evt_101430,,,,"cần mua nhà phố 5 phòng ngủ ở Quận Bình Thạnh để ở, sang trọng"
,,,,Query:evt_103677,,investment,Query,evt_103677,,,,"mua nhà phố đầu tư ở Quận Tân Bình pháp lý rõ ràng, ổn định"
,,,,Query:evt_103192,,investment,Query,evt_103192,,,,"mua nhà phố đầu tư ở Phường An Phú pháp lý rõ ràng, giá vừa phải"
,,,,Query:evt_103907,,buy_for_living,Query,evt_103907,,,,"cần mua nhà phố 2 phòng ngủ ở Quận Thủ Đức để ở, giá tốt"
,,,,Query:evt_103006,,buy_for_living,Query,evt_103006,,,,"nhà ở Phường Long Bình thoáng mát 6pn, khu nhà giàu"
,,,,Query:evt_100788,,investment,Query,evt_100788,,,,tìm biệt thự Quận 4 giá rẻ tiềm năng tăng giá
,,,,Query:evt_103351,,buy_for_living,Query,evt_103351,,,,"nhà ở Phường Hiệp Bình thoáng mát 3pn, giá rẻ"
,,,,Query:evt_100003,,buy_for_living,Query,evt_100003,,,,căn hộ Quận 3 rẻ một chút cho gia đình
,,,,Query:evt_103188,,investment,Query,evt_103188,,,,căn hộ Phường Dĩ An giá vừa phải dòng tiền tốt
,,,,Query:evt_101515,,investment,Query,evt_101515,,,,"mua căn hộ đầu tư ở Quận Thủ Đức pháp lý rõ ràng, giá vừa phải"
,,,,Query:evt_102625,,rent,Query,evt_102625,,,,"cần thuê căn hộ Phường Dĩ An full nội thất, giá vừa phải"
,,,,Query:evt_103725,,buy_for_living,Query,evt_103725,,,,"cần mua nhà phố 2 phòng ngủ ở Phường Long Bình để ở, giá hợp lý"
,,,,Query:evt_100112,,investment,Query,evt_100112,,,,căn hộ Quận Thủ Đức giá tốt cho thuê lại được
,,,,Query:evt_100412,,buy_for_living,Query,evt_100412,,,,căn hộ Quận 4 ổn định cho gia đình
,,,,Query:evt_101815,,buy_for_living,Query,evt_101815,,,,"nhà ở Quận 7 thoáng mát 1pn, giá rẻ"
,,,,Query:evt_102968,,investment,Query,evt_102968,,,,tìm căn hộ Quận 2 ổn định tiềm năng tăng giá
,,,,Query:evt_102033,,investment,Query,evt_102033,,,,căn hộ Quận Bình Thạnh giá hợp lý cho thuê lại được
,,,,Query:evt_102558,,investment,Query,evt_102558,,,,"mua căn hộ đầu tư ở Quận 9 pháp lý rõ ràng, khu nhà giàu"
,,,,Query:evt_102575,,investment,Query,evt_102575,,,,tìm đất nền Quận 9 giá rẻ tiềm năng tăng giá
,,,,Query:evt_101445,,investment,Query,evt_101445,,,,căn hộ Quận 7 giá rẻ cho thuê lại được
,,,,Query:evt_102165,,buy_for_living,Query,evt_102165,,,,"cần mua căn hộ 2 phòng ngủ ở Quận Thủ Đức để ở, giá rẻ"
,,,,Query:evt_102949,,buy_for_living,Query,evt_102949,,,,căn hộ Quận 2 vị trí đẹp cho gia đình
,,,,Query:evt_101728,,investment,Query,evt_101728,,,,"mua biệt thự đầu tư ở Quận Gò Vấp pháp lý rõ ràng, sang trọng"
,,,,Query:evt_100904,,buy_for_living,Query,evt_100904,,,,nhà phố Quận Bình Thạnh bình dân cho vợ chồng mới cưới
,,,,Query:evt_104098,,rent,Query,evt_104098,,,,thuê biệt thự Quận Thủ Đức 3 phòng ngủ giá mềm
,,,,Query:evt_102639,,rent,Query,evt_102639,,,,căn hộ Phường An Phú ổn định cho thuê gần metro
,,,,Query:evt_100648,,investment,Query,evt_100648,,,,"mua nhà phố đầu tư ở Phường Dĩ An pháp lý rõ ràng, bình dân"
,,,,Query:evt_100560,,buy_for_living,Query,evt_100560,,,,"nhà ở Quận Gò Vấp thoáng mát 3pn, ổn định"
,,,,Query:evt_102697,,investment,Query,evt_102697,,,,căn hộ Quận 3 cao cấp dòng tiền tốt
,,,,Query:evt_101588,,rent,Query,evt_101588,,,,"cần thuê đất nền Quận 3 full nội thất, tầm trung"
,,,,Query:evt_101145,,buy_for_living,Query,evt_101145,,,,"cần mua nhà phố 5 phòng ngủ ở Quận Gò Vấp để ở, vị trí đẹp"
,,,,Query:evt_103821,,investment,Query,evt_103821,,,,biệt thự Quận 2 giá tốt cho thuê lại được
,,,,Query:evt_101762,,buy_for_living,Query,evt_101762,,,,nhà phố Phường Hiệp Bình rẻ một chút cho vợ chồng mới cưới
,,,,Query:evt_102600,,buy_for_living,Query,evt_102600,,,,"nhà ở Quận 7 thoáng mát 2pn, rẻ một chút"
,,,,Query:evt_101397,,rent,Query,evt_101397,,,,thuê căn hộ Quận 9 4 phòng ngủ vị trí đẹp
,,,,Query:evt_102787,,investment,Query,evt_102787,,,,căn hộ Quận Thủ Đức tầm trung dòng tiền tốt
,,,,Query:evt_100736,,investment,Query,evt_100736,,,,căn hộ Quận Thủ Đức giá mềm cho thuê lại được
,,,,Query:evt_100946,,investment,Query,evt_100946,,,,nhà phố Quận 2 giá vừa phải dòng tiền tốt
,,,,Query:evt_102497,,buy_for_living,Query,evt_102497,,,,tìm căn hộ Quận 4 vị trí đẹp gần trường học
,,,,Query:evt_102403,,buy_for_living,Query,evt_102403,,,,căn hộ Quận Thủ Đức rẻ một chút cho gia đình
,,,,Query:evt_101273,,investment,Query,evt_101273,,,,"mua nhà phố đầu tư ở Quận 1 pháp lý rõ ràng, giá hợp lý"
,,,,Query:evt_100582,,buy_for_living,Query,evt_100582,,,,"cần mua căn hộ 1 phòng ngủ ở Quận Tân Bình để ở, ổn định"
,,,,Query:evt_101918,,buy_for_living,Query,evt_101918,,,,nhà phố Quận Thủ Đức giá mềm cho gia đình
,,,,Query:evt_100919,,buy_for_living,Query,evt_100919,,,,nhà phố Quận Bình Thạnh vị trí đẹp cho gia đình
,,,,Query:evt_101189,,buy_for_living,Query,evt_101189,,,,tìm căn hộ Phường An Phú rẻ một chút gần trường học
,,,,Query:evt_102058,,buy_for_living,Query,evt_102058,,,,căn hộ Quận 1 vị trí đẹp cho gia đình
,,,,Query:evt_102157,,buy_for_living,Query,evt_102157,,,,tìm căn hộ Phường An Phú vị trí đẹp gần trường học
,,,,Query:evt_102909,,buy_for_living,Query,evt_102909,,,,"nhà ở Quận Gò Vấp thoáng mát 2pn, tầm trung"
,,,,Query:evt_101831,,buy_for_living,Query,evt_101831,,,,căn hộ Quận 3 bình dân cho vợ chồng mới cưới
,,,,Query:evt_104051,,rent,Query,evt_104051,,,,"cần thuê căn hộ Quận 7 full nội thất, giá vừa phải"
,,,,Query:evt_104111,,investment,Query,evt_104111,,,,căn hộ Quận 1 vị trí đẹp dòng tiền tốt
,,,,Query:evt_104017,,buy_for_living,Query,evt_104017,,,,đất nền Phường Hiệp Bình tầm trung cho gia đình
,,,,Query:evt_102259,,investment,Query,evt_102259,,,,"mua căn hộ đầu tư ở Quận Bình Thạnh pháp lý rõ ràng, bình dân"
,,,,Query:evt_103989,,buy_for_living,Query,evt_103989,,,,tìm căn hộ Quận 3 tầm trung gần trường học
,,,,Query:evt_103086,,rent,Query,evt_103086,,,,tìm phòng căn hộ ở Phường Long Bình khu nhà giàu
,,,,Query:evt_100472,,investment,Query,evt_100472,,,,"mua căn hộ đầu tư ở Quận Bình Thạnh pháp lý rõ ràng, giá vừa phải"
,,,,Query:evt_102699,,buy_for_living,Query,evt_102699,,,,"cần mua căn hộ 2 phòng ngủ ở Quận Tân Bình để ở, giá hợp lý"
,,,,Query:evt_102901,,buy_for_living,Query,evt_102901,,,,căn hộ Phường Dĩ An vị trí đẹp cho vợ chồng mới cưới
,,,,Query:evt_104131,,buy_for_living,Query,evt_104131,,,,nhà phố Quận 1 giá mềm cho gia đình
,,,,Query:evt_101225,,buy_for_living,Query,evt_101225,,,,biệt thự Quận 2 khu nhà giàu cho gia đình
,,,,Query:evt_100405,,buy_for_living,Query,evt_100405,,,,căn hộ Quận Tân Bình bình dân cho gia đình
,,,,Query:evt_102342,,buy_for_living,Query,evt_102342,,,,tìm căn hộ Phường Dĩ An vị trí đẹp gần trường học
,,,,Query:evt_100955,,investment,Query,evt_100955,,,,"mua căn hộ đầu tư ở Quận 4 pháp lý rõ ràng, giá tốt"
,,,,Query:evt_102256,,investment,Query,evt_102256,,,,"mua căn hộ đầu tư ở Quận Bình Thạnh pháp lý rõ ràng, giá hợp lý"
,,,,Query:evt_102724,,investment,Query,evt_102724,,,,tìm căn hộ Phường An Phú cao cấp tiềm năng tăng giá
,,,,Query:evt_101513,,investment,Query,evt_101513,,,,"mua căn hộ đầu tư ở Phường Long Bình pháp lý rõ ràng, giá rẻ"
,,,,Query:evt_104398,,investment,Query,evt_104398,,,,căn hộ Phường Long Bình giá mềm cho thuê lại được
,,,,Query:evt_101106,,investment,Query,evt_101106,,,,căn hộ Quận 3 giá rẻ dòng tiền tốt
,,,,Query:evt_101354,,buy_for_living,Query,evt_101354,,,,"nhà ở Quận 1 thoáng mát 3pn, bình dân"
,,,,Query:evt_102125,,buy_for_living,Query,evt_102125,,,,tìm căn hộ Quận 1 vị trí đẹp gần trường học
,,,,Query:evt_104059,,buy_for_living,Query,evt_104059,,,,nhà phố Quận Tân Bình cao cấp cho vợ chồng mới cưới
,,,,Query:evt_102359,,investment,Query,evt_102359,,,,tìm nhà phố Quận 9 ổn định tiềm năng tăng giá
,,,,Query:evt_103911,,buy_for_living,Query,evt_103911,,,,"nhà ở Quận 7 thoáng mát 4pn, cao cấp"
,,,,Query:evt_101736,,buy_for_living,Query,evt_101736,,,,"nhà ở Quận 9 thoáng mát 2pn, giá tốt"
,,,,Query:evt_103084,,rent,Query,evt_103084,,,,tìm phòng căn hộ ở Quận 2 sang trọng
,,,,Query:evt_104135,,buy_for_living,Query,evt_104135,,,,tìm nhà phố Quận 1 giá mềm gần trường học
,,,,Query:evt_101697,,buy_for_living,Query,evt_101697,,,,tìm căn hộ Quận 9 giá rẻ gần trường học
,,,,Query:evt_101903,,rent,Query,evt_101903,,,,"cần thuê căn hộ Quận 9 full nội thất, giá vừa phải"
,,,,Query:evt_100627,,rent,Query,evt_100627,,,,tìm phòng đất nền ở Quận 1 giá mềm
,,,,Query:evt_101724,,investment,Query,evt_101724,,,,tìm căn hộ Phường An Phú giá rẻ tiềm năng tăng giá
,,,,Query:evt_100191,,investment,Query,evt_100191,,,,"mua căn hộ đầu tư ở Quận 2 pháp lý rõ ràng, rẻ một chút"
,,,,Query:evt_103811,,investment,Query,evt_103811,,,,"mua nhà phố đầu tư ở Quận 9 pháp lý rõ ràng, giá tốt"
,,,,Query:evt_100525,,buy_for_living,Query,evt_100525,,,,"nhà ở Quận 7 thoáng mát 5pn, khu nhà giàu"
,,,,Query:evt_102538,,buy_for_living,Query,evt_102538,,,,căn hộ Quận Gò Vấp ổn định cho vợ chồng mới cưới
,,,,Query:evt_103335,,buy_for_living,Query,evt_103335,,,,"nhà ở Quận 9 thoáng mát 2pn, giá tốt"
,,,,Query:evt_100356,,investment,Query,evt_100356,,,,căn hộ Quận 3 giá tốt cho thuê lại được
,,,,Query:evt_103314,,investment,Query,evt_103314,,,,tìm căn hộ Quận 2 khu nhà giàu tiềm năng tăng giá
,,,,Query:evt_100835,,investment,Query,evt_100835,,,,"mua nhà phố đầu tư ở Quận 7 pháp lý rõ ràng, cao cấp"
,,,,Query:evt_103207,,buy_for_living,Query,evt_103207,,,,tìm đất nền Phường An Phú rẻ một chút gần trường học
,,,,Query:evt_100477,,investment,Query,evt_100477,,,,căn hộ Quận Gò Vấp giá mềm dòng tiền tốt
,,,,Query:evt_101937,,buy_for_living,Query,evt_101937,,,,"nhà ở Quận 2 thoáng mát 3pn, rẻ một chút"
,,,,Query:evt_100630,,rent,Query,evt_100630,,,,thuê nhà phố Quận 7 3 phòng ngủ bình dân
,,,,Query:evt_100528,,buy_for_living,Query,evt_100528,,,,nhà phố Quận Thủ Đức sang trọng cho vợ chồng mới cưới
,,,,Query:evt_101925,,buy_for_living,Query,evt_101925,,,,căn hộ Quận 1 giá rẻ cho gia đình
,,,,Query:evt_103271,,buy_for_living,Query,evt_103271,,,,nhà phố Phường Long Bình giá mềm cho vợ chồng mới cưới
,,,,Query:evt_100581,,buy_for_living,Query,evt_100581,,,,"nhà ở Quận 7 thoáng mát 1pn, ổn định"
,,,,Query:evt_100127,,buy_for_living,Query,evt_100127,,,,căn hộ Quận 9 giá tốt cho gia đình
,,,,Query:evt_102531,,buy_for_living,Query,evt_102531,,,,căn hộ Quận Thủ Đức bình dân cho gia đình
,,,,Query:evt_103476,,investment,Query,evt_103476,,,,căn hộ Quận 2 tầm trung dòng tiền tốt
,,,,Query:evt_102004,,investment,Query,evt_102004,,,,căn hộ Quận 2 giá vừa phải cho thuê lại được
,,,,Query:evt_100659,,investment,Query,evt_100659,,,,đất nền Quận 1 cao cấp cho thuê lại được
,,,,Query:evt_101601,,buy_for_living,Query,evt_101601,,,,"nhà ở Quận Thủ Đức thoáng mát 5pn, sang trọng"
,,,,Query:evt_102757,,investment,Query,evt_102757,,,,căn hộ Quận 3 vị trí đẹp dòng tiền tốt
,,,,Query:evt_102546,,buy_for_living,Query,evt_102546,,,,"cần mua căn hộ 6 phòng ngủ ở Phường Hiệp Bình để ở, vị trí đẹp"
,,,,Query:evt_103560,,investment,Query,evt_103560,,,,nhà phố Quận 7 giá tốt dòng tiền tốt
,,,,Query:evt_104345,,investment,Query,evt_104345,,,,căn hộ Quận Gò Vấp khu nhà giàu dòng tiền tốt
,,,,Query:evt_100480,,investment,Query,evt_100480,,,,căn hộ Quận 7 ổn định dòng tiền tốt
,,,,Query:evt_101282,,investment,Query,evt_101282,,,,tìm căn hộ Quận 2 ổn định tiềm năng tăng giá
,,,,Query:evt_101045,,rent,Query,evt_101045,,,,tìm phòng căn hộ ở Quận 3 bình dân
,,,,Query:evt_100695,,investment,Query,evt_100695,,,,căn hộ Quận 9 giá rẻ cho thuê lại được
,,,,Query:evt_101558,,buy_for_living,Query,evt_101558,,,,"nhà ở Quận 1 thoáng mát 3pn, giá tốt"
,,,,Query:evt_103582,,buy_for_living,Query,evt_103582,,,,nhà phố Quận Gò Vấp khu nhà giàu cho gia đình
,,,,Query:evt_101851,,buy_for_living,Query,evt_101851,,,,căn hộ Quận 1 giá rẻ cho gia đình
,,,,Query:evt_104469,,investment,Query,evt_104469,,,,nhà phố Quận 1 tầm trung cho thuê lại được
,,,,Query:evt_102113,,investment,Query,evt_102113,,,,tìm căn hộ Quận Bình Thạnh tầm trung tiềm năng tăng giá
,,,,Query:evt_101619,,buy_for_living,Query,evt_101619,,,,căn hộ Phường An Phú rẻ một chút cho vợ chồng mới cưới
,,,,Query:evt_103349,,buy_for_living,Query,evt_103349,,,,tìm căn hộ Quận 2 bình dân gần trường học
,,,,Query:evt_104409,,investment,Query,evt_104409,,,,tìm nhà phố Quận 3 tầm trung tiềm năng tăng giá
,,,,Query:evt_103614,,buy_for_living,Query,evt_103614,,,,"nhà ở Quận 7 thoáng mát 6pn, khu nhà giàu"
,,,,Query:evt_102488,,buy_for_living,Query,evt_102488,,,,căn hộ Quận 9 ổn định cho vợ chồng mới cưới
,,,,Query:evt_103287,,investment,Query,evt_103287,,,,tìm nhà phố Quận Gò Vấp ổn định tiềm năng tăng giá
,,,,Query:evt_101717,,investment,Query,evt_101717,,,,nhà phố Quận 7 sang trọng cho thuê lại được
,,,,Query:evt_101919,,buy_for_living,Query,evt_101919,,,,"nhà ở Quận 7 thoáng mát 2pn, giá vừa phải"
,,,,Query:evt_101296,,investment,Query,evt_101296,,,,tìm căn hộ Quận 9 khu nhà giàu tiềm năng tăng giá
,,,,Query:evt_100419,,buy_for_living,Query,evt_100419,,,,"nhà ở Quận 9 thoáng mát 4pn, giá hợp lý"
,,,,Query:evt_102401,,buy_for_living,Query,evt_102401,,,,căn hộ Phường Dĩ An bình dân cho gia đình
,,,,Query:evt_103396,,investment,Query,evt_103396,,,,"mua căn hộ đầu tư ở Quận 7 pháp lý rõ ràng, ổn định"
,,,,Query:evt_103598,,buy_for_living,Query,evt_103598,,,,căn hộ Quận 4 rẻ một chút cho gia đình
,,,,Query:evt_103592,,buy_for_living,Query,evt_103592,,,,biệt thự Quận Bình Thạnh tầm trung cho gia đình
,,,,Query:evt_104316,,rent,Query,evt_104316,,,,nhà phố Phường An Phú bình dân cho thuê gần metro
,,,,Query:evt_104374,,buy_for_living,Query,evt_104374,,,,"nhà ở Quận 4 thoáng mát 3pn, giá hợp lý"
,,,,Query:evt_101716,,investment,Query,evt_101716,,,,tìm căn hộ Quận Thủ Đức sang trọng tiềm năng tăng giá
,,,,Query:evt_104328,,rent,Query,evt_104328,,,,tìm phòng đất nền ở Quận 9 ổn định
,,,,Query:evt_101748,,buy_for_living,Query,evt_101748,,,,tìm nhà phố Quận 7 tầm trung gần trường học
,,,,Query:evt_103392,,rent,Query,evt_103392,,,,nhà phố Quận 2 sang trọng cho thuê gần metro
,,,,Query:evt_104358,,rent,Query,evt_104358,,,,nhà phố Quận 1 giá rẻ cho thuê gần metro
,,,,Query:evt_100828,,investment,Query,evt_100828,,,,"mua biệt thự đầu tư ở Phường Dĩ An pháp lý rõ ràng, giá mềm"
,,,,Query:evt_103568,,investment,Query,evt_103568,,,,tìm nhà phố Quận 3 rẻ một chút tiềm năng tăng giá
,,,,Query:evt_101327,,buy_for_living,Query,evt_101327,,,,đất nền Quận 2 giá vừa phải cho gia đình
,,,,Query:evt_101326,,buy_for_living,Query,evt_101326,,,,tìm căn hộ Quận 2 giá rẻ gần trường học
,,,,Query:evt_101032,,buy_for_living,Query,evt_101032,,,,"nhà ở Quận 7 thoáng mát 3pn, ổn định"
,,,,Query:evt_101321,,buy_for_living,Query,evt_101321,,,,tìm căn hộ Phường Long Bình bình dân gần trường học
,,,,Query:evt_101663,,investment,Query,evt_101663,,,,căn hộ Quận 2 giá tốt cho thuê lại được
,,,,Query:evt_102198,,investment,Query,evt_102198,,,,"mua căn hộ đầu tư ở Quận 2 pháp lý rõ ràng, sang trọng"
,,,,Query:evt_100040,,rent,Query,evt_100040,,,,"cần thuê căn hộ Phường Long Bình full nội thất, tầm trung"
,,,,Query:evt_103756,,buy_for_living,Query,evt_103756,,,,tìm căn hộ Phường An Phú bình dân gần trường học
,,,,Query:evt_100644,,investment,Query,evt_100644,,,,căn hộ Quận 1 giá vừa phải dòng tiền tốt
,,,,Query:evt_103671,,buy_for_living,Query,evt_103671,,,,"cần mua đất nền 2 phòng ngủ ở Phường Dĩ An để ở, vị trí đẹp"
,,,,Query:evt_103053,,buy_for_living,Query,evt_103053,,,,căn hộ Quận 7 giá hợp lý cho vợ chồng mới cưới
,,,,Query:evt_101471,,rent,Query,evt_101471,,,,"cần thuê biệt thự Quận 7 full nội thất, vị trí đẹp"
,,,,Query:evt_103289,,investment,Query,evt_103289,,,,"mua căn hộ đầu tư ở Quận 3 pháp lý rõ ràng, giá rẻ"
,,,,Query:evt_100045,,rent,Query,evt_100045,,,,thuê căn hộ Quận 1 1 phòng ngủ ổn định
,,,,Query:evt_103541,,buy_for_living,Query,evt_103541,,,,"cần mua căn hộ 0 phòng ngủ ở Quận 7 để ở, giá rẻ"
,,,,Query:evt_101547,,buy_for_living,Query,evt_101547,,,,đất nền Quận Bình Thạnh sang trọng cho vợ chồng mới cưới
,,,,Query:evt_100305,,buy_for_living,Query,evt_100305,,,,tìm căn hộ Quận 1 cao cấp gần trường học
,,,,Query:evt_100462,,investment,Query,evt_100462,,,,căn hộ Phường Dĩ An ổn định dòng tiền tốt
,,,,Query:evt_100156,,investment,Query,evt_100156,,,,tìm nhà phố Quận 3 giá rẻ tiềm năng tăng giá
,,,,Query:evt_101085,,buy_for_living,Query,evt_101085,,,,tìm nhà phố Quận 7 giá tốt gần trường học
,,,,Query:evt_100831,,investment,Query,evt_100831,,,,căn hộ Quận Tân Bình ổn định cho thuê lại được
,,,,Query:evt_102376,,buy_for_living,Query,evt_102376,,,,"nhà ở Quận 3 thoáng mát 2pn, ổn định"
,,,,Query:evt_100189,,investment,Query,evt_100189,,,,căn hộ Quận 4 vị trí đẹp dòng tiền tốt
,,,,Query:evt_104102,,rent,Query,evt_104102,,,,"cần thuê nhà phố Quận 3 full nội thất, bình dân"
,,,,Query:evt_101218,,buy_for_living,Query,evt_101218,,,,"nhà ở Quận Bình Thạnh thoáng mát 2pn, ổn định"
,,,,Query:evt_100085,,buy_for_living,Query,evt_100085,,,,tìm biệt thự Quận 7 giá hợp lý gần trường học
,,,,Query:evt_100317,,buy_for_living,Query,evt_100317,,,,"cần mua biệt thự 4 phòng ngủ ở Quận 3 để ở, khu nhà giàu"
,,,,Query:evt_103722,,buy_for_living,Query,evt_103722,,,,"nhà ở Quận 4 thoáng mát 2pn, giá hợp lý"
,,,,Query:evt_103041,,buy_for_living,Query,evt_103041,,,,"nhà ở Quận 7 thoáng mát 6pn, vị trí đẹp"
,,,,Query:evt_102294,,investment,Query,evt_102294,,,,tìm căn hộ Phường Dĩ An vị trí đẹp tiềm năng tăng giá
,,,,Query:evt_104270,,buy_for_living,Query,evt_104270,,,,"nhà ở Phường Long Bình thoáng mát 6pn, vị trí đẹp"
,,,,Query:evt_100208,,buy_for_living,Query,evt_100208,,,,"cần mua căn hộ 4 phòng ngủ ở Quận 9 để ở, giá hợp lý"
,,,,Query:evt_103399,,investment,Query,evt_103399,,,,nhà phố Quận 9 giá tốt cho thuê lại được
,,,,Query:evt_104123,,investment,Query,evt_104123,,,,căn hộ Quận 2 rẻ một chút dòng tiền tốt
,,,,Query:evt_101336,,buy_for_living,Query,evt_101336,,,,tìm biệt thự Quận Thủ Đức giá tốt gần trường học
,,,,Query:evt_102889,,buy_for_living,Query,evt_102889,,,,"nhà ở Quận Bình Thạnh thoáng mát 4pn, khu nhà giàu"
,,,,Query:evt_102719,,investment,Query,evt_102719,,,,căn hộ Quận 9 ổn định dòng tiền tốt
,,,,Query:evt_103455,,rent,Query,evt_103455,,,,thuê nhà phố Quận Gò Vấp 3 phòng ngủ giá tốt
,,,,Query:evt_102563,,investment,Query,evt_102563,,,,căn hộ Quận Bình Thạnh bình dân cho thuê lại được
,,,,Query:evt_101637,,buy_for_living,Query,evt_101637,,,,tìm căn hộ Quận 7 giá tốt gần trường học
,,,,Query:evt_100766,,rent,Query,evt_100766,,,,tìm phòng nhà phố ở Quận 3 sang trọng
,,,,Query:evt_103946,,buy_for_living,Query,evt_103946,,,,"cần mua căn hộ 6 phòng ngủ ở Phường Dĩ An để ở, vị trí đẹp"
,,,,Query:evt_103016,,buy_for_living,Query,evt_103016,,,,biệt thự Quận 9 ổn định cho gia đình
,,,,Query:evt_103129,,buy_for_living,Query,evt_103129,,,,căn hộ Quận Bình Thạnh ổn định cho vợ chồng mới cưới
,,,,Query:evt_101304,,buy_for_living,Query,evt_101304,,,,căn hộ Quận 2 giá mềm cho gia đình
,,,,Query:evt_102364,,investment,Query,evt_102364,,,,"mua căn hộ đầu tư ở Quận Thủ Đức pháp lý rõ ràng, giá mềm"
,,,,Query:evt_103660,,investment,Query,evt_103660,,,,tìm căn hộ Quận Bình Thạnh vị trí đẹp tiềm năng tăng giá
,,,,Query:evt_101437,,buy_for_living,Query,evt_101437,,,,nhà phố Quận 7 vị trí đẹp cho vợ chồng mới cưới
,,,,Query:evt_102126,,buy_for_living,Query,evt_102126,,,,căn hộ Quận Gò Vấp sang trọng cho gia đình
,,,,Query:evt_103556,,buy_for_living,Query,evt_103556,,,,tìm căn hộ Phường An Phú giá vừa phải gần trường học
,,,,Query:evt_103009,,buy_for_living,Query,evt_103009,,,,"cần mua căn hộ 4 phòng ngủ ở Quận 9 để ở, giá vừa phải"
,,,,Query:evt_101426,,buy_for_living,Query,evt_101426,,,,tìm nhà phố Quận Tân Bình vị trí đẹp gần trường học
,,,,Query:evt_100269,,rent,Query,evt_100269,,,,thuê căn hộ Phường An Phú 2 phòng ngủ tầm trung
,,,,Query:evt_104212,,investment,Query,evt_104212,,,,căn hộ Quận 9 giá tốt dòng tiền tốt
,,,,Query:evt_102272,,buy_for_living,Query,evt_102272,,,,"nhà ở Quận 7 thoáng mát 5pn, khu nhà giàu"
,,,,Query:evt_101604,,buy_for_living,Query,evt_101604,,,,căn hộ Quận Tân Bình vị trí đẹp cho gia đình
,,,,Query:evt_100455,,buy_for_living,Query,evt_100455,,,,căn hộ Quận 1 ổn định cho gia đình
,,,,Query:evt_102077,,rent,Query,evt_102077,,,,"cần thuê căn hộ Quận 9 full nội thất, vị trí đẹp"
,,,,Query:evt_101501,,buy_for_living,Query,evt_101501,,,,tìm nhà phố Quận 2 giá hợp lý gần trường học
,,,,Query:evt_104353,,rent,Query,evt_104353,,,,căn hộ Quận 1 tầm trung cho thuê gần metro
,,,,Query:evt_100185,,investment,Query,evt_100185,,,,tìm nhà phố Quận 3 sang trọng tiềm năng tăng giá
,,,,Query:evt_101857,,buy_for_living,Query,evt_101857,,,,tìm nhà phố Quận 4 vị trí đẹp gần trường học
,,,,Query:evt_102967,,investment,Query,evt_102967,,,,nhà phố Quận Thủ Đức giá tốt cho thuê lại được
,,,,Query:evt_101157,,rent,Query,evt_101157,,,,thuê căn hộ Quận 4 1 phòng ngủ ổn định
,,,,Query:evt_103711,,investment,Query,evt_103711,,,,căn hộ Quận Bình Thạnh ổn định dòng tiền tốt
,,,,Query:evt_101828,,buy_for_living,Query,evt_101828,,,,tìm căn hộ Quận 3 giá vừa phải gần trường học
,,,,Query:evt_101284,,investment,Query,evt_101284,,,,tìm căn hộ Quận 2 khu nhà giàu tiềm năng tăng giá
,,,,Query:evt_100817,,buy_for_living,Query,evt_100817,,,,"nhà ở Quận Gò Vấp thoáng mát 2pn, giá hợp lý"
,,,,Query:evt_103977,,buy_for_living,Query,evt_103977,,,,căn hộ Quận Gò Vấp giá mềm cho vợ chồng mới cưới
,,,,Query:evt_101878,,buy_for_living,Query,evt_101878,,,,căn hộ Quận Tân Bình giá tốt cho gia đình
,,,,Query:evt_103894,,buy_for_living,Query,evt_103894,,,,biệt thự Quận 2 giá mềm cho vợ chồng mới cưới
,,,,Query:evt_102711,,buy_for_living,Query,evt_102711,,,,căn hộ Phường Long Bình ổn định cho gia đình
,,,,Query:evt_103848,,investment,Query,evt_103848,,,,căn hộ Quận 2 giá hợp lý cho thuê lại được
,,,,Query:evt_102020,,buy_for_living,Query,evt_102020,,,,"cần mua nhà phố 2 phòng ngủ ở Quận 1 để ở, giá mềm"
,,,,Query:evt_102307,,buy_for_living,Query,evt_102307,,,,căn hộ Phường An Phú cao cấp cho gia đình
,,,,Query:evt_104421,,investment,Query,evt_104421,,,,căn hộ Quận 3 khu nhà giàu cho thuê lại được
,,,,Query:evt_103679,,investment,Query,evt_103679,,,,nhà phố Quận 1 cao cấp cho thuê lại được
,,,,Query:evt_103310,,investment,Query,evt_103310,,,,căn hộ Quận 9 giá rẻ cho thuê lại được
,,,,Query:evt_102074,,rent,Query,evt_102074,,,,tìm phòng căn hộ ở Quận 3 cao cấp
,,,,Query:evt_101715,,investment,Query,evt_101715,,,,tìm căn hộ Quận Gò Vấp giá hợp lý tiềm năng tăng giá
,,,,Query:evt_102841,,buy_for_living,Query,evt_102841,,,,căn hộ Quận 7 bình dân cho gia đình
,,,,Query:evt_103423,,rent,Query,evt_103423,,,,tìm phòng căn hộ ở Quận Bình Thạnh giá vừa phải
,,,,Query:evt_103381,,rent,Query,evt_103381,,,,thuê căn hộ Quận 4 4 phòng ngủ rẻ một chút
,,,,Query:evt_103738,,rent,Query,evt_103738,,,,nhà phố Quận Thủ Đức giá hợp lý cho thuê gần metro
,,,,Query:evt_102102,,rent,Query,evt_102102,,,,căn hộ Quận 1 bình dân cho thuê gần metro
,,,,Query:evt_102986,,investment,Query,evt_102986,,,,căn hộ Quận 2 cao cấp dòng tiền tốt
,,,,Query:evt_102983,,investment,Query,evt_102983,,,,tìm căn hộ Quận 9 giá vừa phải tiềm năng tăng giá
,,,,Query:evt_101773,,rent,Query,evt_101773,,,,tìm phòng căn hộ ở Quận 9 khu nhà giàu
,,,,Query:evt_101983,,buy_for_living,Query,evt_101983,,,,"nhà ở Quận Thủ Đức thoáng mát 2pn, bình dân"
,,,,Query:evt_102422,,buy_for_living,Query,evt_102422,,,,"nhà ở Quận 3 thoáng mát 1pn, giá rẻ"
,,,,Query:evt_101116,,investment,Query,evt_101116,,,,căn hộ Quận Tân Bình sang trọng dòng tiền tốt
,,,,Query:evt_101539,,buy_for_living,Query,evt_101539,,,,"cần mua căn hộ 1 phòng ngủ ở Quận 7 để ở, bình dân"
,,,,Query:evt_103247,,investment,Query,evt_103247,,,,căn hộ Quận Gò Vấp giá tốt dòng tiền tốt
,,,,Query:evt_102389,,buy_for_living,Query,evt_102389,,,,căn hộ Quận Tân Bình sang trọng cho gia đình
,,,,Query:evt_101889,,investment,Query,evt_101889,,,,"mua căn hộ đầu tư ở Quận Bình Thạnh pháp lý rõ ràng, ổn định"
,,,,Query:evt_102640,,rent,Query,evt_102640,,,,thuê nhà phố Quận 2 6 phòng ngủ cao cấp
,,,,Query:evt_104429,,investment,Query,evt_104429,,,,đất nền Quận 1 giá tốt dòng tiền tốt
,,,,Query:evt_102870,,buy_for_living,Query,evt_102870,,,,căn hộ Quận 1 bình dân cho vợ chồng mới cưới
,,,,Query:evt_103807,,investment,Query,evt_103807,,,,"mua căn hộ đầu tư ở Quận 9 pháp lý rõ ràng, vị trí đẹp"
,,,,Query:evt_100044,,rent,Query,evt_100044,,,,"cần thuê nhà phố Quận Bình Thạnh full nội thất, sang trọng"
,,,,Query:evt_102231,,buy_for_living,Query,evt_102231,,,,nhà phố Phường An Phú giá hợp lý cho gia đình
,,,,Query:evt_104395,,buy_for_living,Query,evt_104395,,,,"nhà ở Quận 9 thoáng mát 2pn, ổn định"
,,,,Query:evt_104435,,investment,Query,evt_104435,,,,tìm căn hộ Quận 2 tầm trung tiềm năng tăng giá
,,,,Query:evt_104157,,buy_for_living,Query,evt_104157,,,,căn hộ Quận 7 giá hợp lý cho gia đình
,,,,Query:evt_103508,,buy_for_living,Query,evt_103508,,,,"nhà ở Quận 4 thoáng mát 3pn, sang trọng"
,,,,Query:evt_103526,,buy_for_living,Query,evt_103526,,,,tìm căn hộ Quận Bình Thạnh giá mềm gần trường học
,,,,Query:evt_100494,,buy_for_living,Query,evt_100494,,,,"nhà ở Quận 2 thoáng mát 6pn, vị trí đẹp"
,,,,Query:evt_104336,,investment,Query,evt_104336,,,,"mua căn hộ đầu tư ở Quận Thủ Đức pháp lý rõ ràng, sang trọng"
,,,,Query:evt_102127,,buy_for_living,Query,evt_102127,,,,tìm căn hộ Quận 7 vị trí đẹp gần trường học
,,,,Query:evt_103175,,buy_for_living,Query,evt_103175,,,,"nhà ở Quận 4 thoáng mát 6pn, khu nhà giàu"
,,,,Query:evt_101965,,investment,Query,evt_101965,,,,"mua căn hộ đầu tư ở Quận Tân Bình pháp lý rõ ràng, giá mềm"
,,,,Query:evt_101027,,buy_for_living,Query,evt_101027,,,,"nhà ở Quận 1 thoáng mát 3pn, giá vừa phải"
,,,,Query:evt_100135,,buy_for_living,Query,evt_100135,,,,"nhà ở Quận 9 thoáng mát 6pn, vị trí đẹp"
,,,,Query:evt_102396,,buy_for_living,Query,evt_102396,,,,"nhà ở Quận 2 thoáng mát 4pn, sang trọng"
,,,,Query:evt_101826,,buy_for_living,Query,evt_101826,,,,biệt thự Quận 2 giá tốt cho vợ chồng mới cưới
,,,,Query:evt_101477,,buy_for_living,Query,evt_101477,,,,"nhà ở Quận 1 thoáng mát 5pn, cao cấp"
,,,,Query:evt_104509,,investment,Query,evt_104509,,,,nhà phố Quận 7 giá mềm dòng tiền tốt
,,,,Query:evt_100487,,buy_for_living,Query,evt_100487,,,,căn hộ Quận 1 giá tốt cho gia đình
,,,,Query:evt_103394,,rent,Query,evt_103394,,,,"cần thuê biệt thự Quận Bình Thạnh full nội thất, sang trọng"
,,,,Query:evt_103120,,rent,Query,evt_103120,,,,tìm phòng nhà phố ở Quận Bình Thạnh giá mềm
,,,,Query:evt_101378,,buy_for_living,Query,evt_101378,,,,"cần mua đất nền 2 phòng ngủ ở Quận 1 để ở, rẻ một chút"
,,,,Query:evt_104133,,buy_for_living,Query,evt_104133,,,,căn hộ Quận 9 vị trí đẹp cho gia đình
,,,,Query:evt_100386,,investment,Query,evt_100386,,,,biệt thự Quận Bình Thạnh giá tốt cho thuê lại được
,,,,Query:evt_101254,,buy_for_living,Query,evt_101254,,,,"nhà ở Quận 1 thoáng mát 3pn, giá mềm"
,,,,Query:evt_101960,,buy_for_living,Query,evt_101960,,,,biệt thự Quận 7 giá vừa phải cho vợ chồng mới cưới
,,,,Query:evt_103731,,buy_for_living,Query,evt_103731,,,,căn hộ Quận 9 ổn định cho gia đình
,,,,Query:evt_102101,,rent,Query,evt_102101,,,,thuê căn hộ Quận 3 2 phòng ngủ giá mềm
,,,,Query:evt_102862,,buy_for_living,Query,evt_102862,,,,"nhà ở Quận 9 thoáng mát 3pn, giá vừa phải"
,,,,Query:evt_104117,,investment,Query,evt_104117,,,,căn hộ Quận 3 sang trọng dòng tiền tốt
,,,,Query:evt_104471,,investment,Query,evt_104471,,,,tìm đất nền Quận Gò Vấp giá mềm tiềm năng tăng giá
,,,,Query:evt_102634,,rent,Query,evt_102634,,,,căn hộ Quận 4 sang trọng cho thuê gần metro
,,,,Query:evt_103758,,buy_for_living,Query,evt_103758,,,,"nhà ở Quận 4 thoáng mát 2pn, giá rẻ"
,,,,Query:evt_103324,,buy_for_living,Query,evt_103324,,,,căn hộ Phường Hiệp Bình cao cấp cho vợ chồng mới cưới
,,,,Query:evt_102996,,buy_for_living,Query,evt_102996,,,,"cần mua căn hộ 6 phòng ngủ ở Quận 9 để ở, sang trọng"
,,,,Query:evt_100985,,investment,Query,evt_100985,,,,căn hộ Quận 4 bình dân dòng tiền tốt
,,,,Query:evt_104161,,buy_for_living,Query,evt_104161,,,,"cần mua căn hộ 4 phòng ngủ ở Quận Thủ Đức để ở, tầm trung"
,,,,Query:evt_102956,,investment,Query,evt_102956,,,,"mua biệt thự đầu tư ở Quận 7 pháp lý rõ ràng, rẻ một chút"
,,,,Query:evt_101641,,buy_for_living,Query,evt_101641,,,,"cần mua nhà phố 3 phòng ngủ ở Quận 7 để ở, giá vừa phải"
,,,,Query:evt_100986,,investment,Query,evt_100986,,,,nhà phố Quận 1 cao cấp cho thuê lại được
,,,,Query:evt_103580,,buy_for_living,Query,evt_103580,,,,"cần mua nhà phố 3 phòng ngủ ở Quận Tân Bình để ở, giá hợp lý"
,,,,Query:evt_100036,,rent,Query,evt_100036,,,,thuê nhà phố Quận 2 2 phòng ngủ giá vừa phải
,,,,Query:evt_103167,,buy_for_living,Query,evt_103167,,,,"cần mua đất nền 5 phòng ngủ ở Quận 2 để ở, sang trọng"
,,,,Query:evt_100339,,investment,Query,evt_100339,,,,nhà phố Quận 1 bình dân cho thuê lại được
,,,,Query:evt_102166,,buy_for_living,Query,evt_102166,,,,"cần mua căn hộ 4 phòng ngủ ở Quận Gò Vấp để ở, giá mềm"
,,,,Query:evt_102306,,buy_for_living,Query,evt_102306,,,,"cần mua căn hộ 1 phòng ngủ ở Quận Gò Vấp để ở, rẻ một chút"
,,,,Query:evt_103690,,buy_for_living,Query,evt_103690,,,,căn hộ Quận Bình Thạnh khu nhà giàu cho vợ chồng mới cưới
,,,,Query:evt_101260,,buy_for_living,Query,evt_101260,,,,nhà phố Quận 2 giá tốt cho vợ chồng mới cưới
,,,,Query:evt_100398,,buy_for_living,Query,evt_100398,,,,tìm căn hộ Quận 7 ổn định gần trường học
,,,,Query:evt_104085,,buy_for_living,Query,evt_104085,,,,"cần mua căn hộ 3 phòng ngủ ở Quận 1 để ở, giá hợp lý"
,,,,Query:evt_102185,,investment,Query,evt_102185,,,,đất nền Quận Bình Thạnh giá hợp lý dòng tiền tốt
,,,,Query:evt_100362,,investment,Query,evt_100362,,,,"mua căn hộ đầu tư ở Phường Hiệp Bình pháp lý rõ ràng, giá mềm"
,,,,Query:evt_100010,,buy_for_living,Query,evt_100010,,,,nhà phố Quận 2 ổn định cho gia đình
,,,,Query:evt_104193,,buy_for_living,Query,evt_104193,,,,biệt thự Phường Long Bình giá mềm cho gia đình
,,,,Query:evt_103913,,buy_for_living,Query,evt_103913,,,,"cần mua căn hộ 1 phòng ngủ ở Quận 9 để ở, giá rẻ"
,,,,Query:evt_101644,,buy_for_living,Query,evt_101644,,,,căn hộ Quận 7 tầm trung cho gia đình
,,,,Query:evt_101208,,rent,Query,evt_101208,,,,nhà phố Quận Tân Bình giá tốt cho thuê gần metro
,,,,Query:evt_100533,,buy_for_living,Query,evt_100533,,,,"nhà ở Phường An Phú thoáng mát 2pn, giá tốt"
,,,,Query:evt_102324,,rent,Query,evt_102324,,,,"cần thuê nhà phố Quận Gò Vấp full nội thất, vị trí đẹp"
,,,,Query:evt_103378,,rent,Query,evt_103378,,,,"cần thuê nhà phố Quận 1 full nội thất, ổn định"
,,,,Query:evt_102115,,investment,Query,evt_102115,,,,nhà phố Quận 7 sang trọng dòng tiền tốt
,,,,Query:evt_100721,,buy_for_living,Query,evt_100721,,,,căn hộ Quận Bình Thạnh giá hợp lý cho gia đình
,,,,Query:evt_102958,,investment,Query,evt_102958,,,,"mua nhà phố đầu tư ở Quận Bình Thạnh pháp lý rõ ràng, ổn định"
,,,,Query:evt_104019,,rent,Query,evt_104019,,,,thuê căn hộ Quận Thủ Đức 3 phòng ngủ tầm trung
,,,,Query:evt_100109,,investment,Query,evt_100109,,,,tìm nhà phố Quận 3 khu nhà giàu tiềm năng tăng giá
,,,,Query:evt_104463,,buy_for_living,Query,evt_104463,,,,tìm căn hộ Quận Gò Vấp giá mềm gần trường học
,,,,Query:evt_101264,,buy_for_living,Query,evt_101264,,,,tìm nhà phố Phường Long Bình giá hợp lý gần trường học
,,,,Query:evt_102863,,buy_for_living,Query,evt_102863,,,,"nhà ở Quận 3 thoáng mát 4pn, tầm trung"
,,,,Query:evt_102400,,buy_for_living,Query,evt_102400,,,,căn hộ Quận 4 giá tốt cho vợ chồng mới cưới
,,,,Query:evt_103036,,buy_for_living,Query,evt_103036,,,,"nhà ở Quận 9 thoáng mát 6pn, vị trí đẹp"
,,,,Query:evt_101011,,investment,Query,evt_101011,,,,căn hộ Quận 2 ổn định cho thuê lại được
,,,,Query:evt_100119,,buy_for_living,Query,evt_100119,,,,tìm căn hộ Quận 2 tầm trung gần trường học
,,,,Query:evt_100495,,buy_for_living,Query,evt_100495,,,,căn hộ Quận Gò Vấp ổn định cho vợ chồng mới cưới
,,,,Query:evt_101332,,buy_for_living,Query,evt_101332,,,,đất nền Quận 7 giá rẻ cho vợ chồng mới cưới
,,,,Query:evt_102631,,rent,Query,evt_102631,,,,"cần thuê đất nền Quận Gò Vấp full nội thất, giá hợp lý"
,,,,Query:evt_100097,,buy_for_living,Query,evt_100097,,,,"cần mua căn hộ 2 phòng ngủ ở Quận 7 để ở, bình dân"
,,,,Query:evt_100552,,buy_for_living,Query,evt_100552,,,,căn hộ Quận 1 rẻ một chút cho vợ chồng mới cưới
,,,,Query:evt_103967,,buy_for_living,Query,evt_103967,,,,"nhà ở Phường Dĩ An thoáng mát 4pn, tầm trung"
,,,,Query:evt_101517,,investment,Query,evt_101517,,,,đất nền Quận 9 rẻ một chút cho thuê lại được
,,,,Query:evt_100785,,investment,Query,evt_100785,,,,"mua đất nền đầu tư ở Phường Hiệp Bình pháp lý rõ ràng, giá mềm"
,,,,Query:evt_100974,,investment,Query,evt_100974,,,,biệt thự Quận Thủ Đức cao cấp cho thuê lại được
,,,,Query:evt_100535,,buy_for_living,Query,evt_100535,,,,tìm căn hộ Quận Bình Thạnh giá rẻ gần trường học
,,,,Query:evt_104150,,investment,Query,evt_104150,,,,nhà phố Quận 9 khu nhà giàu dòng tiền tốt
,,,,Query:evt_102273,,buy_for_living,Query,evt_102273,,,,căn hộ Quận 3 giá mềm cho gia đình
,,,,Query:evt_103653,,investment,Query,evt_103653,,,,căn hộ Phường Dĩ An giá tốt cho thuê lại được
,,,,Query:evt_101980,,investment,Query,evt_101980,,,,căn hộ Quận 2 vị trí đẹp cho thuê lại được
,,,,Query:evt_104018,,rent,Query,evt_104018,,,,thuê căn hộ Phường An Phú 2 phòng ngủ giá hợp lý
,,,,Query:evt_101390,,rent,Query,evt_101390,,,,tìm phòng nhà phố ở Quận 1 giá vừa phải
,,,,Query:evt_100138,,buy_for_living,Query,evt_100138,,,,biệt thự Quận Bình Thạnh tầm trung cho vợ chồng mới cưới
,,,,Query:evt_101956,,buy_for_living,Query,evt_101956,,,,nhà phố Quận 1 khu nhà giàu cho gia đình
,,,,Query:evt_102338,,buy_for_living,Query,evt_102338,,,,nhà phố Quận Gò Vấp giá hợp lý cho vợ chồng mới cưới
,,,,Query:evt_101385,,rent,Query,evt_101385,,,,"cần thuê đất nền Quận Thủ Đức full nội thất, giá tốt"
,,,,Query:evt_101269,,investment,Query,evt_101269,,,,"mua căn hộ đầu tư ở Quận 2 pháp lý rõ ràng, tầm trung"
,,,,Query:evt_100758,,buy_for_living,Query,evt_100758,,,,"nhà ở Quận 1 thoáng mát 3pn, giá mềm"
,,,,Query:evt_101237,,investment,Query,evt_101237,,,,"mua căn hộ đầu tư ở Quận 1 pháp lý rõ ràng, giá vừa phải"
,,,,Query:evt_100523,,buy_for_living,Query,evt_100523,,,,nhà phố Quận 2 giá mềm cho vợ chồng mới cưới
,,,,Query:evt_100410,,buy_for_living,Query,evt_100410,,,,căn hộ Quận Thủ Đức giá vừa phải cho gia đình
,,,,Query:evt_102790,,investment,Query,evt_102790,,,,đất nền Quận 7 rẻ một chút dòng tiền tốt
,,,,Query:evt_102974,,investment,Query,evt_102974,,,,tìm nhà phố Quận 4 khu nhà giàu tiềm năng tăng giá
,,,,Query:evt_102305,,buy_for_living,Query,evt_102305,,,,"cần mua căn hộ 5 phòng ngủ ở Phường Dĩ An để ở, vị trí đẹp"
,,,,Query:evt_103493,,buy_for_living,Query,evt_103493,,,,căn hộ Quận Bình Thạnh giá rẻ cho gia đình
,,,,Query:evt_101407,,investment,Query,evt_101407,,,,tìm nhà phố Quận Bình Thạnh cao cấp tiềm năng tăng giá
,,,,Query:evt_100113,,buy_for_living,Query,evt_100113,,,,"nhà ở Quận Bình Thạnh thoáng mát 3pn, tầm trung"
,,,,Query:evt_101287,,investment,Query,evt_101287,,,,căn hộ Quận 7 bình dân cho thuê lại được
,,,,Query:evt_102660,,buy_for_living,Query,evt_102660,,,,"cần mua nhà phố 2 phòng ngủ ở Quận Bình Thạnh để ở, rẻ một chút"
,,,,Query:evt_102911,,buy_for_living,Query,evt_102911,,,,tìm căn hộ Quận 2 giá vừa phải gần trường học
,,,,Query:evt_101485,,buy_for_living,Query,evt_101485,,,,"nhà ở Quận 4 thoáng mát 1pn, giá mềm"
,,,,Query:evt_104462,,buy_for_living,Query,evt_104462,,,,"cần mua căn hộ 1 phòng ngủ ở Quận 1 để ở, giá tốt"
,,,,Query:evt_103224,,buy_for_living,Query,evt_103224,,,,đất nền Quận Thủ Đức ổn định cho gia đình
,,,,Query:evt_101105,,investment,Query,evt_101105,,,,căn hộ Quận 7 giá mềm dòng tiền tốt
,,,,Query:evt_100115,,buy_for_living,Query,evt_100115,,,,nhà phố Quận Thủ Đức rẻ một chút cho vợ chồng mới cưới
,,,,Query:evt_100338,,investment,Query,evt_100338,,,,"mua đất nền đầu tư ở Quận 4 pháp lý rõ ràng, giá hợp lý"
,,,,Query:evt_103191,,investment,Query,evt_103191,,,,"mua căn hộ đầu tư ở Quận Bình Thạnh pháp lý rõ ràng, rẻ một chút"
,,,,Query:evt_102613,,buy_for_living,Query,evt_102613,,,,"nhà ở Quận 9 thoáng mát 2pn, vị trí đẹp"
,,,,Query:evt_102999,,buy_for_living,Query,evt_102999,,,,"cần mua căn hộ 2 phòng ngủ ở Quận Bình Thạnh để ở, giá tốt"
,,,,Query:evt_101360,,buy_for_living,Query,evt_101360,,,,căn hộ Quận Gò Vấp giá rẻ cho vợ chồng mới cưới
,,,,Query:evt_101249,,buy_for_living,Query,evt_101249,,,,"cần mua căn hộ 4 phòng ngủ ở Quận 1 để ở, cao cấp"
,,,,Query:evt_102328,,rent,Query,evt_102328,,,,căn hộ Phường Dĩ An giá rẻ cho thuê gần metro
,,,,Query:evt_103964,,buy_for_living,Query,evt_103964,,,,"cần mua nhà phố 2 phòng ngủ ở Quận 7 để ở, vị trí đẹp"
,,,,Query:evt_101398,,rent,Query,evt_101398,,,,"cần thuê căn hộ Quận Tân Bình full nội thất, giá vừa phải"
,,,,Query:evt_100639,,investment,Query,evt_100639,,,,"mua đất nền đầu tư ở Quận Gò Vấp pháp lý rõ ràng, rẻ một chút"
,,,,Query:evt_101234,,investment,Query,evt_101234,,,,tìm căn hộ Quận 7 vị trí đẹp tiềm năng tăng giá
,,,,Query:evt_102355,,investment,Query,evt_102355,,,,căn hộ Quận Bình Thạnh giá mềm cho thuê lại được
,,,,Query:evt_101221,,buy_for_living,Query,evt_101221,,,,tìm nhà phố Quận 7 cao cấp gần trường học
,,,,Query:evt_102344,,buy_for_living,Query,evt_102344,,,,căn hộ Quận Thủ Đức khu nhà giàu cho vợ chồng mới cưới
,,,,Query:evt_103316,,investment,Query,evt_103316,,,,biệt thự Quận 4 rẻ một chút cho thuê lại được
,,,,Query:evt_101362,,buy_for_living,Query,evt_101362,,,,"nhà ở Quận 3 thoáng mát 1pn, ổn định"
,,,,Query:evt_101650,,rent,Query,evt_101650,,,,"cần thuê căn hộ Quận Thủ Đức full nội thất, khu nhà giàu"
,,,,Query:evt_103689,,buy_for_living,Query,evt_103689,,,,tìm nhà phố Phường An Phú tầm trung gần trường học
,,,,Query:evt_104397,,investment,Query,evt_104397,,,,"mua nhà phố đầu tư ở Quận 2 pháp lý rõ ràng, tầm trung"
,,,,Query:evt_104314,,rent,Query,evt_104314,,,,thuê căn hộ Quận 2 1 phòng ngủ giá vừa phải
,,,,Query:evt_101559,,buy_for_living,Query,evt_101559,,,,"nhà ở Quận Bình Thạnh thoáng mát 4pn, khu nhà giàu"
,,,,Query:evt_103658,,investment,Query,evt_103658,,,,tìm nhà phố Phường Long Bình cao cấp tiềm năng tăng giá
,,,,Query:evt_100522,,buy_for_living,Query,evt_100522,,,,"cần mua căn hộ 1 phòng ngủ ở Quận Bình Thạnh để ở, rẻ một chút"
,,,,Query:evt_103245,,investment,Query,evt_103245,,,,đất nền Quận Thủ Đức khu nhà giàu cho thuê lại được
,,,,Query:evt_102836,,buy_for_living,Query,evt_102836,,,,tìm nhà phố Quận Tân Bình tầm trung gần trường học
,,,,Query:evt_102770,,buy_for_living,Query,evt_102770,,,,đất nền Quận Thủ Đức bình dân cho vợ chồng mới cưới
,,,,Query:evt_102243,,buy_for_living,Query,evt_102243,,,,nhà phố Phường Long Bình sang trọng cho gia đình
,,,,Query:evt_103623,,buy_for_living,Query,evt_103623,,,,tìm căn hộ Quận Tân Bình tầm trung gần trường học
,,,,Query:evt_101158,,rent,Query,evt_101158,,,,căn hộ Quận Thủ Đức giá mềm cho thuê gần metro
,,,,Query:evt_103891,,buy_for_living,Query,evt_103891,,,,tìm căn hộ Quận Thủ Đức vị trí đẹp gần trường học
,,,,Query:evt_102584,,buy_for_living,Query,evt_102584,,,,căn hộ Quận Thủ Đức giá vừa phải cho vợ chồng mới cưới
,,,,Query:evt_102049,,buy_for_living,Query,evt_102049,,,,"cần mua căn hộ 2 phòng ngủ ở Quận 9 để ở, giá rẻ"
,,,,Query:evt_100311,,buy_for_living,Query,evt_100311,,,,"nhà ở Phường An Phú thoáng mát 5pn, khu nhà giàu"
,,,,Query:evt_103400,,investment,Query,evt_103400,,,,căn hộ Quận Gò Vấp giá rẻ cho thuê lại được
,,,,Query:evt_102925,,buy_for_living,Query,evt_102925,,,,đất nền Phường An Phú vị trí đẹp cho gia đình
,,,,Query:evt_100654,,investment,Query,evt_100654,,,,biệt thự Quận Gò Vấp tầm trung cho thuê lại được
,,,,Query:evt_101015,,investment,Query,evt_101015,,,,đất nền Quận Gò Vấp vị trí đẹp dòng tiền tốt
,,,,Query:evt_101521,,investment,Query,evt_101521,,,,"mua biệt thự đầu tư ở Quận 3 pháp lý rõ ràng, rẻ một chút"
,,,,Query:evt_101827,,buy_for_living,Query,evt_101827,,,,"nhà ở Phường Dĩ An thoáng mát 1pn, giá tốt"
,,,,Query:evt_102696,,investment,Query,evt_102696,,,,nhà phố Quận 1 giá tốt dòng tiền tốt
,,,,Query:evt_100810,,investment,Query,evt_100810,,,,biệt thự Quận 1 sang trọng cho thuê lại được
,,,,Query:evt_103252,,investment,Query,evt_103252,,,,căn hộ Quận 2 tầm trung cho thuê lại được
,,,,Query:evt_100142,,buy_for_living,Query,evt_100142,,,,"cần mua căn hộ 4 phòng ngủ ở Quận 9 để ở, ổn định"
,,,,Query:evt_101166,,buy_for_living,Query,evt_101166,,,,căn hộ Quận 9 tầm trung cho vợ chồng mới cưới
,,,,Query:evt_101035,,buy_for_living,Query,evt_101035,,,,tìm căn hộ Quận 7 giá hợp lý gần trường học
,,,,Query:evt_100047,,rent,Query,evt_100047,,,,tìm phòng căn hộ ở Quận 7 vị trí đẹp
,,,,Query:evt_104387,,buy_for_living,Query,evt_104387,,,,"nhà ở Quận 4 thoáng mát 4pn, sang trọng"
,,,,Query:evt_103384,,rent,Query,evt_103384,,,,thuê căn hộ Phường Dĩ An 5 phòng ngủ vị trí đẹp
,,,,Query:evt_100123,,buy_for_living,Query,evt_100123,,,,căn hộ Phường Dĩ An cao cấp cho vợ chồng mới cưới
,,,,Query:evt_104215,,investment,Query,evt_104215,,,,tìm đất nền Quận 7 giá hợp lý tiềm năng tăng giá
,,,,Query:evt_103587,,buy_for_living,Query,evt_103587,,,,"cần mua căn hộ 4 phòng ngủ ở Phường Dĩ An để ở, cao cấp"
,,,,Query:evt_101700,,buy_for_living,Query,evt_101700,,,,"cần mua căn hộ 6 phòng ngủ ở Quận 9 để ở, vị trí đẹp"
,,,,Query:evt_100932,,buy_for_living,Query,evt_100932,,,,tìm đất nền Quận 3 tầm trung gần trường học
,,,,Query:evt_102831,,buy_for_living,Query,evt_102831,,,,"cần mua nhà phố 1 phòng ngủ ở Quận 2 để ở, giá mềm"
,,,,Query:evt_103588,,buy_for_living,Query,evt_103588,,,,"nhà ở Phường Long Bình thoáng mát 6pn, vị trí đẹp"
,,,,Query:evt_101350,,buy_for_living,Query,evt_101350,,,,căn hộ Quận 3 vị trí đẹp cho vợ chồng mới cưới
,,,,Query:evt_101435,,buy_for_living,Query,evt_101435,,,,căn hộ Quận 2 giá tốt cho vợ chồng mới cưới
,,,,Query:evt_103044,,buy_for_living,Query,evt_103044,,,,tìm nhà phố Quận 4 ổn định gần trường học
,,,,Query:evt_103386,,rent,Query,evt_103386,,,,tìm phòng căn hộ ở Quận 7 giá tốt
,,,,Query:evt_100259,,rent,Query,evt_100259,,,,"cần thuê đất nền Quận 4 full nội thất, vị trí đẹp"
,,,,Query:evt_102524,,buy_for_living,Query,evt_102524,,,,nhà phố Quận Bình Thạnh giá mềm cho gia đình
,,,,Query:evt_100790,,investment,Query,evt_100790,,,,căn hộ Quận Thủ Đức bình dân cho thuê lại được
,,,,Query:evt_100496,,buy_for_living,Query,evt_100496,,,,"nhà ở Phường An Phú thoáng mát 6pn, sang trọng"
,,,,Query:evt_101417,,buy_for_living,Query,evt_101417,,,,căn hộ Phường An Phú giá mềm cho vợ chồng mới cưới
,,,,Query:evt_103845,,buy_for_living,Query,evt_103845,,,,nhà phố Quận 7 ổn định cho vợ chồng mới cưới
,,,,Query:evt_102332,,rent,Query,evt_102332,,,,thuê căn hộ Quận Tân Bình 1 phòng ngủ bình dân
,,,,Query:evt_101709,,investment,Query,evt_101709,,,,đất nền Phường Dĩ An giá hợp lý dòng tiền tốt
,,,,Query:evt_104091,,rent,Query,evt_104091,,,,thuê nhà phố Phường An Phú 1 phòng ngủ rẻ một chút
,,,,Query:evt_101318,,buy_for_living,Query,evt_101318,,,,"cần mua nhà phố 4 phòng ngủ ở Phường Long Bình để ở, vị trí đẹp"
,,,,Query:evt_101883,,buy_for_living,Query,evt_101883,,,,căn hộ Quận 4 cao cấp cho gia đình
,,,,Query:evt_103212,,buy_for_living,Query,evt_103212,,,,biệt thự Quận Thủ Đức rẻ một chút cho vợ chồng mới cưới
,,,,Query:evt_104009,,buy_for_living,Query,evt_104009,,,,nhà phố Quận 2 sang trọng cho gia đình
,,,,Query:evt_102038,,investment,Query,evt_102038,,,,căn hộ Quận 2 giá tốt dòng tiền tốt
,,,,Query:evt_103196,,buy_for_living,Query,evt_103196,,,,căn hộ Quận 7 cao cấp cho vợ chồng mới cưới
,,,,Query:evt_100867,,buy_for_living,Query,evt_100867,,,,"cần mua biệt thự 2 phòng ngủ ở Phường An Phú để ở, giá vừa phải"
,,,,Query:evt_101986,,buy_for_living,Query,evt_101986,,,,căn hộ Quận 2 tầm trung cho gia đình
,,,,Query:evt_102130,,buy_for_living,Query,evt_102130,,,,"cần mua đất nền 4 phòng ngủ ở Quận Bình Thạnh để ở, khu nhà giàu"
,,,,Query:evt_102037,,investment,Query,evt_102037,,,,căn hộ Quận 9 vị trí đẹp cho thuê lại được
,,,,Query:evt_101556,,buy_for_living,Query,evt_101556,,,,"nhà ở Quận 1 thoáng mát 2pn, bình dân"
,,,,Query:evt_104480,,investment,Query,evt_104480,,,,biệt thự Quận Thủ Đức cao cấp dòng tiền tốt
,,,,Query:evt_103055,,buy_for_living,Query,evt_103055,,,,"cần mua nhà phố 2 phòng ngủ ở Quận Thủ Đức để ở, giá vừa phải"
,,,,Query:evt_102843,,buy_for_living,Query,evt_102843,,,,căn hộ Phường Dĩ An giá rẻ cho gia đình
,,,,Query:evt_100776,,rent,Query,evt_100776,,,,"cần thuê nhà phố Phường Long Bình full nội thất, giá tốt"
,,,,Query:evt_101829,,buy_for_living,Query,evt_101829,,,,"nhà ở Phường Dĩ An thoáng mát 1pn, giá vừa phải"
,,,,Query:evt_103429,,rent,Query,evt_103429,,,,căn hộ Phường Long Bình khu nhà giàu cho thuê gần metro
,,,,Query:evt_100478,,investment,Query,evt_100478,,,,căn hộ Quận 9 giá vừa phải dòng tiền tốt
,,,,Query:evt_101673,,investment,Query,evt_101673,,,,căn hộ Quận 2 khu nhà giàu cho thuê lại được
,,,,Query:evt_102391,,buy_for_living,Query,evt_102391,,,,"nhà ở Quận 2 thoáng mát 6pn, cao cấp"
,,,,Query:evt_101767,,rent,Query,evt_101767,,,,thuê căn hộ Quận Tân Bình 2 phòng ngủ tầm trung
,,,,Query:evt_104344,,investment,Query,evt_104344,,,,căn hộ Phường Dĩ An ổn định cho thuê lại được
,,,,Query:evt_102704,,buy_for_living,Query,evt_102704,,,,"nhà ở Quận 9 thoáng mát 3pn, rẻ một chút"
,,,,Query:evt_103258,,investment,Query,evt_103258,,,,nhà phố Phường An Phú giá mềm dòng tiền tốt
,,,,Query:evt_101759,,buy_for_living,Query,evt_101759,,,,"cần mua đất nền 4 phòng ngủ ở Quận 2 để ở, sang trọng"
,,,,Query:evt_100005,,buy_for_living,Query,evt_100005,,,,căn hộ Quận 9 vị trí đẹp cho gia đình
,,,,Query:evt_100596,,buy_for_living,Query,evt_100596,,,,"cần mua nhà phố 2 phòng ngủ ở Quận 9 để ở, bình dân"
,,,,Query:evt_102569,,investment,Query,evt_102569,,,,"mua căn hộ đầu tư ở Quận 4 pháp lý rõ ràng, bình dân"
,,,,Query:evt_100229,,buy_for_living,Query,evt_100229,,,,căn hộ Phường Long Bình giá tốt cho vợ chồng mới cưới
,,,,Query:evt_101810,,buy_for_living,Query,evt_101810,,,,"cần mua căn hộ 2 phòng ngủ ở Quận 2 để ở, giá tốt"
,,,,Query:evt_103521,,buy_for_living,Query,evt_103521,,,,căn hộ Quận 3 tầm trung cho vợ chồng mới cưới
,,,,Query:evt_102495,,buy_for_living,Query,evt_102495,,,,"cần mua đất nền 0 phòng ngủ ở Quận 1 để ở, tầm trung"
,,,,Query:evt_102143,,investment,Query,evt_102143,,,,căn hộ Phường Hiệp Bình giá mềm cho thuê lại được
,,,,Query:evt_102701,,buy_for_living,Query,evt_102701,,,,"cần mua đất nền 4 phòng ngủ ở Quận Thủ Đức để ở, khu nhà giàu"
,,,,Query:evt_103159,,buy_for_living,Query,evt_103159,,,,biệt thự Quận 1 bình dân cho gia đình
,,,,Query:evt_100407,,buy_for_living,Query,evt_100407,,,,tìm căn hộ Quận Thủ Đức tầm trung gần trường học
,,,,Query:evt_104466,,investment,Query,evt_104466,,,,"mua căn hộ đầu tư ở Quận Tân Bình pháp lý rõ ràng, giá vừa phải"
,,,,Query:evt_103239,,rent,Query,evt_103239,,,,thuê căn hộ Quận 7 2 phòng ngủ sang trọng
,,,,Query:evt_100634,,rent,Query,evt_100634,,,,biệt thự Quận 9 giá rẻ cho thuê gần metro
,,,,Query:evt_104124,,buy_for_living,Query,evt_104124,,,,"cần mua căn hộ 2 phòng ngủ ở Quận 1 để ở, bình dân"
,,,,Query:evt_100061,,buy_for_living,Query,evt_100061,,,,"nhà ở Quận 7 thoáng mát 3pn, bình dân"
,,,,Query:evt_100417,,buy_for_living,Query,evt_100417,,,,"cần mua căn hộ 4 phòng ngủ ở Quận 9 để ở, tầm trung"
,,,,Query:evt_104362,,rent,Query,evt_104362,,,,tìm phòng biệt thự ở Phường Dĩ An giá vừa phải
,,,,Query:evt_103473,,investment,Query,evt_103473,,,,căn hộ Phường Hiệp Bình ổn định dòng tiền tốt
,,,,Query:evt_100856,,investment,Query,evt_100856,,,,nhà phố Quận Thủ Đức giá tốt dòng tiền tốt
,,,,Query:evt_101240,,investment,Query,evt_101240,,,,căn hộ Quận 4 giá hợp lý dòng tiền tốt
,,,,Query:evt_100273,,rent,Query,evt_100273,,,,tìm phòng căn hộ ở Quận Thủ Đức giá tốt
,,,,Query:evt_100729,,buy_for_living,Query,evt_100729,,,,căn hộ Quận 7 rẻ một chút cho vợ chồng mới cưới
,,,,Query:evt_101712,,investment,Query,evt_101712,,,,"mua căn hộ đầu tư ở Quận 7 pháp lý rõ ràng, cao cấp"
,,,,Query:evt_104197,,buy_for_living,Query,evt_104197,,,,đất nền Quận 3 bình dân cho gia đình
,,,,Query:evt_102981,,investment,Query,evt_102981,,,,tìm căn hộ Quận 9 giá vừa phải tiềm năng tăng giá
,,,,Query:evt_103179,,buy_for_living,Query,evt_103179,,,,"cần mua căn hộ 1 phòng ngủ ở Quận Bình Thạnh để ở, rẻ một chút"
,,,,Query:evt_102602,,buy_for_living,Query,evt_102602,,,,nhà phố Quận Tân Bình cao cấp cho gia đình
,,,,Query:evt_101373,,buy_for_living,Query,evt_101373,,,,"cần mua nhà phố 5 phòng ngủ ở Quận 1 để ở, khu nhà giàu"
,,,,Query:evt_101176,,buy_for_living,Query,evt_101176,,,,đất nền Quận 2 giá hợp lý cho vợ chồng mới cưới
,,,,Query:evt_100963,,investment,Query,evt_100963,,,,đất nền Quận 9 cao cấp dòng tiền tốt
,,,,Query:evt_103039,,buy_for_living,Query,evt_103039,,,,tìm nhà phố Quận 7 rẻ một chút gần trường học
,,,,Query:evt_101696,,buy_for_living,Query,evt_101696,,,,nhà phố Quận 9 tầm trung cho vợ chồng mới cưới
,,,,Query:evt_101921,,buy_for_living,Query,evt_101921,,,,đất nền Quận 4 giá mềm cho vợ chồng mới cưới
,,,,Query:evt_102897,,buy_for_living,Query,evt_102897,,,,căn hộ Quận 9 cao cấp cho vợ chồng mới cưới
,,,,Query:evt_101334,,buy_for_living,Query,evt_101334,,,,căn hộ Quận 1 giá mềm cho gia đình
,,,,Query:evt_102222,,buy_for_living,Query,evt_102222,,,,"cần mua nhà phố 0 phòng ngủ ở Quận Thủ Đức để ở, giá tốt"
,,,,Query:evt_101031,,buy_for_living,Query,evt_101031,,,,tìm căn hộ Quận 7 giá hợp lý gần trường học
,,,,Query:evt_100225,,buy_for_living,Query,evt_100225,,,,tìm căn hộ Quận 3 giá tốt gần trường học
,,,,Query:evt_100894,,rent,Query,evt_100894,,,,thuê nhà phố Quận Thủ Đức 2 phòng ngủ tầm trung
,,,,Query:evt_102048,,buy_for_living,Query,evt_102048,,,,tìm căn hộ Quận 1 bình dân gần trường học
,,,,Query:evt_103768,,investment,Query,evt_103768,,,,đất nền Quận 9 giá mềm cho thuê lại được
,,,,Query:evt_102462,,rent,Query,evt_102462,,,,"cần thuê căn hộ Phường Dĩ An full nội thất, giá hợp lý"
,,,,Query:evt_100655,,investment,Query,evt_100655,,,,"mua căn hộ đầu tư ở Quận 2 pháp lý rõ ràng, cao cấp"
,,,,Query:evt_103851,,investment,Query,evt_103851,,,,tìm đất nền Quận 7 ổn định tiềm năng tăng giá
,,,,Query:evt_103874,,investment,Query,evt_103874,,,,tìm căn hộ Quận Bình Thạnh ổn định tiềm năng tăng giá
,,,,Query:evt_101714,,investment,Query,evt_101714,,,,tìm căn hộ Phường Long Bình khu nhà giàu tiềm năng tăng giá
,,,,Query:evt_103713,,investment,Query,evt_103713,,,,tìm căn hộ Quận Tân Bình giá mềm tiềm năng tăng giá
,,,,Query:evt_101567,,buy_for_living,Query,evt_101567,,,,nhà phố Quận Gò Vấp tầm trung cho vợ chồng mới cưới
,,,,Query:evt_104015,,buy_for_living,Query,evt_104015,,,,tìm căn hộ Quận Tân Bình giá hợp lý gần trường học
,,,,Query:evt_101115,,investment,Query,evt_101115,,,,nhà phố Quận 3 giá vừa phải cho thuê lại được
,,,,Query:evt_102628,,rent,Query,evt_102628,,,,đất nền Phường Long Bình giá tốt cho thuê gần metro
,,,,Query:evt_100918,,buy_for_living,Query,evt_100918,,,,"nhà ở Quận Gò Vấp thoáng mát 3pn, vị trí đẹp"
,,,,Query:evt_102026,,buy_for_living,Query,evt_102026,,,,tìm căn hộ Quận 9 tầm trung gần trường học
,,,,Query:evt_101065,,buy_for_living,Query,evt_101065,,,,"cần mua căn hộ 3 phòng ngủ ở Quận 1 để ở, giá tốt"
,,,,Query:evt_104386,,buy_for_living,Query,evt_104386,,,,"cần mua căn hộ 3 phòng ngủ ở Quận 7 để ở, rẻ một chút"
,,,,Query:evt_100353,,investment,Query,evt_100353,,,,căn hộ Quận Tân Bình giá hợp lý cho thuê lại được
,,,,Query:evt_103012,,buy_for_living,Query,evt_103012,,,,căn hộ Quận Thủ Đức giá mềm cho gia đình
,,,,Query:evt_104367,,buy_for_living,Query,evt_104367,,,,"nhà ở Quận Tân Bình thoáng mát 2pn, rẻ một chút"
,,,,Query:evt_103764,,buy_for_living,Query,evt_103764,,,,tìm nhà phố Quận 3 tầm trung gần trường học
,,,,Query:evt_100643,,investment,Query,evt_100643,,,,"mua đất nền đầu tư ở Quận Tân Bình pháp lý rõ ràng, ổn định"
,,,,Query:evt_101671,,investment,Query,evt_101671,,,,"mua căn hộ đầu tư ở Quận 7 pháp lý rõ ràng, bình dân"
,,,,Query:evt_100506,,buy_for_living,Query,evt_100506,,,,căn hộ Quận Tân Bình khu nhà giàu cho vợ chồng mới cưới
,,,,Query:evt_104258,,investment,Query,evt_104258,,,,"mua căn hộ đầu tư ở Quận Thủ Đức pháp lý rõ ràng, giá rẻ"
,,,,Query:evt_100031,,rent,Query,evt_100031,,,,tìm phòng căn hộ ở Phường Dĩ An giá hợp lý
,,,,Query:evt_102715,,investment,Query,evt_102715,,,,tìm căn hộ Quận 1 sang trọng tiềm năng tăng giá
,,,,Query:evt_102483,,buy_for_living,Query,evt_102483,,,,"nhà ở Quận 3 thoáng mát 2pn, tầm trung"
,,,,Query:evt_103621,,buy_for_living,Query,evt_103621,,,,tìm căn hộ Quận Tân Bình giá hợp lý gần trường học
,,,,Query:evt_102365,,investment,Query,evt_102365,,,,tìm căn hộ Quận Thủ Đức rẻ một chút tiềm năng tăng giá
,,,,Query:evt_104032,,rent,Query,evt_104032,,,,tìm phòng nhà phố ở Quận 7 giá mềm
,,,,Query:evt_102282,,investment,Query,evt_102282,,,,nhà phố Quận 7 cao cấp dòng tiền tốt
,,,,Query:evt_101691,,buy_for_living,Query,evt_101691,,,,nhà phố Quận 9 giá hợp lý cho vợ chồng mới cưới
,,,,Query:evt_101984,,buy_for_living,Query,evt_101984,,,,"nhà ở Quận Thủ Đức thoáng mát 2pn, giá rẻ"
,,,,Query:evt_101429,,buy_for_living,Query,evt_101429,,,,"nhà ở Quận Thủ Đức thoáng mát 2pn, tầm trung"
,,,,Query:evt_103182,,investment,Query,evt_103182,,,,căn hộ Quận 7 giá vừa phải dòng tiền tốt
,,,,Query:evt_103355,,buy_for_living,Query,evt_103355,,,,căn hộ Quận Gò Vấp cao cấp cho vợ chồng mới cưới
,,,,Query:evt_102777,,investment,Query,evt_102777,,,,"mua nhà phố đầu tư ở Quận Thủ Đức pháp lý rõ ràng, giá tốt"
,,,,Query:evt_100511,,buy_for_living,Query,evt_100511,,,,"nhà ở Quận 1 thoáng mát 1pn, rẻ một chút"
,,,,Query:evt_102796,,buy_for_living,Query,evt_102796,,,,căn hộ Quận 1 vị trí đẹp cho gia đình
,,,,Query:evt_100527,,buy_for_living,Query,evt_100527,,,,"cần mua căn hộ 2 phòng ngủ ở Quận 1 để ở, giá rẻ"
,,,,Query:evt_100970,,investment,Query,evt_100970,,,,căn hộ Quận Thủ Đức khu nhà giàu cho thuê lại được
,,,,Query:evt_103430,,rent,Query,evt_103430,,,,thuê căn hộ Quận 2 2 phòng ngủ ổn định
,,,,Query:evt_101722,,investment,Query,evt_101722,,,,"mua căn hộ đầu tư ở Quận 2 pháp lý rõ ràng, khu nhà giàu"
,,,,Query:evt_101051,,rent,Query,evt_101051,,,,"cần thuê căn hộ Quận 4 full nội thất, khu nhà giàu"
,,,,Query:evt_102430,,investment,Query,evt_102430,,,,"mua căn hộ đầu tư ở Quận 7 pháp lý rõ ràng, sang trọng"
,,,,Query:evt_100452,,buy_for_living,Query,evt_100452,,,,tìm căn hộ Quận Bình Thạnh tầm trung gần trường học
,,,,Query:evt_100595,,buy_for_living,Query,evt_100595,,,,tìm căn hộ Quận 7 giá tốt gần trường học
,,,,Query:evt_100823,,buy_for_living,Query,evt_100823,,,,"nhà ở Quận 7 thoáng mát 2pn, tầm trung"
,,,,Query:evt_103026,,buy_for_living,Query,evt_103026,,,,"nhà ở Quận 1 thoáng mát 1pn, giá mềm"
,,,,Query:evt_103213,,buy_for_living,Query,evt_103213,,,,căn hộ Quận Gò Vấp rẻ một chút cho vợ chồng mới cưới
,,,,Query:evt_103654,,investment,Query,evt_103654,,,,căn hộ Quận 9 giá tốt cho thuê lại được
,,,,Query:evt_103104,,investment,Query,evt_103104,,,,biệt thự Phường Long Bình bình dân dòng tiền tốt
,,,,Query:evt_103027,,buy_for_living,Query,evt_103027,,,,"cần mua biệt thự 2 phòng ngủ ở Quận 9 để ở, giá rẻ"
,,,,Query:evt_100335,,buy_for_living,Query,evt_100335,,,,tìm căn hộ Quận 7 ổn định gần trường học
,,,,Query:evt_102576,,investment,Query,evt_102576,,,,căn hộ Quận Gò Vấp giá vừa phải cho thuê lại được
,,,,Query:evt_103097,,investment,Query,evt_103097,,,,nhà phố Quận Tân Bình giá tốt dòng tiền tốt
,,,,Query:evt_101379,,buy_for_living,Query,evt_101379,,,,tìm nhà phố Quận 7 giá hợp lý gần trường học
,,,,Query:evt_102936,,buy_for_living,Query,evt_102936,,,,tìm biệt thự Quận Tân Bình rẻ một chút gần trường học
,,,,Query:evt_103141,,buy_for_living,Query,evt_103141,,,,"nhà ở Quận 9 thoáng mát 6pn, sang trọng"
,,,,Query:evt_103975,,buy_for_living,Query,evt_103975,,,,tìm căn hộ Quận 3 giá vừa phải gần trường học
,,,,Query:evt_103895,,buy_for_living,Query,evt_103895,,,,"cần mua căn hộ 2 phòng ngủ ở Quận 7 để ở, giá tốt"
,,,,Query:evt_104295,,buy_for_living,Query,evt_104295,,,,"cần mua căn hộ 2 phòng ngủ ở Quận Tân Bình để ở, bình dân"
,,,,Query:evt_100915,,buy_for_living,Query,evt_100915,,,,"nhà ở Quận 4 thoáng mát 3pn, cao cấp"
,,,,Query:evt_100640,,investment,Query,evt_100640,,,,tìm căn hộ Quận Bình Thạnh giá mềm tiềm năng tăng giá
,,,,Query:evt_100962,,investment,Query,evt_100962,,,,tìm nhà phố Quận Tân Bình giá rẻ tiềm năng tăng giá
,,,,Query:evt_101305,,buy_for_living,Query,evt_101305,,,,nhà phố Quận Bình Thạnh vị trí đẹp cho vợ chồng mới cưới
,,,,Query:evt_103024,,buy_for_living,Query,evt_103024,,,,"nhà ở Quận Thủ Đức thoáng mát 1pn, giá mềm"
,,,,Query:evt_101141,,buy_for_living,Query,evt_101141,,,,tìm căn hộ Quận 7 giá vừa phải gần trường học
,,,,Query:evt_101500,,buy_for_living,Query,evt_101500,,,,tìm căn hộ Quận Bình Thạnh vị trí đẹp gần trường học
,,,,Query:evt_100661,,investment,Query,evt_100661,,,,căn hộ Quận Tân Bình rẻ một chút cho thuê lại được
,,,,Query:evt_102868,,buy_for_living,Query,evt_102868,,,,"nhà ở Quận 1 thoáng mát 2pn, giá vừa phải"
,,,,Query:evt_102146,,buy_for_living,Query,evt_102146,,,,căn hộ Quận Gò Vấp vị trí đẹp cho gia đình
,,,,Query:evt_100444,,buy_for_living,Query,evt_100444,,,,căn hộ Quận Thủ Đức tầm trung cho gia đình
,,,,Query:evt_101183,,buy_for_living,Query,evt_101183,,,,tìm biệt thự Quận 1 tầm trung gần trường học
,,,,Query:evt_101943,,buy_for_living,Query,evt_101943,,,,"nhà ở Quận Tân Bình thoáng mát 1pn, giá rẻ"
,,,,Query:evt_103798,,investment,Query,evt_103798,,,,căn hộ Quận 2 vị trí đẹp dòng tiền tốt
,,,,Query:evt_100579,,buy_for_living,Query,evt_100579,,,,tìm căn hộ Quận 7 tầm trung gần trường học
,,,,Query:evt_101606,,buy_for_living,Query,evt_101606,,,,tìm biệt thự Quận 2 giá hợp lý gần trường học
,,,,Query:evt_100489,,buy_for_living,Query,evt_100489,,,,tìm biệt thự Quận 9 tầm trung gần trường học
,,,,Query:evt_102858,,buy_for_living,Query,evt_102858,,,,căn hộ Quận Bình Thạnh giá mềm cho gia đình
,,,,Query:evt_100274,,rent,Query,evt_100274,,,,tìm phòng căn hộ ở Quận Thủ Đức cao cấp
,,,,Query:evt_104136,,buy_for_living,Query,evt_104136,,,,"nhà ở Quận 9 thoáng mát 6pn, vị trí đẹp"
,,,,Query:evt_103371,,investment,Query,evt_103371,,,,"mua biệt thự đầu tư ở Quận Gò Vấp pháp lý rõ ràng, rẻ một chút"
,,,,Query:evt_100718,,buy_for_living,Query,evt_100718,,,,nhà phố Quận Thủ Đức tầm trung cho gia đình
,,,,Query:evt_100701,,buy_for_living,Query,evt_100701,,,,căn hộ Quận 7 khu nhà giàu cho vợ chồng mới cưới
,,,,Query:evt_102517,,buy_for_living,Query,evt_102517,,,,đất nền Quận Bình Thạnh giá rẻ cho vợ chồng mới cưới
,,,,Query:evt_100224,,buy_for_living,Query,evt_100224,,,,căn hộ Phường Long Bình sang trọng cho vợ chồng mới cưới
,,,,Query:evt_103783,,investment,Query,evt_103783,,,,căn hộ Quận Thủ Đức giá tốt cho thuê lại được
,,,,Query:evt_102445,,buy_for_living,Query,evt_102445,,,,"nhà ở Quận 9 thoáng mát 3pn, bình dân"
,,,,Query:evt_104168,,buy_for_living,Query,evt_104168,,,,tìm căn hộ Quận Tân Bình tầm trung gần trường học
,,,,Query:evt_101838,,buy_for_living,Query,evt_101838,,,,"cần mua căn hộ 2 phòng ngủ ở Quận 3 để ở, giá tốt"
,,,,Query:evt_104076,,buy_for_living,Query,evt_104076,,,,tìm căn hộ Quận 1 rẻ một chút gần trường học
,,,,Query:evt_100098,,investment,Query,evt_100098,,,,tìm căn hộ Quận 1 giá hợp lý tiềm năng tăng giá
,,,,Query:evt_101898,,investment,Query,evt_101898,,,,căn hộ Quận Thủ Đức ổn định dòng tiền tốt
,,,,Query:evt_101069,,buy_for_living,Query,evt_101069,,,,"nhà ở Quận Thủ Đức thoáng mát 3pn, giá vừa phải"
,,,,Query:evt_100746,,buy_for_living,Query,evt_100746,,,,căn hộ Quận 7 vị trí đẹp cho gia đình
,,,,Query:evt_100081,,buy_for_living,Query,evt_100081,,,,nhà phố Quận 9 khu nhà giàu cho gia đình
,,,,Query:evt_102906,,buy_for_living,Query,evt_102906,,,,tìm đất nền Quận 1 vị trí đẹp gần trường học
,,,,Query:evt_102959,,investment,Query,evt_102959,,,,căn hộ Quận Tân Bình giá hợp lý dòng tiền tốt
,,,,Query:evt_104159,,buy_for_living,Query,evt_104159,,,,"nhà ở Quận 9 thoáng mát 3pn, tầm trung"
,,,,Query:evt_102908,,buy_for_living,Query,evt_102908,,,,căn hộ Quận Thủ Đức giá hợp lý cho gia đình
,,,,Query:evt_103307,,investment,Query,evt_103307,,,,nhà phố Quận 7 giá rẻ cho thuê lại được
,,,,Query:evt_102230,,buy_for_living,Query,evt_102230,,,,"cần mua căn hộ 3 phòng ngủ ở Phường Dĩ An để ở, bình dân"
,,,,Query:evt_100760,,buy_for_living,Query,evt_100760,,,,căn hộ Quận 1 cao cấp cho gia đình
,,,,Query:evt_103389,,rent,Query,evt_103389,,,,"cần thuê căn hộ Quận 9 full nội thất, cao cấp"
,,,,Query:evt_103200,,buy_for_living,Query,evt_103200,,,,"nhà ở Phường Dĩ An thoáng mát 1pn, bình dân"
,,,,Query:evt_101761,,buy_for_living,Query,evt_101761,,,,căn hộ Quận 9 tầm trung cho vợ chồng mới cưới
,,,,Query:evt_103601,,buy_for_living,Query,evt_103601,,,,tìm căn hộ Quận Gò Vấp bình dân gần trường học
,,,,Query:evt_104054,,buy_for_living,Query,evt_104054,,,,căn hộ Quận Thủ Đức rẻ một chút cho gia đình
,,,,Query:evt_103152,,buy_for_living,Query,evt_103152,,,,"cần mua căn hộ 3 phòng ngủ ở Quận 7 để ở, rẻ một chút"
,,,,Query:evt_103947,,buy_for_living,Query,evt_103947,,,,căn hộ Quận 1 rẻ một chút cho gia đình
,,,,Query:evt_102745,,investment,Query,evt_102745,,,,"mua nhà phố đầu tư ở Quận Gò Vấp pháp lý rõ ràng, bình dân"
,,,,Query:evt_101880,,buy_for_living,Query,evt_101880,,,,"nhà ở Quận Thủ Đức thoáng mát 2pn, giá rẻ"
,,,,Query:evt_102382,,buy_for_living,Query,evt_102382,,,,nhà phố Phường Long Bình sang trọng cho gia đình
,,,,Query:evt_100976,,investment,Query,evt_100976,,,,"mua căn hộ đầu tư ở Quận 3 pháp lý rõ ràng, giá vừa phải"
,,,,Query:evt_104447,,buy_for_living,Query,evt_104447,,,,"nhà ở Quận Thủ Đức thoáng mát 4pn, giá hợp lý"
,,,,Query:evt_102301,,buy_for_living,Query,evt_102301,,,,"nhà ở Quận Bình Thạnh thoáng mát 2pn, bình dân"
,,,,Query:evt_100787,,investment,Query,evt_100787,,,,biệt thự Quận Tân Bình bình dân dòng tiền tốt
,,,,Query:evt_103492,,buy_for_living,Query,evt_103492,,,,tìm căn hộ Quận 3 giá tốt gần trường học
,,,,Query:evt_101290,,investment,Query,evt_101290,,,,tìm đất nền Quận Thủ Đức khu nhà giàu tiềm năng tăng giá
,,,,Query:evt_101913,,buy_for_living,Query,evt_101913,,,,căn hộ Quận 1 giá tốt cho vợ chồng mới cưới
,,,,Query:evt_100139,,buy_for_living,Query,evt_100139,,,,"nhà ở Quận Gò Vấp thoáng mát 6pn, khu nhà giàu"
,,,,Query:evt_100084,,buy_for_living,Query,evt_100084,,,,"nhà ở Quận Thủ Đức thoáng mát 5pn, giá vừa phải"
,,,,Query:evt_101683,,investment,Query,evt_101683,,,,đất nền Quận Tân Bình giá vừa phải cho thuê lại được
,,,,Query:evt_101089,,buy_for_living,Query,evt_101089,,,,"cần mua nhà phố 6 phòng ngủ ở Quận 7 để ở, sang trọng"
,,,,Query:evt_103685,,investment,Query,evt_103685,,,,tìm căn hộ Quận 1 giá hợp lý tiềm năng tăng giá
,,,,Query:evt_101636,,buy_for_living,Query,evt_101636,,,,"nhà ở Quận 7 thoáng mát 2pn, ổn định"
,,,,Query:evt_103390,,rent,Query,evt_103390,,,,nhà phố Phường Dĩ An giá tốt cho thuê gần metro
,,,,Query:evt_104494,,investment,Query,evt_104494,,,,nhà phố Quận Thủ Đức cao cấp cho thuê lại được
,,,,Query:evt_101272,,investment,Query,evt_101272,,,,căn hộ Quận Thủ Đức rẻ một chút cho thuê lại được
,,,,Query:evt_103126,,rent,Query,evt_103126,,,,tìm phòng căn hộ ở Quận 4 khu nhà giàu
,,,,Query:evt_104300,,buy_for_living,Query,evt_104300,,,,căn hộ Phường Long Bình giá tốt cho vợ chồng mới cưới
,,,,Query:evt_103018,,buy_for_living,Query,evt_103018,,,,tìm căn hộ Phường An Phú sang trọng gần trường học
,,,,Query:evt_103793,,investment,Query,evt_103793,,,,biệt thự Quận Thủ Đức ổn định cho thuê lại được
,,,,Query:evt_102748,,investment,Query,evt_102748,,,,tìm nhà phố Quận Gò Vấp giá mềm tiềm năng tăng giá
,,,,Query:evt_104511,,investment,Query,evt_104511,,,,căn hộ Quận 1 giá tốt dòng tiền tốt
,,,,Query:evt_102454,,buy_for_living,Query,evt_102454,,,,căn hộ Quận 9 giá tốt cho gia đình
,,,,Query:evt_104183,,investment,Query,evt_104183,,,,căn hộ Phường Long Bình giá vừa phải cho thuê lại được
,,,,Query:evt_100893,,rent,Query,evt_100893,,,,căn hộ Quận 4 bình dân cho thuê gần metro
,,,,Query:evt_103862,,investment,Query,evt_103862,,,,tìm nhà phố Quận 7 giá mềm tiềm năng tăng giá
,,,,Query:evt_103193,,investment,Query,evt_103193,,,,tìm căn hộ Quận 4 giá vừa phải tiềm năng tăng giá
,,,,Query:evt_102123,,buy_for_living,Query,evt_102123,,,,căn hộ Quận Bình Thạnh giá hợp lý cho gia đình
,,,,Query:evt_101718,,investment,Query,evt_101718,,,,căn hộ Quận 9 giá rẻ cho thuê lại được
,,,,Query:evt_101621,,buy_for_living,Query,evt_101621,,,,căn hộ Phường Long Bình giá hợp lý cho vợ chồng mới cưới
,,,,Query:evt_102666,,rent,Query,evt_102666,,,,đất nền Quận 7 vị trí đẹp cho thuê gần metro
,,,,Query:evt_101300,,buy_for_living,Query,evt_101300,,,,căn hộ Quận Gò Vấp khu nhà giàu cho vợ chồng mới cưới
,,,,Query:evt_103506,,buy_for_living,Query,evt_103506,,,,"nhà ở Quận Thủ Đức thoáng mát 2pn, giá hợp lý"
,,,,Query:evt_104496,,investment,Query,evt_104496,,,,tìm căn hộ Quận Thủ Đức bình dân tiềm năng tăng giá
,,,,Query:evt_103298,,investment,Query,evt_103298,,,,căn hộ Quận 4 bình dân cho thuê lại được
,,,,Query:evt_101239,,investment,Query,evt_101239,,,,căn hộ Quận 2 giá hợp lý cho thuê lại được
,,,,Query:evt_103750,,buy_for_living,Query,evt_103750,,,,căn hộ Quận 2 cao cấp cho vợ chồng mới cưới
,,,,Query:evt_100866,,buy_for_living,Query,evt_100866,,,,căn hộ Quận Gò Vấp giá vừa phải cho gia đình
,,,,Query:evt_102617,,buy_for_living,Query,evt_102617,,,,"cần mua căn hộ 1 phòng ngủ ở Quận Thủ Đức để ở, tầm trung"
,,,,Query:evt_102621,,rent,Query,evt_102621,,,,"cần thuê đất nền Quận Tân Bình full nội thất, vị trí đẹp"
,,,,Query:evt_102669,,rent,Query,evt_102669,,,,căn hộ Quận Thủ Đức bình dân cho thuê gần metro
,,,,Query:evt_104424,,investment,Query,evt_104424,,,,căn hộ Quận 3 bình dân cho thuê lại được
,,,,Query:evt_104186,,investment,Query,evt_104186,,,,"mua đất nền đầu tư ở Phường Dĩ An pháp lý rõ ràng, cao cấp"
,,,,Query:evt_100151,,investment,Query,evt_100151,,,,căn hộ Quận 3 tầm trung cho thuê lại được
,,,,Query:evt_100860,,buy_for_living,Query,evt_100860,,,,tìm căn hộ Quận 3 ổn định gần trường học
,,,,Query:evt_103586,,buy_for_living,Query,evt_103586,,,,tìm căn hộ Phường Long Bình giá vừa phải gần trường học
,,,,Query:evt_100242,,investment,Query,evt_100242,,,,nhà phố Quận 1 vị trí đẹp cho thuê lại được
,,,,Query:evt_102657,,buy_for_living,Query,evt_102657,,,,"nhà ở Quận 7 thoáng mát 2pn, giá mềm"
,,,,Query:evt_104440,,investment,Query,evt_104440,,,,căn hộ Quận Gò Vấp vị trí đẹp dòng tiền tốt
,,,,Query:evt_104005,,buy_for_living,Query,evt_104005,,,,tìm nhà phố Quận 1 vị trí đẹp gần trường học
,,,,Query:evt_104329,,rent,Query,evt_104329,,,,thuê nhà phố Quận 7 6 phòng ngủ sang trọng
,,,,Query:evt_103143,,buy_for_living,Query,evt_103143,,,,tìm căn hộ Quận 1 tầm trung gần trường học
,,,,Query:evt_100082,,buy_for_living,Query,evt_100082,,,,"cần mua căn hộ 1 phòng ngủ ở Quận Thủ Đức để ở, giá mềm"
,,,,Query:evt_102460,,rent,Query,evt_102460,,,,biệt thự Phường An Phú khu nhà giàu cho thuê gần metro
,,,,Query:evt_102662,,rent,Query,evt_102662,,,,căn hộ Quận 3 ổn định cho thuê gần metro
,,,,Query:evt_102882,,buy_for_living,Query,evt_102882,,,,căn hộ Quận Gò Vấp sang trọng cho gia đình
,,,,Query:evt_103762,,buy_for_living,Query,evt_103762,,,,đất nền Quận Bình Thạnh giá hợp lý cho gia đình
,,,,Query:evt_102293,,investment,Query,evt_102293,,,,căn hộ Quận 9 giá hợp lý dòng tiền tốt
,,,,Query:evt_100306,,buy_for_living,Query,evt_100306,,,,"cần mua căn hộ 3 phòng ngủ ở Quận Gò Vấp để ở, giá hợp lý"
,,,,Query:evt_101053,,investment,Query,evt_101053,,,,"mua nhà phố đầu tư ở Quận 7 pháp lý rõ ràng, giá hợp lý"
,,,,Query:evt_103992,,buy_for_living,Query,evt_103992,,,,tìm căn hộ Quận 4 giá mềm gần trường học
,,,,Query:evt_102726,,investment,Query,evt_102726,,,,đất nền Quận 2 rẻ một chút dòng tiền tốt
,,,,Query:evt_101170,,buy_for_living,Query,evt_101170,,,,tìm căn hộ Quận 4 vị trí đẹp gần trường học
,,,,Query:evt_104101,,rent,Query,evt_104101,,,,thuê căn hộ Quận 7 5 phòng ngủ sang trọng
,,,,Query:evt_102552,,investment,Query,evt_102552,,,,căn hộ Quận 3 cao cấp dòng tiền tốt
,,,,Query:evt_100989,,investment,Query,evt_100989,,,,đất nền Quận 9 vị trí đẹp cho thuê lại được
,,,,Query:evt_100647,,investment,Query,evt_100647,,,,căn hộ Phường Long Bình giá hợp lý dòng tiền tốt
,,,,Query:evt_104265,,buy_for_living,Query,evt_104265,,,,nhà phố Phường Hiệp Bình giá rẻ cho gia đình
,,,,Query:evt_101789,,investment,Query,evt_101789,,,,căn hộ Quận Thủ Đức khu nhà giàu cho thuê lại được
,,,,Query:evt_100623,,rent,Query,evt_100623,,,,nhà phố Quận 9 ổn định cho thuê gần metro
,,,,Query:evt_103503,,buy_for_living,Query,evt_103503,,,,"cần mua căn hộ 6 phòng ngủ ở Quận 1 để ở, khu nhà giàu"
,,,,Query:evt_101554,,buy_for_living,Query,evt_101554,,,,tìm căn hộ Quận Bình Thạnh sang trọng gần trường học
,,,,Query:evt_100429,,buy_for_living,Query,evt_100429,,,,"cần mua nhà phố 2 phòng ngủ ở Phường Dĩ An để ở, giá rẻ"
,,,,Query:evt_100935,,investment,Query,evt_100935,,,,căn hộ Phường Hiệp Bình sang trọng dòng tiền tốt
,,,,Query:evt_103375,,rent,Query,evt_103375,,,,căn hộ Quận 1 sang trọng cho thuê gần metro
,,,,Query:evt_103000,,buy_for_living,Query,evt_103000,,,,tìm nhà phố Quận 1 bình dân gần trường học
,,,,Query:evt_100048,,rent,Query,evt_100048,,,,đất nền Quận Thủ Đức cao cấp cho thuê gần metro
,,,,Query:evt_100662,,investment,Query,evt_100662,,,,"mua căn hộ đầu tư ở Quận Thủ Đức pháp lý rõ ràng, vị trí đẹp"
,,,,Query:evt_102979,,investment,Query,evt_102979,,,,tìm nhà phố Quận Tân Bình giá hợp lý tiềm năng tăng giá
,,,,Query:evt_101788,,buy_for_living,Query,evt_101788,,,,tìm căn hộ Quận Bình Thạnh giá vừa phải gần trường học
,,,,Query:evt_103569,,investment,Query,evt_103569,,,,nhà phố Quận Tân Bình cao cấp dòng tiền tốt
,,,,Query:evt_104415,,investment,Query,evt_104415,,,,nhà phố Quận 7 ổn định dòng tiền tốt
,,,,Query:evt_101624,,buy_for_living,Query,evt_101624,,,,tìm căn hộ Quận 1 sang trọng gần trường học
,,,,Query:evt_103887,,buy_for_living,Query,evt_103887,,,,"nhà ở Quận Gò Vấp thoáng mát 2pn, sang trọng"
,,,,Query:evt_103904,,buy_for_living,Query,evt_103904,,,,nhà phố Quận 7 giá hợp lý cho gia đình
,,,,Query:evt_103876,,investment,Query,evt_103876,,,,"mua căn hộ đầu tư ở Quận 3 pháp lý rõ ràng, sang trọng"
,,,,Query:evt_103203,,buy_for_living,Query,evt_103203,,,,nhà phố Quận Gò Vấp khu nhà giàu cho gia đình
,,,,Query:evt_103558,,investment,Query,evt_103558,,,,đất nền Phường Hiệp Bình rẻ một chút cho thuê lại được
,,,,Query:evt_101161,,rent,Query,evt_101161,,,,thuê căn hộ Quận Tân Bình 1 phòng ngủ giá vừa phải
,,,,Query:evt_103615,,buy_for_living,Query,evt_103615,,,,tìm căn hộ Quận 3 vị trí đẹp gần trường học
,,,,Query:evt_104147,,investment,Query,evt_104147,,,,"mua căn hộ đầu tư ở Phường Long Bình pháp lý rõ ràng, khu nhà giàu"
,,,,Query:evt_101677,,investment,Query,evt_101677,,,,căn hộ Quận 1 giá rẻ cho thuê lại được
,,,,Query:evt_104020,,rent,Query,evt_104020,,,,nhà phố Quận 9 ổn định cho thuê gần metro
,,,,Query:evt_103409,,investment,Query,evt_103409,,,,căn hộ Quận Thủ Đức khu nhà giàu dòng tiền tốt
,,,,Query:evt_102186,,investment,Query,evt_102186,,,,tìm biệt thự Phường Long Bình cao cấp tiềm năng tăng giá
,,,,Query:evt_102571,,investment,Query,evt_102571,,,,tìm nhà phố Phường Long Bình giá vừa phải tiềm năng tăng giá
,,,,Query:evt_101952,,buy_for_living,Query,evt_101952,,,,căn hộ Quận 1 giá rẻ cho gia đình
,,,,Query:evt_103360,,investment,Query,evt_103360,,,,nhà phố Quận 3 tầm trung cho thuê lại được
,,,,Query:evt_100451,,buy_for_living,Query,evt_100451,,,,nhà phố Quận Thủ Đức rẻ một chút cho gia đình
,,,,Query:evt_102334,,rent,Query,evt_102334,,,,tìm phòng biệt thự ở Quận 1 tầm trung
,,,,Query:evt_103370,,investment,Query,evt_103370,,,,"mua nhà phố đầu tư ở Quận 2 pháp lý rõ ràng, rẻ một chút"
,,,,Query:evt_101104,,investment,Query,evt_101104,,,,nhà phố Quận 1 giá rẻ dòng tiền tốt
,,,,Query:evt_100484,,buy_for_living,Query,evt_100484,,,,căn hộ Quận 9 ổn định cho gia đình
,,,,Query:evt_103350,,buy_for_living,Query,evt_103350,,,,tìm căn hộ Quận 1 sang trọng gần trường học
,,,,Query:evt_101478,,buy_for_living,Query,evt_101478,,,,căn hộ Quận Thủ Đức tầm trung cho vợ chồng mới cưới
,,,,Query:evt_100909,,buy_for_living,Query,evt_100909,,,,tìm căn hộ Quận 2 ổn định gần trường học
,,,,Query:evt_101424,,buy_for_living,Query,evt_101424,,,,tìm căn hộ Quận 4 tầm trung gần trường học
,,,,Query:evt_103132,,buy_for_living,Query,evt_103132,,,,tìm căn hộ Quận 4 tầm trung gần trường học
,,,,Query:evt_102760,,buy_for_living,Query,evt_102760,,,,tìm căn hộ Quận Gò Vấp giá vừa phải gần trường học
,,,,Query:evt_101095,,buy_for_living,Query,evt_101095,,,,"nhà ở Quận 2 thoáng mát 3pn, giá hợp lý"
,,,,Query:evt_103929,,rent,Query,evt_103929,,,,căn hộ Quận Thủ Đức giá hợp lý cho thuê gần metro
,,,,Query:evt_103707,,investment,Query,evt_103707,,,,căn hộ Quận Bình Thạnh khu nhà giàu cho thuê lại được
,,,,Query:evt_103049,,buy_for_living,Query,evt_103049,,,,"cần mua căn hộ 4 phòng ngủ ở Quận Bình Thạnh để ở, giá vừa phải"
,,,,Query:evt_103111,,rent,Query,evt_103111,,,,tìm phòng nhà phố ở Quận 3 giá mềm
,,,,Query:evt_103379,,rent,Query,evt_103379,,,,"cần thuê căn hộ Quận Bình Thạnh full nội thất, khu nhà giàu"
,,,,Query:evt_101557,,buy_for_living,Query,evt_101557,,,,căn hộ Quận 2 giá tốt cho vợ chồng mới cưới
,,,,Query:evt_101763,,rent,Query,evt_101763,,,,thuê căn hộ Quận 3 2 phòng ngủ giá rẻ
,,,,Query:evt_100816,,buy_for_living,Query,evt_100816,,,,căn hộ Quận 1 khu nhà giàu cho vợ chồng mới cưới
,,,,Query:evt_101947,,buy_for_living,Query,evt_101947,,,,nhà phố Quận 7 ổn định cho vợ chồng mới cưới
,,,,Query:evt_104414,,investment,Query,evt_104414,,,,căn hộ Quận Thủ Đức bình dân cho thuê lại được
,,,,Query:evt_103035,,buy_for_living,Query,evt_103035,,,,đất nền Quận 9 ổn định cho gia đình
,,,,Query:evt_103661,,investment,Query,evt_103661,,,,đất nền Quận 2 khu nhà giàu cho thuê lại được
,,,,Query:evt_103532,,buy_for_living,Query,evt_103532,,,,tìm nhà phố Quận Gò Vấp cao cấp gần trường học
,,,,Query:evt_101807,,buy_for_living,Query,evt_101807,,,,tìm căn hộ Quận Bình Thạnh sang trọng gần trường học
,,,,Query:evt_103607,,buy_for_living,Query,evt_103607,,,,căn hộ Quận 1 tầm trung cho gia đình
,,,,Query:evt_102581,,buy_for_living,Query,evt_102581,,,,căn hộ Quận Tân Bình bình dân cho gia đình
,,,,Query:evt_104106,,rent,Query,evt_104106,,,,tìm phòng đất nền ở Phường Long Bình cao cấp
,,,,Query:evt_101625,,buy_for_living,Query,evt_101625,,,,"nhà ở Quận Thủ Đức thoáng mát 6pn, sang trọng"
,,,,Query:evt_103472,,investment,Query,evt_103472,,,,"mua căn hộ đầu tư ở Quận Thủ Đức pháp lý rõ ràng, giá rẻ"
,,,,Query:evt_103820,,investment,Query,evt_103820,,,,căn hộ Quận Gò Vấp giá hợp lý dòng tiền tốt
,,,,Query:evt_101645,,buy_for_living,Query,evt_101645,,,,tìm nhà phố Quận 7 rẻ một chút gần trường học
,,,,Query:evt_104273,,investment,Query,evt_104273,,,,căn hộ Quận 9 cao cấp dòng tiền tốt
,,,,Query:evt_103814,,investment,Query,evt_103814,,,,căn hộ Quận 3 tầm trung dòng tiền tốt
,,,,Query:evt_100703,,buy_for_living,Query,evt_100703,,,,nhà phố Quận 7 giá hợp lý cho gia đình
,,,,Query:evt_103790,,investment,Query,evt_103790,,,,tìm nhà phố Phường Dĩ An bình dân tiềm năng tăng giá
,,,,Query:evt_101891,,investment,Query,evt_101891,,,,tìm nhà phố Quận 7 tầm trung tiềm năng tăng giá
,,,,Query:evt_103352,,buy_for_living,Query,evt_103352,,,,nhà phố Quận 3 sang trọng cho gia đình
,,,,Query:evt_104137,,buy_for_living,Query,evt_104137,,,,căn hộ Quận 9 vị trí đẹp cho gia đình
,,,,Query:evt_101578,,rent,Query,evt_101578,,,,tìm phòng căn hộ ở Quận 3 cao cấp
,,,,Query:evt_103612,,buy_for_living,Query,evt_103612,,,,căn hộ Quận 4 cao cấp cho vợ chồng mới cưới
,,,,Query:evt_103101,,investment,Query,evt_103101,,,,"mua biệt thự đầu tư ở Phường Dĩ An pháp lý rõ ràng, giá hợp lý"
,,,,Query:evt_103785,,investment,Query,evt_103785,,,,"mua căn hộ đầu tư ở Quận 1 pháp lý rõ ràng, bình dân"
,,,,Query:evt_103007,,buy_for_living,Query,evt_103007,,,,"nhà ở Quận 7 thoáng mát 6pn, khu nhà giàu"
,,,,Query:evt_100903,,buy_for_living,Query,evt_100903,,,,"cần mua nhà phố 3 phòng ngủ ở Quận 3 để ở, bình dân"
,,,,Query:evt_104238,,investment,Query,evt_104238,,,,tìm biệt thự Quận Gò Vấp sang trọng tiềm năng tăng giá
,,,,Query:evt_103520,,buy_for_living,Query,evt_103520,,,,"cần mua căn hộ 1 phòng ngủ ở Quận 9 để ở, giá tốt"
,,,,Query:evt_102479,,buy_for_living,Query,evt_102479,,,,căn hộ Quận 9 khu nhà giàu cho vợ chồng mới cưới
,,,,Query:evt_101212,,buy_for_living,Query,evt_101212,,,,tìm biệt thự Quận 3 rẻ một chút gần trường học
,,,,Query:evt_100619,,rent,Query,evt_100619,,,,"cần thuê căn hộ Quận Tân Bình full nội thất, giá vừa phải"
,,,,Query:evt_103178,,buy_for_living,Query,evt_103178,,,,tìm đất nền Quận 1 tầm trung gần trường học
,,,,Query:evt_102606,,buy_for_living,Query,evt_102606,,,,"cần mua căn hộ 2 phòng ngủ ở Quận 1 để ở, tầm trung"
,,,,Query:evt_104418,,investment,Query,evt_104418,,,,"mua nhà phố đầu tư ở Quận Thủ Đức pháp lý rõ ràng, giá rẻ"
,,,,Query:evt_103827,,investment,Query,evt_103827,,,,căn hộ Phường Dĩ An ổn định cho thuê lại được
,,,,Query:evt_101803,,investment,Query,evt_101803,,,,tìm căn hộ Quận 1 giá tốt tiềm năng tăng giá
,,,,Query:evt_101593,,buy_for_living,Query,evt_101593,,,,căn hộ Quận 9 sang trọng cho vợ chồng mới cưới
,,,,Query:evt_100184,,investment,Query,evt_100184,,,,căn hộ Quận Bình Thạnh cao cấp dòng tiền tốt
,,,,Query:evt_103273,,investment,Query,evt_103273,,,,"mua căn hộ đầu tư ở Quận 9 pháp lý rõ ràng, ổn định"
,,,,Query:evt_102065,,rent,Query,evt_102065,,,,nhà phố Quận 2 giá mềm cho thuê gần metro
,,,,Query:evt_100263,,rent,Query,evt_100263,,,,thuê đất nền Quận 2 2 phòng ngủ giá tốt
,,,,Query:evt_103564,,investment,Query,evt_103564,,,,tìm căn hộ Quận 1 rẻ một chút tiềm năng tăng giá
,,,,Query:evt_100447,,buy_for_living,Query,evt_100447,,,,tìm nhà phố Phường An Phú giá hợp lý gần trường học
,,,,Query:evt_100418,,buy_for_living,Query,evt_100418,,,,căn hộ Quận 7 sang trọng cho gia đình
,,,,Query:evt_102837,,buy_for_living,Query,evt_102837,,,,căn hộ Quận 9 vị trí đẹp cho gia đình
,,,,Query:evt_102087,,buy_for_living,Query,evt_102087,,,,tìm nhà phố Quận 9 tầm trung gần trường học
,,,,Query:evt_103467,,investment,Query,evt_103467,,,,đất nền Quận Bình Thạnh tầm trung dòng tiền tốt
,,,,Query:evt_104003,,buy_for_living,Query,evt_104003,,,,"nhà ở Quận 9 thoáng mát 4pn, tầm trung"
,,,,Query:evt_101149,,rent,Query,evt_101149,,,,đất nền Phường Dĩ An vị trí đẹp cho thuê gần metro
,,,,Query:evt_104483,,investment,Query,evt_104483,,,,nhà phố Quận 7 sang trọng cho thuê lại được
,,,,Query:evt_102416,,buy_for_living,Query,evt_102416,,,,tìm căn hộ Quận 4 giá hợp lý gần trường học
,,,,Query:evt_101080,,buy_for_living,Query,evt_101080,,,,"cần mua nhà phố 2 phòng ngủ ở Quận Bình Thạnh để ở, giá vừa phải"
,,,,Query:evt_101797,,investment,Query,evt_101797,,,,"mua đất nền đầu tư ở Quận 7 pháp lý rõ ràng, giá rẻ"
,,,,Query:evt_101575,,rent,Query,evt_101575,,,,"cần thuê đất nền Quận 7 full nội thất, giá mềm"
,,,,Query:evt_101168,,buy_for_living,Query,evt_101168,,,,"nhà ở Quận Thủ Đức thoáng mát 2pn, rẻ một chút"
,,,,Query:evt_100282,,rent,Query,evt_100282,,,,"cần thuê nhà phố Quận Tân Bình full nội thất, sang trọng"
,,,,Query:evt_103720,,buy_for_living,Query,evt_103720,,,,căn hộ Quận 7 ổn định cho gia đình
,,,,Query:evt_104061,,buy_for_living,Query,evt_104061,,,,"cần mua căn hộ 2 phòng ngủ ở Quận Thủ Đức để ở, bình dân"
,,,,Query:evt_101205,,rent,Query,evt_101205,,,,thuê căn hộ Quận Gò Vấp 2 phòng ngủ giá mềm
,,,,Query:evt_102477,,rent,Query,evt_102477,,,,"cần thuê nhà phố Quận 2 full nội thất, khu nhà giàu"
,,,,Query:evt_102491,,buy_for_living,Query,evt_102491,,,,"nhà ở Quận 7 thoáng mát 1pn, giá tốt"
,,,,Query:evt_103127,,rent,Query,evt_103127,,,,"cần thuê nhà phố Quận 1 full nội thất, bình dân"
,,,,Query:evt_104231,,investment,Query,evt_104231,,,,căn hộ Phường Long Bình khu nhà giàu dòng tiền tốt
,,,,Query:evt_100030,,buy_for_living,Query,evt_100030,,,,"cần mua biệt thự 5 phòng ngủ ở Quận 7 để ở, sang trọng"
,,,,Query:evt_103697,,buy_for_living,Query,evt_103697,,,,"cần mua nhà phố 5 phòng ngủ ở Quận 1 để ở, cao cấp"
,,,,Query:evt_103759,,buy_for_living,Query,evt_103759,,,,căn hộ Quận 7 cao cấp cho vợ chồng mới cưới
,,,,Query:evt_102152,,buy_for_living,Query,evt_102152,,,,đất nền Phường Hiệp Bình giá tốt cho vợ chồng mới cưới
,,,,Query:evt_100624,,rent,Query,evt_100624,,,,nhà phố Quận Thủ Đức ổn định cho thuê gần metro
,,,,Query:evt_102735,,buy_for_living,Query,evt_102735,,,,nhà phố Quận 7 rẻ một chút cho vợ chồng mới cưới
,,,,Query:evt_102667,,rent,Query,evt_102667,,,,"cần thuê căn hộ Quận 4 full nội thất, sang trọng"
,,,,Query:evt_100140,,buy_for_living,Query,evt_100140,,,,tìm căn hộ Quận Bình Thạnh giá hợp lý gần trường học
,,,,Query:evt_104454,,buy_for_living,Query,evt_104454,,,,"cần mua nhà phố 2 phòng ngủ ở Quận 4 để ở, bình dân"
,,,,Query:evt_101849,,buy_for_living,Query,evt_101849,,,,căn hộ Phường An Phú khu nhà giàu cho gia đình
,,,,Query:evt_100559,,buy_for_living,Query,evt_100559,,,,"nhà ở Phường Long Bình thoáng mát 6pn, vị trí đẹp"
,,,,Query:evt_103348,,buy_for_living,Query,evt_103348,,,,căn hộ Phường An Phú tầm trung cho gia đình
,,,,Query:evt_101890,,investment,Query,evt_101890,,,,"mua căn hộ đầu tư ở Quận 1 pháp lý rõ ràng, rẻ một chút"
,,,,Query:evt_101509,,buy_for_living,Query,evt_101509,,,,tìm căn hộ Quận 7 giá rẻ gần trường học
,,,,Query:evt_103309,,investment,Query,evt_103309,,,,căn hộ Quận Tân Bình ổn định dòng tiền tốt
,,,,Query:evt_101631,,buy_for_living,Query,evt_101631,,,,đất nền Quận Gò Vấp rẻ một chút cho vợ chồng mới cưới
,,,,Query:evt_101596,,buy_for_living,Query,evt_101596,,,,căn hộ Quận 2 giá hợp lý cho vợ chồng mới cưới
,,,,Query:evt_100907,,buy_for_living,Query,evt_100907,,,,"nhà ở Quận 4 thoáng mát 3pn, giá hợp lý"
,,,,Query:evt_100854,,investment,Query,evt_100854,,,,căn hộ Quận 9 cao cấp cho thuê lại được
,,,,Query:evt_104201,,buy_for_living,Query,evt_104201,,,,"nhà ở Quận Thủ Đức thoáng mát 5pn, vị trí đẹp"
,,,,Query:evt_102774,,investment,Query,evt_102774,,,,căn hộ Phường An Phú rẻ một chút dòng tiền tốt
,,,,Query:evt_100892,,rent,Query,evt_100892,,,,tìm phòng nhà phố ở Quận 3 giá hợp lý
,,,,Query:evt_100473,,investment,Query,evt_100473,,,,"mua căn hộ đầu tư ở Quận 4 pháp lý rõ ràng, giá vừa phải"
,,,,Query:evt_104476,,investment,Query,evt_104476,,,,"mua căn hộ đầu tư ở Quận 2 pháp lý rõ ràng, ổn định"
,,,,Query:evt_103062,,buy_for_living,Query,evt_103062,,,,tìm căn hộ Quận 9 giá mềm gần trường học
,,,,Query:evt_100394,,investment,Query,evt_100394,,,,căn hộ Phường Dĩ An khu nhà giàu dòng tiền tốt
,,,,Query:evt_102804,,buy_for_living,Query,evt_102804,,,,"cần mua căn hộ 2 phòng ngủ ở Quận 9 để ở, giá tốt"
,,,,Query:evt_100649,,investment,Query,evt_100649,,,,căn hộ Quận 3 khu nhà giàu dòng tiền tốt
,,,,Query:evt_101297,,investment,Query,evt_101297,,,,nhà phố Quận 2 cao cấp cho thuê lại được
,,,,Query:evt_103347,,buy_for_living,Query,evt_103347,,,,"nhà ở Quận Bình Thạnh thoáng mát 1pn, giá tốt"
,,,,Query:evt_103956,,buy_for_living,Query,evt_103956,,,,"cần mua căn hộ 6 phòng ngủ ở Phường Hiệp Bình để ở, sang trọng"
,,,,Query:evt_103441,,investment,Query,evt_103441,,,,căn hộ Quận 1 ổn định cho thuê lại được
,,,,Query:evt_104443,,investment,Query,evt_104443,,,,căn hộ Quận 1 giá rẻ cho thuê lại được
,,,,Query:evt_100174,,investment,Query,evt_100174,,,,tìm nhà phố Quận 3 giá mềm tiềm năng tăng giá
,,,,Query:evt_103320,,buy_for_living,Query,evt_103320,,,,nhà phố Quận 7 bình dân cho gia đình
,,,,Query:evt_101560,,buy_for_living,Query,evt_101560,,,,nhà phố Quận 1 ổn định cho vợ chồng mới cưới
,,,,Query:evt_100205,,investment,Query,evt_100205,,,,tìm căn hộ Quận 3 vị trí đẹp tiềm năng tăng giá
,,,,Query:evt_101335,,buy_for_living,Query,evt_101335,,,,tìm căn hộ Quận Gò Vấp khu nhà giàu gần trường học
,,,,Query:evt_103984,,buy_for_living,Query,evt_103984,,,,tìm đất nền Phường An Phú giá tốt gần trường học
,,,,Query:evt_103535,,buy_for_living,Query,evt_103535,,,,tìm đất nền Quận 9 khu nhà giàu gần trường học
,,,,Query:evt_100716,,buy_for_living,Query,evt_100716,,,,căn hộ Quận 4 giá vừa phải cho gia đình
,,,,Query:evt_101611,,buy_for_living,Query,evt_101611,,,,căn hộ Phường Dĩ An giá hợp lý cho vợ chồng mới cưới
,,,,Query:evt_101914,,buy_for_living,Query,evt_101914,,,,căn hộ Quận 9 rẻ một chút cho gia đình
,,,,Query:evt_100197,,investment,Query,evt_100197,,,,tìm căn hộ Quận 1 giá vừa phải tiềm năng tăng giá
,,,,Query:evt_101570,,buy_for_living,Query,evt_101570,,,,biệt thự Quận 9 giá rẻ cho gia đình
,,,,Query:evt_100886,,rent,Query,evt_100886,,,,"cần thuê căn hộ Quận 7 full nội thất, tầm trung"
,,,,Query:evt_100089,,buy_for_living,Query,evt_100089,,,,căn hộ Quận 3 giá hợp lý cho gia đình
,,,,Query:evt_103773,,investment,Query,evt_103773,,,,nhà phố Quận 7 giá hợp lý dòng tiền tốt
,,,,Query:evt_100715,,buy_for_living,Query,evt_100715,,,,căn hộ Quận 9 giá vừa phải cho gia đình
,,,,Query:evt_100509,,buy_for_living,Query,evt_100509,,,,căn hộ Quận 2 giá mềm cho vợ chồng mới cưới
,,,,Query:evt_103602,,buy_for_living,Query,evt_103602,,,,"cần mua đất nền 4 phòng ngủ ở Quận Bình Thạnh để ở, khu nhà giàu"
,,,,Query:evt_101784,,buy_for_living,Query,evt_101784,,,,"nhà ở Quận 7 thoáng mát 3pn, giá vừa phải"
,,,,Query:evt_103474,,investment,Query,evt_103474,,,,tìm căn hộ Phường Long Bình giá hợp lý tiềm năng tăng giá
,,,,Query:evt_103730,,buy_for_living,Query,evt_103730,,,,nhà phố Quận 7 giá rẻ cho gia đình
,,,,Query:evt_104225,,investment,Query,evt_104225,,,,nhà phố Quận 7 cao cấp cho thuê lại được
,,,,Query:evt_102520,,buy_for_living,Query,evt_102520,,,,nhà phố Quận 9 giá mềm cho gia đình
,,,,Query:evt_100360,,investment,Query,evt_100360,,,,tìm căn hộ Quận Thủ Đức giá tốt tiềm năng tăng giá
,,,,Query:evt_104070,,investment,Query,evt_104070,,,,"mua căn hộ đầu tư ở Quận 4 pháp lý rõ ràng, rẻ một chút"
,,,,Query:evt_102183,,investment,Query,evt_102183,,,,tìm đất nền Quận 7 giá tốt tiềm năng tăng giá
,,,,Query:evt_104303,,buy_for_living,Query,evt_104303,,,,"nhà ở Quận Bình Thạnh thoáng mát 2pn, tầm trung"
,,,,Query:evt_100329,,buy_for_living,Query,evt_100329,,,,"cần mua nhà phố 0 phòng ngủ ở Quận 9 để ở, rẻ một chút"
,,,,Query:evt_101927,,buy_for_living,Query,evt_101927,,,,tìm căn hộ Quận 4 bình dân gần trường học
,,,,Query:evt_101148,,rent,Query,evt_101148,,,,"cần thuê căn hộ Phường Long Bình full nội thất, giá tốt"
,,,,Query:evt_100542,,buy_for_living,Query,evt_100542,,,,tìm đất nền Quận 1 sang trọng gần trường học
,,,,Query:evt_103972,,buy_for_living,Query,evt_103972,,,,nhà phố Quận Bình Thạnh giá mềm cho vợ chồng mới cưới
,,,,Query:evt_103225,,buy_for_living,Query,evt_103225,,,,tìm căn hộ Quận 3 sang trọng gần trường học
,,,,Query:evt_101243,,investment,Query,evt_101243,,,,tìm căn hộ Quận Gò Vấp ổn định tiềm năng tăng giá
,,,,Query:evt_103299,,investment,Query,evt_103299,,,,"mua nhà phố đầu tư ở Quận 9 pháp lý rõ ràng, ổn định"
,,,,Query:evt_102023,,buy_for_living,Query,evt_102023,,,,"cần mua căn hộ 2 phòng ngủ ở Quận Gò Vấp để ở, giá tốt"
,,,,Query:evt_100268,,rent,Query,evt_100268,,,,"cần thuê căn hộ Phường Dĩ An full nội thất, tầm trung"
,,,,Query:evt_100554,,buy_for_living,Query,evt_100554,,,,"cần mua căn hộ 2 phòng ngủ ở Quận 7 để ở, giá mềm"
,,,,Query:evt_101505,,buy_for_living,Query,evt_101505,,,,tìm căn hộ Quận 1 tầm trung gần trường học
,,,,Query:evt_102758,,buy_for_living,Query,evt_102758,,,,nhà phố Quận 2 vị trí đẹp cho vợ chồng mới cưới
,,,,Query:evt_102368,,investment,Query,evt_102368,,,,"mua nhà phố đầu tư ở Quận 9 pháp lý rõ ràng, giá hợp lý"
,,,,Query:evt_103301,,investment,Query,evt_103301,,,,tìm nhà phố Quận 3 cao cấp tiềm năng tăng giá
,,,,Query:evt_104208,,investment,Query,evt_104208,,,,căn hộ Quận 1 tầm trung dòng tiền tốt
,,,,Query:evt_103919,,buy_for_living,Query,evt_103919,,,,căn hộ Quận 7 khu nhà giàu cho vợ chồng mới cưới
,,,,Query:evt_102905,,buy_for_living,Query,evt_102905,,,,tìm căn hộ Quận Gò Vấp sang trọng gần trường học
,,,,Query:evt_101058,,investment,Query,evt_101058,,,,căn hộ Quận 9 khu nhà giàu cho thuê lại được
,,,,Query:evt_100852,,investment,Query,evt_100852,,,,tìm căn hộ Quận Tân Bình cao cấp tiềm năng tăng giá
,,,,Query:evt_103922,,buy_for_living,Query,evt_103922,,,,"nhà ở Quận 1 thoáng mát 2pn, giá hợp lý"
,,,,Query:evt_100163,,investment,Query,evt_100163,,,,"mua đất nền đầu tư ở Quận 4 pháp lý rõ ràng, rẻ một chút"
,,,,Query:evt_101703,,buy_for_living,Query,evt_101703,,,,căn hộ Quận 3 bình dân cho gia đình
,,,,Query:evt_103184,,investment,Query,evt_103184,,,,tìm nhà phố Quận 2 giá tốt tiềm năng tăng giá
,,,,Query:evt_101932,,buy_for_living,Query,evt_101932,,,,biệt thự Quận Thủ Đức khu nhà giàu cho vợ chồng mới cưới
,,,,Query:evt_104280,,investment,Query,evt_104280,,,,căn hộ Quận Tân Bình giá rẻ dòng tiền tốt
,,,,Query:evt_104213,,investment,Query,evt_104213,,,,tìm căn hộ Quận Thủ Đức giá tốt tiềm năng tăng giá
,,,,Query:evt_101023,,investment,Query,evt_101023,,,,tìm căn hộ Phường Dĩ An giá mềm tiềm năng tăng giá
,,,,Query:evt_101801,,investment,Query,evt_101801,,,,nhà phố Quận Thủ Đức giá rẻ dòng tiền tốt
,,,,Query:evt_101924,,buy_for_living,Query,evt_101924,,,,biệt thự Phường Long Bình giá tốt cho vợ chồng mới cưới
,,,,Query:evt_102853,,buy_for_living,Query,evt_102853,,,,nhà phố Quận Thủ Đức giá hợp lý cho vợ chồng mới cưới
,,,,Query:evt_102354,,investment,Query,evt_102354,,,,"mua căn hộ đầu tư ở Quận 2 pháp lý rõ ràng, rẻ một chút"
,,,,Query:evt_101818,,buy_for_living,Query,evt_101818,,,,tìm căn hộ Quận 2 giá mềm gần trường học
,,,,Query:evt_101972,,investment,Query,evt_101972,,,,căn hộ Quận Thủ Đức giá mềm cho thuê lại được
,,,,Query:evt_101193,,buy_for_living,Query,evt_101193,,,,căn hộ Quận 7 giá tốt cho vợ chồng mới cưới
,,,,Query:evt_100411,,buy_for_living,Query,evt_100411,,,,"cần mua đất nền 2 phòng ngủ ở Quận Thủ Đức để ở, bình dân"
,,,,Query:evt_100809,,investment,Query,evt_100809,,,,căn hộ Quận 9 rẻ một chút dòng tiền tốt
,,,,Query:evt_102478,,buy_for_living,Query,evt_102478,,,,nhà phố Quận 9 bình dân cho gia đình
,,,,Query:evt_101079,,buy_for_living,Query,evt_101079,,,,đất nền Quận 3 tầm trung cho vợ chồng mới cưới
,,,,Query:evt_103662,,buy_for_living,Query,evt_103662,,,,nhà phố Quận Tân Bình giá tốt cho vợ chồng mới cưới
,,,,Query:evt_101405,,investment,Query,evt_101405,,,,"mua căn hộ đầu tư ở Quận 9 pháp lý rõ ràng, giá hợp lý"
,,,,Query:evt_104302,,buy_for_living,Query,evt_104302,,,,"nhà ở Quận 9 thoáng mát 3pn, giá mềm"
,,,,Query:evt_103932,,rent,Query,evt_103932,,,,"cần thuê căn hộ Quận 2 full nội thất, giá rẻ"
,,,,Query:evt_102899,,buy_for_living,Query,evt_102899,,,,căn hộ Quận 1 giá tốt cho gia đình
,,,,Query:evt_100620,,rent,Query,evt_100620,,,,tìm phòng căn hộ ở Quận 9 vị trí đẹp
,,,,Query:evt_101195,,buy_for_living,Query,evt_101195,,,,nhà phố Quận Tân Bình vị trí đẹp cho vợ chồng mới cưới
,,,,Query:evt_102083,,rent,Query,evt_102083,,,,tìm phòng căn hộ ở Phường Long Bình khu nhà giàu
,,,,Query:evt_100309,,buy_for_living,Query,evt_100309,,,,"cần mua căn hộ 4 phòng ngủ ở Quận 1 để ở, khu nhà giàu"
,,,,Query:evt_102978,,investment,Query,evt_102978,,,,tìm căn hộ Quận 2 giá vừa phải tiềm năng tăng giá
,,,,Query:evt_102197,,investment,Query,evt_102197,,,,tìm căn hộ Quận Tân Bình cao cấp tiềm năng tăng giá
,,,,Query:evt_103275,,investment,Query,evt_103275,,,,tìm nhà phố Quận 9 khu nhà giàu tiềm năng tăng giá
,,,,Query:evt_100276,,rent,Query,evt_100276,,,,tìm phòng nhà phố ở Quận 1 rẻ một chút
,,,,Query:evt_101049,,rent,Query,evt_101049,,,,căn hộ Phường Hiệp Bình giá hợp lý cho thuê gần metro
,,,,Query:evt_102414,,buy_for_living,Query,evt_102414,,,,nhà phố Phường An Phú bình dân cho vợ chồng mới cưới
,,,,Query:evt_100875,,buy_for_living,Query,evt_100875,,,,"cần mua căn hộ 2 phòng ngủ ở Quận 4 để ở, ổn định"
,,,,Query:evt_100302,,buy_for_living,Query,evt_100302,,,,tìm căn hộ Quận 3 sang trọng gần trường học
,,,,Query:evt_101896,,investment,Query,evt_101896,,,,tìm căn hộ Quận 1 vị trí đẹp tiềm năng tăng giá
,,,,Query:evt_100132,,buy_for_living,Query,evt_100132,,,,"cần mua căn hộ 2 phòng ngủ ở Quận Bình Thạnh để ở, ổn định"
,,,,Query:evt_102713,,buy_for_living,Query,evt_102713,,,,căn hộ Quận Gò Vấp giá mềm cho vợ chồng mới cưới
,,,,Query:evt_103733,,rent,Query,evt_103733,,,,tìm phòng căn hộ ở Quận Bình Thạnh sang trọng
,,,,Query:evt_100914,,buy_for_living,Query,evt_100914,,,,"nhà ở Quận Thủ Đức thoáng mát 4pn, vị trí đẹp"
,,,,Query:evt_104092,,rent,Query,evt_104092,,,,tìm phòng căn hộ ở Quận Thủ Đức giá mềm
,,,,Query:evt_102383,,buy_for_living,Query,evt_102383,,,,nhà phố Quận Gò Vấp ổn định cho gia đình
,,,,Query:evt_102466,,rent,Query,evt_102466,,,,"cần thuê căn hộ Quận Thủ Đức full nội thất, tầm trung"
,,,,Query:evt_102503,,buy_for_living,Query,evt_102503,,,,căn hộ Phường Dĩ An sang trọng cho gia đình
,,,,Query:evt_102856,,buy_for_living,Query,evt_102856,,,,"cần mua nhà phố 2 phòng ngủ ở Quận Tân Bình để ở, khu nhà giàu"
,,,,Query:evt_102067,,rent,Query,evt_102067,,,,tìm phòng đất nền ở Phường Long Bình bình dân
,,,,Query:evt_100381,,rent,Query,evt_100381,,,,"cần thuê căn hộ Quận Thủ Đức full nội thất, ổn định"
,,,,Query:evt_100546,,buy_for_living,Query,evt_100546,,,,"nhà ở Quận 3 thoáng mát 1pn, giá vừa phải"
,,,,Query:evt_103256,,investment,Query,evt_103256,,,,"mua căn hộ đầu tư ở Quận 7 pháp lý rõ ràng, vị trí đẹp"
,,,,Query:evt_101021,,investment,Query,evt_101021,,,,"mua nhà phố đầu tư ở Phường Long Bình pháp lý rõ ràng, sang trọng"
,,,,Query:evt_103772,,investment,Query,evt_103772,,,,nhà phố Quận 2 giá vừa phải cho thuê lại được
,,,,Query:evt_104294,,buy_for_living,Query,evt_104294,,,,căn hộ Quận Thủ Đức giá hợp lý cho vợ chồng mới cưới
,,,,Query:evt_101776,,buy_for_living,Query,evt_101776,,,,nhà phố Phường Dĩ An tầm trung cho vợ chồng mới cưới
,,,,Query:evt_103329,,buy_for_living,Query,evt_103329,,,,tìm căn hộ Quận 2 ổn định gần trường học
,,,,Query:evt_102833,,buy_for_living,Query,evt_102833,,,,tìm căn hộ Quận Thủ Đức giá mềm gần trường học
,,,,Query:evt_101529,,investment,Query,evt_101529,,,,căn hộ Quận 9 giá hợp lý dòng tiền tốt
,,,,Query:evt_104067,,investment,Query,evt_104067,,,,"mua căn hộ đầu tư ở Quận Gò Vấp pháp lý rõ ràng, ổn định"
,,,,Query:evt_103542,,buy_for_living,Query,evt_103542,,,,"nhà ở Quận 9 thoáng mát 2pn, giá mềm"
,,,,Query:evt_104081,,buy_for_living,Query,evt_104081,,,,"nhà ở Quận Thủ Đức thoáng mát 3pn, cao cấp"
,,,,Query:evt_101261,,buy_for_living,Query,evt_101261,,,,"nhà ở Quận Gò Vấp thoáng mát 5pn, vị trí đẹp"
,,,,Query:evt_100346,,investment,Query,evt_100346,,,,nhà phố Phường An Phú giá vừa phải cho thuê lại được
,,,,Query:evt_100160,,investment,Query,evt_100160,,,,căn hộ Quận 9 sang trọng cho thuê lại được
,,,,Query:evt_101178,,buy_for_living,Query,evt_101178,,,,tìm căn hộ Quận Bình Thạnh cao cấp gần trường học
,,,,Query:evt_101552,,buy_for_living,Query,evt_101552,,,,biệt thự Quận Gò Vấp vị trí đẹp cho vợ chồng mới cưới
,,,,Query:evt_100449,,buy_for_living,Query,evt_100449,,,,tìm nhà phố Quận 4 giá hợp lý gần trường học
,,,,Query:evt_101518,,investment,Query,evt_101518,,,,tìm căn hộ Quận Bình Thạnh bình dân tiềm năng tăng giá
,,,,Query:evt_103923,,buy_for_living,Query,evt_103923,,,,căn hộ Quận Bình Thạnh bình dân cho vợ chồng mới cưới
,,,,Query:evt_104400,,investment,Query,evt_104400,,,,căn hộ Phường Long Bình rẻ một chút cho thuê lại được
,,,,Query:evt_103149,,buy_for_living,Query,evt_103149,,,,tìm đất nền Phường Long Bình giá vừa phải gần trường học
,,,,Query:evt_100855,,investment,Query,evt_100855,,,,căn hộ Quận 7 giá hợp lý cho thuê lại được
,,,,Query:evt_100221,,buy_for_living,Query,evt_100221,,,,tìm căn hộ Quận 7 giá hợp lý gần trường học
,,,,Query:evt_100615,,buy_for_living,Query,evt_100615,,,,"cần mua căn hộ 6 phòng ngủ ở Quận Thủ Đức để ở, khu nhà giàu"
,,,,Query:evt_102934,,buy_for_living,Query,evt_102934,,,,tìm căn hộ Phường An Phú khu nhà giàu gần trường học
,,,,Query:evt_104389,,buy_for_living,Query,evt_104389,,,,căn hộ Phường Dĩ An sang trọng cho gia đình
,,,,Query:evt_104246,,investment,Query,evt_104246,,,,"mua nhà phố đầu tư ở Quận Thủ Đức pháp lý rõ ràng, ổn định"
,,,,Query:evt_101313,,buy_for_living,Query,evt_101313,,,,căn hộ Quận Thủ Đức khu nhà giàu cho vợ chồng mới cưới
,,,,Query:evt_104200,,buy_for_living,Query,evt_104200,,,,căn hộ Quận 9 sang trọng cho vợ chồng mới cưới
,,,,Query:evt_100685,,investment,Query,evt_100685,,,,căn hộ Quận Thủ Đức sang trọng dòng tiền tốt
,,,,Query:evt_101587,,rent,Query,evt_101587,,,,"cần thuê căn hộ Quận Thủ Đức full nội thất, giá vừa phải"
,,,,Query:evt_100845,,investment,Query,evt_100845,,,,tìm nhà phố Quận Tân Bình giá tốt tiềm năng tăng giá
,,,,Query:evt_104417,,investment,Query,evt_104417,,,,căn hộ Quận 7 giá tốt cho thuê lại được
,,,,Query:evt_101474,,buy_for_living,Query,evt_101474,,,,căn hộ Quận Tân Bình cao cấp cho vợ chồng mới cưới
,,,,Query:evt_103856,,investment,Query,evt_103856,,,,căn hộ Phường Long Bình ổn định cho thuê lại được
,,,,Query:evt_102410,,buy_for_living,Query,evt_102410,,,,"cần mua căn hộ 3 phòng ngủ ở Quận 7 để ở, rẻ một chút"
,,,,Query:evt_101864,,buy_for_living,Query,evt_101864,,,,căn hộ Quận 3 giá tốt cho gia đình
,,,,Query:evt_103628,,buy_for_living,Query,evt_103628,,,,nhà phố Quận 2 cao cấp cho gia đình
,,,,Query:evt_100821,,buy_for_living,Query,evt_100821,,,,đất nền Quận 1 giá hợp lý cho gia đình
,,,,Query:evt_102673,,rent,Query,evt_102673,,,,tìm phòng căn hộ ở Quận 4 khu nhà giàu
,,,,Query:evt_102247,,investment,Query,evt_102247,,,,đất nền Quận 9 ổn định dòng tiền tốt
,,,,Query:evt_102948,,buy_for_living,Query,evt_102948,,,,căn hộ Quận Tân Bình cao cấp cho gia đình
,,,,Query:evt_100243,,investment,Query,evt_100243,,,,căn hộ Quận 9 rẻ một chút dòng tiền tốt
,,,,Query:evt_101674,,investment,Query,evt_101674,,,,căn hộ Quận 7 ổn định dòng tiền tốt
,,,,Query:evt_102234,,buy_for_living,Query,evt_102234,,,,"nhà ở Quận 9 thoáng mát 1pn, rẻ một chút"
,,,,Query:evt_104364,,rent,Query,evt_104364,,,,tìm phòng căn hộ ở Quận 2 khu nhà giàu
,,,,Query:evt_100337,,investment,Query,evt_100337,,,,"mua nhà phố đầu tư ở Quận Thủ Đức pháp lý rõ ràng, tầm trung"
,,,,Query:evt_103373,,rent,Query,evt_103373,,,,tìm phòng căn hộ ở Quận 3 giá tốt
,,,,Query:evt_102367,,investment,Query,evt_102367,,,,"mua căn hộ đầu tư ở Quận 2 pháp lý rõ ràng, cao cấp"
,,,,Query:evt_101969,,investment,Query,evt_101969,,,,nhà phố Phường Long Bình rẻ một chút dòng tiền tốt
,,,,Query:evt_104057,,buy_for_living,Query,evt_104057,,,,"cần mua nhà phố 1 phòng ngủ ở Quận 7 để ở, tầm trung"
,,,,Query:evt_104291,,investment,Query,evt_104291,,,,căn hộ Quận Bình Thạnh vị trí đẹp cho thuê lại được
,,,,Query:evt_100324,,buy_for_living,Query,evt_100324,,,,"cần mua nhà phố 2 phòng ngủ ở Phường Hiệp Bình để ở, giá vừa phải"
,,,,Query:evt_103866,,investment,Query,evt_103866,,,,"mua nhà phố đầu tư ở Quận 2 pháp lý rõ ràng, tầm trung"
,,,,Query:evt_100248,,investment,Query,evt_100248,,,,nhà phố Quận Bình Thạnh bình dân dòng tiền tốt
,,,,Query:evt_100401,,buy_for_living,Query,evt_100401,,,,tìm căn hộ Quận Gò Vấp giá mềm gần trường học
,,,,Query:evt_100936,,investment,Query,evt_100936,,,,căn hộ Quận 9 vị trí đẹp cho thuê lại được
,,,,Query:evt_100054,,buy_for_living,Query,evt_100054,,,,"nhà ở Quận Thủ Đức thoáng mát 4pn, sang trọng"
,,,,Query:evt_101754,,buy_for_living,Query,evt_101754,,,,biệt thự Quận 7 cao cấp cho vợ chồng mới cưới
,,,,Query:evt_100286,,buy_for_living,Query,evt_100286,,,,căn hộ Quận 9 giá rẻ cho vợ chồng mới cưới
,,,,Query:evt_102219,,buy_for_living,Query,evt_102219,,,,nhà phố Quận Gò Vấp vị trí đẹp cho gia đình
,,,,Query:evt_103028,,buy_for_living,Query,evt_103028,,,,biệt thự Quận Gò Vấp khu nhà giàu cho gia đình
,,,,Query:evt_104062,,buy_for_living,Query,evt_104062,,,,tìm căn hộ Phường Dĩ An vị trí đẹp gần trường học
,,,,Query:evt_100617,,buy_for_living,Query,evt_100617,,,,"nhà ở Quận 1 thoáng mát 3pn, bình dân"
,,,,Query:evt_103060,,buy_for_living,Query,evt_103060,,,,"cần mua căn hộ 3 phòng ngủ ở Quận 1 để ở, vị trí đẹp"
,,,,Query:evt_104033,,rent,Query,evt_104033,,,,thuê nhà phố Quận 1 4 phòng ngủ cao cấp
,,,,Query:evt_102518,,buy_for_living,Query,evt_102518,,,,"nhà ở Quận Bình Thạnh thoáng mát 2pn, tầm trung"
,,,,Query:evt_101858,,buy_for_living,Query,evt_101858,,,,"nhà ở Quận Gò Vấp thoáng mát 4pn, giá vừa phải"
,,,,Query:evt_103949,,buy_for_living,Query,evt_103949,,,,"nhà ở Quận 9 thoáng mát 3pn, rẻ một chút"
,,,,Query:evt_100017,,buy_for_living,Query,evt_100017,,,,nhà phố Phường Dĩ An tầm trung cho gia đình
,,,,Query:evt_102151,,buy_for_living,Query,evt_102151,,,,căn hộ Quận 9 giá mềm cho gia đình
,,,,Query:evt_101271,,investment,Query,evt_101271,,,,căn hộ Quận Tân Bình giá hợp lý cho thuê lại được
,,,,Query:evt_100015,,buy_for_living,Query,evt_100015,,,,"nhà ở Quận Thủ Đức thoáng mát 2pn, sang trọng"
,,,,Query:evt_104457,,buy_for_living,Query,evt_104457,,,,"nhà ở Quận Thủ Đức thoáng mát 3pn, bình dân"
,,,,Query:evt_101686,,investment,Query,evt_101686,,,,"mua căn hộ đầu tư ở Quận 7 pháp lý rõ ràng, sang trọng"
,,,,Query:evt_103076,,rent,Query,evt_103076,,,,thuê nhà phố Quận 1 0 phòng ngủ giá rẻ
,,,,Query:evt_103744,,rent,Query,evt_103744,,,,nhà phố Quận 1 giá rẻ cho thuê gần metro
,,,,Query:evt_100066,,buy_for_living,Query,evt_100066,,,,nhà phố Quận Thủ Đức vị trí đẹp cho vợ chồng mới cưới
,,,,Query:evt_101087,,buy_for_living,Query,evt_101087,,,,"cần mua căn hộ 3 phòng ngủ ở Quận 7 để ở, vị trí đẹp"
,,,,Query:evt_103136,,buy_for_living,Query,evt_103136,,,,căn hộ Quận Thủ Đức ổn định cho gia đình
,,,,Query:evt_102357,,investment,Query,evt_102357,,,,tìm căn hộ Phường Dĩ An giá mềm tiềm năng tăng giá
,,,,Query:evt_103741,,rent,Query,evt_103741,,,,"cần thuê biệt thự Quận 1 full nội thất, khu nhà giàu"
,,,,Query:evt_100761,,buy_for_living,Query,evt_100761,,,,"cần mua căn hộ 3 phòng ngủ ở Quận Gò Vấp để ở, giá vừa phải"
,,,,Query:evt_103486,,buy_for_living,Query,evt_103486,,,,căn hộ Quận 9 tầm trung cho gia đình
,,,,Query:evt_103673,,buy_for_living,Query,evt_103673,,,,căn hộ Quận 9 khu nhà giàu cho vợ chồng mới cưới
,,,,Query:evt_103134,,buy_for_living,Query,evt_103134,,,,tìm biệt thự Quận 1 ổn định gần trường học
,,,,Query:evt_102788,,investment,Query,evt_102788,,,,nhà phố Phường Long Bình giá mềm cho thuê lại được
,,,,Query:evt_103966,,buy_for_living,Query,evt_103966,,,,căn hộ Quận 7 tầm trung cho gia đình
,,,,Query:evt_102175,,buy_for_living,Query,evt_102175,,,,"nhà ở Phường Hiệp Bình thoáng mát 2pn, rẻ một chút"
,,,,Query:evt_101210,,buy_for_living,Query,evt_101210,,,,"nhà ở Quận Tân Bình thoáng mát 3pn, giá tốt"
,,,,Query:evt_101507,,buy_for_living,Query,evt_101507,,,,"cần mua đất nền 6 phòng ngủ ở Quận 3 để ở, khu nhà giàu"
,,,,Query:evt_102608,,buy_for_living,Query,evt_102608,,,,tìm căn hộ Quận 4 giá hợp lý gần trường học
,,,,Query:evt_101303,,buy_for_living,Query,evt_101303,,,,"nhà ở Quận 4 thoáng mát 3pn, ổn định"
,,,,Query:evt_102154,,buy_for_living,Query,evt_102154,,,,nhà phố Quận 2 giá hợp lý cho vợ chồng mới cưới
,,,,Query:evt_100706,,buy_for_living,Query,evt_100706,,,,tìm căn hộ Quận 1 khu nhà giàu gần trường học
,,,,Query:evt_100220,,buy_for_living,Query,evt_100220,,,,"nhà ở Quận 2 thoáng mát 3pn, ổn định"
,,,,Query:evt_103576,,buy_for_living,Query,evt_103576,,,,"nhà ở Quận 2 thoáng mát 1pn, giá mềm"
,,,,Query:evt_100007,,buy_for_living,Query,evt_100007,,,,"cần mua căn hộ 2 phòng ngủ ở Quận 2 để ở, giá vừa phải"
,,,,Query:evt_101259,,buy_for_living,Query,evt_101259,,,,tìm đất nền Quận Gò Vấp khu nhà giàu gần trường học
,,,,Query:evt_100610,,buy_for_living,Query,evt_100610,,,,căn hộ Phường Long Bình ổn định cho vợ chồng mới cưới
,,,,Query:evt_102395,,buy_for_living,Query,evt_102395,,,,tìm căn hộ Quận Thủ Đức tầm trung gần trường học
,,,,Query:evt_100598,,buy_for_living,Query,evt_100598,,,,căn hộ Quận Bình Thạnh bình dân cho gia đình
,,,,Query:evt_103931,,rent,Query,evt_103931,,,,thuê căn hộ Phường An Phú 3 phòng ngủ tầm trung
,,,,Query:evt_100941,,investment,Query,evt_100941,,,,nhà phố Quận Tân Bình khu nhà giàu dòng tiền tốt
,,,,Query:evt_101324,,buy_for_living,Query,evt_101324,,,,"nhà ở Quận Gò Vấp thoáng mát 2pn, tầm trung"
,,,,Query:evt_102847,,buy_for_living,Query,evt_102847,,,,"nhà ở Quận Thủ Đức thoáng mát 3pn, giá hợp lý"
,,,,Query:evt_104390,,buy_for_living,Query,evt_104390,,,,"nhà ở Quận Thủ Đức thoáng mát 5pn, sang trọng"
,,,,Query:evt_104456,,buy_for_living,Query,evt_104456,,,,nhà phố Quận 9 rẻ một chút cho gia đình
,,,,Query:evt_102785,,investment,Query,evt_102785,,,,"mua căn hộ đầu tư ở Quận 7 pháp lý rõ ràng, giá rẻ"
,,,,Query:evt_104126,,buy_for_living,Query,evt_104126,,,,"nhà ở Quận 1 thoáng mát 1pn, giá vừa phải"
,,,,Query:evt_100517,,buy_for_living,Query,evt_100517,,,,căn hộ Quận Bình Thạnh tầm trung cho gia đình
,,,,Query:evt_100713,,buy_for_living,Query,evt_100713,,,,"nhà ở Quận Thủ Đức thoáng mát 2pn, ổn định"
,,,,Query:evt_101433,,buy_for_living,Query,evt_101433,,,,nhà phố Quận 2 khu nhà giàu cho gia đình
,,,,Query:evt_101395,,rent,Query,evt_101395,,,,thuê căn hộ Quận 4 1 phòng ngủ rẻ một chút
,,,,Query:evt_103051,,buy_for_living,Query,evt_103051,,,,căn hộ Quận 7 vị trí đẹp cho gia đình
,,,,Query:evt_101136,,buy_for_living,Query,evt_101136,,,,"cần mua nhà phố 5 phòng ngủ ở Quận Gò Vấp để ở, khu nhà giàu"
,,,,Query:evt_103150,,buy_for_living,Query,evt_103150,,,,tìm căn hộ Quận 1 giá tốt gần trường học
,,,,Query:evt_103595,,buy_for_living,Query,evt_103595,,,,tìm căn hộ Quận 1 bình dân gần trường học
,,,,Query:evt_100575,,buy_for_living,Query,evt_100575,,,,"nhà ở Quận Thủ Đức thoáng mát 3pn, cao cấp"
,,,,Query:evt_104199,,buy_for_living,Query,evt_104199,,,,"nhà ở Phường Hiệp Bình thoáng mát 3pn, giá mềm"
,,,,Query:evt_101277,,investment,Query,evt_101277,,,,tìm căn hộ Quận 2 ổn định tiềm năng tăng giá
,,,,Query:evt_102749,,investment,Query,evt_102749,,,,"mua căn hộ đầu tư ở Quận Bình Thạnh pháp lý rõ ràng, giá tốt"
,,,,Query:evt_103135,,buy_for_living,Query,evt_103135,,,,"cần mua căn hộ 3 phòng ngủ ở Quận Thủ Đức để ở, giá hợp lý"
,,,,Query:evt_103435,,investment,Query,evt_103435,,,,"mua nhà phố đầu tư ở Quận 1 pháp lý rõ ràng, giá hợp lý"
,,,,Query:evt_102910,,buy_for_living,Query,evt_102910,,,,"nhà ở Quận 1 thoáng mát 3pn, giá hợp lý"
,,,,Query:evt_103525,,buy_for_living,Query,evt_103525,,,,tìm căn hộ Phường Dĩ An giá tốt gần trường học
,,,,Query:evt_101164,,rent,Query,evt_101164,,,,"cần thuê đất nền Phường Dĩ An full nội thất, khu nhà giàu"
,,,,Query:evt_102480,,buy_for_living,Query,evt_102480,,,,tìm biệt thự Quận 7 giá hợp lý gần trường học
,,,,Query:evt_102030,,buy_for_living,Query,evt_102030,,,,căn hộ Quận Tân Bình tầm trung cho vợ chồng mới cưới
,,,,Query:evt_103456,,rent,Query,evt_103456,,,,tìm phòng nhà phố ở Quận 7 giá hợp lý
,,,,Query:evt_100663,,investment,Query,evt_100663,,,,đất nền Quận 1 giá mềm cho thuê lại được
,,,,Query:evt_102423,,buy_for_living,Query,evt_102423,,,,"cần mua căn hộ 6 phòng ngủ ở Quận 2 để ở, cao cấp"
,,,,Query:evt_103450,,rent,Query,evt_103450,,,,tìm phòng nhà phố ở Quận 3 giá mềm
,,,,Query:evt_101112,,investment,Query,evt_101112,,,,tìm nhà phố Quận Thủ Đức giá hợp lý tiềm năng tăng giá
,,,,Query:evt_100403,,buy_for_living,Query,evt_100403,,,,"nhà ở Quận Gò Vấp thoáng mát 1pn, giá mềm"
,,,,Query:evt_100884,,buy_for_living,Query,evt_100884,,,,nhà phố Quận 1 cao cấp cho vợ chồng mới cưới
,,,,Query:evt_101317,,buy_for_living,Query,evt_101317,,,,"cần mua nhà phố 2 phòng ngủ ở Quận 2 để ở, tầm trung"
,,,,Query:evt_102374,,buy_for_living,Query,evt_102374,,,,căn hộ Quận 3 giá rẻ cho vợ chồng mới cưới
,,,,Query:evt_100564,,buy_for_living,Query,evt_100564,,,,tìm căn hộ Quận 1 bình dân gần trường học
,,,,Query:evt_102369,,investment,Query,evt_102369,,,,nhà phố Quận Bình Thạnh giá vừa phải dòng tiền tốt
,,,,Query:evt_104503,,investment,Query,evt_104503,,,,căn hộ Phường Long Bình giá tốt cho thuê lại được
,,,,Query:evt_101444,,investment,Query,evt_101444,,,,căn hộ Quận 9 vị trí đẹp dòng tiền tốt
,,,,Query:evt_103032,,buy_for_living,Query,evt_103032,,,,"cần mua căn hộ 5 phòng ngủ ở Quận 3 để ở, khu nhà giàu"
,,,,Query:evt_101496,,buy_for_living,Query,evt_101496,,,,"nhà ở Phường Long Bình thoáng mát 4pn, cao cấp"
,,,,Query:evt_101997,,buy_for_living,Query,evt_101997,,,,căn hộ Quận 7 sang trọng cho vợ chồng mới cưới
,,,,Query:evt_102650,,buy_for_living,Query,evt_102650,,,,tìm căn hộ Quận 1 cao cấp gần trường học
,,,,Query:evt_101319,,buy_for_living,Query,evt_101319,,,,"nhà ở Quận 1 thoáng mát 6pn, sang trọng"
,,,,Query:evt_100476,,investment,Query,evt_100476,,,,căn hộ Quận 9 khu nhà giàu cho thuê lại được
,,,,Query:evt_104189,,investment,Query,evt_104189,,,,"mua nhà phố đầu tư ở Quận 7 pháp lý rõ ràng, vị trí đẹp"
,,,,Query:evt_100762,,buy_for_living,Query,evt_100762,,,,"nhà ở Quận 2 thoáng mát 3pn, rẻ một chút"
,,,,Query:evt_102284,,investment,Query,evt_102284,,,,tìm biệt thự Quận 7 vị trí đẹp tiềm năng tăng giá
,,,,Query:evt_100062,,buy_for_living,Query,evt_100062,,,,"cần mua căn hộ 3 phòng ngủ ở Quận 1 để ở, tầm trung"
,,,,Query:evt_103259,,investment,Query,evt_103259,,,,biệt thự Phường Dĩ An ổn định cho thuê lại được
,,,,Query:evt_103803,,investment,Query,evt_103803,,,,căn hộ Quận Gò Vấp ổn định cho thuê lại được
,,,,Query:evt_100004,,buy_for_living,Query,evt_100004,,,,tìm đất nền Quận 9 sang trọng gần trường học
,,,,Query:evt_102252,,investment,Query,evt_102252,,,,tìm căn hộ Quận 1 ổn định tiềm năng tăng giá
,,,,Query:evt_103663,,buy_for_living,Query,evt_103663,,,,"nhà ở Quận 1 thoáng mát 1pn, giá rẻ"
,,,,Query:evt_101315,,buy_for_living,Query,evt_101315,,,,căn hộ Quận 1 sang trọng cho vợ chồng mới cưới
,,,,Query:evt_101344,,buy_for_living,Query,evt_101344,,,,căn hộ Quận 9 cao cấp cho vợ chồng mới cưới
,,,,Query:evt_101654,,rent,Query,evt_101654,,,,căn hộ Quận 1 ổn định cho thuê gần metro
,,,,Query:evt_102432,,investment,Query,evt_102432,,,,căn hộ Phường Long Bình cao cấp dòng tiền tốt
,,,,Query:evt_101331,,buy_for_living,Query,evt_101331,,,,"cần mua nhà phố 4 phòng ngủ ở Quận 9 để ở, khu nhà giàu"
,,,,Criterion:gia_thap,,,Criterion,gia_thap,,,,
,,,,Criterion:gia_trung_binh,,,Criterion,gia_trung_binh,,,,
,,,,Criterion:gia_cao,,,Criterion,gia_cao,,,,
,,,,Criterion:gia_rat_cao,,,Criterion,gia_rat_cao,,,,
,,,,Criterion:don_gia_thap,,,Criterion,don_gia_thap,,,,
,,,,Criterion:don_gia_cao,,,Criterion,don_gia_cao,,,,
,,,,Criterion:dien_tich_nho,,,Criterion,dien_tich_nho,,,,
,,,,Criterion:dien_tich_vua,,,Criterion,dien_tich_vua,,,,
,,,,Criterion:dien_tich_lon,,,Criterion,dien_tich_lon,,,,
,,,,Criterion:dien_tich_rat_lon,,,Criterion,dien_tich_rat_lon,,,,
,,,,Criterion:it_phong_ngu,,,Criterion,it_phong_ngu,,,,
,,,,Criterion:nhieu_phong_ngu,,,Criterion,nhieu_phong_ngu,,,,
,,,,Criterion:vi_tri_trung_tam,,,Criterion,vi_tri_trung_tam,,,,
,,,,Criterion:gan_truong_hoc,,,Criterion,gan_truong_hoc,,,,
,,,,Criterion:tien_ich_giao_duc,,,Criterion,tien_ich_giao_duc,,,,
,,,,Criterion:gan_benh_vien,,,Criterion,gan_benh_vien,,,,
,,,,Criterion:tien_ich_y_te,,,Criterion,tien_ich_y_te,,,,
,,,,Criterion:gan_sieu_thi,,,Criterion,gan_sieu_thi,,,,
,,,,Criterion:tien_ich_thuong_mai,,,Criterion,tien_ich_thuong_mai,,,,
,,,,Criterion:gan_cong_vien,,,Criterion,gan_cong_vien,,,,
,,,,Criterion:tien_ich_giai_tri,,,Criterion,tien_ich_giai_tri,,,,
,,,,Criterion:co_ho_boi,,,Criterion,co_ho_boi,,,,
,,,,Criterion:co_gym,,,Criterion,co_gym,,,,
,,,,Criterion:view_dep,,,Criterion,view_dep,,,,
,,,,Criterion:an_ninh_tot,,,Criterion,an_ninh_tot,,,,
,,,,Criterion:noi_that_day_du,,,Criterion,noi_that_day_du,,,,
,,,,Criterion:noi_that_co_ban,,,Criterion,noi_that_co_ban,,,,
,,,,Criterion:tien_ich_giao_thong,,,Criterion,tien_ich_giao_thong,,,,
,,,,Criterion:vi_tri_can_trung_tam,,,Criterion,vi_tri_can_trung_tam,,,,
,,,,Criterion:vi_tri_ngoai_thanh,,,Criterion,vi_tri_ngoai_thanh,,,,
,,,,Criterion:huong_tot,,,Criterion,huong_tot,,,,
,,,,Criterion:huong_xau,,,Criterion,huong_xau,,,,
,,,,Criterion:so_hong_rieng,,,Criterion,so_hong_rieng,,,,
,,,,Criterion:so_chung,,,Criterion,so_chung,,,,
,,,,Criterion:hop_dong_mua_ban,,,Criterion,hop_dong_mua_ban,,,,
,,,,Criterion:dang_cho_so,,,Criterion,dang_cho_so,,,,
