amenity_id:ID(Amenity),name:string,category:string,latitude:float,longitude:float,street:string,address:string,operator:string,:LABEL
node/1001114451,Trung Tâm Dạy Nghề Bình Thạnh,school,10.8119652,106.6957645,Nơ Trang Long,,,Amenity;School
node/1001114491,Focomart,supermarket,10.8036214,106.7012353,Bạch Đằng,,,Amenity;Supermarket
node/10047410618,BỆNH VIỆN MẮT,hospital,10.7442536,106.7274159,Hẻm 458 Huỳnh Tấn Phát,Hẻm 458 Huỳnh Tấn Phát,,Amenity;Hospital
node/10062806617,Trường Ngoại Ngữ Tin Học HUFLIT,school,10.8654655,106.6010124,Quốc lộ 22,Quốc lộ 22,,Amenity;School
node/10079576290,Korea Mart,supermarket,10.9083839,106.7419817,Cầu vượt Ngã tư 550,"Cầu vượt Ngã tư 550, Dĩ An",,Amenity;Supermarket
node/10139330281,Trường Cao đẳng Bách Khoa Nam Sài Gòn,college_university,10.736027,106.6811972,Cao Lỗ,"47, Cao Lỗ, Quận 8, Thành phố Hồ Chí Minh",,Amenity;CollegeUniversity
node/10139499351,Đại học Văn Hiến (Cơ sở Hùng Hậu),bus_stop,10.7090759,106.6429353,Nguyễn Văn Linh,,,Amenity;BusStop
node/10164648581,thu mua kệ siêu thị cũ muskvn,supermarket,10.8508817,106.7516363,Đường Dương Văn Cam,"71, Đường Dương Văn Cam, Quan Thu Duc, Phường Linh Tây",,Amenity;Supermarket
node/10164939977,thumuagiuongtangmuskvn,supermarket,10.8510494,106.7514141,Đường Dương Văn Cam,"17, Đường Dương Văn Cam, Quan Thu Duc, Thành phố Thủ Đức",,Amenity;Supermarket
node/10229741470,USAMua - Mua Hàng Mỹ,supermarket,10.771174,106.6299894,Đường Hòa Bình,"204, Đường Hòa Bình, Tân Phú, Hồ Chí Minh",,Amenity;Supermarket
node/10246071319,Phụ Kiện Bida Minh Điền,supermarket,10.7850433,106.6309412,Phú Thọ Hoà,"192/34/1, Phú Thọ Hoà, Tân Phú, Hồ Chí Minh",MINH ĐIỀN BILLIARDS,Amenity;Supermarket
node/10248457090,Trung Tâm Ngoại Ngữ Quốc Tế Mỹ - Việt Nam,school,10.7543812,106.6987558,Tôn Thất Thuyết,"21B, Tôn Thất Thuyết, Quận 4",,Amenity;School
node/10294185712,Tops,supermarket,10.8444032,106.7626007,,,,Amenity;Supermarket
node/10304893410,Viện Thánh Kinh Thần Học,school,10.781199,106.7742326,,,,Amenity;School
node/10539950899,Chợ Vạn Kiếp,supermarket,10.7998008,106.6938742,Hẻm 71 Vạn Kiếp,,,Amenity;Supermarket
node/10686251942,Khu di tích Hố Lang,park,10.9571087,106.7493053,Hố lang,"Hố lang, Dĩ An, Dĩ An",,Amenity;Park
node/10725532941,USAMua - Mua Hàng Mỹ,supermarket,10.7778588,106.634719,Đường Lũy Bán Bích,"555, Đường Lũy Bán Bích, Tân Phú, Hồ Chí Minh",,Amenity;Supermarket
node/10777134131,Cửa hàng Bách hóa Basao Grocery,supermarket,10.7900679,106.7111094,Đường Phạm Viết Chánh,"76A, Đường Phạm Viết Chánh, Bình Thạnh, Ho Chi Minh City",Bách hóa Basao,Amenity;Supermarket
node/10801342656,Gạo Hồng Nhung,supermarket,10.7957801,106.6953508,Vũ Huy Tấn,"24, Vũ Huy Tấn, Quan Binh Thanh, HCMC",,Amenity;Supermarket
node/11001842969,Bách Hóa Xanh grocery store,supermarket,10.7931686,106.6722756,Trần Hữu Trang,"123, Trần Hữu Trang, Phú Nhuận, Ho Chi Minh City",,Amenity;Supermarket
node/11045945955,Cửa Hàng Hoa Tươi Vũng Tàu,supermarket,10.3659664,107.0774467,Phạm Hồng Thái,"57, Phạm Hồng Thái, Vũng Tàu, Thành phố Vũng Tàu",Võ Thanh Tiền,Amenity;Supermarket
node/11052113104,Công viên Phúc An Khang,park,10.7269751,106.6476137,Đường số 7,"Bình Chánh, Ho Chi Minh City",,Amenity;Park
node/11054458777,Trường Tiểu học Vàm Cỏ Đông,school,10.7442983,106.6743412,Phạm Thế Hiển,"771-795, Phạm Thế Hiển, Quận 8, Ho Chi Minh City",,Amenity;School
node/11056012164,Công viên Dạ Nam,park,10.7489187,106.6835781,Phạm Thế Hiển,"200, Phạm Thế Hiển, 8, Ho Chi Minh City",,Amenity;Park
node/11059008198,Trường Tiểu học Lương Thế Vinh,school,10.8418079,106.6502555,Đường số 13,"2, Đường số 13, Gò Vấp, Hồ Chí Minh",,Amenity;School
node/11063457603,Trường Tiểu học Hồng Đức,school,10.7399824,106.6471956,Bình Đông,"289A, Bình Đông, Quận 8, Ho Chi Minh City",,Amenity;School
node/11064584230,Trường Tiểu học - Trung học cơ sở Khai Nguyên - Cơ sở Quận Tân Bình,school,10.7979358,106.6417585,Trương Công Định,"11A, Trương Công Định",,Amenity;School
node/11064584493,Trường Tiểu học Inspire - Khai Nguyên - Cơ sở Quận 8,school,10.7387313,106.6696696,320 Phạm Hùng,"1-7, 320 Phạm Hùng, 8, Ho Chi Minh City",,Amenity;School
node/11064609524,Trường Trung học cơ sở Khai Nguyên - Cơ sở Man Thiện - Thành phố Thủ Đức,school,10.8522608,106.7887983,Hẻm 118 Đường Man Thiện,"118K, Hẻm 118 Đường Man Thiện",,Amenity;School
node/11106925568,Cổng Nhôm Đúc Hoàng Gia | Lan Can - Cầu Thang - Hàng Rào Nhôm Đúc,supermarket,10.8329211,106.5636098,Nữ Dân Công,"C7/7, Nữ Dân Công, Bình Chánh, TPHCM",Cổng Nhôm Đúc Hoàng Gia,Amenity;Supermarket
node/11124634717,116 Culture Luxury,supermarket,10.7684748,106.6986624,Nguyễn Thái Bình,"116, Nguyễn Thái Bình, District 1, TP. Hồ Chí Minh",,Amenity;Supermarket
node/11152431366,King Food Mart - S10.02 Vinhomes Grand Park,supermarket,10.8451011,106.8387009,"Đường D4, Tòa S10.02","Đường D4, Tòa S10.02, Thành phố Thủ Đức",,Amenity;Supermarket
node/11204712937,Kidzone Campus 2,school,10.8048259,106.7454798,Đường Số 11,,,Amenity;School
node/11217538773,"Công viên Gò Sao , Thạnh Xuân, Quận 12",park,10.864995,106.6656948,Thạnh Xuân 13,,,Amenity;Park
node/11328890468,HiepDoanShop,supermarket,10.8451775,106.8387249,Đường D4,"Tòa S10.02, Đường D4, Thành phố Thủ Đức",Hiep Doan,Amenity;Supermarket
node/11330358940,"Trường Tiểu học - Trung học cơ sở Pathway Tuệ Đức - Cơ sở Lương Định Của, Thành phố Thủ Đức",school,10.7880584,106.7352007,Lương Định Của,"1/5, Lương Định Của, Quan 2, Thành phố Thủ Đức",,Amenity;School
node/11335147450,"Trường Mầm non Pathway Tuệ Đức - Cơ sở Phú Cường, Thành phố Thủ Đức",school,10.795478,106.7365254,Đường Số 3,"Lô C, chung cư Bộ Công An, số 83, Đường Số 3, Quan 2, Thành phố Thủ Đức",,Amenity;School
node/11341424942,Công viên nội khu S1,park,10.8375246,106.8308003,,,,Amenity;Park
node/11346766808,Phố Thương Mại,mall,10.8449583,106.8377232,Đường Anh Đào,,,Amenity;Mall
node/11347697643,Công viên Ánh sáng,park,10.8397256,106.8456869,Đường M1 / Đường D2A,,Vinhomes Grand Park,Amenity;Park
node/11363404641,Khu du lịch Văn Thánh,bus_stop,10.7995636,106.7174018,Điện Biên Phủ,,,Amenity;BusStop
node/11399469513,"Trường Mầm non Pathway Tuệ Đức - Cơ sở Bông Sao, Quận 8",school,10.7367374,106.6610655,Tạ Quang Bửu,"Tạ Quang Bửu, Quận 8, Ho Chi Minh City",,Amenity;School
node/11424996126,Fruits (cheap & specials),market,10.3499361,107.086166,,,,Amenity;Market
node/11424996843,WinMart,supermarket,10.3472388,107.0848122,,,,Amenity;Supermarket
node/11430464619,WinMart,supermarket,10.3512892,107.0864408,Nam Kỳ Khởi Nghĩa,,,Amenity;Supermarket
node/11433411769,Siêu thị Bách hóa XANH,supermarket,10.7656009,106.6947703,Ðề Thám,,,Amenity;Supermarket
node/11465699290,Chợ Huỳnh Văn Chính,market,10.7808343,106.6414933,,,,Amenity;Market
node/11527625171,Lẩu cá kèo,supermarket,10.8260415,106.689306,Nguyễn Thái Sơn,,,Amenity;Supermarket
node/11533727958,WinMart,supermarket,10.7782504,106.7020738,Đường Lê Thánh Tôn,"72, Đường Lê Thánh Tôn",,Amenity;Supermarket
node/11586280298,Công viên Văn Thánh,metro,10.7960548,106.7155056,,,Ban Quản lý Đường sắt đô thị Thành phố Hồ Chí Minh,Amenity;MetroStation
node/11586280299,Tân Cảng,metro,10.7985879,106.7232392,,,Ban Quản lý Đường sắt đô thị Thành phố Hồ Chí Minh,Amenity;MetroStation
node/11586280300,Thảo Điền,metro,10.8004871,106.7336512,Song Hành Võ Nguyên Giáp,,Ban Quản lý Đường sắt đô thị Thành phố Hồ Chí Minh,Amenity;MetroStation
node/11586280301,An Phú,metro,10.8021337,106.7422498,Song Hành Võ Nguyên Giáp,,Ban Quản lý Đường sắt đô thị Thành phố Hồ Chí Minh,Amenity;MetroStation
node/11586280302,Rạch Chiếc,metro,10.8085535,106.755277,Song Hành Võ Nguyên Giáp,,Ban Quản lý Đường sắt đô thị Thành phố Hồ Chí Minh,Amenity;MetroStation
node/11586280303,Phước Long,metro,10.821435,106.758185,Nguyễn Văn Bá,,Ban Quản lý Đường sắt đô thị Thành phố Hồ Chí Minh,Amenity;MetroStation
node/11586280304,Bình Thái,metro,10.832652,106.7638944,Nguyễn Văn Bá,,Ban Quản lý Đường sắt đô thị Thành phố Hồ Chí Minh,Amenity;MetroStation
node/11586280305,Khu Công Nghệ Cao,metro,10.8589894,106.7888364,Song Hành Xa Lộ Hà Nội,,Ban Quản lý Đường sắt đô thị Thành phố Hồ Chí Minh,Amenity;MetroStation
node/11586280306,Đại học Quốc gia,metro,10.8662985,106.8012008,Song Hành Xa Lộ Hà Nội,,Ban Quản lý Đường sắt đô thị Thành phố Hồ Chí Minh,Amenity;MetroStation
node/11586280307,Bến xe Suối Tiên,metro,10.8795447,106.8140929,Xa lộ Hà Nội,,Ban Quản lý Đường sắt đô thị Thành phố Hồ Chí Minh,Amenity;MetroStation
node/11586280327,Thủ Đức,metro,10.8464061,106.7716521,Nguyễn Văn Bá,,Ban Quản lý Đường sắt đô thị Thành phố Hồ Chí Minh,Amenity;MetroStation
node/11601268350,Vung Tau Hash House Harriers (VTH3),park,10.3505359,107.0715014,Lê Ngọc Hân,"5, Lê Ngọc Hân, Ward 1, Thành phố Vũng Tàu",Vung Tau Hash,Amenity;Park
node/11612841316,Vive Gourmet Food & Wine - The River,supermarket,10.782216,106.7191754,Trần Bạch Đằng,"23, Trần Bạch Đằng, Quận 2, Thành phố Hồ Chí Minh",,Amenity;Supermarket
node/11704307870,Cát Lái,bus_stop,10.8029737,106.7479175,Võ Nguyên Giáp,,,Amenity;BusStop
node/1171583923,Bệnh viện Gia Định,bus_stop,10.8031098,106.6934358,Phan Đăng Lưu,,,Amenity;BusStop
node/1171583941,Ngã tư Thích Quảng Đức,bus_stop,10.8025249,106.6836428,Phan Đăng Lưu,,,Amenity;BusStop
node/1171615062,Công an Quận Phú Nhuận,bus_stop,10.7996024,106.6737425,Hoàng Văn Thụ,,,Amenity;BusStop
node/11753277686,Bệnh viện Chấn thương Chỉnh hình,bus_stop,10.754642,106.6782626,Đường Trần Hưng Đạo,,,Amenity;BusStop
node/11753277690,Trường Đại học Sư phạm Thể dục Thể thao Thành phố Hồ Chí Minh,bus_stop,10.7533778,106.6636576,Đường Nguyễn Trãi,,,Amenity;BusStop
node/11753277716,Ngã tư An Nhơn,bus_stop,10.84218,106.6767484,Nguyễn Oanh,,,Amenity;BusStop
node/11753277721,Cây xăng Tài Lộc,bus_stop,10.8683124,106.6782224,Hà Huy Giáp,,,Amenity;BusStop
node/11753277724,Chợ Thạnh Xuân,bus_stop,10.8784944,106.6781955,,,,Amenity;BusStop
node/11753277726,Trường Mầm non Hoa Đỗ Quyên,bus_stop,10.8845895,106.68131,Hà Huy Giáp,,,Amenity;BusStop
node/11753277727,Cây xăng Thanh Bình,bus_stop,10.8863295,106.6831419,Hà Huy Giáp,,,Amenity;BusStop
node/11753277728,Cầu Ông Dung,bus_stop,10.888795,106.6851783,Hà Huy Giáp,,,Amenity;BusStop
node/11753277731,Chợ Đường,bus_stop,10.8976777,106.6890857,Đường Bùi Công Trừng,,,Amenity;BusStop
node/11753277739,Trường Mầm non Hoa Đỗ Quyên,bus_stop,10.8840411,106.680837,Hà Huy Giáp,,,Amenity;BusStop
node/11753277765,Tháp nước,bus_stop,10.8023965,106.6763886,Hồ Văn Huê,,,Amenity;BusStop
node/11753290074,Trần Cao Vân,bus_stop,10.7840612,106.6966375,Hai Bà Trưng,,,Amenity;BusStop
node/11754611881,Ngã ba Út Tịch,bus_stop,10.801015,106.6566148,Cộng Hòa,,,Amenity;BusStop
node/11755184310,Trần Quốc Thảo,bus_stop,10.7845221,106.6829536,Kỳ Ðồng,,,Amenity;BusStop
node/11755184314,Ngã tư Nguyễn Văn Trỗi,bus_stop,10.7929912,106.6779668,Trần Huy Liệu,,,Amenity;BusStop
node/11755184327,Uỷ ban Nhân dân Phường 5,bus_stop,10.8255046,106.6882739,Nguyễn Thái Sơn,,,Amenity;BusStop
node/11755184328,Trường Đại học Công nghiệp,bus_stop,10.8227583,106.685291,Nguyễn Thái Sơn,,,Amenity;BusStop
node/11755184351,Trung tâm Giáo dục Thường xuyên,bus_stop,10.7567948,106.6665709,Ngô Gia Tự,,,Amenity;BusStop
node/11757081904,Cây Gõ,bus_stop,10.7542254,106.6443594,Đường Hồng Bàng,,,Amenity;BusStop
node/11757081912,Bệnh viện Triều An,bus_stop,10.7397045,106.616375,Đường Kinh Dương Vương,,,Amenity;BusStop
node/11757081913,Hàng Dương,bus_stop,10.7352315,106.6131235,Đường Kinh Dương Vương,,,Amenity;BusStop
node/11757109497,Lâm Thành,bus_stop,10.7341301,106.6128898,Đường Kinh Dương Vương,,,Amenity;BusStop
node/11757386616,Bệnh viện Mắt - Bình Dân - Da Liễu,bus_stop,10.7763589,106.6845074,,,,Amenity;BusStop
node/11757445973,Nhà khách Chính phủ,bus_stop,10.7665837,106.67776,Lý Thái Tổ,,,Amenity;BusStop
node/11757445997,Bệnh viện Bình Tân - 927 Hương lộ 2,bus_stop,10.7683002,106.5948133,Hương Lộ 2,,,Amenity;BusStop
node/11757446021,Sửa xe Quyết,bus_stop,10.7682846,106.5951925,Hẻm 951 Hương lộ 2,,,Amenity;BusStop
node/11758359258,Làng nướng Tây Nguyên,bus_stop,10.7657906,106.6131103,Đường Trương Phước Phan,,,Amenity;BusStop
node/11758401288,Phòng khám Đa khoa Tân Kỳ Tân Quý,bus_stop,10.7925066,106.6065308,Tân Kỳ Tân Quý,,,Amenity;BusStop
node/11758401307,Sân vận động Hoa Lư,bus_stop,10.787152,106.7010822,Đinh Tiên Hoàng,,,Amenity;BusStop
node/11758401308,Trường Trung cấp Kỹ thuật Nông nghiệp,bus_stop,10.7891734,106.6987603,Đinh Tiên Hoàng,,,Amenity;BusStop
node/11758401315,Chùa Hưng Gia Tự,bus_stop,10.8099609,106.6926154,Lê Quang Định,,,Amenity;BusStop
node/11758401317,Chùa Già Lam,bus_stop,10.8144809,106.6896775,Lê Quang Định,,,Amenity;BusStop
node/11758401328,City Mart,bus_stop,10.8358787,106.661043,Quang Trung,,,Amenity;BusStop
node/11758401352,Ngã ba Đông Quang,bus_stop,10.8827915,106.6302502,Nguyễn Ảnh Thủ,,,Amenity;BusStop
node/11758401353,Khu công nghiệp Tân Thới Hiệp,bus_stop,10.8813894,106.632781,Nguyễn Ảnh Thủ,,,Amenity;BusStop
node/11758401355,Nhà Văn hóa Lao động Quận 12,bus_stop,10.8781803,106.6386108,Nguyễn Ảnh Thủ,,,Amenity;BusStop
node/11758401359,Hiệp Thành 11,bus_stop,10.8804465,106.634732,Nguyễn Ảnh Thủ,,,Amenity;BusStop
node/11758401362,Cây xăng Sài Gòn Petro,bus_stop,10.881983,106.6283886,Nguyễn Ảnh Thủ,,,Amenity;BusStop
node/11758401389,Nhà thờ Xóm Thuốc,bus_stop,10.8291979,106.671931,Quang Trung,,,Amenity;BusStop
node/11758401395,Trường Đại học Công nghiệp,bus_stop,10.8223941,106.6882625,Đường Nguyễn Văn Nghi,,,Amenity;BusStop
node/11758401397,Chùa Già Lam,bus_stop,10.8152567,106.6889705,Lê Quang Định,,,Amenity;BusStop
node/11758401399,Chùa Hưng Gia Tự,bus_stop,10.8094005,106.6931074,Lê Quang Định,,,Amenity;BusStop
node/11758401402,Bệnh viện Bình Thạnh,bus_stop,10.7975784,106.6961525,Lê Văn Duyệt,,,Amenity;BusStop
node/11760154445,Trường Trung học Cơ sở Huỳnh Tấn Phát,bus_stop,10.7428256,106.729564,Huỳnh Tấn Phát,,,Amenity;BusStop
node/11760154449,Phú Thuận,bus_stop,10.7313572,106.7317098,Huỳnh Tấn Phát,,,Amenity;BusStop
node/11760154456,Hoàng Quốc Việt,bus_stop,10.714768,106.7368649,Huỳnh Tấn Phát,,,Amenity;BusStop
node/11760154463,Công an Thị trấn Nhà Bè,bus_stop,10.6958592,106.7396625,Huỳnh Tấn Phát,,,Amenity;BusStop
node/11760154464,Trường Tiểu học Lâm Văn Bền,bus_stop,10.693419,106.7405311,Huỳnh Tấn Phát,,,Amenity;BusStop
node/11760154467,Chùa Pháp Võ,bus_stop,10.684067,106.7453178,Huỳnh Tấn Phát,,,Amenity;BusStop
node/11760158070,Ngã ba Bờ Đăng,bus_stop,10.6783842,106.7532069,Huỳnh Tấn Phát,,,Amenity;BusStop
node/11760158071,Uỷ ban Nhân dân Xã Phú Xuân,bus_stop,10.6778778,106.7544518,Huỳnh Tấn Phát,,,Amenity;BusStop
node/11760158102,Phú Thuận,bus_stop,10.7317797,106.7317282,Huỳnh Tấn Phát,,,Amenity;BusStop
node/11760158105,Trường Trung cấp Kinh tế Kỹ thuật Nguyễn Hữu Cảnh,bus_stop,10.7426725,106.7297339,Huỳnh Tấn Phát,,,Amenity;BusStop
node/11761010939,Đường vào Chợ Bình Điền,bus_stop,10.6937439,106.6102511,Nguyễn Văn Linh,,,Amenity;BusStop
node/11761010964,Ngã tư Thoại Ngọc Hầu,bus_stop,10.7852247,106.6419822,Âu Cơ,,,Amenity;BusStop
node/11761010966,Bàu Cát 2,bus_stop,10.7934674,106.6422851,Nguyễn Hồng Đào,,,Amenity;BusStop
node/11761069769,Ngã ba Ấp Bắc,bus_stop,10.7995857,106.6410192,Trường Chinh,,,Amenity;BusStop
node/11761069772,Công ty Thời trang Sài Gòn,bus_stop,10.827626,106.6235418,Phan Văn Hớn,,,Amenity;BusStop
node/11761069833,Bệnh viện Quận Tân Phú,bus_stop,10.7836741,106.6424214,Âu Cơ,,,Amenity;BusStop
node/11761069836,Cầu số 2,bus_stop,10.776328,106.6394526,Khuông Việt,,,Amenity;BusStop
node/11766198215,Cây xăng 178,bus_stop,10.806561,106.6969466,Lê Quang Định,,,Amenity;BusStop
node/11766198229,Trường Trung học Phổ thông Nguyễn Hữu Cầu,bus_stop,10.8666309,106.6150462,Nguyễn Ảnh Thủ,,,Amenity;BusStop
node/11766198239,Ngân hàng Nông Nghiệp,bus_stop,10.888334,106.5943665,Lý Thường Kiệt,,,Amenity;BusStop
node/11766198256,Trường Trung học cơ sở Hà Huy Tập,bus_stop,10.866479,106.6148345,Nguyễn Ảnh Thủ,,,Amenity;BusStop
node/11766257780,Đường số 34,bus_stop,10.7521431,106.608202,Trần Văn Giàu,,,Amenity;BusStop
node/11766257787,Tây Lân,bus_stop,10.772479,106.5864768,Bến Lội,,,Amenity;BusStop
node/11766257797,Chợ mới Vĩnh Lộc,bus_stop,10.8113248,106.5756536,Đường Vĩnh Lộc,,,Amenity;BusStop
node/11768041135,Ngã năm Vĩnh Lộc,bus_stop,10.8110723,106.5754499,Đường Vĩnh Lộc,,,Amenity;BusStop
node/11768041146,Bến Lội,bus_stop,10.7723139,106.5862818,Bến Lội,,,Amenity;BusStop
node/11768103481,Bình Thới,bus_stop,10.7695255,106.6515355,Âu Cơ,,,Amenity;BusStop
node/11768103492,Trường Tiểu học Trần Quang Diệu,bus_stop,10.7879471,106.6777336,Lê Văn Sỹ,,,Amenity;BusStop
node/11768103493,Nhà thờ Vườn Xoài,bus_stop,10.7891775,106.6755345,Lê Văn Sỹ,,,Amenity;BusStop
node/11768103505,Công ty Bánh Givral,bus_stop,10.8119317,106.6097188,Hẻm 584 Đường Lê Trọng Tấn,,,Amenity;BusStop
node/11769139656,Nguyễn Thị Tú,bus_stop,10.8157572,106.6027811,Lê Trọng Tấn,,,Amenity;BusStop
node/11769143878,Tôn Thất Tùng,bus_stop,10.7696619,106.6907636,Nguyễn Trãi,,,Amenity;BusStop
node/11769143889,23-25 Lê Văn Thịnh,bus_stop,10.7866742,106.7691145,,,,Amenity;BusStop
node/11769143895,Đỗ Xuân Hợp,bus_stop,10.789472,106.7794739,Nguyễn Duy Trinh,,,Amenity;BusStop
node/11769143902,Đình Bình Thái,bus_stop,10.8138379,106.7753407,Đỗ Xuân Hợp,,,Amenity;BusStop
node/11769143921,Đường 12,bus_stop,10.8671903,106.7335407,Nhánh N8,,,Amenity;BusStop
node/11769143922,Uỷ ban Nhân dân Phường Tam Bình,bus_stop,10.8682106,106.7356583,Tô Ngọc Vân,,,Amenity;BusStop
node/11769143930,Ngã ba Linh Đông,bus_stop,10.8558644,106.7504518,Tô Ngọc Vân,,,Amenity;BusStop
node/11769143933,Chợ Phước Long B,bus_stop,10.8289172,106.7685067,Đỗ Xuân Hợp,,,Amenity;BusStop
node/11769143939,Đình Bình Thái,bus_stop,10.8133832,106.7754202,Đỗ Xuân Hợp,,,Amenity;BusStop
node/11769143945,Đỗ Xuân Hợp,bus_stop,10.7896461,106.7796103,Nguyễn Duy Trinh,,,Amenity;BusStop
node/11771724320,Bàu Cát 2,bus_stop,10.7948232,106.6406462,Trương Công Định,,,Amenity;BusStop
node/11771724325,Trạm y tế Phường 4,bus_stop,10.7915791,106.65574,Cách Mạng Tháng Tám,,,Amenity;BusStop
node/11771724328,Hội thánh Tin lành Hòa Hưng,bus_stop,10.7846938,106.6687068,Cách Mạng Tháng Tám,,,Amenity;BusStop
node/11771724348,TTTM Sài Gòn,bus_stop,10.7842885,106.7043223,Tôn Đức Thắng,,,Amenity;BusStop
node/11771724350,Đại học Kinh tế,bus_stop,10.7840139,106.6945369,Phạm Ngọc Thạch,,,Amenity;BusStop
node/11771724353,Phạm Ngọc Thạch,bus_stop,10.7869593,106.6910083,Võ Thị Sáu,,,Amenity;BusStop
node/11771724355,Chùa Bửu Đà,bus_stop,10.7815856,106.6746904,Cách Mạng Tháng Tám,,,Amenity;BusStop
node/11771724359,Ngã ba Bành Văn Trân,bus_stop,10.7886617,106.6614603,Cách Mạng Tháng Tám,,,Amenity;BusStop
node/11771724361,Cư xá Tự Do,bus_stop,10.7914122,106.6562173,Cách Mạng Tháng Tám,,,Amenity;BusStop
node/11771727974,Chợ Tân Hương,bus_stop,10.7901682,106.6213475,Tân Hương,,,Amenity;BusStop
node/11771727982,Lotte Mart - 1 Nguyễn Thị Thập,bus_stop,10.740198,106.7015292,Nguyễn Thị Thập,,,Amenity;BusStop
node/11771727988,Nguyễn Văn Linh,bus_stop,10.7380509,106.7200214,Nguyễn Thị Thập,,,Amenity;BusStop
node/11771727992,Chùa Anh Linh,bus_stop,10.7630428,106.7032156,Hoàng Diệu,,,Amenity;BusStop
node/11771728006,Trường Trung học cơ sở Bình Lợi Trung,bus_stop,10.8308472,106.7022915,Đặng Thùy Trâm,,,Amenity;BusStop
node/11773317337,Chùa Diệu Pháp,bus_stop,10.8308733,106.7054813,Bình Lợi,,,Amenity;BusStop
node/11773323776,Chợ Phường 18,bus_stop,10.7831892,106.6257608,Nguyễn Sơn,,,Amenity;BusStop
node/11773323784,Tân Kỳ Tân Quý,bus_stop,10.7989506,106.6196101,Tân Quý,,,Amenity;BusStop
node/11773323786,Showroom ô tô - 343-345 Tân Kỳ Tân Quý,bus_stop,10.8008474,106.6230789,Tân Kỳ Tân Quý,,,Amenity;BusStop
node/11773323794,Trạm cuối D9,bus_stop,10.8144392,106.6252629,Đường D9,,,Amenity;BusStop
node/11773323804,Ngã ba Cây Trâm,bus_stop,10.8458585,106.6432902,Phạm Văn Chiêu,,,Amenity;BusStop
node/11773323806,Công ty Huê Phong,bus_stop,10.8481644,106.6480599,Phạm Văn Chiêu,,,Amenity;BusStop
node/11773323807,Chợ Thạch Đà,bus_stop,10.8495407,106.6509737,Phạm Văn Chiêu,,,Amenity;BusStop
node/11773323809,Trung tâm Văn hóa Quận Gò Vấp,bus_stop,10.8513794,106.6575907,Phạm Văn Chiêu,,,Amenity;BusStop
node/11773323813,Nhà thờ Trung Bắc,bus_stop,10.8491315,106.666056,Lê Đức Thọ,,,Amenity;BusStop
node/11773323817,Ngọc Lan,bus_stop,10.8632358,106.6818191,Hà Huy Giáp,,,Amenity;BusStop
node/11773635195,Nhà thờ Hà Nội,bus_stop,10.8518856,106.665299,Thống Nhất,,,Amenity;BusStop
node/11773635198,Trung tâm Văn hóa Quận Gò Vấp,bus_stop,10.851559,106.6578575,Phạm Văn Chiêu,,,Amenity;BusStop
node/11773635207,Nhà sách Phan Huy Ích,bus_stop,10.8374657,106.6362908,Phan Huy Ích,,,Amenity;BusStop
node/11773635219,Showroom ô tô - 51/13 Tân Kỳ Tân Quý,bus_stop,10.8010154,106.6233616,Tân Kỳ Tân Quý,,,Amenity;BusStop
node/11773635225,Trường Cao đẳng Giao thông Vận tải,bus_stop,10.7864088,106.6220114,Văn Cao,,,Amenity;BusStop
node/11773635232,Trung tâm Anh ngữ - 193 Lũy Bán Bích,bus_stop,10.7688599,106.6316512,Lũy Bán Bích,,,Amenity;BusStop
node/11773635252,Tu viện Khánh An,bus_stop,10.8590193,106.7060482,Đỗ Mười,,,Amenity;BusStop
node/11773641370,Tu viện Khánh An,bus_stop,10.8594751,106.7049521,Đỗ Mười,,,Amenity;BusStop
node/11774743563,Phan Huy Thực,bus_stop,10.7490325,106.7048748,Lê Văn Lương,,,Amenity;BusStop
node/11774744170,Đường số 43,bus_stop,10.7432854,106.7136668,Mai Văn Vĩnh,,,Amenity;BusStop
node/11774744175,Sky Garden,bus_stop,10.7291747,106.7048385,Nguyễn Văn Linh,,,Amenity;BusStop
node/11774744197,Phòng cháy chữa cháy số 7,bus_stop,10.7281431,106.7039814,Nguyễn Văn Linh,,,Amenity;BusStop
node/11774744205,Đường số 10,bus_stop,10.7455352,106.7097828,Đường số 15,,,Amenity;BusStop
node/11774744231,Trường Đại học Hồng Bàng,bus_stop,10.8454815,106.6648066,Thống Nhất,,,Amenity;BusStop
node/11774744244,Cầu Cụt,bus_stop,10.85434,106.6568186,Lê Đức Thọ,,,Amenity;BusStop
node/11774744248,Ngã ba Nguyễn Văn Lương,bus_stop,10.8392196,106.6652588,Thống Nhất,,,Amenity;BusStop
node/11774744252,Nhà khách Phía Nam,bus_stop,10.8327917,106.6719765,Phan Văn Trị,,,Amenity;BusStop
node/11774744258,Vincom Plaza Phan Văn Trị,bus_stop,10.8275224,106.6874251,Phan Văn Trị,,,Amenity;BusStop
node/11775251415,Hoàng Diệu,bus_stop,10.7601132,106.6992888,Hoàng Diệu,,,Amenity;BusStop
node/11775251432,Ngân hàng Quân Đội - 405 Tô Hiến Thành,bus_stop,10.7755793,106.6630014,Tô Hiến Thành,,,Amenity;BusStop
node/11775251439,Hoàng Diệu,bus_stop,10.7607919,106.6999058,Hoàng Diệu,,,Amenity;BusStop
node/11775251445,Chợ Nga,bus_stop,10.7617427,106.6962616,Võ Văn Kiệt,,,Amenity;BusStop
node/11775251457,Hồ Học Lãm,bus_stop,10.7230654,106.6128069,Võ Văn Kiệt,,,Amenity;BusStop
node/11775271669,Cầu Nguyễn Văn Cừ,bus_stop,10.7559639,106.689258,Võ Văn Kiệt,,,Amenity;BusStop
node/11775271679,Đường số 13,bus_stop,10.7439348,106.6083542,Đường Số 34,,,Amenity;BusStop
node/11775271680,Đường số 34,bus_stop,10.7461817,106.6072826,Đường Số 1,,,Amenity;BusStop
node/11775271682,Địa ốc Phước Lộc,bus_stop,10.7485015,106.6118083,Tên Lửa,,,Amenity;BusStop
node/11775484695,Đường Tên Lửa,bus_stop,10.7478944,106.6115878,Đường Số 1,,,Amenity;BusStop
node/11775484713,Trường Cấp 3 Giồng Ông Tố,bus_stop,10.7846712,106.7573687,Nguyễn Thị Định,,,Amenity;BusStop
node/11775484738,Tôn Đản,bus_stop,10.755042,106.705753,Tôn Đản,,,Amenity;BusStop
node/11775484739,Tôn Đản,bus_stop,10.7561706,106.7053328,Vĩnh Hội,,,Amenity;BusStop
node/11775484740,Nhà thuốc Hữu Nghị,bus_stop,10.7561442,106.7030529,Vĩnh Hội,,,Amenity;BusStop
node/11775511382,Trường Trung học cơ sở Phú Mỹ,bus_stop,10.7925488,106.7121537,Ngô Tất Tố,"120B, Ngô Tất Tố",,Amenity;BusStop
node/11775511389,Chùa Giác Nguyên,bus_stop,10.759287,106.7013879,Đường số 41,,,Amenity;BusStop
node/11782827580,Trường Cao đẳng Sư phạm Trung ương Thành phố,bus_stop,10.7603143,106.6705192,Nguyễn Chí Thanh,,,Amenity;BusStop
node/11782827590,Công an Phường 8,bus_stop,10.750387,106.6796956,Đường Hưng Phú,,,Amenity;BusStop
node/11782827597,Kho 289,bus_stop,10.7411369,106.646917,Đường Bình Đông,,,Amenity;BusStop
node/11787207482,Hội quán Thanh niên,bus_stop,10.6772044,106.650462,Đường Văn Tiến Dũng,,,Amenity;BusStop
node/11787207533,Cua chữ S - 13/5 Nguyễn Ánh Thủ,bus_stop,10.8493733,106.6021664,Nguyễn Ảnh Thủ,,,Amenity;BusStop
node/11787207537,Trường Mẫu giáo Nai By,bus_stop,10.8575603,106.6275519,Đường Đông Bắc,,,Amenity;BusStop
node/11787207540,Huỳnh Thị Hai,bus_stop,10.8673149,106.635406,Dương Thị Mười,,,Amenity;BusStop
node/11787207561,Cua chữ S - 11/6A Nguyễn Ánh Thủ,bus_stop,10.8490925,106.6018468,Nguyễn Ảnh Thủ,,,Amenity;BusStop
node/11787220780,Cầu Bình Lợi,bus_stop,10.8230082,106.7040122,Phạm Văn Đồng,,,Amenity;BusStop
node/11787220783,Chùa Quan Âm,bus_stop,10.8475357,106.7480552,Phạm Văn Đồng,,,Amenity;BusStop
node/11787220789,Nhà hàng tiệc cưới Phố Đôi,bus_stop,10.8686879,106.763319,Phạm Văn Đồng,,,Amenity;BusStop
node/11789253329,Nhà hàng tiệc cưới Phố Đôi,bus_stop,10.867785,106.7624972,Phạm Văn Đồng,,,Amenity;BusStop
node/11789253334,Đình thần Bình Quới Đông,bus_stop,10.8478311,106.7479429,Phạm Văn Đồng,,,Amenity;BusStop
node/11789305172,Sân Golf Thủ Đức,bus_stop,10.868327,106.8138659,Hoàng Hữu Nam,,,Amenity;BusStop
node/11793308612,Đường 38,bus_stop,10.8430988,106.7309204,Hiệp Bình,,,Amenity;BusStop
node/11799114422,Nhà thờ Nam Hải,bus_stop,10.7375529,106.6709103,Đường Phạm Hùng,,,Amenity;BusStop
node/11799114427,Xóm Cháy,bus_stop,10.8218589,106.6787945,Nguyễn Kiệm,,,Amenity;BusStop
node/11799114443,Trạm cân số 1,bus_stop,10.8040974,106.5987619,Lê Đức Anh,,,Amenity;BusStop
node/11799344241,UBND Phường Bình Chiểu,bus_stop,10.8819382,106.7292434,Tỉnh lộ 43,,,Amenity;BusStop
node/11799344242,Chợ Bình Chiểu,bus_stop,10.8791271,106.7305142,Tỉnh lộ 43,,,Amenity;BusStop
node/11799344248,Chợ Bình Chiểu,bus_stop,10.8794886,106.7302546,,,,Amenity;BusStop
node/11799376670,Trần Đại Nghĩa,bus_stop,10.72265,106.5998768,Trần Đại Nghĩa,,,Amenity;BusStop
node/11799722403,Vành đai,bus_stop,10.7327198,106.624415,Đường số 23,,,Amenity;BusStop
node/11799722433,Cafe Venus,bus_stop,10.8415356,106.630459,Nguyễn Văn Quá,,,Amenity;BusStop
node/11802297390,Y tế Dự phòng - 100-102 Bà Hom,bus_stop,10.7552184,106.6288845,Bà Hom,,,Amenity;BusStop
node/11802297398,Khang Mỹ Lạc,bus_stop,10.7571323,106.585379,Tỉnh lộ 10,,,Amenity;BusStop
node/11802297410,UBND Xã Phạm Văn Hai,bus_stop,10.7752019,106.5429149,Trần Văn Giàu,,,Amenity;BusStop
node/11804187935,Đa Khoa Sài Gòn,bus_stop,10.7849421,106.5229645,Tỉnh Lộ 10,,,Amenity;BusStop
node/11809731183,Cầu Rạch Lăng,bus_stop,10.8162668,106.7006504,Phan Chu Trinh,,,Amenity;BusStop
node/11811394770,Bệnh viện Tân Hưng,bus_stop,10.7516593,106.695357,Trần Xuân Soạn,,,Amenity;BusStop
node/11811394786,Sân bóng đá mini Phú Mỹ,bus_stop,10.7377068,106.7287509,Nguyễn Thị Thập,,,Amenity;BusStop
node/11811394798,Cầu Rạch Ông,bus_stop,10.7515194,106.6930016,Trần Xuân Soạn / Hẻm 1005 Trần Xuân Soạn,,,Amenity;BusStop
node/11811394818,Phạm Văn Xảo,bus_stop,10.7883654,106.623726,Vườn Lài,,,Amenity;BusStop
node/11811792473,Minh Tâm,bus_stop,10.7881182,106.6292279,Vườn Lài,,,Amenity;BusStop
node/11812136288,Trạm xăng Hiệp Hòa,bus_stop,10.7954637,106.5578593,Đường Vĩnh Lộc,,,Amenity;BusStop
node/11812136289,UBND Xã Vĩnh Lộc B,bus_stop,10.7993207,106.5609522,Đường Vĩnh Lộc,,,Amenity;BusStop
node/11812136310,Bệnh viện Nhân Tâm,bus_stop,10.6529764,106.7294238,Đường Nguyễn Văn Tạo,,,Amenity;BusStop
node/11812136311,Chợ Bà Chồi,bus_stop,10.6501459,106.7303153,Đường Nguyễn Văn Tạo,,,Amenity;BusStop
node/11813095034,Cao Thắng,bus_stop,10.7712061,106.6773431,Điện Biên Phủ,,,Amenity;BusStop
node/11813127675,Nguyễn Cửu Phú,bus_stop,10.7560355,106.5864942,Nguyễn Cửu Phú,,,Amenity;BusStop
node/11813127683,Hưng Nhơn,bus_stop,10.7165307,106.5814315,Nguyễn Cửu Phú,,,Amenity;BusStop
node/11813897498,Cây xăng Trường Thạnh,bus_stop,10.8235834,106.8305114,Nguyễn Xiển,,,Amenity;BusStop
node/11813897511,Trường Mầm non Tuổi Hồng,bus_stop,10.8506264,106.7955991,Man Thiện,,,Amenity;BusStop
node/11813897520,Trường Mầm non Tuổi Hồng,bus_stop,10.8504404,106.7956035,,,,Amenity;BusStop
node/11837689902,Bến xe Thới An,bus_stop,10.8787603,106.648979,Lê Văn Khương,,,Amenity;BusStop
node/11837689903,Thới An 13,bus_stop,10.8817819,106.648741,Lê Văn Khương,,,Amenity;BusStop
node/11837689929,Chùa Hoàng Pháp,bus_stop,10.8965723,106.58207,Đường Lê Lợi,,,Amenity;BusStop
node/11837689950,Trường Tiểu học Nguyễn An Ninh,bus_stop,10.890847,106.5911822,Đường Lê Lợi,,,Amenity;BusStop
node/11837716873,Thới An 13,bus_stop,10.8812924,106.6486769,Lê Văn Khương,,,Amenity;BusStop
node/11837716929,Trường Tiểu học Bình Lợi,bus_stop,10.7630566,106.4946392,Vườn Thơm,,,Amenity;BusStop
node/11838346582,Công ty Bình An,bus_stop,10.7875189,106.7646237,Nguyễn Duy Trinh,,,Amenity;BusStop
node/11838346588,UBND Phường Phú Hữu,bus_stop,10.7912089,106.7978543,Nguyễn Duy Trinh,,,Amenity;BusStop
node/11838346593,Trường Trung học cơ sở Long Trường,bus_stop,10.801434,106.8115701,Nguyễn Duy Trinh,,,Amenity;BusStop
node/11838346594,Đường số 6,bus_stop,10.8037947,106.8147691,Nguyễn Duy Trinh,,,Amenity;BusStop
node/11838346595,UBND Phường Long Trường,bus_stop,10.8050653,106.8166418,Nguyễn Duy Trinh,,,Amenity;BusStop
node/11838346607,Trường Trung học cơ sở Long Trường,bus_stop,10.8018297,106.8119187,Nguyễn Duy Trinh,,,Amenity;BusStop
node/11838346617,Công ty Bình An,bus_stop,10.7878413,106.7655598,Nguyễn Duy Trinh,,,Amenity;BusStop
node/11845929814,Rửa xe Ba Lực,bus_stop,10.8677077,106.7446783,Tam Châu,,,Amenity;BusStop
node/11845929830,Bãi xe Phường Bình Thọ,bus_stop,10.8511323,106.7564545,Hẻm 24 Đường Võ Văn Ngân,,,Amenity;BusStop
node/11845929833,Công ty Dệt Việt Thắng,bus_stop,10.8582637,106.777512,,,,Amenity;BusStop
node/11845929851,Bệnh viện Ung Bướu,bus_stop,10.8058426,106.6969147,Nguyễn Huy Lượng,,,Amenity;BusStop
node/11845929858,Trường Tiểu học Nguyễn Trung Trực,bus_stop,10.8520669,106.7548198,Kha Vạn Cân,,,Amenity;BusStop
node/11846011872,Mạc Đĩnh Chi,bus_stop,10.7869617,106.6980755,Hẻm 100 Đường Nguyễn Đình Chiểu,,,Amenity;BusStop
node/11847376738,UBND Thành phố Thủ Đức,bus_stop,10.7774667,106.7567301,Phan Văn Đáng,,,Amenity;BusStop
node/11847376740,Đường 122,bus_stop,10.8257566,106.7658413,Tây Hòa,,,Amenity;BusStop
node/11847376743,Đường 61,bus_stop,10.8286624,106.7727124,Tăng Nhơn Phú,,,Amenity;BusStop
node/11847376764,Đường 61,bus_stop,10.8284257,106.7724287,Tăng Nhơn Phú,,,Amenity;BusStop
node/11847381521,Đường Hoàng Ngân,bus_stop,10.7243446,106.6199343,Đường An Dương Vương,,,Amenity;BusStop
node/11861142573,Ngã tư Kênh Nhật Bản - Hồng Hà,bus_stop,10.8136509,106.6741609,Hồng Hà,,,Amenity;BusStop
node/11861142590,Ngã tư Nguyễn Giản Thanh,bus_stop,10.7820214,106.6637133,Trường Sơn,,,Amenity;BusStop
node/11861142592,Trường Trung học phổ thông Nguyễn Du,bus_stop,10.7792461,106.6623777,Đồng Nai,,,Amenity;BusStop
node/11862427836,Khu dân cư Kỷ Nguyên,bus_stop,10.7049493,106.7352155,Phạm Hữu Lầu,,,Amenity;BusStop
node/11862427839,Nguyễn Hữu Thọ,bus_stop,10.6975138,106.7186123,Phạm Hữu Lầu,,,Amenity;BusStop
node/11862427842,Bệnh viện Huyện Nhà Bè,bus_stop,10.7045982,106.703706,Lê Văn Lương,,,Amenity;BusStop
node/11862427862,Nguyễn Hữu Thọ,bus_stop,10.6974544,106.7186931,Phạm Hữu Lầu,,,Amenity;BusStop
node/11862438469,Đình Đức Hưng Thạnh,bus_stop,10.6754476,106.7414103,Nguyễn Bình,,,Amenity;BusStop
node/11866556381,UBND Phường Phú Mỹ,bus_stop,10.7137763,106.734921,Hoàng Quốc Việt,,,Amenity;BusStop
node/11866556406,Bến đò Rạch Cát,bus_stop,10.7159406,106.631749,Phạm Thế Hiển,,,Amenity;BusStop
node/11868138078,Trường Trung học phổ thông Long Trường,bus_stop,10.8170406,106.8108697,Lã Xuân Oai,,,Amenity;BusStop
node/11868138082,Cầu vượt Gò Dưa,bus_stop,10.8673467,106.7338367,Đường số 11,,,Amenity;BusStop
node/11868700596,Cao đẳng Cảnh sát Nhân dân 2,bus_stop,10.8423293,106.820468,Nguyễn Văn Tăng,,,Amenity;BusStop
node/11868700607,Tòa nhà Somerset,bus_stop,10.7777592,106.7564259,Phan Văn Đáng,,,Amenity;BusStop
node/11868700609,Diamond Island,bus_stop,10.7774852,106.7465606,Trần Quý Kiên,,,Amenity;BusStop
node/11868700613,Chợ Dân Sinh,bus_stop,10.7662108,106.6994332,Ký Con,,,Amenity;BusStop
node/11868700614,Sở Giao dịch Chứng khoán,bus_stop,10.7687202,106.70154,Nguyễn Công Trứ,,,Amenity;BusStop
node/11868700624,Công ty Transimex,bus_stop,10.8217469,106.7933986,Đường D2,,,Amenity;BusStop
node/11868700632,Cao đẳng Cảnh sát Nhân dân 2,bus_stop,10.8425593,106.8199362,Nguyễn Văn Tăng,,,Amenity;BusStop
node/11868700639,TTTM Vincom,bus_stop,10.8426087,106.8424918,Đường D2A,,,Amenity;BusStop
node/11868700643,Đối diện tòa nhà S10.05,bus_stop,10.8474052,106.8395208,,,,Amenity;BusStop
node/11944303584,WinMart,supermarket,10.8654316,106.6644834,Đường Thạnh Xuân 13,"Đường Thạnh Xuân 13, Quận 12, Hồ Chí Minh",,Amenity;Supermarket
node/12107239311,Trường Trung học phổ thông Đông Dương,school,10.8568125,106.6793107,Hà Huy Giáp,"103, Hà Huy Giáp",,Amenity;School
node/12196463120,Parc Spring,park,10.7912739,106.7714492,Đường Hồ Thị Nhung,"Đường Hồ Thị Nhung, Thành phố Thủ Đức, Hồ Chí Minh",,Amenity;Park
node/12212047744,Nhà thờ Tân Xa Châu,bus_stop,10.7972677,106.66422,Lê Văn Sỹ,,,Amenity;BusStop
node/12212047751,Hẻm 36 Nguyễn Gia Tri,bus_stop,10.8026872,106.7157936,Nguyễn Gia Trí,,,Amenity;BusStop
node/12216140086,Ký túc xá Đại học Sư phạm Kỹ thuật,bus_stop,10.8458454,106.7963688,Lê Văn Việt,,,Amenity;BusStop
node/12235053238,Đối diện UBND Xã Phước Hiệp,bus_stop,10.9896707,106.4513649,Phan Văn Khải,,,Amenity;BusStop
node/12237338972,Bệnh viện Bình Chánh,bus_stop,10.6904169,106.5864029,,,,Amenity;BusStop
node/12241385888,Chung cư Vista Verde,bus_stop,10.7757754,106.7558717,Trương Văn Bang,,,Amenity;BusStop
node/12241505434,Đối diện bãi xe nổi P01,bus_stop,10.8362158,106.8418111,Cầu Vồng,,,Amenity;BusStop
node/12249396552,Phim cách nhiệt nhà kính NanoX,supermarket,10.8460221,106.7103906,Đường số 34,"2, Đường số 34, P. Hiệp Bình Phước, TP. Thủ Đức, TP. Hồ Chí Minh",dán kính cách nhiệt NanoX,Amenity;Supermarket
node/1226533643,Trung tâm Văn hóa Quận Phú Nhuận,bus_stop,10.7952035,106.6760157,Nguyễn Văn Trỗi,,,Amenity;BusStop
node/12298428762,Annam Gourmet,supermarket,10.7769683,106.7551554,,,,Amenity;Supermarket
node/12299044714,Nam An Market,supermarket,10.7804412,106.7350838,,,,Amenity;Supermarket
node/12337076679,Ngã ba Phú Mỹ,bus_stop,11.0153979,106.6764009,Huỳnh Văn Lũy,,,Amenity;BusStop
node/12337076690,Tòa nhà Becamex,bus_stop,10.9752678,106.6712309,,,,Amenity;BusStop
node/12337076694,Bến xe khách tỉnh Bình Dương(Trung tâm gdtx bình dương),bus_stop,10.9668398,106.6690907,Đường 30 Tháng 4,,,Amenity;BusStop
node/12345191066,MIDORI PARK,bus_stop,11.0703866,106.6800884,Đường Lý Thái Tổ,,,Amenity;BusStop
node/12345197707,Golden Center City,bus_stop,11.1452526,106.6003075,Quốc lộ 13,,,Amenity;BusStop
node/12345942977,Golden Center City,bus_stop,11.1458132,106.6001777,Quốc lộ 13,,,Amenity;BusStop
node/12345973831,Trường Tiểu học Dĩ An,bus_stop,10.9114901,106.7697497,Nguyễn An Ninh,,,Amenity;BusStop
node/12345973847,Trường Tiểu học Dĩ An,bus_stop,10.9116105,106.7695889,Nguyễn An Ninh,,,Amenity;BusStop
node/12351174664,WinMart,supermarket,10.7781697,106.7471246,,,,Amenity;Supermarket
node/12435161726,Ga An Phú,bus_stop,10.8019861,106.7420687,Song Hành Võ Nguyên Giáp,,,Amenity;BusStop
node/12435161727,The Estella,bus_stop,10.8000113,106.7480658,Đường Số 24,,,Amenity;BusStop
node/12435161730,Liên Phường,bus_stop,10.8045624,106.8000027,Bưng Ông Thoàn,,,Amenity;BusStop
node/12435161733,The Estella,bus_stop,10.8006927,106.7485636,,,,Amenity;BusStop
node/12435545041,The Vista,bus_stop,10.8048503,106.7506792,Đường Giang Văn Minh,,,Amenity;BusStop
node/12435545063,Trụ sở Ban điều hành Khu phố 4,bus_stop,10.7938107,106.7352895,Vành Đai Tây,,,Amenity;BusStop
node/12435545069,Trường chuyên Trần Đại Nghĩa,bus_stop,10.784139,106.7376599,Đặng Đình Tướng,,,Amenity;BusStop
node/12435545075,Khu đô thị An Phú,bus_stop,10.7983945,106.7369968,Đường Nguyễn Quý Cảnh,,,Amenity;BusStop
node/12435545077,Cư xá Thanh Đa - Lô P,bus_stop,10.8131577,106.7205418,Thanh Đa,,,Amenity;BusStop
node/12435545078,Trường Đại học Giao thông Vận tải Thành phố Hồ Chí Minh,bus_stop,10.8040685,106.7171803,Võ Oanh,,,Amenity;BusStop
node/12437015524,Học viện cán bộ Thành phố Hồ Chí Minh - Cổng 6,bus_stop,10.8110266,106.7023217,Chu Văn An,,,Amenity;BusStop
node/12437015541,Kho SAM - Công ty Gilimex,bus_stop,10.8398928,106.7769377,Trương Văn Hải,,,Amenity;BusStop
node/12437015561,Đường Nam Hoà,bus_stop,10.8273635,106.7620865,Song Hành Võ Nguyên Giáp,,,Amenity;BusStop
node/12437183251,Công ty Bao bì Carton Gấp nếp Vina Toyo,bus_stop,10.8873155,106.7706608,Đường số 9,,,Amenity;BusStop
node/12437183255,Tổng Công ty Việt Thắng,bus_stop,10.8596463,106.776052,Linh Trung,,,Amenity;BusStop
node/12437183268,Trường Mầm non Bình Thọ,bus_stop,10.8433073,106.7685816,Thống Nhất,,,Amenity;BusStop
node/12437183274,Đường Nguyễn Công Trứ,bus_stop,10.8478952,106.7712816,Thống Nhất,,,Amenity;BusStop
node/12437183286,Chùa Sùng Đức,bus_stop,10.8341464,106.7603986,Đường số 3,,,Amenity;BusStop
node/12437183288,Cầu Nhà Trà,bus_stop,10.8447972,106.7533675,Đường Số 11,,,Amenity;BusStop
node/12437183294,Trung tâm Sát hạch Loại III,bus_stop,10.8470784,106.7572471,Đường Số 9,,,Amenity;BusStop
node/12450862520,STELLAR 9 LAKE,park,10.8752974,106.8217369,,,,Amenity;Park
node/12466924619,Lê Thị Hà 06,bus_stop,10.8791661,106.599366,Lê Thị Hà,,,Amenity;BusStop
node/12542241193,Chung cư Flora Anh Đào,bus_stop,10.806143,106.7783157,Đường D3,,,Amenity;BusStop
node/12546141701,Mini stop,supermarket,10.7680533,106.6984934,Nguyễn Thái Bình,,,Amenity;Supermarket
node/12558432021,Chả cua Huế,supermarket,10.79726,106.6182984,Đỗ Công Tường,"38, Đỗ Công Tường, Tân Phú, Phường Tân Quý",Chả cua Huế,Amenity;Supermarket
node/12558433787,Shop Vinafood,supermarket,10.7972833,106.6184076,Đỗ Công Tường,"36, Đỗ Công Tường, Tân Phú, Phường Tân Quý",Vinafood.Shop,Amenity;Supermarket
node/12563213356,Bách Hóa XANH,supermarket,10.7611331,106.6307838,Đường Lương Minh Nguyệt,"34, Đường Lương Minh Nguyệt, Quận Tân Phú, Ho Chi Minh City",Bách Hóa Xanh,Amenity;Supermarket
node/12564990769,Túi Giấy Giá Rẻ,supermarket,10.7631261,106.5995005,Chiến Lược,"428/3, Chiến Lược, Bình Tân",,Amenity;Supermarket
node/12606376174,Chợ Cây Quéo,market,10.8089294,106.6868754,Hoàng Hoa Thám,"Hoàng Hoa Thám, Bình Thạnh",,Amenity;Market
node/12622902601,Bach hoa XANX,supermarket,10.7934,106.7067969,Phan Văn Hân,,,Amenity;Supermarket
node/12633673701,AEON Tạ Quang Bửu,supermarket,10.7403675,106.6782814,,,,Amenity;Supermarket
node/12647208019,Hồ Sen Súng,park,10.8398452,106.8415826,Đường D9,"28, Đường D9, Thủ Đức, Thủ Đức",Vintage Taste Deli Cafe,Amenity;Park
node/12701585646,Điện thoại VT Mobile,supermarket,10.8053618,106.6977165,Lê Quang Định,"71B, Lê Quang Định, Quận Bình Thạnh, TP Hồ Chí Minh",VT Mobile,Amenity;Supermarket
node/12707715425,Bách hóa XANH.COM,supermarket,10.8591365,106.6179405,Đường Tô Ký,,,Amenity;Supermarket
node/1271240159,Chùa Vĩnh Phước,bus_stop,10.8319835,106.6218512,Trường Chinh,"19/1, Trường Chinh",,Amenity;BusStop
node/1271240171,Ngã tư Phú Nhuận,bus_stop,10.7991173,106.6791544,Hoàng Văn Thụ,,,Amenity;BusStop
node/1274090728,Trường Đại Học Ngân Hàng,college_university,10.7704853,106.7047872,Hồ Tùng Mậu,,,Amenity;CollegeUniversity
node/12767882492,Trung tâm Nghiên cứu & Triển khai Công nghệ Bức xạ,bus_stop,10.8904348,106.7684073,Đường Số 11,,,Amenity;BusStop
node/12767882496,Trung tâm Nghiên cứu & Triển khai Công nghệ Bức xạ,bus_stop,10.890858,106.7680825,Đường Số 11,,,Amenity;BusStop
node/12767882497,Trường Trung học phổ thông Đào Sơn Tây,bus_stop,10.8792357,106.7746106,Đường số 8,,,Amenity;BusStop
node/12767885201,Đường số 11,bus_stop,10.8371044,106.7521042,Đường số 2,,,Amenity;BusStop
node/12767885202,Cảng Phúc Long,bus_stop,10.8356293,106.7537326,Đường số 2,,,Amenity;BusStop
node/12799703815,Kingfoodmart,supermarket,10.7514182,106.6186133,Đường số 7,,,Amenity;Supermarket
node/12815969466,Trường THCS Nguyễn An Ninh,school,10.8484423,106.6159438,Song Hành Quốc Lộ 22,"36, Song Hành Quốc Lộ 22, Quận 12",,Amenity;School
node/12871231499,Sacombank Head Office,bus_stop,10.7875383,106.6865035,Nam Kỳ Khởi Nghĩa,,,Amenity;BusStop
node/12871242808,Thân Văn Nhiếp,bus_stop,10.7901098,106.754286,Nguyễn Thị Định,,,Amenity;BusStop
node/12871242810,Chung Cư The Eastern,bus_stop,10.8042395,106.7975538,Liên Phường,,,Amenity;BusStop
node/12878285661,Nam An Market,supermarket,10.8032814,106.7375898,Thảo Điền,"21, Thảo Điền, Thành Phố Thủ Đức",,Amenity;Supermarket
node/12883866029,Trường Trung học cơ sở An Phú,bus_stop,10.8079928,106.7510959,Đường An Phú,,,Amenity;BusStop
node/12965924815,Bcons Plaza,bus_stop,10.8938368,106.7919897,Thống Nhất,,,Amenity;BusStop
node/12965924819,Bcons Plaza,bus_stop,10.8938616,106.7926126,Thống Nhất,,,Amenity;BusStop
node/12976024999,Trường Tiểu học Trần Văn Mười,school,10.8656006,106.5899256,Đường Trần Văn Mười,"Đường Trần Văn Mười, Thành Phố Hồ Chí Minh",,Amenity;School
node/12995457671,Chợ Phường 7,market,10.3677588,107.0829203,,,,Amenity;Market
node/13095375549,Trường Đại học Ngân hàng cơ sở Thủ Đức,bus_stop,10.856501,106.7617422,,,,Amenity;BusStop
node/13095375553,Ký túc xá Cao đẳng nghề Thành phố Hồ Chí Minh,bus_stop,10.8540899,106.7594934,Đường số 17,,,Amenity;BusStop
node/13271612099,Chung cư Gateway,bus_stop,10.3762857,107.112995,Đường Nguyễn Hữu Cảnh,,,Amenity;BusStop
node/13271612100,Đối diện Chung cư Gateway,bus_stop,10.3763724,107.1132199,Đường Nguyễn Hữu Cảnh,,,Amenity;BusStop
node/13336327010,Chợ Cầu Đồng,market,10.868873,106.6840511,Thạnh Lộc 19,Thạnh Lộc 19,,Amenity;Market
node/13381416921,Lê Minh Xuân,bus_stop,10.7470339,106.5396174,Võ Hữu Lợi,,,Amenity;BusStop
node/13396892803,WinMart,supermarket,10.7867208,106.6568386,Chử Đồng Tử,,,Amenity;Supermarket
node/13399429923,FamilyMart,supermarket,10.8312877,106.6222335,,,,Amenity;Supermarket
node/13428152684,Nhà sách Huy Chương,bus_stop,10.9725111,106.74181,Đường tỉnh 743A,,,Amenity;BusStop
node/13428161222,Công ty TNHH TMDV Triệu Vân 21/15,bus_stop,10.9714153,106.742083,Đường tỉnh 743A,,,Amenity;BusStop
node/13441781338,WinMart,supermarket,10.8276548,106.6282619,Hẻm 46 Nguyễn Văn Quá,,,Amenity;Supermarket
node/13452196801,Go!,supermarket,10.4921276,107.1686888,,,,Amenity;Supermarket
node/13532900501,Winmart,supermarket,10.8330137,106.6897945,Trần Bá Giao,"104, Trần Bá Giao",,Amenity;Supermarket
node/13532911201,VinMart+,supermarket,10.7694496,106.6636118,Hẻm 7 Thành Thái,Hẻm 7 Thành Thái,,Amenity;Supermarket
node/13534021434,Chọ mini,market,10.7707859,106.6683517,,,,Amenity;Market
node/13622249028,Eco Bazaar,supermarket,10.6663843,106.5079176,Nguyễn Hữu Trí,Nguyễn Hữu Trí,Ecopark,Amenity;Supermarket
node/13622927385,Bến xe Thới An,bus_stop,10.8780773,106.6489276,Lê Văn Khương,,,Amenity;BusStop
node/13622927395,Bến Bình Đông,bus_stop,10.7359256,106.6384418,Đường Bình Đông,,,Amenity;BusStop
node/13622927398,Mễ Cốc,bus_stop,10.7287011,106.6326252,Bến Mễ Cốc,,,Amenity;BusStop
node/13626440101,Trường BDVH 218 Lý Tự Trọng,school,10.7725053,106.6948796,Lý Tự Trọng,Lý Tự Trọng,,Amenity;School
node/13654284960,Ngã tư Nguyễn Văn Đậu,bus_stop,10.8076176,106.689164,Hoàng Hoa Thám,,,Amenity;BusStop
node/13654284984,Khu dân cư Bình Nguyên,bus_stop,10.8915932,106.8006062,Thống Nhất,,,Amenity;BusStop
node/13674785101,Ho Thi Ky Food Street,market,10.7663423,106.6759674,Hẻm 105H Hồ Thị Kỷ,Hẻm 105H Hồ Thị Kỷ,,Amenity;Market
node/13710033289,Trung Tâm Văn Hóa Đa Năng iMC,supermarket,10.7924612,106.6929657,Trần Quang Khải,"64, Trần Quang Khải, Quận 1, Ho Chi Minh City",,Amenity;Supermarket
node/13736467601,Saigon Square,supermarket,10.7728037,106.7001899,Nam Kỳ Khởi Nghĩa,Nam Kỳ Khởi Nghĩa,,Amenity;Supermarket
node/13755350815,Đường Thống Nhất,bus_stop,10.3532435,107.0871913,Lê Hồng Phong,,,Amenity;BusStop
node/13755350816,Ngã 5 Ba Cu - Trương Công Định,bus_stop,10.3544314,107.085656,Lê Hồng Phong,,,Amenity;BusStop
node/13755350817,Ngã 5 BA CU,bus_stop,10.3544656,107.0841445,Ba Cu,,,Amenity;BusStop
node/13755350821,Đường Hùng Vương,bus_stop,10.3540931,107.0745922,Lê Lợi,,,Amenity;BusStop
node/13755350822,Đường Cô Giang,bus_stop,10.3566111,107.0749086,Lê Lợi,,,Amenity;BusStop
node/13755350825,Tổng công ty Khí Việt Nam,bus_stop,10.3630203,107.0757164,Lê Lợi,,,Amenity;BusStop
node/13755350832,Công ty Trực Thăng Miền Nam,bus_stop,10.370915,107.0876661,Đường 30 Tháng 4,,,Amenity;BusStop
node/13755350838,Nhà thờ Thủy Giang,bus_stop,10.3941618,107.104878,Đường 30 Tháng 4,,,Amenity;BusStop
node/13755372844,Đường Hùng Vương,bus_stop,10.3551516,107.0746479,Lê Lợi,,,Amenity;BusStop
node/13788662719,Chợ Đêm Vũng Tàu,market,10.3400946,107.0909198,Hẻm 151 Thùy Vân,,,Amenity;Market
node/13810072595,Trái Cây Theo Mùa Kiên Nguyễn,supermarket,10.3516671,107.0763263,Lê Quý Đôn,"09, Lê Quý Đôn, Hồ Chí Minh",Trái Cây Theo Mùa Kiên Nguyễn,Amenity;Supermarket
node/13955245160,BHX 163 Trần Trọng Cung,supermarket,10.743348,106.735532,Trần Trọng Cung,"163, Trần Trọng Cung, Hồ Chí Minh",Bách Hóa Xanh,Amenity;Supermarket
node/14014006893,The Commons Thu Thiem,park,10.7822851,106.7133158,Lương Định Của,"33/10, Lương Định Của, Thành phố Hồ Chí Minh",,Amenity;Park
node/1606180393,Trường Tiểu Học Ngọc Hồi,school,10.7778588,106.6533203,Hẻm 373/1/145 Lý Thường Kiệt,,,Amenity;School
node/1606180394,Trường Tiểu Học Đức Trí,school,10.7780154,106.6552935,Hẻm 10 Thiên Phước,,,Amenity;School
node/1635104039,Siêu Thị Bình Hòa,supermarket,10.816301,106.6981233,Hẻm 292 Nơ Trang Long,,,Amenity;Supermarket
node/1641500874,Siêu Thị Mini Bình Minh,supermarket,10.8224451,106.7071706,Đường Nơ Trang Long,"440, Đường Nơ Trang Long",,Amenity;Supermarket
node/1657475508,Siêu Thị Mela,supermarket,10.7579255,106.6731127,Đường Yết Kiêu,,,Amenity;Supermarket
node/1756256259,Khoa Y Tế Công Cộng ĐH Y Dược Thành phố Hồ Chí Minh,school,10.7495992,106.6792934,"Hưng Phú, phường 8, Quận 8, Ho Chi Minh City","159, Hưng Phú, phường 8, Quận 8, Ho Chi Minh City",,Amenity;School
node/1757015268,Trường Trung Cấp Nghiệp Vụ Nam Sài Gòn,school,10.7355146,106.6806299,,,,Amenity;School
node/1779408189,Chợ Cầu Dừa,market,10.758802,106.694865,Cầu Dừa,,,Amenity;Market
node/1921519106,Chợ An Bình,market,10.8724735,106.7572494,,,,Amenity;Market
node/1997154373,Siêu thị Điện máy Chợ Lớn,supermarket,10.7542055,106.6645954,,,,Amenity;Supermarket
node/2022545818,Trường Tiểu Học Phù Đổng,school,10.7930619,106.7081317,Xô Viết Nghệ Tĩnh,,,Amenity;School
node/2029932575,Hem111,bus_stop,10.345089,107.085756,Hẻm 111 Xô Viết Nghệ Tĩnh,,,Amenity;BusStop
node/2141010789,Siêu Thị Online Annam Gourmet,supermarket,10.7767779,106.7050958,Hai Bà Trưng,"16-18, Hai Bà Trưng, Quận 1, Thành phố Hồ Chí Minh",,Amenity;Supermarket
node/2176765019,Co.opmart Nhiêu Lộc,supermarket,10.7864217,106.6755113,Trường Sa,,,Amenity;Supermarket
node/2230876888,Renaissance International School SaiGon RISS,school,10.7817518,106.6869549,Tú Xương,,,Amenity;School
node/2231153406,Trường Cao Đẳng An Ninh Mạng ISPACE,school,10.7954204,106.6954845,Vũ Huy Tấn,,,Amenity;School
node/2296666121,Chợ Cầu,market,10.847542,106.6356317,,,,Amenity;Market
node/2299085109,Siêu thị Mỹ Nghệ,supermarket,10.3476761,107.0744874,Trưng Trắc,"2, Trưng Trắc",,Amenity;Supermarket
node/2299647501,CoopMart Vũng Tàu,supermarket,10.3669427,107.0854561,Nguyễn Thái Học,"36, Nguyễn Thái Học",,Amenity;Supermarket
node/2335042734,Trường Mầm Non Bình Trưng Đông,school,10.7894062,106.7721717,Đường Hồ Thị Nhung,,,Amenity;School
node/2339056843,Chợ Du lịch Vũng Tàu,market,10.3452023,107.0942967,Sư Vạn Hạnh,,,Amenity;Market
node/2340079107,Trường Mầm Non Bông Hồng,school,10.8597359,106.6875934,,,,Amenity;School
node/2341617019,Co.opmart Phan Văn Trị,supermarket,10.8295261,106.6820675,Đường Phan Văn Trị,"543/1, Đường Phan Văn Trị, Q. Gò Vấp, TP.HCM",,Amenity;Supermarket
node/2341630281,Chợ Vườn Lài,market,10.86014,106.6917046,Vườn Lài,,,Amenity;Market
node/2341640693,Trường Đại học Mở Thành phố Hồ Chí Minh,college_university,10.7761576,106.6903617,Võ Văn Tần,"97, Võ Văn Tần",,Amenity;CollegeUniversity
node/2456377382,Trường Mầm Non Long Trường,school,10.8049713,106.8168636,,,,Amenity;School
node/2458141596,Siêu Thị Co.opMart - Phú Thọ,supermarket,10.7708442,106.6529897,Lữ Gia,,,Amenity;Supermarket
node/2593665743,Công ty Đồng Tâm,bus_stop,10.8419697,106.6434822,Quang Trung,,,Amenity;BusStop
node/2593670953,Co-opmart Liên Hiệp Thành phố Hồ Chí Minh,supermarket,10.8419863,106.6436933,Quang Trung,,Co-opmart Liên hiệp Thành phố Hồ Chí Minh,Amenity;Supermarket
node/2624268215,Station Mall,mall,10.8011701,106.7331602,,,,Amenity;Mall
node/2641109127,Chợ Cô Giang,market,10.3549981,107.0787341,Cô Giang,Cô Giang,,Amenity;Market
node/2679753974,Bệnh viện Phụ sản Mekong,hospital,10.7998479,106.6675233,Nguyễn Văn Trỗi,,,Amenity;Hospital
node/2703781948,Trường Tiểu học Phú Hữu,school,10.7901797,106.7984377,Hèm Số 3A Đường Nguyễn Duy Trinh,,,Amenity;School
node/2703782264,Trường Trung học cơ sở Phú Hữu,school,10.7916433,106.7985642,Đường số 44,,,Amenity;School
node/2776788997,Chợ Tăng Nhơn Phú B,market,10.831297,106.7840226,Hẻm 261 Đường Đình Phong Phú,,,Amenity;Market
node/2817112818,Chợ Bình Khánh,market,10.7866226,106.7383719,Đường số 3,,,Amenity;Market
node/2933722692,Trường Tiểu Học Hướng Dương,school,10.8422271,106.6383956,Phan Huy ích,Phan Huy ích,,Amenity;School
node/2948812333,Citi MK,supermarket,10.784261,106.69973,Mạc Đĩnh Chi,,,Amenity;Supermarket
node/2976864633,Petro House Vũng Tàu,bus_stop,10.3496525,107.0751577,Trần Hưng Đạo,,,Amenity;BusStop
node/2984717726,Trường Cao đẳng Xây dựng,bus_stop,10.8506564,106.7644654,Võ Văn Ngân,,,Amenity;BusStop
node/3098834445,Trung Tâm Chẩn Đoán Y Khoa Medic - BV Hòa Hảo,hospital,10.762528,106.6701859,Hoà Hảo,,,Amenity;Hospital
node/3107514191,Tô Vĩnh Diện,bus_stop,10.8546216,106.768515,Hoàng Diệu 2,,,Amenity;BusStop
node/3116315714,Chợ Bầu Sen,bus_stop,10.7591345,106.6783466,Đường An Dương Vương,"370, Đường An Dương Vương",,Amenity;BusStop
node/3116339932,Đường Siêu thị Điện máy Chợ Lớn,bus_stop,10.7535989,106.6648141,Đường Nguyễn Trãi,,,Amenity;BusStop
node/3116882960,Bùi Minh Trực,bus_stop,10.7363198,106.6562656,Quốc lộ 50,,,Amenity;BusStop
node/3116882966,Chợ Xóm Củi,bus_stop,10.7461307,106.6597469,Đường Tùng Thiện Vương,,,Amenity;BusStop
node/3116882978,Trạm Xe Bus Chung Cư Lý Thường Kiệt,bus_stop,10.7613589,106.6607257,Lý Thường Kiệt,,,Amenity;BusStop
node/3116882979,Chợ Nhật Tảo,bus_stop,10.7617225,106.6605194,Lý Thường Kiệt,,,Amenity;BusStop
node/3116882988,Ngã ba Thành Thái,bus_stop,10.7786848,106.6559366,Lý Thường Kiệt,,,Amenity;BusStop
node/3116882993,Chợ Tân Bình,bus_stop,10.7861392,106.653633,Lý Thường Kiệt,,,Amenity;BusStop
node/3118842030,Đại học Bách Khoa,bus_stop,10.7739998,106.6614617,Tô Hiến Thành,,,Amenity;BusStop
node/3118842033,Bệnh Viện 115,bus_stop,10.773846,106.6645619,Thành Thái,,,Amenity;BusStop
node/3118842034,Trạm Xe Bus Học Viện Quân Y,bus_stop,10.7723321,106.6651296,Thành Thái,,,Amenity;BusStop
node/3150110708,Trường Trung học Cơ sở Hoàng Văn Thụ,bus_stop,10.7633262,106.6680077,Nguyễn Tri Phương,,,Amenity;BusStop
node/3150623834,Trường đua Phú Thọ,bus_stop,10.7672684,106.6533586,Lê Đại Hành,,27,Amenity;BusStop
node/3152632052,Ngã ba Hoàng Hoa Thám,bus_stop,10.7959663,106.6477825,Trường Chinh,"150, Trường Chinh",,Amenity;BusStop
node/3156074822,Chợ Tân Hương,bus_stop,10.7900484,106.6217017,Tân Hương,,,Amenity;BusStop
node/3158933736,Dương Văn Dương,bus_stop,10.7959217,106.617515,Gò Dầu,,,Amenity;BusStop
node/3158936121,Trạm Xe Bus Thực phẩm Cầu Tre,bus_stop,10.788083,106.6307064,Vườn Lài,,,Amenity;BusStop
node/3158966913,Bàu Cát 8,bus_stop,10.7872481,106.6411615,Hẻm 696 Âu Cơ,,,Amenity;BusStop
node/3158989496,Công Thọ,bus_stop,10.7842063,106.650851,Hẻm 1052 Lạc Long Quân / Lạc Long Quân,,,Amenity;BusStop
node/3158989498,Ni sư Huỳnh Liên,bus_stop,10.7810213,106.6501117,Lạc Long Quân,,,Amenity;BusStop
node/3158989499,Chùa Giác Lâm,bus_stop,10.7782129,106.6499476,Lạc Long Quân,,,Amenity;BusStop
node/3160533670,Học viện Hành chính Quốc gia,bus_stop,10.7733768,106.6772301,Đường 3 Tháng 2,,,Amenity;BusStop
node/3160545659,Đường Tản Đà,bus_stop,10.7522729,106.6637774,Đường Trần Hưng Đạo,,,Amenity;BusStop
node/3160548761,Đồng Khánh,bus_stop,10.7527105,106.6702826,Đường Trần Hưng Đạo,,,Amenity;BusStop
node/3162352204,UBND Phường 13,bus_stop,10.8196942,106.7033766,Nơ Trang Long,,,Amenity;BusStop
node/3162352206,Nhà sách Miền Đông,bus_stop,10.8155578,106.7074115,Nguyễn Xí,,,Amenity;BusStop
node/3164004920,Phú Cường,bus_stop,10.8042552,106.5984074,Lê Đức Anh,,,Amenity;BusStop
node/3164032442,Công ty Hai Thành,bus_stop,10.7421387,106.5987172,Lê Đức Anh,,,Amenity;BusStop
node/3164038604,Lý Chiêu Hoàng,bus_stop,10.7402512,106.6237093,Đường An Dương Vương,,,Amenity;BusStop
node/3166133532,Nguyễn Thị Nghĩa,bus_stop,10.7699494,106.6934155,Hẻm 96 Lê Lai,,,Amenity;BusStop
node/3166144992,Chung cư Manor,bus_stop,10.793332,106.7184473,Nguyễn Hữu Cảnh,,,Amenity;BusStop
node/3167004172,Chợ Vườn Chuối,bus_stop,10.7722404,106.6841467,Nguyễn Đình Chiểu,,,Amenity;BusStop
node/3167021691,Bệnh viện Quận Phú Nhuận,bus_stop,10.7986222,106.6705919,,,,Amenity;BusStop
node/3167052563,Co.op Mart Nguyễn Kiệm,bus_stop,10.8070805,106.6784961,Nguyễn Kiệm,,,Amenity;BusStop
node/3168063562,Công an Quận Phú Nhuận,bus_stop,10.7955336,106.6777416,Trần Huy Liệu,,,Amenity;BusStop
node/3168358151,Trạm Xe Bus Nguyễn Lý - Thoại Ngọc Hầu,bus_stop,10.7775068,106.6277592,Nguyễn Lý,,,Amenity;BusStop
node/3168362865,Phạm Văn Xảo,bus_stop,10.7835441,106.6241233,Nguyễn Sơn,,,Amenity;BusStop
node/3168915061,Uỷ ban Nhân dân Phường 5,bus_stop,10.825148,106.6879721,Nguyễn Thái Sơn,,,Amenity;BusStop
node/3168949059,Đại học Nguyễn Tất Thành,bus_stop,10.7618677,106.7093449,Nguyễn Tất Thành,,,Amenity;BusStop
node/3168949060,Đại học Nguyễn Tất Thành,bus_stop,10.7615245,106.7102061,Nguyễn Tất Thành,,,Amenity;BusStop
node/3168954868,Cầu Lý Phục Man,bus_stop,10.7424799,106.7214897,Nguyễn Văn Linh,,,Amenity;BusStop
node/3168990581,Chung cư Conic,bus_stop,10.7094559,106.6422492,Nguyễn Văn Linh,,,Amenity;BusStop
node/3169694173,Dệt may Phương Đông,bus_stop,10.8385076,106.6498331,Quang Trung,,,Amenity;BusStop
node/3169702452,Trường Tiểu học An Hội,bus_stop,10.8451046,106.6417866,Phạm Văn Chiêu,,,Amenity;BusStop
node/3169702454,Ngã ba Lê Đức Thọ,bus_stop,10.8538843,106.6560836,Lê Văn Thọ,,,Amenity;BusStop
node/3169702455,Cầu Cụt,bus_stop,10.8545006,106.6566863,Lê Đức Thọ,,,Amenity;BusStop
node/3169711126,Trạm Xe Bus Lê Văn Thọ - Cây Trâm,bus_stop,10.8419204,106.657179,Lê Văn Thọ,,,Amenity;BusStop
node/3171491272,Hồ bơi Quận 4,bus_stop,10.7568422,106.7006956,Khánh Hội,,,Amenity;BusStop
node/3171496162,Trạm Xe Bus Bến KDC Tân Quy,bus_stop,10.7386282,106.7067227,Đường số 65,,,Amenity;BusStop
node/3171496163,Đường Số 38,bus_stop,10.7389043,106.7106184,Nguyễn Thị Thập,,,Amenity;BusStop
node/3171497143,Khu chế xuất Tân Thuận,bus_stop,10.7518839,106.7286589,Huỳnh Tấn Phát,,,Amenity;BusStop
node/3171499318,UBND Phường Tân Hưng,bus_stop,10.7517943,106.7010714,Trần Xuân Soạn,,,Amenity;BusStop
node/3171502928,Vòng xoay Cây Gõ,bus_stop,10.7534816,106.6430956,Minh Phụng,"242, Minh Phụng",,Amenity;BusStop
node/3171506752,Bộ Công an,bus_stop,10.7606257,106.6834574,Nguyễn Văn Cừ,,,Amenity;BusStop
node/3174416232,Trạm Xe Bus Nhà Tang Lễ Gò Vấp,bus_stop,10.8425941,106.6621938,Đường số 8,,,Amenity;BusStop
node/3174416233,Trạm Xe Bus Chùa Pháp Bảo,bus_stop,10.8447758,106.6608203,Đường số 8,,,Amenity;BusStop
node/3174480410,Công viên Phạm Đình Hổ,bus_stop,10.7477072,106.6477586,Đường Bãi Sậy,,,Amenity;BusStop
node/3174549338,Trạm Xe Bus Chợ Phú Định,bus_stop,10.7180068,106.6227054,Đường Trương Đình Hội,,,Amenity;BusStop
node/3175002779,Trường Trung học cơ sở Dương Bá Trạc,bus_stop,10.7464672,106.6892512,Dương Bá Trạc,,,Amenity;BusStop
node/3178503261,Ngã ba Linh Đông,bus_stop,10.8556331,106.7506626,Tô Ngọc Vân,,,Amenity;BusStop
node/3180431411,Trạm Xe Bus Tô Hiệu - Hòa Bình,bus_stop,10.7709337,106.6269976,Tô Hiệu,,,Amenity;BusStop
node/3180450073,Cây Xăng Anh Thư,bus_stop,10.8368079,106.63611,Phan Huy Ích,,,Amenity;BusStop
node/3180486881,Trường Bùi Thị Xuân,bus_stop,10.7693473,106.6879224,Bùi Thị Xuân,,,Amenity;BusStop
node/3181108999,Nhà khách Phía Nam,bus_stop,10.8326622,106.6726733,Phan Văn Trị,,,Amenity;BusStop
node/3182335403,Phòng Tiếp dân,bus_stop,10.7680616,106.6033085,Mã Lò,,,Amenity;BusStop
node/3185767535,Ngã ba Hoàng Diệu 2,bus_stop,10.8604588,106.7607288,Kha Vạn Cân,,,Amenity;BusStop
node/3186138783,Đường 72,bus_stop,10.7334139,106.6265986,Trần Văn Kiểu,,,Amenity;BusStop
node/3186275563,Bệnh viện Quận 7,bus_stop,10.7377898,106.7237915,Nguyễn Thị Thập,,,Amenity;BusStop
node/3187184299,Trường Trung học cơ sở Giồng Ông Tố,bus_stop,10.7880104,106.7587291,Nguyễn Duy Trinh,,,Amenity;BusStop
node/3198309302,Anh Văn Hội Việt Mỹ VUS,school,10.8003844,106.6847488,Phan Xích Long,,,Amenity;School
node/3204915262,Trung Tâm Ngoại Ngữ Dương Minh,school,10.8020839,106.6830617,Phan Đăng Lưu,"132, Phan Đăng Lưu, Phú Nhuận, Phường 3",,Amenity;School
node/3217904580,Bệnh viện Đa khoa Quốc Tế Miền Đông,hospital,10.9034999,106.7102737,,,,Amenity;Hospital
node/3230436392,Công ty May Sài Gòn,bus_stop,10.843933,106.7624615,Đặng Văn Bi,,,Amenity;BusStop
node/3237601002,Chùa Bửu Liên,bus_stop,10.8107793,106.7137238,Xô Viết Nghệ Tĩnh,,,Amenity;BusStop
node/3631210571,Co.op Mart,supermarket,10.8119362,106.7119424,Quốc lộ 13,"224/5 Bis, Quốc lộ 13, Bình Thạnh, Phường 26",,Amenity;Supermarket
node/3638294208,Trường Trung học cơ sở Văn Lang,school,10.7929112,106.6878489,Ðặng Tất,,,Amenity;School
node/3899274115,Siêu Thị C&C,supermarket,10.7666709,106.6877461,,,,Amenity;Supermarket
node/3928108846,Street Food Market,supermarket,10.7736896,106.6975615,Hẻm 24 Thủ Khoa Huân,,,Amenity;Supermarket
node/4125804797,Vincom Lê Văn Việt,supermarket,10.8448244,106.7802879,Lê Văn Việt,,,Amenity;Supermarket
node/4131363694,Trung Tâm Mua Sắm Sài Gòn Square 3,supermarket,10.7858096,106.6944333,Hai Bà Trưng,"176-181, Hai Bà Trưng",,Amenity;Supermarket
node/4131656489,Trường Đại Học Kinh Tế - Luật,school,10.8480623,106.7520175,Kha Vạn Cân,Kha Vạn Cân,,Amenity;School
node/4194566940,Bệnh Viện Quốc Tế Minh Anh,hospital,10.747644,106.6143869,Đường số 1B,,,Amenity;Hospital
node/4214878553,Tòa nhà Becamex,bus_stop,10.9758891,106.6705121,,,Becamex Tokyu Bus Company,Amenity;BusStop
node/4214944332,Ngã ba Phú Mỹ,bus_stop,11.015583,106.6765554,Huỳnh Văn Lũy,,,Amenity;BusStop
node/4235350089,Satra Foods,supermarket,10.741349,106.70382,Lê Văn Lương,"353, Lê Văn Lương",,Amenity;Supermarket
node/4265539889,Bệnh Viện Mắt Sài Gòn,hospital,10.7713711,106.6909391,Lê Thị Riêng,"100, Lê Thị Riêng",,Amenity;Hospital
node/4269770701,Nhà sách Fahasha,supermarket,10.8450364,106.780152,Lê Văn Việt,,,Amenity;Supermarket
node/4295824693,Chợ Hiệp Bình Phước,market,10.863161,106.7210254,,,,Amenity;Market
node/4374995103,Chợ Long Trường,market,10.8061332,106.8224664,Nguyễn Duy Trinh,,,Amenity;Market
node/4384760684,Công Viên Sala,park,10.7712694,106.7250457,Cầu số 11 Đường N2,,,Amenity;Park
node/4385034681,Trung Tâm Anh Ngữ Việt Mỹ,school,10.7946233,106.6768275,Nguyễn Văn Trỗi,,,Amenity;School
node/4423148880,Trường Tiểu Học Lê Hoàn - Cơ Sở 2,school,10.8519469,106.6664309,Hẻm 748 Thống Nhất,,,Amenity;School
node/4424436533,Trường Tiểu Học Lê Hoàn,school,10.8487452,106.6684144,Hẻm 796 Lê Đức Thọ,,,Amenity;School
node/4441523937,Trung Tâm Mua Sắm Nguyễn Kim Gò Vấp,mall,10.8298519,106.6778983,Nguyễn Oanh,,,Amenity;Mall
node/4469923095,Trường Tiểu Học Trương Minh Giang,school,10.7883395,106.6772651,Lê Văn Sỹ,Lê Văn Sỹ,,Amenity;School
node/4505596089,137foodmart,supermarket,10.7987967,106.6269122,Nguyễn Quý Anh,"137/2, Nguyễn Quý Anh",công ty TNHH Minh Anh VN,Amenity;Supermarket
node/4531687689,WinMart,supermarket,10.8024983,106.741571,,,,Amenity;Supermarket
node/4544588290,trường tiểu học Trương Văn Ngài,school,10.8942715,106.5951991,Đường Liên Xã Thị Trấn Tân Hiệp,,,Amenity;School
node/4582296804,Ao cá Cây Bàng,bus_stop,10.7649064,106.6186062,Tân Hòa Đông,,,Amenity;BusStop
node/4582793330,Cầu Kinh mới,bus_stop,10.7919776,106.6059699,Tân Kỳ Tân Quý,,,Amenity;BusStop
node/4587199108,Tô Hiệu,bus_stop,10.7721879,106.6259017,Hòa Bình,,,Amenity;BusStop
node/4587199114,Trường Trung học Cơ sở Nguyễn Đức Cảnh,bus_stop,10.753956,106.643982,Hẻm 785 Hồng Bàng,,,Amenity;BusStop
node/4593843138,Chợ Nancy,market,10.7557937,106.6858615,,,,Amenity;Market
node/4604120590,Học Viện Quốc Tế Mỹ,school,10.8052363,106.7472376,Võ Trường Toản,"14, Võ Trường Toản",,Amenity;School
node/4613806894,Bệnh Viện Đa Khoa Mỹ Đức,hospital,10.7999684,106.6415956,Hẻm 4 Núi Thành,Hẻm 4 Núi Thành,,Amenity;Hospital
node/4618297763,Chợ Nhật Tảo,market,10.7641455,106.6653042,Hẻm 278 Nhật Tảo,,,Amenity;Market
node/4623078285,Chợ Nhật Tảo,bus_stop,10.7653516,106.667751,Nguyễn Tri Phương,,,Amenity;BusStop
node/4693253090,Giò Chả Thái Bình,supermarket,10.3612105,107.0865281,Nguyễn Tri Phương,"27, Nguyễn Tri Phương",,Amenity;Supermarket
node/4700458589,phan huy truc,school,10.7472946,106.7049273,Phan Huy Thực,"53/12, Phan Huy Thực",,Amenity;School
node/4723751789,Trường CĐ nghề Thủ Thiêm (cơ sở 2),school,10.7619965,106.7848994,Nguyễn Thị Định,"1299, Nguyễn Thị Định",,Amenity;School
node/4793262624,Nhà hát Quân đội,bus_stop,10.8012171,106.6567933,Cộng Hòa,,,Amenity;BusStop
node/4845298021,Học viện chính trị,school,10.8493464,106.7859409,Man Thiện,"09, Man Thiện",,Amenity;School
node/4872310218,Chợ Đình,market,10.9855069,106.6679563,,,,Amenity;Market
node/4875562331,Cửa Hàng Zakka Nautrals - Tạ Quang Bửu,supermarket,10.7368314,106.6698845,Tạ Quang Bửu,"854-856, Tạ Quang Bửu",,Amenity;Supermarket
node/4875562333,Zakka Thủ Đức,supermarket,10.8443245,106.7410142,Đường số 30,"4s, Đường số 30",,Amenity;Supermarket
node/4875562735,Siêu Thị K-Market,supermarket,10.727056,106.7086808,Nguyễn Đức Cảnh,"55, Nguyễn Đức Cảnh",,Amenity;Supermarket
node/4875562738,Siêu Thị Tiện Lợi Nam An,supermarket,10.7991432,106.6695155,Nguyễn Văn Trỗi,"303, Nguyễn Văn Trỗi",,Amenity;Supermarket
node/4875563426,Siêu Thị Tiện Lợi Citi Mart,supermarket,10.8252692,106.6303666,Đường Phan Huy Ích,"31-33, Đường Phan Huy Ích",,Amenity;Supermarket
node/4877811752,Ngã ba Chí Hòa,bus_stop,10.7806715,106.6763913,Cách Mạng Tháng Tám,,,Amenity;BusStop
node/4882823421,Siêu Thị Tiện Lợi US,supermarket,10.7618357,106.6901287,Đường Trần Hưng Ðạo,"329, Đường Trần Hưng Ðạo",,Amenity;Supermarket
node/4884593221,Tổng Công ty Samco,bus_stop,10.7596994,106.6881941,Trần Hưng Đạo,,,Amenity;BusStop
node/4886878622,Siêu Thị Tiện Lợi Citi Mart,supermarket,10.7435024,106.6955178,Đường số 6,"1, Đường số 6",,Amenity;Supermarket
node/4895993122,NHẬT NGỮ YARUKI,school,10.7881755,106.7026429,Hẻm 12 Nguyễn Thị Minh Khai,"12, Hẻm 12 Nguyễn Thị Minh Khai",,Amenity;School
node/4921983121,Trạm Xe Bus Ngã 4 Chợ Đêm Minh Tâm,bus_stop,10.6878759,106.5850546,Đường dẫn cao tốc Thành phố Hồ Chí Minh – Trung Lương,,,Amenity;BusStop
node/4921983122,Bệnh viện Triều An,bus_stop,10.7396714,106.6168663,Đường Kinh Dương Vương,,,Amenity;BusStop
node/4922024821,Bến Xe Huệ Nghĩa,bus_stop,10.7706093,106.6434347,Đường Tống Văn Trân,,,Amenity;BusStop
node/4923102921,Cầu An Lạc,bus_stop,10.7242734,106.6022625,Đường Kinh Dương Vương,,,Amenity;BusStop
node/4934180222,LOCK&LOCK,supermarket,10.6284038,106.7199627,,,,Amenity;Supermarket
node/4938463194,Chợ Khiết Tâm,market,10.8763939,106.746659,Đường Số 4,,,Amenity;Market
node/4952151021,Siêu Thị K-Market,supermarket,10.7168413,106.7038225,Nguyễn Hữu Thọ,"01-03, Nguyễn Hữu Thọ",,Amenity;Supermarket
node/4960265821,Siêu thị Co.op Xtra Linh Xuân,supermarket,10.849712,106.78289,Linh Xuân,Linh Xuân,,Amenity;Supermarket
node/4967246421,Tòa án Nhân dân Quận 11,bus_stop,10.7665711,106.6430688,Ông Ích Khiêm,,,Amenity;BusStop
node/4970998024,Trường Trung học cơ sở-Trung học phổ thông Hoa Sen,school,10.8418832,106.7747649,Đường Phan Chu Trinh,"26, Đường Phan Chu Trinh",,Amenity;School
node/4988383959,Chợ An Lạc,market,10.7418135,106.6200916,Đường Kinh Dương Vương,"Đường Kinh Dương Vương, Bình Tân, Ho Chi Minh City",,Amenity;Market
node/4998916525,Trường Trung học phổ thông Nguyễn Công Trứ,school,10.8383217,106.6535126,Quang Trung,"96, Quang Trung",,Amenity;School
node/4998946022,Trường Trung học cơ sở Nguyễn Trãi,school,10.8545196,106.6608752,Lê Đức Thọ,"1370, Lê Đức Thọ",,Amenity;School
node/4998978221,Trường Trung học phổ thông Lý Thái Tổ,school,10.8458193,106.6430253,Phạm Văn Chiêu,"54/5C, Phạm Văn Chiêu",,Amenity;School
node/4998978224,Trường Trung học cơ sở &Trung học phổ thông Bạch Đằng,school,10.8323026,106.6373362,hẻm 160,"160/72 P.H.Ích, hẻm 160",,Amenity;School
node/4998979428,"Trường Tiểu Học, Trung học cơ sở&Trung học phổ thông Hermann Gmeiner",school,10.8385938,106.6462003,Tân Sơn,"697, Tân Sơn",,Amenity;School
node/4998995821,Trường Trung học phổ thông Thăng Long,school,10.8434933,106.6370117,Phan Huy ích,"12/78, Phan Huy ích",,Amenity;School
node/4999010621,Trường Trung học cơ sở&Trung học phổ thông Hồng Hà,school,10.8287154,106.6731667,Đường Quang Trung,"570, Đường Quang Trung",,Amenity;School
node/4999025022,Trường Trung học cơ sở GÒ VẤP 2,school,10.8252545,106.6855736,Nguyễn Du,"1, Nguyễn Du",,Amenity;School
node/4999096423,Trường Trung học cơ sở LÝ TỰ TRỌNG,school,10.8460243,106.6707244,Đường Lê Đức Thọ,"578, Đường Lê Đức Thọ",,Amenity;School
node/4999130221,Trường Trung học phổ thông PHÙNG HƯNG,school,10.8450967,106.6640483,Đường số 1,"14A, Đường số 1",,Amenity;School
node/5000992122,Trường Trung học phổ thông Quốc Tế TIS,school,10.79821,106.6697959,Nguyễn Trọng Tuyển,"305, Nguyễn Trọng Tuyển",,Amenity;School
node/5001046522,Trường Đại Học Y Dược Thành phố Hồ Chí Minh,school,10.8000745,106.670766,Hoàng Văn Thụ,"223, Hoàng Văn Thụ",,Amenity;School
node/5001101121,Trường Trung học cơ sở&Trung học phổ thông Đức Trí,school,10.8086076,106.6793531,Hẻm 742 Nguyễn Kiệm,Hẻm 742 Nguyễn Kiệm,,Amenity;School
node/5001104522,Cao Đẳng Đại Việt,school,10.8086782,106.67369,Hoàng Minh Giám,"12, Hoàng Minh Giám",,Amenity;School
node/5001651731,Trường ĐH Mở (CN Bình Dương),school,10.9881564,106.6741092,,,,Amenity;School
node/5001651827,Big C Bình Dương,supermarket,10.987056,106.6644315,,,,Amenity;Supermarket
node/5001799155,Chợ Chim Xanh,market,10.7659514,106.6484854,Đường Đội Cung,,,Amenity;Market
node/5004140721,Trường Trung học cơ sở-Trung học phổ thông Bắc Sơn,school,10.8371216,106.6293516,Nguyễn Văn Quá,"371A, Nguyễn Văn Quá",,Amenity;School
node/5004140723,Trường Trung học cơ sở&Trung học phổ thông Mỹ Việt,school,10.8292704,106.620783,Phan Văn Hớn,"95, Phan Văn Hớn",,Amenity;School
node/5004225021,Trường Trung học cơ sở Nguyễn An Khương,school,10.8887056,106.5858499,Lê Thị Hồng Gấm,"66/6, Lê Thị Hồng Gấm",,Amenity;School
node/5004228621,Trường Trung học cơ sở lý chính thắng 1,school,10.8929094,106.5815642,Nguyễn thị nuôi,"5/5, Nguyễn thị nuôi",,Amenity;School
node/5004294921,Trường Trung học cơ sở Nguyễn Chí Thanh,school,10.8778896,106.6344142,Hiệp Thành 11,"100A, Hiệp Thành 11",,Amenity;School
node/5006250060,Trung Tâm Giáo Dục Thường Xuyên,school,10.7693479,106.645301,Hẻm 416 Lạc Long Quân,"416/1, Hẻm 416 Lạc Long Quân",,Amenity;School
node/5006252089,TT Kỹ Thuật Tổng Hợp Hướng Nghiệp Quận 11,school,10.7730792,106.6471039,Đường Lạc Long Quân,"445/2, Đường Lạc Long Quân",,Amenity;School
node/5006271522,Hệ Thống Trường Việt Mỹ,school,10.7650159,106.6423509,Đường Lạc Long Quân,"252, Đường Lạc Long Quân",,Amenity;School
node/5006327722,Trường Trung học cơ sở Nguyễn Minh Hoàng,school,10.7623326,106.6598712,Đường Lý Thường Kiệt,"185/2, Đường Lý Thường Kiệt",,Amenity;School
node/5009516021,Giáo xứ Trung Chánh,bus_stop,10.8608604,106.610839,Nguyễn Ảnh Thủ,,,Amenity;BusStop
node/5010564426,Trường Trung học cơ sở Lý Thường Kiệt,school,10.7725315,106.6139739,Trương Phước Phan,"33, Trương Phước Phan",,Amenity;School
node/5010728121,Trường Trung học cơ sở&Trung học phổ thông Việt Anh,school,10.8109417,106.5932093,Đường số 3,"1, Đường số 3",,Amenity;School
node/5010931322,Trường Trung học cơ sở & Trung học phổ thông Bác Ái,school,10.776963,106.6485112,Gò Cẩm Đêmj,"187, Gò Cẩm Đêmj",,Amenity;School
node/5013165725,Trung Tâm Tin Học Trường ĐH Khoa Học Tự Nhiên,school,10.7635279,106.6760741,Đường Lê Hồng Phong,"357, Đường Lê Hồng Phong",,Amenity;School
node/5013192321,Trường Trung học cơ sở Hoàng Văn Thụ,school,10.7629745,106.6681518,Đường Nguyễn Tri Phương,"322, Đường Nguyễn Tri Phương",,Amenity;School
node/5013209521,Trường Trung học cơ sở&Trung học phổ thông Diên Hồng,school,10.7697961,106.6660804,Đường Thành Thái,"11, Đường Thành Thái",,Amenity;School
node/5013211423,Trường Đại Học Ngoại Ngữ Tin Học,school,10.7759696,106.6670189,Sư Vạn Hạnh,"155, Sư Vạn Hạnh",,Amenity;School
node/5013211424,Trường Quốc Tế Á Châu,school,10.7749228,106.6750119,Cao Thắng,"177, Cao Thắng",,Amenity;School
node/5013264621,Trường Trung học phổ thông Nguyễn Du,school,10.7793317,106.6625353,Đồng Nai,"70, Đồng Nai",,Amenity;School
node/5013510921,Trường Trung học phổ thông Nhân Việt,school,10.7782285,106.6370702,Đoàn Hồng Phươcs,"41, Đoàn Hồng Phươcs",,Amenity;School
node/5013561022,Trường Trung học phổ thông Thành Nhân,school,10.7986734,106.6285508,Nguyễn Cửu Đàm,"69/10, Nguyễn Cửu Đàm",,Amenity;School
node/5013608021,Trường Đại Học CNTT Gia Định,school,10.8027601,106.6284398,Tân Kỳ Tân Quý,"247, Tân Kỳ Tân Quý",,Amenity;School
node/5013685221,Trường Trung học cơ sở&Trung học phổ thông Khai Minh,school,10.7994028,106.6188883,Tân Kỳ Tân Quý,"410, Tân Kỳ Tân Quý",,Amenity;School
node/5019233922,Trường Cao Đẳng Nghề Thủ Thiêm,school,10.7820745,106.7697684,Lê Văn Thịnh,"145, Lê Văn Thịnh, 2, Hồ Chí Minh",,Amenity;School
node/5021276323,Trường Song Ngữ Horizon,school,10.8061092,106.729341,Đường số 44,"6, Đường số 44",,Amenity;School
node/5035996621,Trường Đại Học Kinh Tế - CFVG,college_university,10.7735179,106.6774205,3 Tháng 2,"91, 3 Tháng 2",,Amenity;CollegeUniversity
node/5040415528,Trung Tâm Giáo dục thường xuyên Quận 10,school,10.7663286,106.6750192,Đường Lê Hồng Phong,"469, Đường Lê Hồng Phong",,Amenity;School
node/5047255721,Trường Trung học phổ thông Quốc Văn Sài Gòn,school,10.7731711,106.6236816,Đường Hòa Bình,"300, Đường Hòa Bình",,Amenity;School
node/5049984021,Trường Trung Cấp Phương Nam,school,10.768337,106.6303588,Đường Nguyễn Văn Vịnh,"23, Đường Nguyễn Văn Vịnh",,Amenity;School
node/5052595821,Trường Trung Cấp Tây Nam Á,school,10.749066,106.6425078,Đường Minh Phụng,"80, Đường Minh Phụng",,Amenity;School
node/5057391122,Trường Trung học phổ thông Trần Nhân Tông,school,10.7603947,106.6239435,Đường Tân Hòa Đông,"200, Đường Tân Hòa Đông",,Amenity;School
node/5063374424,Trường Trung học phổ thông Tư Thục Đinh Tiên Hoàng,school,10.8112784,106.6271079,Chế Lan Viên,"85, Chế Lan Viên",,Amenity;School
node/5096427046,Cách cổng chào vip 100 ( Rửa xe Bảo Nga 42) - Gò Đậu -> Cổng chào Bình Dương,bus_stop,10.9229463,106.7131202,Đại lộ Bình Dương,,,Amenity;BusStop
node/5141434821,Trường Mầm Non Vầng Dương,school,10.8737046,106.7688245,Đường Số 4,,,Amenity;School
node/5166605224,Học viện Công nghệ Bưu chính Viễn thông - Cơ sở Thành phố Hồ Chí Minh,college_university,10.8477744,106.7859501,Man Thiện,"97, Man Thiện",HỌC VIỆN BƯU CHÍNH VIỄN THÔNG,Amenity;CollegeUniversity
node/5178493524,Trung Tâm Ngoại Ngữ,school,10.7485432,106.6894028,Hẻm 109 Dương Bá Trạc,Hẻm 109 Dương Bá Trạc,,Amenity;School
node/5179064421,Công viên Hoa hồng,park,10.766783,106.6597925,Hẻm 256 Đường Lý Thường Kiệt,"10, Ho Chi Minh City","UBND Phường 14, Quận 10",Amenity;Park
node/5182537727,Chung cư Mỹ Kim,supermarket,10.8257516,106.719974,Đường số 19,"Hem 20, Đường số 19",,Amenity;Supermarket
node/5192476721,Sở Tài nguyên và Môi trường,bus_stop,10.7771741,106.7003573,Lý Tự Trọng,,,Amenity;BusStop
node/5206029581,Đại Học Kinh Tế Tài Chính,school,10.7989905,106.7068081,Hẻm 236/1 Đường Điện Biên Phủ,,,Amenity;School
node/5207511122,Trường Tiểu Học Nguyễn Du,school,10.8480783,106.6357885,Nguyễn Văn Quá,Nguyễn Văn Quá,,Amenity;School
node/5238876221,Trường Trung học cơ sở Nguyễn An Ninh,school,10.8491656,106.6167544,Song hành QL 22,Song hành QL 22,,Amenity;School
node/5271925721,Điện lực Phú Thọ,bus_stop,10.7657679,106.6593383,Lý Thường Kiệt,,,Amenity;BusStop
node/5321247022,tập lái xe,school,10.9943959,106.6620494,Trường Thái Tuyên,Trường Thái Tuyên,,Amenity;School
node/5347976523,Bệnh Viện Hòa Hảo,hospital,10.7626193,106.6702604,Đường Nguyễn Duy Dương,,,Amenity;Hospital
node/5352258705,Co.op Food,supermarket,10.7867494,106.6795527,Hẻm 209 Lê Văn Sỹ,,,Amenity;Supermarket
node/5366253638,Co.op Xtra,supermarket,10.7705491,106.6695387,Bãi đậu xe cao tầng,,,Amenity;Supermarket
node/5382619022,LOTTE Mart Cộng Hòa,mall,10.800858,106.6529899,,,LOTTE,Amenity;Mall
node/5417547823,Trung tâm bồi dưỡng chính trị Q9,school,10.8464436,106.7913771,Duong 429,Duong 429,Quận uỷ Q9,Amenity;School
node/5417555021,Trường Mầm Non Học Viện Sài Gòn,school,10.853454,106.7679645,Tô Vĩnh Diện,Tô Vĩnh Diện,,Amenity;School
node/5423964121,Ký túc xá Trần Hưng Đạo,bus_stop,10.7674317,106.6947718,Trần Hưng Đạo,,,Amenity;BusStop
node/5436824926,Chợ Tân Kiểng 1,market,10.7515198,106.7054977,Trần Xuân Soạn,Trần Xuân Soạn,,Amenity;Market
node/5442324924,Mr Les,school,10.3626574,107.0899348,Hẻm 512 Trương Công Định,"15 / 2b, Hẻm 512 Trương Công Định",,Amenity;School
node/5552599299,Chợ Bến Đình,market,10.3721127,107.0766337,Trần Quốc Toản,,,Amenity;Market
node/5598913820,Chợ Bàu Sen,market,10.7581159,106.6784826,Hẻm 138 An Dương Vương,"Hẻm 138 An Dương Vương, Quận 5, Phường 3",,Amenity;Market
node/5599563192,Nguyễn Công Trứ,market,10.3420618,107.0768538,Nguyễn Công Trứ,,,Amenity;Market
node/5601072994,Co.op Food,supermarket,10.3618132,107.0752097,Lê Lợi,,,Amenity;Supermarket
node/5612883022,AEON Mail Bình Dương Canary,supermarket,10.9323422,106.7117045,"Số 01 Đại lộ Bình Dương, Khu phố Bình Giao,, Phường Thuận Giao, Thuận Giao, Thị xã Thuận An, Bình Dương","Số 01 Đại lộ Bình Dương, Khu phố Bình Giao,, Phường Thuận Giao, Thuận Giao, Thị xã Thuận An, Bình Dương",,Amenity;Supermarket
node/5612900521,Trường Đại Học KHXH&NV Thành phố Hồ Chí Minh - Cơ Sở 1,college_university,10.7856151,106.7030012,"10-12 Đinh Tiên Hoàng, Bến Nghé, Quận 1, Hồ Chí Minh","10-12 Đinh Tiên Hoàng, Bến Nghé, Quận 1, Hồ Chí Minh",,Amenity;CollegeUniversity
node/5648126669,Co.op Smile,supermarket,10.7103398,106.5752031,Đường Võ Trần Chí,"15, Đường Võ Trần Chí, Bình Chánh, Hồ Chí Minh",,Amenity;Supermarket
node/5688482069,WinMart,supermarket,10.8018528,106.7216474,Hẻm 326 Ung Văn Khiêm,"Hẻm 326 Ung Văn Khiêm, Quận Bình Thạnh, Ho Chi Minh City",,Amenity;Supermarket
node/5747292796,Chợ Bình An,market,10.8984228,106.8084973,,,,Amenity;Market
node/5803798754,Siêu thị Satra Mart - Phạm Hùng,supermarket,10.7338138,106.6744543,Phạm Hùng,Phạm Hùng,,Amenity;Supermarket
node/5848872190,Ông Ích Khiêm,bus_stop,10.7657729,106.645177,Ông Ích Khiêm,,,Amenity;BusStop
node/5894538758,Công Viên Dương 4,park,10.7361566,106.6705626,Đường số 4,,,Amenity;Park
node/5918028508,DOMOHAM,supermarket,11.1246378,106.6161561,DA1-2,DA1-2,KAVC,Amenity;Supermarket
node/5988862285,Trường Trung Cấp Việt Khoa,school,10.8392245,106.612554,Tân Thới Nhất 5,"135, Tân Thới Nhất 5",,Amenity;School
node/6021305938,Co.op Food,supermarket,10.6947021,106.6058071,Nguyễn Văn Linh,"Nguyễn Văn Linh, Bình Chánh, Ho Chi Minh City",Coop mart,Amenity;Supermarket
node/6024915705,Siêu Thị Hoàng Quân,supermarket,10.6941007,106.6071452,Nguyễn Văn Linh,"Nguyễn Văn Linh, Bình Chánh, Ho Chi Minh City",,Amenity;Supermarket
node/6095406886,Trung Tâm Anh Văn Hội Việt Mỹ - VUS,school,10.7592636,106.698595,Khánh Hội,"243-245, Khánh Hội",,Amenity;School
node/6128100785,Trường Trung học cơ sở Lạc Hồng,school,10.7690118,106.6682579,Hẻm 436/2 đường 3/2,"436/2, Hẻm 436/2 đường 3/2",,Amenity;School
node/6239863088,WinMart,supermarket,10.7718057,106.7714773,Trương Gia Mô,,,Amenity;Supermarket
node/6315390589,Siêu thị Satra Food,bus_stop,10.8133085,106.6970527,Nơ Trang Long,,,Amenity;BusStop
node/6315671616,Tổng Công ty Samco,bus_stop,10.7594652,106.6877808,Trần Hưng Đạo,,,Amenity;BusStop
node/6315672391,Co.op smile,supermarket,10.7634408,106.6957358,Ðề Thám,Ðề Thám,,Amenity;Supermarket
node/6315683491,Nguyễn Đình Chiểu,bus_stop,10.7666284,106.6781449,Lý Thái Tổ,,,Amenity;BusStop
node/6315685296,Nguyễn Trãi,bus_stop,10.7603133,106.6837907,Nguyễn Văn Cừ,,,Amenity;BusStop
node/6315686506,Circle K,supermarket,10.7699632,106.6923622,Nguyễn Văn Tráng,,,Amenity;Supermarket
node/6315687001,Siêu Thị CoopMart Hùng Vương,supermarket,10.7593289,106.6715532,Nguyễn Duy Dương,,,Amenity;Supermarket
node/6315688299,WinMart,supermarket,10.8160349,106.6978509,Nơ Trang Long,,,Amenity;Supermarket
node/6315688599,WinMart,supermarket,10.8094585,106.6950542,Nơ Trang Long,,,Amenity;Supermarket
node/6340130547,Phụ kiện trang trí sinh nhật Ellie Party,supermarket,10.7608529,106.7012374,"Ke Q34 Hoàng Diệu, Phường 6, Quận 4, Hồ Chí Minh, Việt Nam","Ke Q34 Hoàng Diệu, Phường 6, Quận 4, Hồ Chí Minh, Việt Nam, Ke Q34 Hoàng Diệu, Phường 6, Quận 4, Hồ Chí Minh, Việt Nam, 4, Ho Chi Minh City",https://www.facebook.com/phukientrangtriellieparty/,Amenity;Supermarket
node/6370262588,Bách Hóa Xanh,supermarket,10.7953551,106.6621933,Dương Vân Nga,"8, Dương Vân Nga",,Amenity;Supermarket
node/6389068969,Co.op Food,supermarket,10.7530815,106.7037383,Tôn Thất Thuyết,,,Amenity;Supermarket
node/6393868956,Trung tâm Văn hóa Quận 4,bus_stop,10.7600434,106.6960779,Bến Vân Đồn,,,Amenity;BusStop
node/6397830946,Trung Tâm Đào Tạo Quản Trị Nhà Hàng Khách Sạn Á Âu,school,10.7873703,106.6923927,Hai Bà Trưng,"259B, Hai Bà Trưng, District 3, Hồ Chí Minh City",,Amenity;School
node/6434916288,Mini Mart,supermarket,10.5363118,107.4037467,Quốc lộ 55,252,Sở công thương BRVT,Amenity;Supermarket
node/6440238428,Trường Tiểu Học Duy Tân,school,11.1251402,106.6117003,Đường D11,,,Amenity;School
node/6503352762,Khu dân cư Phố Đông,bus_stop,10.7677046,106.7780545,Nguyễn Thị Định,,,Amenity;BusStop
node/6512360893,Chợ Đo Đạc,market,10.7943977,106.7346479,Đường Số 7,"Đường Số 7, Quan 2, Ho Chi Minh",,Amenity;Market
node/6536295069,Trường Trung học phổ thông Chuyên Lê Hồng Phong,school,10.7638344,106.6815395,Nguyễn Văn Cừ,"235, Nguyễn Văn Cừ",,Amenity;School
node/6536295071,Parkson Hùng Vương,mall,10.7557757,106.6629025,Hùng Vương,"126, Hùng Vương, Quận 5, Ho Chi Minh City",,Amenity;Mall
node/6539155592,Công Viên Văn Hóa Láng Le Bàu Cò,park,10.7780338,106.5159583,Lê Chính Đang,"Lê Chính Đang, Bình Chánh",,Amenity;Park
node/6578134686,Khu chế xuất Tân Thuận,bus_stop,10.7516365,106.7284864,Huỳnh Tấn Phát,,,Amenity;BusStop
node/6586893185,Trường Tiểu Học Bán Trú - Nội Trú Nhật Tân,school,10.8442408,106.6564324,Đường số 9,"3, Đường số 9",,Amenity;School
node/6657302657,Công ty Sửa chữa & Mua bán Xe nâng Hoàng Gia tại Bình Dương,park,10.9230601,106.7686184,Đường Đông Thành,"692/4B, Đường Đông Thành, Thi xã Dĩ An",,Amenity;Park
node/6699586165,Cao ốc Phúc Yên,bus_stop,10.8260409,106.6309832,Phan Huy Ích,,,Amenity;BusStop
node/6699586169,Nhà máy Hóa chất Tân Bình,bus_stop,10.830955,106.6333629,Phan Huy Ích,,,Amenity;BusStop
node/6712690785,Co.op Food,supermarket,10.751507,106.6013926,Đường Trần Văn Giàu,Đường Trần Văn Giàu,,Amenity;Supermarket
node/6723955889,Circle K,market,10.7752756,106.634713,Đường Trịnh Đình Thảo,Đường Trịnh Đình Thảo,,Amenity;Market
node/6724540548,Co.op Food - Trịnh Đình Thảo,market,10.7752486,106.6347907,Đường Trịnh Đình Thảo,"31, Đường Trịnh Đình Thảo",,Amenity;Market
node/6725178924,Circle K,market,10.7697462,106.633742,Đường Hòa Bình,Đường Hòa Bình,,Amenity;Market
node/6727039411,Circle K,market,10.760328,106.6808899,Đường An Dương Vương,Đường An Dương Vương,,Amenity;Market
node/6727930988,WinMart,supermarket,10.7321198,106.6158396,Đường Bùi Tư Toàn,"53, Đường Bùi Tư Toàn",,Amenity;Supermarket
node/6733305482,Trung Tâm Tiếng Anh Yola,school,10.7440495,106.6122495,Đường số 17A,"24-26-28, Đường số 17A",,Amenity;School
node/6735971883,Satra Foods,supermarket,10.7552318,106.6275944,Bà Hom,"197, Bà Hom",,Amenity;Supermarket
node/6739140927,Công ty Bao bì nhựa Tân Tiến,bus_stop,10.768417,106.6318209,Lũy Bán Bích,,,Amenity;BusStop
node/6769791510,Co.op Food,supermarket,10.7560618,106.7045993,Đường Vĩnh Hội,Đường Vĩnh Hội,,Amenity;Supermarket
node/6770361990,Co.op Food,supermarket,10.7581725,106.7066203,Đường Tôn Đản,"167, Đường Tôn Đản",,Amenity;Supermarket
node/6770632001,Satra Foods,supermarket,10.7064325,106.6231231,Đường Phạm Thế Hiển,"3437, Đường Phạm Thế Hiển",,Amenity;Supermarket
node/6783472668,Satra Foods,supermarket,10.7634465,106.7080325,Nguyễn Tất Thành,Nguyễn Tất Thành,,Amenity;Supermarket
node/6783852977,Satra Foods,supermarket,10.753822,106.7055139,Đường Tôn Đản,Đường Tôn Đản,,Amenity;Supermarket
node/6786068685,Co.op Food - Nguyễn Khoái,supermarket,10.7555361,106.694199,Đường Nguyễn Khoái,"84, Đường Nguyễn Khoái",,Amenity;Supermarket
node/6794354485,WinMart,supermarket,10.7946042,106.7215659,,,,Amenity;Supermarket
node/6807433844,Siêu Thị Online Annam Gourmet,supermarket,10.8014325,106.7479914,,,,Amenity;Supermarket
node/6811490336,Trung Tâm Tư Vấn Du Học Quốc Tế,school,10.7785962,106.6723967,Hòa Hưng,"238-240-242, Hòa Hưng",,Amenity;School
node/6914031590,Lapen Center,mall,10.3698233,107.0850644,Đường 30 Tháng 4,,,Amenity;Mall
node/6920067323,Chợ Hải Sản Hồ Tràm,market,10.4704151,107.436613,,,,Amenity;Market
node/6965164241,Siêu Thị Vive Gourmet Food & Wine,supermarket,10.7938895,106.7124906,Ngô Tất Tố,"59, Ngô Tất Tố, Bình Thạnh, Ho Chi Minh City",,Amenity;Supermarket
node/7016156265,Co.op Mart - Chu Văn An,supermarket,10.810612,106.7031555,Chu Văn An,"241A, Chu Văn An, Biình Thạnh",,Amenity;Supermarket
node/7018424191,Trường Trung học cơ sở Châu Văn Liêm,school,10.8034054,106.6877845,Phan Đăng Lưu,"93, Phan Đăng Lưu",Châu Văn Liêm Secondary School,Amenity;School
node/7063598056,Bách Hóa Xanh,supermarket,10.3659119,107.0904578,Hẻm 590,,,Amenity;Supermarket
node/7078048746,Công ty TNHH Gureumi,supermarket,10.7967542,106.6866392,Trường Sa,"386-388, Trường Sa, Phú Nhuận, Ho Chi Minh City",Công ty TNHH Gureumi,Amenity;Supermarket
node/7094212665,Bách Hóa XANH,supermarket,10.3836257,107.1147144,Đường 2 Tháng 9,,,Amenity;Supermarket
node/7094212668,Bach Hoa Xanh,supermarket,10.3779625,107.1117301,Nguyễn Đình Thi,,,Amenity;Supermarket
node/7100657303,Chợ Phường 8,market,10.3634914,107.0915822,Hẻm 8 Đội Cấn,,,Amenity;Market
node/7211180988,WinMart,supermarket,10.8346792,106.6676863,Hẻm 1369/18 Phan Văn Trị,Hẻm 1369/18 Phan Văn Trị,,Amenity;Supermarket
node/7224252399,Bách Hóa Xanh,supermarket,10.7796852,106.6203496,Bình Long,"135B - 135C, Bình Long",,Amenity;Supermarket
node/7229244285,Bách Hóa Xanh,supermarket,10.7680411,106.6180943,Liên khu 10-11,"132, Liên khu 10-11",,Amenity;Supermarket
node/7229273985,Bách Hóa Xanh,supermarket,10.7719197,106.6218613,Đường Phan Anh,"287, Đường Phan Anh",,Amenity;Supermarket
node/7229398585,Bách Hóa Xanh,supermarket,10.7725953,106.6140784,Trương Phước Phan,"52, Trương Phước Phan",,Amenity;Supermarket
node/7229407436,Bách Hóa Xanh,supermarket,10.7755893,106.6151222,Đường Lê Văn Quới,"220B, Đường Lê Văn Quới",,Amenity;Supermarket
node/7229679985,Bách Hóa Xanh,supermarket,10.7676726,106.6134299,Đường Trương Phước Phan,"20, Đường Trương Phước Phan",,Amenity;Supermarket
node/7229709585,Bách Hóa Xanh,supermarket,10.7876284,106.6151599,Kênh Nước Đen,"81, Kênh Nước Đen",,Amenity;Supermarket
node/7230049385,Bách Hóa Xanh,supermarket,10.7857612,106.6129109,Đường số 5C,"15b, Đường số 5C",,Amenity;Supermarket
node/7243916386,Bách Hóa XXanh 175C Đường Số 8,supermarket,10.7843036,106.6157756,Đường số 8,"175C, Đường số 8",,Amenity;Supermarket
node/7249296085,THọc-Tiểu Học Lương Thế Vinh-Tổ 4- Ấp 1 Minh Long- TT Chơn Thành- Bình Phước,school,11.423812,106.6073391,Đường Nguyễn Huệ,,,Amenity;School
node/7389320401,Trường Tiểu Học - THCS - THPT Einstein Vũng Tàu,bus_stop,10.3753693,107.0901106,Đường 30 Tháng 4,,,Amenity;BusStop
node/7436469385,WinMart,supermarket,10.7808095,106.6785971,Nguyễn Phúc Nguyên,Nguyễn Phúc Nguyên,,Amenity;Supermarket
node/7499892808,Chợ 200,supermarket,10.7559254,106.7083025,Hẻm 200C Xóm Chiếu,,,Amenity;Supermarket
node/7544959285,Trường Ngoại Ngữ Pixar - Cơ Sở 2,school,10.8563981,106.6540052,"1267/4 Lê Đức Thọ, phường 13, Quận Gò Vấp","1267/4, 1267/4 Lê Đức Thọ, phường 13, Quận Gò Vấp",,Amenity;School
node/7829883985,Foodmart,supermarket,10.799293,106.6993939,Đường Bùi Hữu Nghĩa,,,Amenity;Supermarket
node/8100983490,Bách Hóa Xanh,supermarket,10.7459593,106.6830717,Âu Dương Lân,,,Amenity;Supermarket
node/8114415510,Cửa Hàng Thú Cưng Haru,supermarket,10.8127404,106.7724843,Đại Lộ 3,"137, Đại Lộ 3, 9, Hồ Chí Minh",Doanh Nghiệp,Amenity;Supermarket
node/8184344369,GIẶT SẤY D11,supermarket,10.9418375,106.7348322,D11,"DC14, D11, AN PHÚ, THUẬN AN",,Amenity;Supermarket
node/8206606020,Archiland,supermarket,10.9419004,106.7290835,D11,"101, D11, Thuận An, Thuận An",Shop Buôn Bán Cá Koi,Amenity;Supermarket
node/8269175107,Siêu Thị Sky Fresh,market,10.7921246,106.7228756,Trần Trọng Kim,,,Amenity;Market
node/860695663,Cổng Xe lửa,bus_stop,10.7912452,106.67243,Lê Văn Sỹ,,,Amenity;BusStop
node/8864635712,Tạp hóa Hữu Thiện Cô Thắm,supermarket,10.3591309,107.0982086,Nguyễn An Ninh,"612, Nguyễn An Ninh, Thành phố Vũng Tàu, Phường 8",,Amenity;Supermarket
node/8929032542,Của Hàng Tạp Hóa TA,supermarket,10.7684286,106.6645542,Thành Thái,"3/53/2, Thành Thái, 10, Ho Chi Minh City",,Amenity;Supermarket
node/8995301245,Cân Nhơn Hòa,bus_stop,10.8445521,106.7180911,Quốc lộ 13,,,Amenity;BusStop
node/8995301247,Đường Số 3 - Quốc lộ 13,bus_stop,10.8387559,106.7149185,Quốc lộ 13,,,Amenity;BusStop
node/8995301262,Ngã tư Nguyễn Xí,bus_stop,10.81255,106.7091672,Đinh Bộ Lĩnh,,,Amenity;BusStop
node/8995301276,Trường Tiểu học Hồng Hà,bus_stop,10.7973383,106.71062,Xô Viết Nghệ Tĩnh,,,Amenity;BusStop
node/8995301286,Đài Truyền hình Thành phố,bus_stop,10.7872273,106.7021055,Nguyễn Thị Minh Khai,,,Amenity;BusStop
node/8995419800,Tôn Thất Tùng,bus_stop,10.7708534,106.6867042,Nguyễn Thị Minh Khai,,,Amenity;BusStop
node/8995419810,Ngã tư Trần Bình Trọng,bus_stop,10.7638338,106.678868,Hùng Vương,,,Amenity;BusStop
node/8995419814,Chợ Lê Hồng Phong,bus_stop,10.7644045,106.6757324,Lê Hồng Phong,,,Amenity;BusStop
node/8995419816,Trường Khiếm thị Nguyễn Đình Chiểu,bus_stop,10.7608324,106.6695123,Ngô Gia Tự,,,Amenity;BusStop
node/8995435256,Chợ Thiếc,bus_stop,10.7576534,106.6573483,Nguyễn Chí Thanh,,,Amenity;BusStop
node/8995806222,Chợ Lê Hồng Phong,bus_stop,10.764707,106.6753709,Lê Hồng Phong,,,Amenity;BusStop
node/8995806238,Nhà thờ Mạc Ti Nho,bus_stop,10.7861633,106.7011341,Nguyễn Thị Minh Khai,,,Amenity;BusStop
node/9025190544,Cửa Hàng Cung Cấp Đồ Hóa Trang Hoa Chí Tín,supermarket,10.7957444,106.6271801,Gò Dãu,"61, Gò Dãu, Quận Tân Phú, TPHCM","Mặt nạ hóa trang Halloween, Khăn choàng cổ, Cây thông noel,...",Amenity;Supermarket
node/9042278313,Chu Văn An,bus_stop,10.7501907,106.6524502,Đường Tháp Mười,,,Amenity;BusStop
node/9395696184,Đường Nguyễn Giao,bus_stop,10.9657898,106.4930854,Phan Văn Khải,,,Amenity;BusStop
node/947763519,Focomart,supermarket,10.7652697,106.7028692,,,,Amenity;Supermarket
node/9584911952,Saigon Mall Cao Thắng,mall,10.7692463,106.6829983,Cao Thắng,,,Amenity;Mall
node/9584911957,Siêu Thị Aeon Citimart Cao Thắng,supermarket,10.7716235,106.6807503,Cao Thắng,,,Amenity;Supermarket
node/9585048349,Siêu thị GO! Âu Cơ,supermarket,10.7896958,106.6397916,,,,Amenity;Supermarket
node/9585117677,Siêu Thị Co.opmart,supermarket,10.7748338,106.6746916,Cao Thắng,,,Amenity;Supermarket
node/9585835372,Trường Cao Đẳng FPT Polytechnic - Cơ Sở 2,college_university,10.8116384,106.6800396,,,,Amenity;CollegeUniversity
node/9585835374,Trường Đại Học Văn Lang - Cơ Sở 2,college_university,10.8131239,106.6947329,Hẻm 233 Phan Văn Trị,,,Amenity;CollegeUniversity
node/9585835375,Trung Tâm Mua Sắm Nowzone - Nguyễn Văn Cừ,mall,10.764339,106.6824266,,,,Amenity;Mall
node/9585983486,Tops Market - Thảo Điền,supermarket,10.8014176,106.7331065,Quốc Hương,"12, Quốc Hương, 2, Thành phố Thủ Đức",,Amenity;Supermarket
node/9586251041,Bệnh viện Đa khoa Tân Hưng,hospital,10.7515951,106.696342,Trần Xuân Soạn,,,Amenity;Hospital
node/9586916912,Gigamall Thủ Đức,mall,10.8276722,106.721539,,,,Amenity;Mall
node/9586916914,Bệnh Viện Hoà Hảo,hospital,10.8699419,106.7631673,Dương Đình Nghệ,,,Amenity;Hospital
node/9587171489,Siêu thị Co.opmart Bình Tân 2,supermarket,10.7651068,106.6015456,Hương lộ 2,,,Amenity;Supermarket
node/9587204857,Trường Cao đẳng Bán Công Công nghệ và Quản trị doanh nghiệp,college_university,10.7238766,106.7218766,,,,Amenity;CollegeUniversity
node/9587204863,Chợ An Nhơn,market,10.8412339,106.6772851,,,,Amenity;Market
node/9587252978,Siêu Thị 7Map,supermarket,10.7405361,106.6173551,Đường Kinh Dương Vương,,,Amenity;Supermarket
node/9587252979,Trung Tâm Thương Mại,supermarket,10.805322,106.7520062,,,,Amenity;Supermarket
node/9587253814,Siêu thị Finelife Riviera Point,supermarket,10.7324976,106.7288103,Nguyễn Văn Tưởng,,,Amenity;Supermarket
node/9587300720,Công viên Chung cư Phú An,park,10.8652789,106.6567666,,,,Amenity;Park
node/9587309943,Mazda Bình Triệu,supermarket,10.8305867,106.7137412,,,,Amenity;Supermarket
node/9587309944,Trường Trung học phổ thông Hồng Đức,school,10.8064632,106.6334577,Hẻm 20/28 Hồ Đắc Di,,,Amenity;School
node/9587329643,Đại Học Nguyễn Tất Thành - Cơ Sở Nguyễn Hữu Thọ,college_university,10.7431156,106.7024554,Hẻm 264 Đường Lê Văn Lương,,,Amenity;CollegeUniversity
node/9587329650,Trường Trung Học Phổ Thông Phan Văn Trị,school,10.8293493,106.6864159,,,,Amenity;School
node/9587329655,Bách Hóa Xanh - 2C - 2D Phùng Văn Cung,market,10.7999139,106.6866177,,,,Amenity;Market
node/9587375643,Chợ Phước Long B,market,10.8292978,106.7687005,,,,Amenity;Market
node/9587486342,Trường Tiểu Học Đinh Bộ Lĩnh,school,10.737731,106.7084703,Đường Số 53,,,Amenity;School
node/9587486344,Chợ Dân Sinh,market,10.7665534,106.6979948,Yersin,,,Amenity;Market
node/9587486348,Chợ Cô Giang,market,10.7627952,106.6947299,Cô Giang,,,Amenity;Market
node/9587493562,Chợ Cư xá Ngân hàng,market,10.7482605,106.7167158,Đường Số 13,,,Amenity;Market
node/9587493568,Chợ Linh Xuân,market,10.8774415,106.7660961,,,,Amenity;Market
node/9587493574,Công viên Phần mềm Quang Trung,park,10.8537839,106.6283152,Khu Trung tâm,,,Amenity;Park
node/9587536834,Trường Trung Học Phổ Thông Nguyễn Thị Định,school,10.7249371,106.6220847,,,,Amenity;School
node/9587566621,Siêu thị Co.opmart Tuy Lý Vương,supermarket,10.7443048,106.6552043,Đường Tuy Lý Vương,,,Amenity;Supermarket
node/9587566623,Công Viên Chung cư Sunview Town,park,10.865904,106.7285126,,,,Amenity;Park
node/9587566625,Trường Song Ngữ Quốc Tế EMASI Nam Long,school,10.7448751,106.734707,"Đường Số 8, KDC Nam Long","Số 147, Đường Số 8, KDC Nam Long, Quận 7, HỒ CHÍ MINH",,Amenity;School
node/9587566626,Vincom Plus Nam Long Quận 7,mall,10.743815,106.7325841,Đường Số 3 / Trần Trọng Cung / Trần Trọng Cung,,,Amenity;Mall
node/9587618717,Trường Đại Học Cảnh Sát Nhân Dân - Cơ Sở 2,college_university,10.8595247,106.7559889,,,,Amenity;CollegeUniversity
node/9587618722,Chợ Lạc Quang,market,10.8353586,106.6196328,Hẻm 305 Trường Chinh,,,Amenity;Market
node/9587618724,Công viên Làng Hoa Gò Vấp,park,10.8420884,106.6565352,Nguyễn Văn Khối,,,Amenity;Park
node/9587618729,Trường Trung học phổ thông Ngô Thời Nhiệm,school,10.8239464,106.7642689,Đường Hồ Bá Phấn,,,Amenity;School
node/9587618737,Trường Đại học Lao Động Xã Hội,college_university,10.8660801,106.6160408,Đường Tô Ký,,,Amenity;CollegeUniversity
node/9587618740,Đại học Nguyễn Tất Thành - Quận 12,college_university,10.8602415,106.6946936,,,,Amenity;CollegeUniversity
node/9587618741,Chợ Phú Hữu,market,10.7905502,106.789698,,,,Amenity;Market
node/9587618744,Coopmart Tam Bình,supermarket,10.8642107,106.73419,,,,Amenity;Supermarket
node/9587618747,Chợ Đầu mối Nông Sản Thực Phẩm Hóc Môn,market,10.8600343,106.6014401,,,,Amenity;Market
node/9587618753,Vincom Quận 2,mall,10.7882994,106.7657527,,,,Amenity;Mall
node/9593240659,Chợ Xóm Mới,market,10.8500841,106.6643054,Hẻm 869 Lê Đức Thọ,,,Amenity;Market
node/9593240662,Co.opmart,supermarket,10.8286526,106.6197414,Đường Phan Văn Hớn,"102, Đường Phan Văn Hớn",,Amenity;Supermarket
node/9593240669,CoopMart - Ngã Tư Chợ Đình,supermarket,10.9843561,106.6670087,,,,Amenity;Supermarket
node/9593278311,Chợ Bình Đáng,market,10.9193995,106.7290922,Đường N2,,,Amenity;Market
node/9593278312,Chợ Hài Mỹ,market,10.9745582,106.7154313,Đường D1,,,Amenity;Market
node/9593278313,Trường Tiểu Học Thuận Giao,school,10.9608258,106.7160416,,,,Amenity;School
node/9593340017,Bệnh Viện Đa khoa An Phú,hospital,10.9475149,106.7371674,,,,Amenity;Hospital
node/9593340023,Chợ Đêm Linh Trung,market,10.8896113,106.7269697,Đường Nguyễn Thị Diệp,,,Amenity;Market
node/9593340024,Bệnh Viện Hoàn Hảo 2,hospital,10.8910082,106.7273892,Đường Bình Hòa 24,,,Amenity;Hospital
node/9593340030,Chợ Phú Phong,market,10.9716237,106.7421133,Đường tỉnh 743A,,,Amenity;Market
node/9593358298,Chợ Đêm Man Thiện,mall,10.8500849,106.7963248,Man Thiện,,,Amenity;Mall
node/9593358301,Southern AEON Citimart Tân Thuận,supermarket,10.7515494,106.7352247,Đường D3,,,Amenity;Supermarket
node/9593358308,Chợ Bà Lát,market,10.7709448,106.5515239,Trần Văn Giàu,,,Amenity;Market
node/9593386637,Trường Cao đẳng Điện Lực Thành phố Hồ Chí Minh,college_university,10.8804047,106.6791582,,,,Amenity;CollegeUniversity
node/9593386645,Chợ Hưng Long,market,10.6579687,106.6082338,,,,Amenity;Market
node/9593572486,Chợ 78,market,10.9396653,106.7187971,,,,Amenity;Market
node/9593572497,Chợ 434,market,10.9179867,106.7343481,,,,Amenity;Market
node/9593797953,CoopMart Hiệp Thành,supermarket,10.877816,106.6399416,,,,Amenity;Supermarket
node/9593946639,Bệnh viện Gia An 115,hospital,10.7405442,106.607722,,,,Amenity;Hospital
node/9593946657,Chợ Tân Nhựt,market,10.7052372,106.5641671,,,,Amenity;Market
node/9593946662,Chợ Liên Ấp 123,market,10.7908531,106.5803932,Đường Liên Ấp 1-2-3,,,Amenity;Market
node/9645043685,Annam Gourmet,supermarket,10.7891717,106.7186066,Nguyễn Hữu Cảnh,"92, Nguyễn Hữu Cảnh, Binh Thanh, Phường 22",,Amenity;Supermarket
node/9694141325,Trường Tiểu Học Vạn Tường,school,10.7929023,106.6760754,Hẻm 48 Hồ Biểu Chánh,,,Amenity;School
node/9699800177,Trường Đại học Quản lý và Công nghệ Thành phố Hồ Chí Minh (UMT),college_university,10.7740881,106.7980152,Đường 60 - CL,"Đường 60 - CL, Phường Cát Lái, Thành phố Thủ Đức",,Amenity;CollegeUniversity
node/9722560649,Trường Đại học Hoa Sen - cơ sở Cao Thắng,college_university,10.7722267,106.6791108,Đường Cao Thắng,"93, Đường Cao Thắng",,Amenity;CollegeUniversity
node/9729070768,Chợ Cây Điệp,market,10.8111914,106.6953748,Nơ Trang Long,,,Amenity;Market
node/9734891598,Trường Cao đẳng Nova,college_university,10.7872016,106.6871226,Đường Nam Kỳ Khởi Nghĩa,"262, Đường Nam Kỳ Khởi Nghĩa",,Amenity;CollegeUniversity
node/9751109563,Công viên nội bộ chung cư Hòa Bình,park,10.7670592,106.6610774,3 tháng 2,"666/44, 3 tháng 2, 10, Thành phố Hồ Chí Minh",Chung cư Hòa Bình,Amenity;Park
node/9776229833,USAMua - MUA HÀNG MỸ - CN BÌNH DƯƠNG,supermarket,10.9810767,106.6722416,30 Tháng 4,"17, 30 Tháng 4, Thủ Dầu Một",,Amenity;Supermarket
node/9921298480,Grove Fresh,supermarket,10.7680881,106.6845432,Nguyễn Thị Minh Khai,,,Amenity;Supermarket
node/9965185460,Bệnh viện Quận 1 (cơ sở 2),hospital,10.7651115,106.6932273,Trần Hưng Ðạo,"235-237, Trần Hưng Ðạo",,Amenity;Hospital
relation/11084516,Công viên 30 Tháng 4,park,10.7792539,106.6973425,Pasteur,,,Amenity;Park
relation/11102209,Chợ cũ Tôn Thất Đạm,market,10.7719499,106.7029683,Tôn Thất Ðạm,,,Amenity;Market
relation/14468398,Bệnh viện Nguyễn Tri Phương,hospital,10.7551268,106.670238,Đường Nguyễn Trãi,,,Amenity;Hospital
relation/14939719,Công viên 23 tháng 9,park,10.7695676,106.6939415,,"District 1, Ho Chi Minh City",,Amenity;Park
relation/15055958,Trường Đại học Việt Đức,college_university,11.1070971,106.6147792,,,,Amenity;CollegeUniversity
relation/15862080,Bệnh viện Nhân dân 115,hospital,10.7745844,106.6665349,Sư Vạn Hạnh,"527, Sư Vạn Hạnh, 10, Ho Chi Minh City",,Amenity;Hospital
relation/16241635,Trường Đại học Tài chính - Marketing,college_university,10.8145273,106.8092252,Võ Văn Hát,"306, Võ Văn Hát",,Amenity;CollegeUniversity
relation/16291702,Trường Tiểu Học Tân Túc 2,school,10.6924157,106.5797889,Nguyễn Hữu Trí,"369, Nguyễn Hữu Trí, Bình Chánh, Hồ Chí Minh",,Amenity;School
relation/17583696,Công viên Gia Định,park,10.8125387,106.6752341,Đặng Văn Sâm,,,Amenity;Park
relation/17583697,Công viên Hoàng Văn Thụ,park,10.8025098,106.6645157,Hầm chui Phan Thúc Duyện,,,Amenity;Park
relation/18360640,Công viên Ao cá,park,10.3319054,107.0843962,Ngô Thì Sĩ / Phạm Đình Hổ,,,Amenity;Park
relation/20433469,Trường Trung Học Cơ Sở Lương Thế Vinh,school,10.8795342,106.6776823,Tô Ngọc Vân,"Tô Ngọc Vân, Hồ Chí Minh",Ủy ban Nhân dân Phường Thới An,Amenity;School
relation/2552505,Chợ Bình Tây,market,10.7493311,106.6510683,Đường Tháp Mười,"57A, Đường Tháp Mười, Quận 6",,Amenity;Market
relation/7261657,Đại học Bình Dương,college_university,10.9903827,106.6646119,Đại lộ Bình Dương,"504, Đại lộ Bình Dương",,Amenity;CollegeUniversity
relation/9487536,Trường Đại học Nguyễn Tất Thành,college_university,10.7611356,106.7097573,Nguyễn Tất Thành,"300A, Nguyễn Tất Thành",,Amenity;CollegeUniversity
way/1010843998,CÔNG VIÊN 8XLUS,park,10.8312903,106.621888,,,tập đoàn Hưng Thịnh,Amenity;Park
way/1010844322,BỆNH VIỆN ĐA KHOA TÂM TRÍ SÀI GÒN,hospital,10.8316195,106.6215219,Trường Chinh,"171/3, Trường Chinh",TẬP ĐOÀN TÂM TRÍ SÀI GÒN,Amenity;Hospital
way/1017762594,Trường Trung học cơ sở Nguyễn Văn Bứa,school,10.8708639,106.5369337,,,,Amenity;School
way/1018763400,Trường Trung học phổ thông Thủ Thiêm,school,10.797291,106.7438677,Vũ Tông Phan,"1, Vũ Tông Phan",,Amenity;School
way/1018763401,Trường Trung học phổ thông Long Trường,school,10.8172078,106.8087033,Đường Võ Văn Hát,"309, Đường Võ Văn Hát",,Amenity;School
way/1018763406,Trường Trung học phổ thông Dương Văn Thì,school,10.8406233,106.7929907,Lã Xuân Oai,"161, Lã Xuân Oai",,Amenity;School
way/1018763408,Trường Trung học phổ thông Đào Sơn Tây,school,10.8780072,106.7730432,,,,Amenity;School
way/1018763415,Trường Trung học phổ thông Bình Chiểu,school,10.8760918,106.7415405,,,,Amenity;School
way/1018763416,Trường Trung học cơ sở & Trung học phổ thông Hồng Đức,school,10.8271658,106.7630917,Đường Nam Hòa,,,Amenity;School
way/1018763417,Trường Trung học phổ thông An Dương Vương,school,10.8349791,106.7628429,,,,Amenity;School
way/1019188418,Trường Trung học cơ sở Linh Đông,school,10.8534831,106.7470877,,,,Amenity;School
way/1019188419,Trường Trung học cơ sở Tam Bình,school,10.8661448,106.7349096,Đường số 11,,,Amenity;School
way/1019188420,Trường Trung học cơ sở Hiệp Bình,school,10.8411649,106.7184156,Đường Số 4,,,Amenity;School
way/1019188421,Trường Trung học cơ sở Trường Thọ,school,10.8435021,106.7557779,,,,Amenity;School
way/1019188423,Trường Trung học cơ sở Trương Văn Ngư,school,10.8548605,106.753193,,,,Amenity;School
way/1019188424,Trường Trung học cơ sở Trương Văn Ngư,school,10.8514941,106.7565859,Hẻm 47 Đường Võ Văn Ngân,,,Amenity;School
way/1019360367,Chợ Long Bình Tân,market,10.9035578,106.8506978,,,,Amenity;Market
way/1019360369,Big C,supermarket,10.9057363,106.8503939,Quốc lộ 1,"833, Quốc lộ 1, Thành phố Biên Hòa",,Amenity;Supermarket
way/1022840978,Trường Tiểu học Bình Triệu,school,10.8291257,106.7153587,Quốc lộ 13,"144/12, Quốc lộ 13, Thành phố Thủ Đức, Phường Hiệp Bình Chánh",,Amenity;School
way/1022840979,Trường Tiểu học Thái Văn Lung,school,10.8663661,106.7443578,Đường Tam Châu,"93/6, Đường Tam Châu",,Amenity;School
way/1022840980,Trường Tiểu học Tam Bình,school,10.8685981,106.7378526,Đường số 10,"71, Đường số 10",,Amenity;School
way/1022840982,Trường Tiểu học Xuân Hiệp - cơ sở 3,school,10.8794046,106.7762321,Hẻm 109 Đường Số 8,,,Amenity;School
way/1022840983,Trường Tiểu học Xuân Hiệp - cơ sở 2,school,10.8831093,106.7680931,Hẻm 171 Quốc lộ 1K,,,Amenity;School
way/1022840986,Trường Tiểu học Linh Tây,school,10.8560082,106.7546144,Đường số 4,"16/5, Đường số 4",,Amenity;School
way/1022840987,Trường Tiểu học Bình Quới,school,10.8543365,106.7455783,Đường số 22,"18/18, Đường số 22",,Amenity;School
way/1022840988,Trường Tiểu học Đặng Văn Bất,school,10.8559954,106.7479843,Đường số 35,"30/6, Đường số 35",,Amenity;School
way/1022840989,Trường Tiểu học Linh,school,10.8552727,106.750928,Đường Tô Ngọc Vân,"170, Đường Tô Ngọc Vân",,Amenity;School
way/1022840990,Trường Tiểu học Nguyễn Văn Banh,school,10.8354414,106.7588525,Đường số 3,"7/9A, Đường số 3",,Amenity;School
way/1022915749,Trường Tiểu học Đào Sơn Tây,school,10.846073,106.7215524,Đường Hiệp Bình,"32A, Đường Hiệp Bình",,Amenity;School
way/1022915750,Trường Tiểu học Hiệp Bình Chánh,school,10.8318229,106.7299253,Đường số 1,"29, Đường số 1",,Amenity;School
way/1023122039,Bệnh viện Đa khoa Thủ Đức,hospital,10.8643971,106.7455723,Đường Phú Châu,"29, Đường Phú Châu",,Amenity;Hospital
way/1023122041,Trường Cao đẳng Hậu cần 2,college_university,10.8455356,106.7769375,Đường Lê Văn Việt,"50, Đường Lê Văn Việt",Quân khu 7,Amenity;CollegeUniversity
way/1023160151,Tiểu học Hiệp Phú,school,10.8460822,106.7827422,Đường Trương Văn Thành,"12, Đường Trương Văn Thành",,Amenity;School
way/1023330892,Trường Đại học Văn hóa Thành phố Hồ Chí Minh,college_university,10.8054057,106.7308464,Đường Quốc Hương,"51, Đường Quốc Hương",,Amenity;CollegeUniversity
way/1023471613,Trường Cao đẳng Du lịch Vũng Tàu,college_university,10.3583754,107.0858499,,,,Amenity;CollegeUniversity
way/1023704925,Trường Tiểu học Linh Chiểu,school,10.8552373,106.7589734,Chương Dương,"48/45, Chương Dương",,Amenity;School
way/1024130334,Công viên Dĩ An,park,10.8981992,106.7670627,,,,Amenity;Park
way/1024130335,Tiểu học Nhị Đồng,school,10.8989267,106.7671352,,,,Amenity;School
way/1024308083,Bệnh viện Hoàn Mỹ Thủ Đức,hospital,10.887672,106.7737207,,,,Amenity;Hospital
way/1033748970,Trường Tiểu học Phù Đổng,school,10.7849899,106.5992757,Đường Lô Tư,"73, Đường Lô Tư, Bình Tân",,Amenity;School
way/1033748985,Trường Trung học cơ sở Võ Thành Trang,school,10.7906849,106.6203112,Tân Quý,"218, Tân Quý",,Amenity;School
way/1033748993,Trường Tiểu học Tân Hương,school,10.7935746,106.6216469,Hẻm 137 Gò Dầu,Tân Phú,,Amenity;School
way/1035102499,Trường Tiểu học Bình Thuận,school,10.7898686,106.6049695,Ấp Chiến lược,"151, Ấp Chiến lược, Bình Tân",,Amenity;School
way/1035102503,Trường Tiểu học Lê Quang Định,school,10.7073245,106.7077841,Hoa Anh Đào,Nhà Bè,,Amenity;School
way/1035102506,Trường Tiểu học Lê Lợi,school,10.6796547,106.7065306,,Nhà Bè,,Amenity;School
way/1035102509,Trường Trung học phổ thông Long Thới,school,10.6562675,106.7276363,Nguyễn Văn Tạo,"280, Nguyễn Văn Tạo, Nhà Bè",,Amenity;School
way/1035102512,Trường Trung học phổ thông Phước Kiển,school,10.7026938,106.7051002,Đường Lê Văn Lương,Đường Lê Văn Lương,,Amenity;School
way/1035921567,Trường Cao đẳng Long An - cơ sở Đức Hòa,college_university,10.8971195,106.3969122,Ba Tháng Hai,"180A, Ba Tháng Hai, Đức Hòa",,Amenity;CollegeUniversity
way/1036018818,Công viên Đặng Thùy Trâm,park,10.8333277,106.6996477,Hẻm 235 Đặng Thùy Trâm,,,Amenity;Park
way/1036018833,Trường Trung học cơ sở Bình Lợi Trung,school,10.8305903,106.7010759,Đặng Thùy Trâm,"179, Đặng Thùy Trâm",,Amenity;School
way/1036018842,Trường Tiểu học Bình Lợi Trung,school,10.8273222,106.704865,Hẻm 21/18 Bình Lợi,Bình Thạnh,,Amenity;School
way/1036030773,Trường Tiểu Học Trần Quốc Toản,school,10.8266655,106.6885432,Đường Phan Văn Trị,"639, Đường Phan Văn Trị, Gò Vấp",,Amenity;School
way/1036030775,Trường Trung học cơ sở Gò Vấp,school,10.8254065,106.6854396,Đường Nguyễn Du,"1, Đường Nguyễn Du",,Amenity;School
way/1036030788,Trường Trung học cơ sở Nguyễn Du,school,10.844294,106.6623857,Hẻm 405 Thống Nhất,,,Amenity;School
way/1036030790,Công viên Hòa Bình,park,10.8362202,106.6700273,Đường số 3,,,Amenity;Park
way/1036030813,Trường Tiểu học An Hội,school,10.8442565,106.6412971,Phạm Văn Chiêu,"2, Phạm Văn Chiêu, Gò Vấp",,Amenity;School
way/1036030816,Trường Trung học cơ sở Thông Tây Hội,school,10.8355612,106.6627402,Đường Quang Trung,Đường Quang Trung,,Amenity;School
way/1036206947,Trường Tiểu học Bình Hòa,school,10.8167475,106.7019854,Phan Châu Trinh,"4/2, Phan Châu Trinh, Bình Thạnh, Phường 12",,Amenity;School
way/1036206960,Trường Trung học phổ thông Thanh Đa,school,10.8160023,106.7079023,Nguyễn Xí,"186, Nguyễn Xí",,Amenity;School
way/1036206962,Trường Trung học cơ sở Lê Văn Tám,school,10.8096181,106.708523,Chu Văn An,"107F, Chu Văn An, Bình Thạnh",,Amenity;School
way/1036206964,Trường Tiểu học Cửu Long,school,10.790085,106.714589,Hẻm 29 Phú Mỹ,Bình Thạnh,,Amenity;School
way/1036206965,Trường Trung học cơ sở Cửu Long,school,10.7915357,106.7147342,Võ Duy Ninh,"2, Võ Duy Ninh",,Amenity;School
way/1037121097,Công viên Thanh Đa,park,10.8164816,106.7221217,,,,Amenity;Park
way/1037121101,Trường Trung học cơ sở Thanh Đa,school,10.8133981,106.7199647,Hẻm 1/40 Thanh Đa,"1/40, Hẻm 1/40 Thanh Đa",,Amenity;School
way/1037121102,Trường Tiểu học Tầm Vu,school,10.8142894,106.7162025,Hẻm 801/13 Xô viết Nghệ Tĩnh,Bình Thạnh,,Amenity;School
way/1037121114,Trường Tiểu học Lam Sơn,school,10.8504682,106.6522693,Đường 59,"1, Đường 59, Gò Vấp, Phường 14",,Amenity;School
way/1037121116,Trường Trung học phổ thông Tây Thạnh,school,10.8141075,106.6219541,Đường C2,"27, Đường C2",,Amenity;School
way/1042557782,Trường Mầm Non Tây Úc,school,10.7901945,106.7172595,Hẻm 144 Võ Duy Ninh,,,Amenity;School
way/1042789338,Trường Tiểu học Phan Đình Phùng,school,10.7689477,106.6820953,Hẻm 491 Nguyễn Ðình Chiểu,"491/7, Hẻm 491 Nguyễn Ðình Chiểu",,Amenity;School
way/1042789340,Trường Tiểu học Nguyễn Sơn Hà,school,10.7702228,106.6814544,Cao Thắng,"55A, Cao Thắng",,Amenity;School
way/1042905823,Co.opmart Hậu Giang,supermarket,10.7502551,106.6430716,Hậu Giang,"188, Hậu Giang, Quận 6, Phường 6",,Amenity;Supermarket
way/1043641918,Trường Tiểu Học Dân Lập Quốc Tế Việt Úc,school,10.7969374,106.6922212,Đường số 11,,,Amenity;School
way/1046738759,Trường Cao Đằng Viễn Đông,college_university,10.8517222,106.6281128,,,,Amenity;CollegeUniversity
way/1047665459,Trường Trung học cơ sở Hiệp Phước,school,10.6043076,106.7401543,Nguyễn Văn Tạo,"1154, Nguyễn Văn Tạo",,Amenity;School
way/1056572948,Công viên Bến Bạch Đằng,park,10.7782279,106.7076346,Nhánh N1,,,Amenity;Park
way/1057874323,Trường Đại học Công nghệ Thành phố Hồ Chí Minh (cơ sở Ung Văn Khiêm),college_university,10.8094852,106.7150377,Hẻm 31 Ung Văn Khiêm,"36, Hẻm 31 Ung Văn Khiêm",,Amenity;CollegeUniversity
way/1057874326,Trường Đại học Gia Định,college_university,10.799379,106.6739503,Hoàng Văn Thụ,"185-187, Hoàng Văn Thụ",,Amenity;CollegeUniversity
way/1057874333,Trường Đại học Gia Định (cơ sở Nguyễn Kiệm),college_university,10.8173653,106.6775389,Hẻm 477 Nguyễn Văn Công,,,Amenity;CollegeUniversity
way/1059566391,Trường Cao đẳng Nova,college_university,10.8370112,106.6811688,Đường Lê Đức Thọ,"194, Đường Lê Đức Thọ",,Amenity;CollegeUniversity
way/1059566394,Trường Đại học Sài Gòn – cơ sở 1,college_university,10.7791512,106.6841304,Bà Huyện Thanh Quan,"105, Bà Huyện Thanh Quan, Xuân Hòa, Ho Chi Minh City",Ủy ban nhân dân Thành phố Hồ Chí Minh,Amenity;CollegeUniversity
way/1060249549,Trường Trung học phổ thông An Mỹ,school,11.016363,106.6820333,,,,Amenity;School
way/1060249550,Trường Trung học phổ thông Bàu Bàng,school,11.2497097,106.634516,,,,Amenity;School
way/1060402842,Trường Trung học phổ thông Thái Hoà,school,10.9764449,106.7581369,Đường Trần Công An,,,Amenity;School
way/1066900815,Phân hiệu trường Cao đẳng Lương thực - Thực phẩm tại Thành phố Hồ Chí Minh,college_university,10.7199346,106.6317014,Đường Lưu Hữu Phước,"296, Đường Lưu Hữu Phước",,Amenity;CollegeUniversity
way/1067541911,Trường Tiểu học Tân Long,school,11.3266701,106.6752016,Đường tỉnh 741C,,,Amenity;School
way/1067886712,Trường Tiểu học Trần Phú,school,10.9759306,106.6627989,Đường N10,,,Amenity;School
way/1078097938,Công viên công cộng Ventura,park,10.7704165,106.7897236,Đường Số 40 - CL,"Đường Số 40 - CL, Thủ Đức",Kiến Á,Amenity;Park
way/1078519146,Phân hiệu Học viện Hành chính và Quản trị công tại Thành phố Hồ Chí Minh,college_university,10.7734741,106.6761986,,,,Amenity;CollegeUniversity
way/1084373313,Công viên Văn hóa Gò Vấp,park,10.8431008,106.6852889,,,,Amenity;Park
way/1084373316,Chợ Nhị Bình,market,10.9108084,106.6837212,Đường Bùi Công Trừng,"Đường Bùi Công Trừng, Hóc Môn",,Amenity;Market
way/1084373317,Công viên Thị trấn Hóc Môn,park,10.8889281,106.5958322,Trần Bình Trọng,Hóc Môn,,Amenity;Park
way/1084373320,Chợ Ngã Ba Bầu,market,10.8701702,106.6154551,Đường Tô Ký,"Đường Tô Ký, Quận 12",,Amenity;Market
way/1084373321,Trường Tiểu học Tây Bắc Lân,school,10.8466629,106.6044433,,,,Amenity;School
way/1084609765,Trường Đại học An ninh Nhân dân,college_university,10.8723543,106.8052551,Xa lộ Hà Nội,Xa lộ Hà Nội,Bộ Công an Việt Nam,Amenity;CollegeUniversity
way/1085083093,Trường Cao đẳng Sư phạm Trung ương Thành phố Hồ Chí Minh,college_university,10.7607504,106.6705309,Nguyễn Duy Dương,,,Amenity;CollegeUniversity
way/1085246193,Bệnh viện Quân y 7A,hospital,10.7557703,106.6707327,,,,Amenity;Hospital
way/1085954986,Trường Đại học Công Thương Thành phố Hồ Chí Minh (cơ sở 2),college_university,10.8031678,106.6335602,Tân Kỳ Tân Quý,"93, Tân Kỳ Tân Quý",,Amenity;CollegeUniversity
way/1085954987,Trường Đại học Sư phạm Thành phố Hồ Chí Minh (cơ sở 2),college_university,10.7868154,106.6809856,Lê Văn Sỹ,"222, Lê Văn Sỹ",,Amenity;CollegeUniversity
way/1085962648,Trường Đại học Công Thương Thành phố Hồ Chí Minh (cơ sở 3),college_university,10.809005,106.6297991,Đường Phạm Ngọc Thảo,,,Amenity;CollegeUniversity
way/1085962652,Trường Đại học Công Thương Thành phố Hồ Chí Minh (cơ sở 5),college_university,10.8119305,106.6317494,Chế Lan Viên,"31, Chế Lan Viên",,Amenity;CollegeUniversity
way/1085962671,Trường Đại học Mở Thành phố Hồ Chí Minh,college_university,10.7611092,106.6922405,,,,Amenity;CollegeUniversity
way/1087112789,Trường Trung học cơ sở Khánh Bình,school,10.7425032,106.6844616,Âu Dương Lân,"314B, Âu Dương Lân",,Amenity;School
way/1087117538,Bệnh viện Tai Mũi Họng Thành phố Hồ Chí Minh,hospital,10.7843261,106.683944,Đường Trần Quốc Thảo,"153-155-157, Đường Trần Quốc Thảo",,Amenity;Hospital
way/1087117557,Bệnh viện Từ Dũ (khu M),hospital,10.7678651,106.6847646,Cống Quỳnh,"227, Cống Quỳnh",,Amenity;Hospital
way/1087240206,Bệnh viện Y học cổ truyền Thành phố Hồ Chí Minh,hospital,10.7855497,106.6878673,Đường Nam Kỳ Khởi Nghĩa,"179-187, Đường Nam Kỳ Khởi Nghĩa",,Amenity;Hospital
way/1087240207,Trường Tiểu học Nguyễn Thanh Tuyền,school,10.7857037,106.6878774,Đường Nam Kỳ Khởi Nghĩa,"183, Đường Nam Kỳ Khởi Nghĩa",,Amenity;School
way/1087513290,Hoc viện Quân y - Phân hiệu phía Nam,college_university,10.7728706,106.6654717,Đường Thành Thái,"84, Đường Thành Thái",,Amenity;CollegeUniversity
way/1087513306,Học viện Hàng không Việt Nam,college_university,10.7972606,106.6739765,Nguyễn Trọng Tuyển,,,Amenity;CollegeUniversity
way/1087513311,Trường Tiểu học Đặng Văn Ngữ,school,10.7946843,106.6702083,Hẻm 33 Đặng Văn Ngữ,,,Amenity;School
way/1087651865,Bệnh viện Đa khoa Gò Vấp,hospital,10.8345835,106.661529,Đường Quang Trung,"641, Đường Quang Trung",,Amenity;Hospital
way/1087651874,Trường Tiểu học Chi Lăng,school,10.8344819,106.6600874,Hẻm 645 Quang Trung,,,Amenity;School
way/1087935624,Bệnh viện Đa khoa Nhà Bè,hospital,10.7042622,106.7052895,,,,Amenity;Hospital
way/1091537224,Trường Trung học cơ sở Tô Ngọc Vân,school,10.8918834,106.682996,,,,Amenity;School
way/1095415351,Trường Trung Tiểu học Marie Curie,school,11.0130209,106.6394183,Nguyễn Chí Thanh,"178, Nguyễn Chí Thanh",,Amenity;School
way/1098298110,Đại học Kinh tế Thành phố Hồ Chí Minh (cơ sở Nguyễn Văn Linh),college_university,10.7060507,106.6405388,,,,Amenity;CollegeUniversity
way/1098416306,Bệnh viện Dã chiến Bình Chánh,hospital,10.7200864,106.6598189,,,,Amenity;Hospital
way/1110478802,Trường Tiểu học Lê Quý Đôn,school,10.7049626,106.6463238,Đường số 5,"Đường số 5, Bình Chánh, Hồ Chí Minh",,Amenity;School
way/1115310286,Trường Tiểu học Hiệp Phú - Cơ Sở 2,school,10.84563,106.7845449,Đường số 265,,,Amenity;School
way/1115566351,Vincom Mega Mall,mall,10.8433729,106.8428377,,,,Amenity;Mall
way/112319460,COOP Mart Food,supermarket,10.7988815,106.7439458,,,,Amenity;Supermarket
way/1125397333,Trường Cao đẳng Kinh tế - Kỹ thuật Thành phố Hồ Chí Minh (cơ sở 2),college_university,10.6703069,106.7343578,,,,Amenity;CollegeUniversity
way/1125792005,Chợ Tân Trụ,market,10.8188508,106.6346129,Hẻm 93 Trần Thái Tông,,,Amenity;Market
way/1137249771,Bệnh viên Quân y 4,hospital,10.8895125,106.741575,,,,Amenity;Hospital
way/1137989915,Công viên Rạch Tra,park,10.916182,106.6482304,Đường Đặng Thúc Vịnh,"Đường Đặng Thúc Vịnh, Hóc Môn",,Amenity;Park
way/1138068422,Trường Cao đẳng Mỹ thuật Bình Dương,college_university,10.9818037,106.6489688,,Thủ Dầu Một,,Amenity;CollegeUniversity
way/1144380308,Trường Trung học cơ sở Đông Chiêu,school,10.9181758,106.7639358,,,,Amenity;School
way/1144380319,Công Viên Rạp Hát Dĩ An,park,10.9059723,106.7687148,,,,Amenity;Park
way/1144380335,TT Giáo Dục Nghề Nghiệp - Giáo Dục Thường Xuyên Thành phố Dĩ An,school,10.9062629,106.7674587,,,,Amenity;School
way/1145090864,Công Viên Icon Central,park,10.9332912,106.7487941,,,,Amenity;Park
way/1146848542,Trường Quân sự Quân đoàn 4,school,10.9038836,106.7365158,Nguyễn Công Hồng,,,Amenity;School
way/1149374215,Co.opmart Thắng Lợi,supermarket,10.8181791,106.6307157,Trường Chinh,"Trường Chinh, Quận Tân Phú",,Amenity;Supermarket
way/1152214346,Pico Plaza,mall,10.800754,106.6532198,Cộng Hoà,"20, Cộng Hoà",,Amenity;Mall
way/1152346890,Trường Quốc tế Bắc Mỹ,school,10.730763,106.6876981,Đường số 20,Đường số 20,,Amenity;School
way/1152451319,Botanica Premier Residential Park,park,10.8100665,106.669317,,,,Amenity;Park
way/1152671745,Trường Trung học cơ sở Tân Bình,school,10.7888515,106.6600866,Đường Cách Mạng Tháng 8,"873, Đường Cách Mạng Tháng 8",,Amenity;School
way/1152682536,Học viện Kỹ thuật Mật mã,school,10.8007184,106.657156,Đường Cộng Hoà,"17A, Đường Cộng Hoà",,Amenity;School
way/1152716049,Trường Trung học cơ sở Bàn Cờ,school,10.7729241,106.6821136,Ðường Số 3,"16, Ðường Số 3, Quận 3, Thành phố Hồ Chí Minh",,Amenity;School
way/1155255432,Bệnh Viện Đa Khoa Quốc Tế Nam Sài Gòn,hospital,10.7361021,106.6908392,Đường Số 8,"88, Đường Số 8, Bình Chánh, Ho Chi Minh City",,Amenity;Hospital
way/1157248742,Bệnh viện Phương Nam,hospital,10.7344138,106.7177492,Nguyễn Lương Bằng,"2, Nguyễn Lương Bằng, Quận 7, Thành phố Hồ Chí Minh",,Amenity;Hospital
way/1157449244,The ABC International School,school,10.7211434,106.7049955,,2,,Amenity;School
way/1158889693,Nhà Sách Basao Stationery,supermarket,10.7905844,106.7115926,Đường Trần Quang Long,"14, Đường Trần Quang Long, Bình Thạnh, Ho Chi Minh City",Nhà Sách Basao,Amenity;Supermarket
way/1159204529,Trường Tiểu học Đinh Bộ Lĩnh,school,10.7349987,106.7194475,Đường Số 9,"1, Đường Số 9, Quận 7, Thành phố Hồ Chí Minh",,Amenity;School
way/1162981728,Ga Bến Thành,metro,10.7709487,106.697883,Trần Hưng Đạo,,Ban Quản lý Đường sắt đô thị Thành phố Hồ Chí Minh,Amenity;MetroStation
way/1162989826,Ga Nhà Hát Thành Phố,metro,10.775303,106.7020679,Nguyễn Huệ,,Ban Quản lý Đường sắt đô thị Thành phố Hồ Chí Minh,Amenity;MetroStation
way/1163010587,Ga Ba Son,metro,10.7817906,106.7083401,,,Ban Quản lý Đường sắt đô thị Thành phố Hồ Chí Minh,Amenity;MetroStation
way/1169321000,Đại học Kinh tế Thành phố Hồ Chí Minh - cơ sở D,college_university,10.7918644,106.6884187,Đường Trần Quang Khải,"196, Đường Trần Quang Khải",,Amenity;CollegeUniversity
way/1169321002,Đại học Kinh tế Thành phố Hồ Chí Minh - Cơ sở H,college_university,10.7960908,106.6722924,Hoàng Diệu,"1A, Hoàng Diệu",,Amenity;CollegeUniversity
way/1169331602,Trường Đại học Luật Thành phố Hồ Chí Minh,college_university,10.7674479,106.7054623,Đường Nguyễn Tất Thành,"2, Đường Nguyễn Tất Thành",,Amenity;CollegeUniversity
way/1171213040,Trường Song ngữ Quốc tế EMASI,school,10.8425443,106.7132582,Đường 5,"2, Đường 5",,Amenity;School
way/118938742,Trường Trung học cơ sở Trần Phú,school,10.36175,107.0818603,Nguyễn Thái Học,"4, Nguyễn Thái Học",,Amenity;School
way/118950663,Công viên Đại An,park,10.3768096,107.0876886,Ông Ích Đường,,,Amenity;Park
way/1190725793,Trung tâm Giáo dục nghề nghiệp-Giáo dục thường xuyên thành phố Thủ Đức (cơ sở 2),school,10.8398321,106.7811619,Đường Đình Phong Phú,Đường Đình Phong Phú,,Amenity;School
way/1195551387,Aeon SORA Gardens SC,mall,11.0452353,106.6788115,Ngô Thời Nhiệm,,,Amenity;Mall
way/1207645816,Trường Tiểu học Cầu Kiệu,school,10.7964408,106.6819952,Hẻm 224/11 Phan Đình Phùng,,,Amenity;School
way/1210893292,Trường Tiểu Học Phan Chu Trinh- Cơ Sở 2,school,10.8479385,106.6619726,Hẻm 535/59/2 Thống Nhất,,,Amenity;School
way/1211031817,Công viên Chung cư Lý Chiêu Hoàng,park,10.736477,106.6189449,Đường Số 2,"Bình Tân, Phường An Lạc",,Amenity;Park
way/1211625239,Công viên Tecco Town,park,10.7542427,106.5843813,,"Bình Tân, Phường Tân Tạo A",,Amenity;Park
way/1211625249,Trường Trung học cơ sở Tân Tạo A,school,10.755357,106.5847212,,4449/8,,Amenity;School
way/1212006787,Trường Cao đẳng Kinh tế đối ngoại,college_university,10.7547919,106.6815035,Đường Trần Bình Trọng,"81, Đường Trần Bình Trọng, Quận 5, Phường 1",,Amenity;CollegeUniversity
way/1212006805,Trường Tiểu học Bàu Sen,school,10.758456,106.6789344,Đường Nguyễn Trãi,"106, Đường Nguyễn Trãi, Quận 5, Phường 3",,Amenity;School
way/1212070992,Trường Tiểu học Tân Tạo A,school,10.7537039,106.5899194,Bờ Tuyến,,,Amenity;School
way/1213393846,Trường Tiểu học-Trung học cơ sở Hồng Ngọc,school,10.7839881,106.6404867,Đường Kênh Tân Hoá,"529, Đường Kênh Tân Hoá",,Amenity;School
way/1214094908,Co.opmart SCA Phạm Văn Chiêu,supermarket,10.8511342,106.653551,Đường Phạm Văn Chiêu,"359, Đường Phạm Văn Chiêu, Gò Vấp, Phường 14",,Amenity;Supermarket
way/1214273251,Công viên trung tâm HCA,park,10.8125677,106.7025268,Chu Văn An,"Chu Văn An, Bình Thạnh, Phường 12",,Amenity;Park
way/1215418781,Trường Tiểu học Hàm Tử,school,10.7528516,106.6803371,Đường Võ Văn Kiệt,"750-752, Đường Võ Văn Kiệt, Quận 5, Phường 1",,Amenity;School
way/1215418798,Trường Tiểu học Huỳnh Kiến Hoa,school,10.751188,106.6713912,Đường Nguyễn Văn Đừng,"16, Đường Nguyễn Văn Đừng, Quận 5, Phường 6",,Amenity;School
way/1215596719,Trường Tiểu học An Phú,school,10.7860816,106.7524525,Đường Số 3,"2, Đường Số 3, Thủ Đức, Phường An Phú",,Amenity;School
way/1216840368,Trường Trung học cơ sở Cầu Kiệu,school,10.7992289,106.6916483,Hoa Sữa,"32, Hoa Sữa",,Amenity;School
way/1216845867,Công viên Bàu Cát 3,park,10.7936152,106.6412964,,,,Amenity;Park
way/1216969521,Trường Tiểu học Nguyễn Nhược Thị,school,10.7302153,106.6340571,,"Quận 8, Phường 15",,Amenity;School
way/1217731200,Công viên Vườn Lài,park,10.7716406,106.6710042,Hẻm 781 Lê Hồng Phong,,,Amenity;Park
way/1218075300,Công viên Đảo Nhật Bản,park,10.7138256,106.6630317,,,,Amenity;Park
way/1221231568,Trường Đại học Hoa Sen - Cơ sở Thành Thái,college_university,10.7692351,106.66484,Hẻm 7 Thành Thái,"7/1, Hẻm 7 Thành Thái, Quận 10, Phường 14",,Amenity;CollegeUniversity
way/1221493476,Công viên KDC Thành Ủy,park,10.8230928,106.7199528,Đường Số 2,"Thủ Đức, Phường Hiệp Bình Chánh",,Amenity;Park
way/1221686017,Co.op Food KDC Thanh Niên,supermarket,10.8472248,106.7231871,Đường Số 2,"1, Đường Số 2, Thủ Đức, Phường Hiệp Bình Phước",,Amenity;Supermarket
way/1222146845,"Trường Tiểu học - Trung học cơ sở Pathway Tuệ Đức - Cơ sở 111 Lương Định Của, Thành phố Thủ Đức",school,10.7875193,106.7328282,Lương Định Của,"111, Lương Định Của",,Amenity;School
way/1222156786,"Trường Tiểu học - Trung học cơ sở Pathway Tuệ Đức - Cơ sở Nguyễn Thị Định, Thành phố Thủ Đức",school,10.7763222,106.7655684,Đường Nguyễn Thị Định,"644, Đường Nguyễn Thị Định",,Amenity;School
way/1222172270,"Trường Mầm Non Pathway Tuệ Đức - Cơ sở Fuji Nam Long, Thành phố Thủ Đức",school,10.8129671,106.784509,Đường D1,"1, Đường D1, Thành phố Thủ Đức",,Amenity;School
way/1222172972,"Trường Mầm non Pathway Tuệ Đức - Cơ sở Đoàn Kết, Thành phố Thủ Đức",school,10.845086,106.7677355,Đoàn Kết,"4, Đoàn Kết, Quận 9, Thành phố Thủ Đức",,Amenity;School
way/1223354351,Trường liên cấp VinSchool,school,10.8376499,106.8424088,Đường V3,,,Amenity;School
way/1224027738,Công viên Mahattan,park,10.8371941,106.8443601,Đường V3,,,Amenity;Park
way/1225122778,Trường Tiểu học Bùi Minh Trực,school,10.7322956,106.6444228,Đường Phạm Thế Hiển,"2225, Đường Phạm Thế Hiển, Quận 8, Phường 6",,Amenity;School
way/1225163273,Trường Tiểu học Bình Giã,school,10.793158,106.6616226,Hẻm 154 Phạm Văn Hai,,,Amenity;School
way/1225233359,Trường Tiểu học Trần Văn Đang,school,10.7861563,106.6721588,Hẻm 205/39 Trần Văn Ðang,"205/39/15, Hẻm 205/39 Trần Văn Ðang, Quận 3, Phường 11",,Amenity;School
way/1226242835,Trường Trung học cơ sở Bình Chánh,school,10.663143,106.5646329,Nguyễn Thị Dững,,,Amenity;School
way/1226249015,Trường Trung học cơ sở Vĩnh Lộc B,school,10.7963525,106.5671247,,,,Amenity;School
way/1226407584,Trường Tiểu học Cầu Xáng,school,10.7873562,106.5170013,Đường Lô 2 Ấp 1,,,Amenity;School
way/1226429661,Trường Tiểu học Lại Hùng Cường,school,10.7934289,106.5776771,,,,Amenity;School
way/1226444989,Trường Tiểu học Nguyễn Văn Trân,school,10.6700348,106.6494215,Hẻm D14 QL50,Xã Đa Phước,,Amenity;School
way/1226544220,Trường Tiểu Học Tân Nhựt 6,school,10.6954785,106.5789598,Đường Tân Long,,,Amenity;School
way/1226551067,Trường Tiểu học Tân Quý Tây 3,school,10.6684049,106.5893219,Đoàn Nguyễn Tuấn,,,Amenity;School
way/1226734708,Parc Mall,mall,10.7407319,106.679143,Tạ Quang Bửu,"547-549, Tạ Quang Bửu, 8",,Amenity;Mall
way/1228058612,Bệnh viện Tâm thần - Cơ sở Lê Minh Xuân,hospital,10.7693286,106.5458486,,"F4/12, Bình Chánh, Xã Lê Minh Xuân",,Amenity;Hospital
way/1229027471,Công viên Đông Thủ Thiêm,park,10.7911461,106.7775017,Đường Số 56,Thành phố Thủ Đức,,Amenity;Park
way/1229027637,Công viên Mười Mẫu,park,10.7890748,106.7748263,,,,Amenity;Park
way/1229205054,"Trường Mầm non Pathway Tuệ Đức - Cơ sở Lê Thị Riêng, Quận 12",school,10.8646643,106.6532331,Lê Thị Riêng,"3/12, Lê Thị Riêng, Quận 12, Hồ Chí Minh",,Amenity;School
way/1229206190,"Trường Tiểu học Pathway Tuệ Đức - Cơ sở Hà Huy Giáp, Quận 12",school,10.851919,106.679373,Hà Huy Giáp,"6, Hà Huy Giáp, Gò Vấp, Hồ Chí Minh",,Amenity;School
way/1229207931,"Trường Trung học cơ sở - Trung học phổ thông Pathway Tuệ Đức - Cơ sở Nguyễn Sỹ Sách, Quận Tân Bình",school,10.820993,106.635267,Hẻm 75 Nguyễn Sỹ Sách,"75/18, Hẻm 75 Nguyễn Sỹ Sách",,Amenity;School
way/1229209736,"Trường Mầm non Pathway Tuệ Đức - Cơ sở Nguyễn Đình Chiểu, Quận 3",school,10.7829604,106.6937983,Nguyễn Đình Chiểu,"144, Nguyễn Đình Chiểu, Quận 3, Ho Chi Minh City",,Amenity;School
way/1230057968,Bệnh viện Đa khoa Tâm Anh,hospital,10.8024122,106.6662942,,,,Amenity;Hospital
way/1231083246,Trường Đại học Nghệ thuật Quân đội,college_university,10.8023892,106.6565302,Hẻm 42 Đường Cộng Hòa,,,Amenity;CollegeUniversity
way/1231083253,Trường Trung học cơ sở & Trung học phổ thông Nguyễn Khuyến,school,10.8018639,106.6570175,,,,Amenity;School
way/1231430443,Trường Trung học cơ sở & Trung học phổ thông Thái Bình,school,10.7969175,106.6511033,Đường Trương Hoàng Thanh,,,Amenity;School
way/1234026253,Chợ Hoàng Hoa Thám,market,10.798381,106.6467325,Hẻm 17 Đường Hoàng Hoa Thám,,,Amenity;Market
way/1234106561,Trường Tiểu học Thân Nhân Trung,school,10.8062502,106.6403801,Nguyễn Đức Thuận,"83, Nguyễn Đức Thuận, Tân Bình, Thành phố Hồ Chí Minh",,Amenity;School
way/1234447706,Trường Trung học cơ sở Võ Văn Tần - CS2,school,10.7887517,106.6451573,Phan Sào Nam,,,Amenity;School
way/1235185418,Trường Trung học cơ sở Thoại Ngọc Hầu,school,10.7819912,106.6413183,Hẻm 32 Huỳnh Văn Chính,,,Amenity;School
way/1235185419,Trường Đại học Văn Hiến,college_university,10.7842541,106.6414165,Hẻm 603 Âu Cơ,,,Amenity;CollegeUniversity
way/1235472345,Trường Tiểu học Nguyễn Khuyến,school,10.79324,106.6473536,,,,Amenity;School
way/1235472351,Trường Trung học cơ sở Ngô Quyền,school,10.7943992,106.649234,Trường Chinh,"97, Trường Chinh",,Amenity;School
way/1235472355,Trường Tiểu học Cách Mạng Tháng Tám CS1,school,10.7940016,106.6507721,,,,Amenity;School
way/1236781075,Trường Tiểu học Lạc Long Quân,school,10.7864413,106.6508049,Hẻm 947 Lạc Long Quân,,,Amenity;School
way/1237558766,Trường Tiểu học Bình Hưng Hòa,school,10.8152174,106.6031618,Hẻm 163 Phạm Đăng Giảng,,,Amenity;School
way/1241980323,Bệnh viện Quốc tế Mỹ AIH,hospital,10.79377,106.7468051,Nguyễn Hoàng,"199, Nguyễn Hoàng, Thành phố Thủ Đức, Thành phố Hồ Chí Minh",,Amenity;Hospital
way/1245309448,Trường Tiểu học Bình Lợi,school,10.7635186,106.4946717,Vườn Thơm,"Vườn Thơm, Bình Chánh",,Amenity;School
way/1252174959,Tượng đài Chiến thắng Bàu Bàng,park,11.2732226,106.6356172,Đường tỉnh 741C,,,Amenity;Park
way/1252174964,Trường Trung học Cơ sở Lai Uyên,school,11.274408,106.6351784,Quốc lộ 13,,Phòng Giáo dục và Đào tạo Huyện Bàu Bàng,Amenity;School
way/125294543,Bệnh viện Quân y 175,hospital,10.8184252,106.6808112,Nguyễn Kiệm,"786, Nguyễn Kiệm, Quận Gò Vấp, Tp. Hồ Chí Minh",Bộ Quốc phòng,Amenity;Hospital
way/125591144,Trường Trung học phổ thông Phú Nhuận,school,10.809478,106.6758254,Hoàng Minh Giám,"5, Hoàng Minh Giám",,Amenity;School
way/125591145,Trường Tiểu Học Hồ Văn Huê,school,10.8085407,106.6742964,Hoàng Minh Giám,"9, Hoàng Minh Giám, Phú Nhuận",,Amenity;School
way/1261863635,Công viên Sáng Tạo,park,10.7636806,106.7485745,,,,Amenity;Park
way/1264017467,Pathway Academy - Cơ sở Thạnh Mỹ Lợi,school,10.7649412,106.7579976,Đường số 92-TML,"2, Đường số 92-TML, Thành phố Thủ Đức",Pathway Academy,Amenity;School
way/1264019672,"Trường Trung học cơ sở - Trung học phổ thông Pathway Tuệ Đức - Cơ sở Đỗ Xuân Hợp, Thủ Đức",school,10.8144324,106.7740114,Đường Số 9,"1, Đường Số 9",,Amenity;School
way/1271043475,Trường Cao Đẳng Sư Phạm Trung Ương Thành phố Hồ Chí Minh,college_university,10.8056408,106.7826662,,,,Amenity;CollegeUniversity
way/1271043476,Công Viên Kiến Á Q9,park,10.8043501,106.7830762,,,,Amenity;Park
way/1271675753,Trường Trung học cơ sở Nguyễn Văn Trỗi,school,10.7895995,106.7728713,,,,Amenity;School
way/127299413,Bệnh viện Nhân dân Gia Định,hospital,10.8039083,106.6941137,Phan Đăng Lưu,"Phan Đăng Lưu, Bình Thạnh",,Amenity;Hospital
way/127299415,Bệnh Viện Quốc Tế Columbia Asia,hospital,10.8032232,106.6945681,Đường Nơ Trang Long,"1, Đường Nơ Trang Long, Bình Thạnh",,Amenity;Hospital
way/127299421,Trường Trung học phổ thông Hoàng Hoa Thám,school,10.8041648,106.6928537,Hoàng Hoa Thám,"6, Hoàng Hoa Thám, Bình Thạnh",,Amenity;School
way/127299459,Trường Trung học cơ sở Độc Lập,school,10.8060739,106.6820518,Hẻm 92 Thích Quảng Đức,,,Amenity;School
way/1293018232,Trường Quốc tế Việt Úc - Cơ sở Riverside,school,10.7368534,106.7267846,Đường số 2,,,Amenity;School
way/1293018233,Trường Quốc tế Việt Úc - Cơ sở Sala,school,10.7738857,106.7294009,,,,Amenity;School
way/1293072081,Trường Trung học phổ thông Bà Điểm,school,10.8517411,106.5999582,,,,Amenity;School
way/1293621912,Trường Trung học phổ thông Quang Trung,school,11.0028653,106.4248917,,,,Amenity;School
way/1295638394,Trường Tiểu học Trần Khánh Dư,school,10.7948471,106.6917371,Hoàng Sa,"181, Hoàng Sa",,Amenity;School
way/1295638395,Trường Tiểu học Đuốc Sống,school,10.7903754,106.6919004,Ðinh Công Tráng,"2, Ðinh Công Tráng",,Amenity;School
way/1295735902,Trường Tiểu học Nguyễn Huệ,school,10.7708629,106.6909837,Lê Thị Riêng,"93-95A, Lê Thị Riêng",,Amenity;School
way/1295735911,Trường Tiểu học Trần Quang Khải (cơ sở 1),school,10.7932414,106.6933558,Trần Nguyên Đán,"33, Trần Nguyên Đán",,Amenity;School
way/1295735914,Trường Tiểu học Trần Quang Khải (cơ sở 2),school,10.7896161,106.6934156,Võ Thị Sáu,"60, Võ Thị Sáu",,Amenity;School
way/1295735915,Trường Tiểu học Phan Văn Trị,school,10.7669102,106.6843948,Phạm Viết Chánh,"43, Phạm Viết Chánh",,Amenity;School
way/1295735917,Trường Tiểu học Chương Dương,school,10.7585805,106.691148,Đường Võ Văn Kiệt,"494, Đường Võ Văn Kiệt",,Amenity;School
way/1295735926,Trường Trung học cơ sở Chu Văn An,school,10.7650724,106.6898508,Cống Quỳnh,"115, Cống Quỳnh",,Amenity;School
way/1301703600,Trường Tiểu học Dương Minh Châu,school,10.7625317,106.663795,Nguyễn Lâm,,,Amenity;School
way/1301707194,Trường Tiểu học Tô Hiến Thành,school,10.78145,106.669921,Tô Hiến Thành,"104, Tô Hiến Thành",,Amenity;School
way/1302023344,Trường Tiểu học Nguyễn Chí Thanh,school,10.7599714,106.6675513,Đường Nguyễn Chí Thanh,"302, Đường Nguyễn Chí Thanh",,Amenity;School
way/1302023346,Trường Tiểu học Nhật Tảo,school,10.7649809,106.6705183,Đường Nhật Tảo,"1, Đường Nhật Tảo",,Amenity;School
way/1302023347,Trường Tiểu học Điện Biên,school,10.7743265,106.6797789,Hẻm 378 Đường Điện Biên Phủ,"3-5, Hẻm 378 Đường Điện Biên Phủ",,Amenity;School
way/1302034687,Trường Trung học cơ sở Cách Mạng Tháng Tám,school,10.7784166,106.6785333,Hẻm 285 Đường Cách Mạng Tháng 8,"36, Hẻm 285 Đường Cách Mạng Tháng 8",,Amenity;School
way/1302034689,Trường Trung học cơ sở Hòa Hưng,school,10.781747,106.6721235,Hẻm 493 Cách Mạng Tháng 8,"73A, Hẻm 493 Cách Mạng Tháng 8",,Amenity;School
way/1302162923,Bệnh viện Quân Dân y Miền Đông,hospital,10.8448592,106.7777477,Đường Lê Văn Việt,"50, Đường Lê Văn Việt",Quân khu 7,Amenity;Hospital
way/1304201323,Trường Tiểu học Phạm Hữu Lầu,school,10.7005933,106.7294012,Đường D7,,,Amenity;School
way/130506886,Công viên Văn hóa Phú Nhuận,park,10.8028306,106.6904324,Phan Đăng Lưu,"49, Phan Đăng Lưu",,Amenity;Park
way/1306372763,Công viên Lê Hữu Kiều,park,10.7848719,106.7558638,Lê Hữu Kiều,"Lê Hữu Kiều, TP. Thủ Đức, Phường Bình Trưng Tây",,Amenity;Park
way/1306624204,Trường Trung học cơ sở Thạnh Mỹ Lợi,school,10.7748529,106.7708229,Đường Số 5,"42, Đường Số 5",,Amenity;School
way/1307726692,Công viên nội khu,park,10.715227,106.7295017,Mỹ Thái 3,,,Amenity;Park
way/1308072064,GO! Nguyễn Thị Thập,supermarket,10.7372018,106.725491,Nguyễn Thị Thập,"99, Nguyễn Thị Thập, Quận 7, Phường Tân Phú",,Amenity;Supermarket
way/1308105266,Trường Tiểu học Phú Thuận,school,10.7365894,106.7327703,Đường Phạm Thị Ba,"Quận 7, Phường Phú Thuận",,Amenity;School
way/1308105299,Trường Trung học cơ sở Huỳnh Tấn Phát,school,10.7431884,106.7291728,Đường Huỳnh Tấn Phát,"488, Đường Huỳnh Tấn Phát",,Amenity;School
way/1308395559,Công viên Phú Xuân,park,10.6756024,106.7326481,,"Nhà Bè, Xã Phú Xuân",,Amenity;Park
way/1308395567,Co.opmart Nguyễn Bình,supermarket,10.6736511,106.7360513,Nguyễn Bình,"Nguyễn Bình, Nhà Bè, Xã Phú Xuân",,Amenity;Supermarket
way/1308395604,Trường Tiểu học Lê Anh Xuân,school,10.7319837,106.7367313,Đường Phú Thuận,"23, Đường Phú Thuận, Quận 7, Phường Phú Thuận",,Amenity;School
way/1308395634,Trường Tiểu học Nguyễn Bình (Cơ sở 1),school,10.6752271,106.7417988,Nguyễn Bình,"247, Nguyễn Bình, Nhà Bè, Xã Phú Xuân",,Amenity;School
way/1308462619,Trường Tiểu học Đinh Bộ Lĩnh,school,10.7376232,106.7085205,Đường Số 53,"11, Đường Số 53, Quận 7, Phường Tân Phong",,Amenity;School
way/1308470660,Công viên Lovera Park,park,10.6896209,106.6433214,Đường Số 19,"Bình Chánh, Xã Phong Phú",,Amenity;Park
way/1308470661,Công viên Lovera Park (Khu 2),park,10.6908799,106.6441964,,"Bình Chánh, Xã Phong Phú",,Amenity;Park
way/1308559978,Eco Green Central Park,park,10.748533,106.7243437,Đường D2,,,Amenity;Park
way/1308615149,Công viên Khu nhà ở Quân đội,park,10.8299861,106.6857046,,"Quận Gò Vấp, Phường 7",,Amenity;Park
way/1308615181,Emart Phan Huy Ích,supermarket,10.8419233,106.6372145,Đường Phan Huy Ích,"385, Đường Phan Huy Ích, Gò Vấp, Phường 14",,Amenity;Supermarket
way/1308720688,Trường Giáo dục Chuyên biệt Hy Vọng,school,10.8485133,106.671044,Hẻm 730 Lê Đức Thọ,"Gò Vấp, Phường 15",,Amenity;School
way/1308839144,Trường Mầm non Hồng Nhung,school,10.8216691,106.6864663,Nguyễn Văn Bảo,"27, Nguyễn Văn Bảo, Quận Gò Vấp, Phường 4",,Amenity;School
way/1309219489,Trường Tiểu học Nguyễn Thị Định,school,10.8305385,106.6157592,Tân Thới Nhất 1,"4, Tân Thới Nhất 1, Quận 12, Phường Tân Thới Nhất",,Amenity;School
way/1309894136,Trường Trung học cơ sở Bình Trị Đông B,school,10.7563042,106.6082766,Hẻm 827 Tỉnh lộ 10,"Bình Tân, Phường Bình Trị Đông B",,Amenity;School
way/1309894143,Trường Tiểu học Nguyễn Công Trứ,school,10.7731116,106.5965915,Hẻm 964 Hương lộ 2,"964/64, Hẻm 964 Hương lộ 2, Quận Bình Tân, Phường Bình Trị Đông A",,Amenity;School
way/1309894148,Trường Tiểu học Hoàng Văn Thụ,school,10.7941563,106.5911316,Đường Số 6,"Đường Số 6, Quận Bình Tân, Phường Bình Hưng Hòa B",,Amenity;School
way/1309894152,Trường Tiểu học Huỳnh Thúc Kháng,school,10.8017,106.6009825,Hẻm 47 đường số 9,"47/13, Hẻm 47 đường số 9, Quận Bình Tân, Phường Bình Hưng Hòa",,Amenity;School
way/1310615929,Trường Trung học cơ sở Nguyễn Hiền,school,10.8676595,106.638825,Trương Thị Hoa,"349, Trương Thị Hoa",,Amenity;School
way/1311711385,Trường Trung học cơ sở Bình Tân,school,10.7220559,106.6158638,Hẻm 173 An Dương Vương,"173/171, Hẻm 173 An Dương Vương",,Amenity;School
way/1312466122,Co-opmart Đỗ Văn Dậy,supermarket,10.8940165,106.5987078,Đường Đỗ Văn Dậy,"18, Đường Đỗ Văn Dậy, Huyện Hóc Môn, Xã Tân Hiệp",,Amenity;Supermarket
way/1313432448,Trường Cao đẳng số 21 - Chi nhánh phía Nam,college_university,10.8304416,106.687214,Dương Quảng Hàm,"103, Dương Quảng Hàm, Quận Gò Vấp, Phường 7",,Amenity;CollegeUniversity
way/1313432478,Trường Tiểu học Ấp Đình,school,10.8822871,106.6040494,,"Huyện Hóc Môn, Xã Tân Xuân",,Amenity;School
way/1313688027,Công viên Hồ trái tim,park,10.8062744,106.5895905,,"Quận Bình Tân, Phường Bình Hưng Hòa B",,Amenity;Park
way/1313813026,Co-opmart Tô Ký,supermarket,10.8596489,106.6172526,Tô Ký,"557, Tô Ký, Quận 12, Phường Trung Mỹ Tây",,Amenity;Supermarket
way/1313813054,Trường Trung học cơ sở Nguyễn Thị Minh Khai,school,10.8904787,106.5887589,Đường Song Hành Quốc Lộ 22,"802, Đường Song Hành Quốc Lộ 22",,Amenity;School
way/1313995380,MM Food Service Hưng Phú,supermarket,10.841412,106.7455651,Đường Kha Vạn Cân,"Đường Kha Vạn Cân, Thành phố Thủ Đức, Phường Linh Đông",,Amenity;Supermarket
way/1313995384,Trường Tiểu học Trần Quốc Toản,school,10.8752772,106.6504901,Nguyễn Thị Kiêu,"4, Nguyễn Thị Kiêu, Quận 12, Phường Thới An",,Amenity;School
way/1314671831,Trường Trung học cơ sở Đặng Công Bỉnh,school,10.904804,106.6872547,Đường Bùi Công Trừng,"47/1A, Đường Bùi Công Trừng",,Amenity;School
way/1322055528,Bách Hóa XANH,supermarket,10.3404264,107.0814027,Nguyễn Bỉnh Khiêm,"1, Nguyễn Bỉnh Khiêm",,Amenity;Supermarket
way/1322055530,Kien Thuc,supermarket,10.3408967,107.0841121,,,,Amenity;Supermarket
way/1331225473,Công viên Cầu Vồng,park,10.8417359,106.8376543,Đường Anh Đào 3,,,Amenity;Park
way/1338145979,Trường Tiểu học Lưu Chí Hiếu,school,10.3779952,107.117203,Lưu Chí Hiếu,Lưu Chí Hiếu,,Amenity;School
way/1338511473,Trường Tiểu học Thắng Nhì,school,10.374491,107.0793301,Ngư Phủ,Ngư Phủ,,Amenity;School
way/1339366707,Công viên Tô Ngọc Vân,park,10.3544072,107.098348,Tô Ngọc Vân,,,Amenity;Park
way/1345159996,Trường Tiểu học Nguyễn Bỉnh Khiêm,school,10.3946499,107.1359128,Đường số 2,,,Amenity;School
way/1353132120,Bệnh Viện Đa Khoa Xuyên Á,hospital,10.9283804,106.5581117,Phan Văn Khải,"42, Phan Văn Khải",,Amenity;Hospital
way/1354146316,Satra Centre Mall,mall,10.7436804,106.6483499,Đường Võ Văn Kiệt,"Đường Võ Văn Kiệt, Quận 6, Ho Chi Minh City",,Amenity;Mall
way/1357538943,Trường Cao Đẳng Khoa học Công Nghệ Thành phố Hồ Chí Minh,college_university,10.7607755,106.6313866,Đường Lương Minh Nguyệt,"15, Đường Lương Minh Nguyệt, Quận Tân Phú, Ho Chi Minh City",,Amenity;CollegeUniversity
way/1358149649,Công viên 310A Hưng Phú,park,10.7488302,106.6761355,Hưng Phú,"310A, Hưng Phú, Quận 8, Phường Hưng Phú",,Amenity;Park
way/1358149660,Chợ Rạch Ông,market,10.746806,106.6864536,Nguyễn Thị Tần,"Nguyễn Thị Tần, Quận 8, Phường Rạch Ông",,Amenity;Market
way/1358678411,Co.opMart Phú Lâm,supermarket,10.7545704,106.6336408,Bà Hom,"6, Bà Hom, Quận 6, Phường 14",,Amenity;Supermarket
way/1361309674,Bệnh viện Bến Sắn,hospital,11.0454588,106.7449853,,,Sở Y tế Thành phố Hồ Chí Minh,Amenity;Hospital
way/1369532952,Công viên Hoa Sứ,park,10.7690115,106.780877,Đường Hoa Sứ,,,Amenity;Park
way/1372599109,Coopmart,supermarket,10.8480811,106.7741056,Đường Quang Trung,"191, Đường Quang Trung, Thành phố Thủ Đức",,Amenity;Supermarket
way/1372753185,WinMart,supermarket,10.7320992,106.7061278,Hưng Gia 4,,,Amenity;Supermarket
way/1380599078,Di tích lịch sử Căn cứ Vùng Bưng 6 xã,park,10.8258207,106.8064786,,,,Amenity;Park
way/1388259750,Trung tâm Thương Mại An Đông Plaza,mall,10.7578415,106.67331,An Dương Vương,,,Amenity;Mall
way/1395672672,Công viên Chợ Quán,park,10.7595107,106.6757504,Trần Phú,,,Amenity;Park
way/1396482622,Chợ Vạn Nguyên,market,10.7280144,106.6325676,Bến Mễ Cốc,,,Amenity;Market
way/1396482623,Chợ Phú Trung,market,10.7737294,106.6431029,Hẻm 49 Trịnh Đình Trọng,,,Amenity;Market
way/140683558,Trường Cao đẳng Kỹ thuật Công nghệ Bà Rịa - Vũng Tàu,college_university,10.4861975,107.2585383,,,,Amenity;CollegeUniversity
way/140703173,Trường Đại học Sư phạm Thành phố Hồ Chí Minh,college_university,10.761357,106.6821769,Đường An Dương Vương,"280, Đường An Dương Vương, 5, Ho Chi Minh City",,Amenity;CollegeUniversity
way/140703186,Trường Đại học Khoa học Tự nhiên - ĐHQG Thành phố Hồ Chí Minh - Cơ sở 1,college_university,10.7623947,106.6816972,Nguyễn Văn Cừ,"227, Nguyễn Văn Cừ, Ho Chi Minh City",,Amenity;CollegeUniversity
way/1411361898,Chợ Phú Thuận,market,10.7279255,106.7360307,Hẻm 92C Gò Ô Môi,Quận 7,,Amenity;Market
way/1411361904,Trường Tiểu học Phú Mỹ,school,10.7052568,106.7355008,Phạm Hữu Lầu,"Phạm Hữu Lầu, Quận 7",,Amenity;School
way/1415711569,Trường Trung học cơ sở Hà Huy Tập,school,10.8283135,106.6273125,,,,Amenity;School
way/1416495515,WinMart,supermarket,10.7439705,106.7325799,Đường Số 10,,,Amenity;Supermarket
way/1418966281,Trung tâm Giáo dục Quốc phòng và An ninh,school,10.8895752,106.8020009,19 Tháng 5,,Đại học Quốc gia Thành phố Hồ Chí Minh,Amenity;School
way/1419077157,Trường Đại học Khoa học Sức khỏe,college_university,10.8886404,106.797667,,,Đại học Quốc gia Thành phố Hồ Chí Minh,Amenity;CollegeUniversity
way/1419105579,Trường Đại học Khoa học tự nhiên (cơ sở 2),college_university,10.8761964,106.7969492,Đường số 2,,Đại học Quốc gia Thành phố Hồ Chí Minh,Amenity;CollegeUniversity
way/1422943451,Công viên Phong Châu,park,10.766355,106.6827629,Nguyễn Thị Minh Khai,,,Amenity;Park
way/1424699773,Công viên Gò Đen (Chợ cũ),park,10.6396704,106.5344246,,,,Amenity;Park
way/1429949561,Trường Tiểu học Tân Định,school,11.0544122,106.6302795,,,,Amenity;School
way/1433503743,Trường Đại học Y khoa Phạm Ngọc Thạch (cơ sở 2),college_university,10.7097011,106.5787398,Đường Huỳnh Thị Bảy,,,Amenity;CollegeUniversity
way/1442745696,Công viên Thuận Kiều,park,10.8243771,106.615228,Đường F,,,Amenity;Park
way/1444550269,"Trường Phổ thông Năng khiếu, Đại học Quốc gia Thành phố Hồ Chí Minh",school,10.7589559,106.6664381,Đường Nguyễn Chí Thanh,"153, Đường Nguyễn Chí Thanh",Đại học Quốc gia Thành phố Hồ Chí Minh,Amenity;School
way/1444550444,Đại học Y Dược Thành phố Hồ Chí Minh - Bộ môn Xét nghiệm,college_university,10.7593693,106.6679938,Đường Nguyễn Chí Thanh,"131, Đường Nguyễn Chí Thanh",,Amenity;CollegeUniversity
way/1448150727,Trường Trung học Cơ sở Lý Phong,school,10.7579929,106.6712117,Đường Nguyễn Duy Dương,"83, Đường Nguyễn Duy Dương",UBND Phường An Đông,Amenity;School
way/1465263824,Công viên du lịch sinh thái Hóc Môn,park,10.8586861,106.5818742,Xuân Thới Thượng 6,"106, Xuân Thới Thượng 6",,Amenity;Park
way/1468659862,Trường Đại học Sư phạm Thể dục Thể thao Thành phố Hồ Chí Minh,college_university,10.7528821,106.663799,Đường Nguyễn Trãi,"639, Đường Nguyễn Trãi",Bộ Giáo dục và Đào tạo,Amenity;CollegeUniversity
way/1468659871,Chợ Xã Tây,market,10.7530137,106.6628536,Đường Phù Đổng Thiên Vương,"36A, Đường Phù Đổng Thiên Vương",,Amenity;Market
way/1482251671,Trường Tiểu học Nguyễn Đức Cảnh,school,10.752258,106.6541337,Đường Học Lạc,"25, Đường Học Lạc",,Amenity;School
way/1486116554,Trường Tiểu học Lý Cảnh Hớn,school,10.7512742,106.6653617,Đường Xóm Chỉ,"2, Đường Xóm Chỉ",,Amenity;School
way/1486203686,Bệnh viện Công an Thành phố Hồ Chí Minh,hospital,10.7516111,106.6605225,Đường Trần Hưng Đạo,"359, Đường Trần Hưng Đạo",,Amenity;Hospital
way/1494638997,Bách Hóa XANH,supermarket,10.3445388,107.0812239,Trần Đồng,,,Amenity;Supermarket
way/1497050821,Trường Trung học cơ sở Mạch Kiếm Hùng,school,10.753654,106.6610948,Đường Nguyễn Trãi,"712, Đường Nguyễn Trãi",,Amenity;School
way/1497050825,Trường Đại học Hùng Vương Thành phố Hồ Chí Minh (Cơ sở 2),college_university,10.7532634,106.6603419,Đường Nguyễn Trãi,"736, Đường Nguyễn Trãi",,Amenity;CollegeUniversity
way/1498101012,Công Viên MIDORI,park,11.0703235,106.6778147,,,,Amenity;Park
way/149904638,Trung Tâm Văn Hóa Quận 7,park,10.7115715,106.737675,,,,Amenity;Park
way/149904670,Trường Quốc tế Đài Loan,school,10.7238317,106.7313436,,,,Amenity;School
way/149904674,Trường Trung học phổ thông Ngô Quyền,school,10.7129172,106.7363572,Đường Huỳnh Tấn Phát,"1360, Đường Huỳnh Tấn Phát",,Amenity;School
way/149904675,Trường Trung học cơ sở Hoàng Quốc Việt,school,10.7147768,106.7329869,Đường Số 2,,,Amenity;School
way/1507378789,Trường Cao đẳng Kỹ thuật Nguyễn Trường Tộ,college_university,10.7905344,106.7003469,Mai Thị Lựu,"2, Mai Thị Lựu",,Amenity;CollegeUniversity
way/1518107505,Trường Tiểu học Phong Phú,school,10.8330091,106.7830194,Đường Số 7,,,Amenity;School
way/1523591690,Trường Tiểu học Huỳnh Mẫn Đạt,school,10.7525258,106.6769109,Chiêu Anh Các,,,Amenity;School
way/1523591691,Chợ Hòa Bình,market,10.7520483,106.6756482,Bach Van,"37, Bach Van",,Amenity;Market
way/1525476348,Bệnh viện Thân Dân,hospital,10.7547983,106.678215,Đường Trần Hưng Ðạo,"686, Đường Trần Hưng Ðạo",,Amenity;Hospital
way/1527137541,Saigon Garden,mall,10.7733315,106.7037938,Nguyễn Huệ,,,Amenity;Mall
way/1529277586,Trường Đại học Xây dựng Hà Nội - Phân hiệu tại Thành phố Hồ Chí Minh,college_university,10.8500847,106.7642525,Võ Văn Ngân,"190, Võ Văn Ngân",,Amenity;CollegeUniversity
way/1529292331,Bệnh viện Bệnh Nhiệt đới,hospital,10.75321,106.6784866,Đường Võ Văn Kiệt,"764, Đường Võ Văn Kiệt",,Amenity;Hospital
way/152990635,Chợ An Đông,market,10.7581051,106.6721844,Công trường An Đông,,,Amenity;Market
way/152994798,Co.op Mart,supermarket,10.767248,106.6862008,Cống Quỳnh,Cống Quỳnh,,Amenity;Supermarket
way/1531305271,Bệnh viện Đại học Quốc tế Hồng Bàng,hospital,10.8418218,106.7118006,Đường số 10,"1, Đường số 10",Trường Đại học Quốc tế Hồng Bàng,Amenity;Hospital
way/1538947028,Chợ Xóm Chiếu,market,10.7635086,106.7060968,Lê Quốc Hưng / Hẻm 184 Lê Quốc Hưng,,,Amenity;Market
way/1539963922,Bệnh viện Y học Cổ truyền Thành phố Hồ Chí Minh (Cơ sở 2),hospital,10.7525717,106.6656948,Đường Trần Hưng Ðạo,"218K, Đường Trần Hưng Ðạo",,Amenity;Hospital
way/1540723173,Trường Đại học Tài nguyên và Môi trường Thành phố Hồ Chí Minh (cơ sở 1),college_university,10.6777119,106.6923242,,,,Amenity;CollegeUniversity
way/1541329054,Co.opmart Củ Chi,supermarket,10.9587315,106.5041601,Phan Văn Khải,"357, Phan Văn Khải",,Amenity;Supermarket
way/1542826279,Trường Tiểu học Huỳnh Văn Cọ,school,10.9682493,106.4887594,Ninh Tốn,Ninh Tốn,,Amenity;School
way/155103524,Trường Tiểu Học Nguyễn Bá Ngọc,school,10.8076855,106.68582,Hẻm 47 Nguyễn Văn Đậu,,,Amenity;School
way/158708608,Bệnh viện Pháp Việt,hospital,10.7323638,106.7179388,Nguyễn Lương Bằng,"6, Nguyễn Lương Bằng, Quận 7, Thành phố Hồ Chí Minh",,Amenity;Hospital
way/158971987,Bệnh viện Tim Tâm Đức,hospital,10.7334899,106.7177983,,,,Amenity;Hospital
way/165398107,Công viên Văn Lang,park,10.7565933,106.6675432,Đường Hùng Vương,,,Amenity;Park
way/165491105,Công viên Thương xá Tax,park,10.774671,106.7021113,Nguyễn Huệ,"135, Nguyễn Huệ",,Amenity;Park
way/166264569,Chợ Hãng Phân,market,10.7623211,106.7002213,Nguyễn Hữu Hào,,,Amenity;Market
way/166264573,Trường Tiểu học Đặng Trần Côn,school,10.7607181,106.6973627,Bến Vân Đồn,"202-203, Bến Vân Đồn",,Amenity;School
way/166264574,Trường Tiểu học Nguyễn Văn Trỗi,school,10.7632821,106.701541,Vĩnh Khánh,"2, Vĩnh Khánh, Quận 4, Phường 9",,Amenity;School
way/166499253,Trường Tiểu học Đoàn Thị Điểm,school,10.756599,106.6937438,Đường Nguyễn Khoái,"140, Đường Nguyễn Khoái",,Amenity;School
way/166552355,Trường Trung học cơ sở Nguyễn Huệ,school,10.7545286,106.6950675,Nguyễn Khoái,"42, Nguyễn Khoái",,Amenity;School
way/169081584,Siêu thị MM Mega Market Bình Phú,supermarket,10.7423793,106.6312082,Bình Phú,"Bình Phú, Quận 6",,Amenity;Supermarket
way/169081595,Chợ Phú Lâm,market,10.7555561,106.6314179,Đường số 1,,,Amenity;Market
way/169081613,Chợ Cây Da Sà,market,10.7562248,106.618891,,,,Amenity;Market
way/186252167,Công viên SJC Tower,park,10.7739434,106.6995637,Nguyễn Trung Trực,,,Amenity;Park
way/186274986,Trường Cao đẳng Kỹ thuật Cao Thắng,college_university,10.7716605,106.7015799,Huỳnh Thúc Kháng,"65, Huỳnh Thúc Kháng, Quận 1, Thành phố Hồ Chí Minh",,Amenity;CollegeUniversity
way/186347703,Trường Tiểu học Nguyễn Bỉnh Khiêm,school,10.7883753,106.704128,Nguyễn Bỉnh Khiêm,"2 Bis, Nguyễn Bỉnh Khiêm",,Amenity;School
way/186545011,Công trình cảnh quan Nhà thi đấu Phan Đình Phùng,park,10.7814918,106.6938718,Võ Văn Tần,"8, Võ Văn Tần",,Amenity;Park
way/186545016,Trường Tiểu học Trần Quốc Thảo,school,10.7820576,106.6949077,Võ Văn Tần,,,Amenity;School
way/187895176,Bệnh viện Nhi đồng 2,hospital,10.7814535,106.7028174,Lý Tự Trọng,"14, Lý Tự Trọng, 1, Ho Chi Minh City",,Amenity;Hospital
way/187895182,Trường Tiểu học Khai Minh,school,10.7691717,106.7003974,Phó Đức Chính,"44, Phó Đức Chính",,Amenity;School
way/187895187,Lucky Plaza,mall,10.7741404,106.7045043,,,,Amenity;Mall
way/187949834,Bệnh viện Nhân dân Gia Định - cơ sở 2,hospital,10.7720169,106.6994936,Lê Lợi,"125, Lê Lợi",,Amenity;Hospital
way/187949844,Bệnh viện Đa khoa Khánh Hội,hospital,10.7652457,106.7021855,,,,Amenity;Hospital
way/188114097,Crescent Mall,mall,10.7289866,106.7186882,Đường Tôn Dật Tiên,"101, Đường Tôn Dật Tiên, Quận 7, Ho Chi Minh City",,Amenity;Mall
way/188114131,Trường Trung học cơ sở Vân Đồn,school,10.7614926,106.7016596,Hoàng Diệu,"243, Hoàng Diệu",,Amenity;School
way/188114147,Chợ Tân Mỹ,market,10.7364452,106.7187278,Đường Số 8,,,Amenity;Market
way/188114203,Công viên Tôn Thất Thuyết,park,10.7544628,106.7188283,Tôn Thất Thuyết,,,Amenity;Park
way/188114221,Trường Trung học phổ thông Nguyễn Trãi,school,10.7595277,106.7120719,Nguyễn Tất Thành,"364, Nguyễn Tất Thành",,Amenity;School
way/188169266,Công viên Phường 5,park,10.7578428,106.6995318,Khánh Hội,,,Amenity;Park
way/189017103,Công viên Dạ Trạch,park,10.7566797,106.6668841,Ngô Gia Tự,,,Amenity;Park
way/189027781,Công viên Cửu Long,park,10.7508243,106.6538952,Đường Hải Thượng Lãn Ông,,,Amenity;Park
way/189027782,Chợ Kim Biên,market,10.7500448,106.6559414,Đường Kim Biên,,,Amenity;Market
way/189027784,Công viên Lê Lợi,park,10.7473738,106.6493176,Đường Cao Văn Lầu,,,Amenity;Park
way/189027787,Công viên Võ Văn Kiệt,park,10.7507013,106.6684476,Võ Văn Kiệt,,,Amenity;Park
way/189027797,Công viên Võ Văn Kiệt,park,10.7501567,106.6711691,Võ Văn Kiệt,,,Amenity;Park
way/189067519,Bệnh viện 30 Tháng 4,hospital,10.7590776,106.6730558,Yết Kiêu,"9, Yết Kiêu, Quận 5",,Amenity;Hospital
way/189067538,Coopmart Lý Thường Kiệt,supermarket,10.7598115,106.6615013,,,,Amenity;Supermarket
way/189067554,Bệnh viện Truyền máu Huyết học,hospital,10.7565034,106.6658762,Đường Hồng Bàng,"118, Đường Hồng Bàng",,Amenity;Hospital
way/189067578,Bệnh viện Đại học Y Dược Thành phố Hồ Chí Minh,hospital,10.7552707,106.6645719,Hồng Bàng,"215, Hồng Bàng, Quận 5, Ho Chi Minh City",Trường Đại học Y Dược TP HCM,Amenity;Hospital
way/189067584,Đại học Y Dược Thành phố Hồ Chí Minh,college_university,10.7543879,106.6632654,Hồng Bàng,"217, Hồng Bàng",Bộ Y tế,Amenity;CollegeUniversity
way/189082652,Công viên Nam Viên,park,10.7209712,106.7299248,Đường C,,,Amenity;Park
way/189165793,Trường Trung học phố thông Nguyễn Thị Minh Khai,school,10.7789486,106.6872398,Ðiện Biên Phủ,"275, Ðiện Biên Phủ, 3, Ho Chi Minh City",,Amenity;School
way/192512338,Đại học Tôn Đức Thắng,college_university,10.7924305,106.7113108,Ngô Tất Tố,"98, Ngô Tất Tố",,Amenity;CollegeUniversity
way/192512382,Trường Đại học Công nghệ Thành phố Hồ Chí Minh,college_university,10.8021655,106.714718,Điện Biên Phủ,"475, Điện Biên Phủ",,Amenity;CollegeUniversity
way/192512391,Trường Tiểu Học Hồng Hà,school,10.7984628,106.7105255,Hẻm 155 Xô viết Nghệ Tĩnh,,,Amenity;School
way/192512397,Trường Trung học cơ sở Phú Mỹ,school,10.7921536,106.7120583,Ngô Tất Tố,"120B, Ngô Tất Tố",Phu My Secondary School,Amenity;School
way/193085674,Công trường Mê Linh,park,10.7752866,106.7063105,Tôn Đức Thắng,,,Amenity;Park
way/193085693,Trường Đại học Sài Gòn (cơ sở 2),college_university,10.7832846,106.7063885,Nguyễn Hữu Cảnh,,,Amenity;CollegeUniversity
way/193256690,Trường Trung Cấp Nghề TT Quản lý Khách Sạn Việt Úc,school,10.7840622,106.6989378,Nguyễn Thị Minh Khai,"44, Nguyễn Thị Minh Khai",,Amenity;School
way/193288953,International School Saigon Pearl,school,10.7901426,106.7196584,Đường D2,,,Amenity;School
way/193824713,Trường Tiểu học Hoà Bình,school,10.7789211,106.6989877,Công trường Công xã Paris,"1, Công trường Công xã Paris, Quận 1, Thành phố Hồ Chí Minh",,Amenity;School
way/193942947,Công viên Phường 2,park,10.7487485,106.6836928,Hẻm A23-A24 Phạm Thế Hiển,,,Amenity;Park
way/197982843,"Trường Tiểu hoc, Trung học cơ sở & Trung học phổ thông Thanh Bình",school,10.7973713,106.653458,Hẻm 192 Nguyễn Thái Bình,,,Amenity;School
way/197983674,Trường Trung học cơ sở Hoàng Hoa Thám,school,10.8035438,106.6468311,Hoàng Hoa Thám,"135, Hoàng Hoa Thám",,Amenity;School
way/197995294,Trường Tiểu học Tân Sơn Nhất,school,10.8063942,106.6617878,Thăng Long,"43, Thăng Long, Tân Bình, Thành phố Hồ Chí Minh",,Amenity;School
way/198047404,Pandora Trường Chinh,supermarket,10.8065724,106.6342692,Trường Chinh,"1/1, Trường Chinh, Tân Phú, Thành phố Hồ Chí Minh",,Amenity;Supermarket
way/198323758,Chợ Võ Thành Trang,market,10.800423,106.6378438,Hẻm 511 Trường Chinh,,,Amenity;Market
way/205798433,Chợ Tân Thuận,market,10.7566851,106.7222128,,,,Amenity;Market
way/208937659,Siêu thị Co.opmart Nguyễn Ảnh Thủ,supermarket,10.8572631,106.6090759,,,,Amenity;Supermarket
way/208938082,Trường Trung học cơ sở Ngô Tất Tố,school,10.7966134,106.6703453,Đặng Văn Ngữ,,,Amenity;School
way/215166892,Trường Trung học cơ sở Châu Thành,school,10.3467246,107.0765776,Trần Hưng Đạo,Trần Hưng Đạo,,Amenity;School
way/215166893,Trường Tiểu học Nguyễn Thái Học,school,10.3536428,107.0823654,Ba Cu,"219, Ba Cu",,Amenity;School
way/215166902,Trường Tiểu học Bàu Sen,school,10.3475095,107.0798616,Thống Nhất,"39, Thống Nhất",,Amenity;School
way/215166910,Chợ Vũng Tàu,market,10.3482132,107.0859232,Huỳnh Thúc Kháng,,,Amenity;Market
way/215195464,Trường Trung học cơ sở Nguyễn Thái Bình,school,10.3795074,107.1130167,An Hải,,,Amenity;School
way/215950051,Trường Tiểu học - Trung học cơ sở - Trung học phổ thông Sao Việt,school,10.7431821,106.6991785,,,,Amenity;School
way/218273808,Trường Đại học Công nghệ Kỹ thuật Thành phố Hồ Chí Minh,college_university,10.8520722,106.7717145,Võ Văn Ngân,"1, Võ Văn Ngân",,Amenity;CollegeUniversity
way/218446913,Trường Mầm non Ngôi Sao Tuổi Thơ - Tiểu học - Trung học cơ sở - Trung học phổ thông Hoàng Gia,school,10.7324849,106.7112071,Cao Triều Phát,,,Amenity;School
way/218852761,Trường Quốc Tế Renaissance,school,10.7384865,106.724678,Hẻm 76 Nguyễn Thị Thập,,,Amenity;School
way/220753345,Công viên Lê Quý Đôn,park,10.3507128,107.0745595,Trần Hưng Đạo,,,Amenity;Park
way/220821608,Trường Tiểu học Đoàn Kết,school,10.3507912,107.077231,Đồng Khởi,,,Amenity;School
way/220861324,Chợ Tân Bình,market,10.7860771,106.6532813,,,,Amenity;Market
way/220972106,Chợ Nguyễn Văn Trỗi,market,10.7863437,106.6798496,Lê Văn Sỹ,,,Amenity;Market
way/224451400,Công viên Wonderland,park,10.7307082,106.7113438,,,,Amenity;Park
way/224457308,Trường Cao đẳng Công nghệ Thủ Đức,college_university,10.8522658,106.758729,,,,Amenity;CollegeUniversity
way/225056511,Bệnh viện Quốc tế Hạnh Phúc,hospital,10.8678097,106.7142927,,,,Amenity;Hospital
way/225069027,Trường Đại học Quốc tế Miền Đông,college_university,11.0527814,106.6661488,,,,Amenity;CollegeUniversity
way/225078665,Trường Cao đẳng Nghề tỉnh Bà Rịa-Vũng Tàu - cơ sở 2,college_university,10.3473262,107.081873,Trương Công Định,"78, Trương Công Định",,Amenity;CollegeUniversity
way/225083333,Imperial Plaza,mall,10.3433008,107.0944193,Thùy Vân,"159-163, Thùy Vân",,Amenity;Mall
way/225083342,Trường Trung học phổ thông Đinh Tiên Hoàng,school,10.3411414,107.0858741,Điện Biên Phủ,,,Amenity;School
way/225083346,Trường Tiểu học Thắng Tam,school,10.338525,107.088211,,,,Amenity;School
way/225209455,Bệnh viện Mắt Thành phố Hồ Chí Minh,hospital,10.7787242,106.6849361,,,,Amenity;Hospital
way/225570167,Trường Trung học phổ thông Dân lập Lê Hồng Phong,school,10.3581752,107.0929938,Bình Giã,"209/52, Bình Giã",,Amenity;School
way/226185751,Trường Đại học Giao thông Vận tải Thành phố Hồ Chí Minh,college_university,10.8048991,106.7167817,Võ Oanh,"2, Võ Oanh, Bình Thạnh, Ho Chi Minh City",,Amenity;CollegeUniversity
way/226512569,Chợ Hạnh Thông Tây,market,10.835642,106.6586789,Hẻm 679 Quang Trung,,,Amenity;Market
way/226522663,Trường PT Dân Lập Văn Hiến,school,10.7531106,106.7074371,Tôn Thất Thuyết,,,Amenity;School
way/227520498,Trường Đại học RMIT Việt Nam,college_university,10.729827,106.6940145,Nguyễn Văn Linh,"702, Nguyễn Văn Linh",,Amenity;CollegeUniversity
way/228359367,Trường Quốc Tế American,school,10.7576091,106.6852339,Đường Nguyễn Văn Cừ,,,Amenity;School
way/230001409,Chợ An Sương,market,10.8460021,106.6211754,,,,Amenity;Market
way/230070394,Bệnh viện Đa khoa Nguyễn Thị Thập,hospital,10.737275,106.7240834,Nguyễn Thị Thập,"101, Nguyễn Thị Thập",,Amenity;Hospital
way/232601234,Công viên Lam Sơn,park,10.9084709,106.8481238,Đường Lê Văn Duyệt,,,Amenity;Park
way/235975233,Trường Tiểu học Lương Định Của,school,10.7706825,106.6823064,Nguyễn Đình Chiểu,"576, Nguyễn Đình Chiểu",,Amenity;School
way/236029917,Trường Tiểu học Nguyễn Viết Xuân,school,10.3770569,107.1075043,,,,Amenity;School
way/236575928,Trường Tiểu học Trương Công Định,school,10.3584306,107.094519,Bình Giã,"236, Bình Giã, Vung Tau",,Amenity;School
way/236584075,Trường Trung học phổ thông Vũng Tàu,school,10.3514118,107.0964371,Thi Sách,"9, Thi Sách",,Amenity;School
way/237664916,Bệnh viện Trưng Vương,hospital,10.7708709,106.6595573,Lý Thường Kiệt,"266, Lý Thường Kiệt, Quận 10, Ho Chi Minh City",,Amenity;Hospital
way/237665212,"Trường Đại học Bách khoa, Đại học Quốc gia Thành phố Hồ Chí Minh",college_university,10.7734243,106.6596605,Lý Thường Kiệt,"268, Lý Thường Kiệt, 10, Ho Chi Minh City",,Amenity;CollegeUniversity
way/238164637,Công viên Thích Quảng Đức,park,10.7754166,106.6868051,Hồ Xuân Hương,,,Amenity;Park
way/240143834,Trường Trung học cơ sở Bình Thọ,school,10.8459216,106.7689112,Thống Nhất,"39, Thống Nhất",,Amenity;School
way/242310973,Bệnh viện Nhi đồng 1,hospital,10.7688069,106.6699394,Đường Lý Thái Tổ,"532, Đường Lý Thái Tổ, Quận 10",,Amenity;Hospital
way/242782724,Trường Trung học phổ thông chuyên Lê Quý Đôn,school,10.3899508,107.1349503,Hàng Điều,,,Amenity;School
way/242837487,Công viên Tượng đài Dầu khí,park,10.4233004,107.1575674,Ẹo Ông Từ,Ẹo Ông Từ,,Amenity;Park
way/244397461,Trường Cao đẳng Kỹ thuật Công nghệ Bà Rịa - Vũng Tàu (cơ sở 2),college_university,10.3936339,107.1418268,Đường 3 Tháng 2,Đường 3 Tháng 2,,Amenity;CollegeUniversity
way/244791447,Bệnh viện Da liễu,hospital,10.7767949,106.6868606,,,,Amenity;Hospital
way/253446982,Trường cấp 1-2 Tân Sơn,school,10.8370249,106.6425305,Hẻm 162 Nguyễn Duy Cung,,,Amenity;School
way/254751799,Trường Tiểu học Kim Dinh,school,10.5057342,107.131558,,,,Amenity;School
way/254751803,Chợ Kim Hải,market,10.5009747,107.1347784,,,,Amenity;Market
way/258733569,Lam Son Square,mall,10.3489997,107.0738152,Lê Lợi,"9, Lê Lợi, Vũng Tàu",,Amenity;Mall
way/259046004,Công viên Võ Thị Sáu,park,10.4896959,107.2703011,Đường Võ Thị Sáu,,,Amenity;Park
way/259046020,Bệnh viện Phổi Phạm Hữu Chí,hospital,10.4829757,107.2418046,,,,Amenity;Hospital
way/259528309,Chợ Phường 1,market,10.3501136,107.0755577,Lê Quý Đôn,,,Amenity;Market
way/259538031,Trường Trung học cơ sở Huỳnh Khương Ninh,school,10.342248,107.0901472,Võ Thị Sáu,"112, Võ Thị Sáu",,Amenity;School
way/259735154,Trường Tiểu học Bùi Thị Xuân,school,10.3577388,107.074508,Lê Lợi,"85, Lê Lợi",,Amenity;School
way/259747408,Trường Tiểu học Lê Lợi,school,10.3671905,107.0766506,Lê Lợi,"276, Lê Lợi",,Amenity;School
way/260017030,Chợ Thanh Đa,supermarket,10.8163896,106.7209912,,HCMC,,Amenity;Supermarket
way/262495447,Trường Tiểu học Lương Thế Vinh,school,10.7462206,106.710659,Đường số 10,"12, Đường số 10, Quận 7, Phường Tân Kiểng",,Amenity;School
way/262495448,Trường Trung học phổ thông Lê Thánh Tôn,school,10.7452836,106.7106819,Đường số 17,"124, Đường số 17",,Amenity;School
way/262495449,Trường Tiểu học Nguyễn Thị Định,school,10.7429923,106.7162446,Lâm Văn Bền,"Lâm Văn Bền, Phường Bình Thuận",,Amenity;School
way/262495450,Trường Trung học cơ sở Nguyễn Hữu Thọ,school,10.7481046,106.7150098,Đường Lâm Văn Bền,Đường Lâm Văn Bền,,Amenity;School
way/262630557,Chợ Tân Quy,market,10.7449265,106.7067222,Đường số 6,,,Amenity;Market
way/263170654,Trường Đại học Kinh tế Thành phố Hồ Chí Minh - cơ sở A,college_university,10.783026,106.6948717,Nguyễn Ðình Chiểu,Nguyễn Ðình Chiểu,,Amenity;CollegeUniversity
way/263311733,Chợ Thị Nghè,market,10.7920425,106.707548,Hẻm 20 Phan Huy Ôn,,,Amenity;Market
way/263311738,Đại học Thuỷ Lợi - Cơ sở 2,college_university,10.7927633,106.7065142,Trường Sa,"2, Trường Sa",,Amenity;CollegeUniversity
way/263313887,Chợ Tân Kiểng 2,market,10.7454228,106.7047774,,,,Amenity;Market
way/263444626,Go! Miền Đông,supermarket,10.7785,106.6652965,Đường Tô Hiến Thành,"268, Đường Tô Hiến Thành, Quận 10",,Amenity;Supermarket
way/263444635,Trường Đại học Ngoại ngữ - Tin học Thành phố Hồ Chí Minh,college_university,10.7759458,106.6675044,Sư Vạn Hạnh,"828, Sư Vạn Hạnh",,Amenity;CollegeUniversity
way/263444654,Van Hanh Hospital,hospital,10.7718189,106.6713752,,,,Amenity;Hospital
way/263447467,Bệnh viện Đa khoa Tân Định,hospital,10.7902069,106.6896592,Hai Bà Trưng,"338, Hai Bà Trưng, Tân Định",,Amenity;Hospital
way/263453587,Bệnh viện Từ Dũ,hospital,10.7688942,106.6860103,Cống Quỳnh,"284, Cống Quỳnh",,Amenity;Hospital
way/263502871,Trường Tiểu học Kết Đoàn,school,10.7684715,106.6885068,Lương Hữu Khánh,"2B, Lương Hữu Khánh",,Amenity;School
way/263506611,Trường Đại học Ngân hàng Thành phố Hồ Chí Minh,college_university,10.7702917,106.7040575,Tôn Thất Ðạm,"39, Tôn Thất Ðạm",,Amenity;CollegeUniversity
way/263506621,Trường Trung học phổ thông Nguyễn Hữu Thọ,school,10.7672842,106.7047415,Bến Vân Đồn,"2, Bến Vân Đồn",,Amenity;School
way/263506624,Trường Tiểu học Bạch Đằng,school,10.7653886,106.7033996,Lê Quốc Hưng,,,Amenity;School
way/263506639,Trường Tiểu học Tăng Bạt Hổ B,school,10.754553,106.7099666,,,,Amenity;School
way/264294898,Chợ Thủ Dầu Một,market,10.9773191,106.6512814,Nguyễn Thái Học,,,Amenity;Market
way/264451918,Công viên Phú Cường,park,10.9784946,106.656628,Võ Thành Long,,,Amenity;Park
way/264451933,Bệnh viện Y học cổ truyền Bình Dương,hospital,10.980771,106.6577829,BS Yersin,"2, BS Yersin",,Amenity;Hospital
way/264458636,Co.opmart Bình Dương,supermarket,10.9646136,106.667627,Ba Mươi Tháng Tư,Ba Mươi Tháng Tư,,Amenity;Supermarket
way/264458644,Trường Trung học cơ sở Chánh Nghĩa,school,10.9612459,106.6567713,,,,Amenity;School
way/265569534,Trung tâm Giáo dục thường xuyên và Bồi dưỡng nghiệp vụ tỉnh Bình Dương,school,10.9669783,106.6686405,30 Tháng 4,30 Tháng 4,,Amenity;School
way/270565543,Trường Trung học cơ sở Võ Trường Toản,school,10.3707338,107.0843292,Lê Văn Lộc,Lê Văn Lộc,,Amenity;School
way/270565548,Trường Quốc tế Singapore,school,10.3749692,107.0872176,Trần Cao Vân,,,Amenity;School
way/270798106,Trường Tiểu học Thắng Nhất,school,10.3920284,107.1026868,Ba Mươi Tháng Tư,Ba Mươi Tháng Tư,,Amenity;School
way/277754252,Trường Trung học phổ thông Hàn Thuyên,school,10.7941348,106.6700932,Đặng Văn Ngữ,"Đặng Văn Ngữ, Phú Nhuận",,Amenity;School
way/277756517,Bệnh viện 1A,hospital,10.7889136,106.6537197,Đường Lý Thường Kiệt,"542, Đường Lý Thường Kiệt",,Amenity;Hospital
way/285859684,Chợ Sơn Kỳ,market,10.8058848,106.6225827,Hẻm 39 Tân Thắng,,,Amenity;Market
way/289042058,Học viện Cán bộ Thành phố Hồ Chí Minh,college_university,10.8123535,106.7024202,Chu Văn An,"324, Chu Văn An, Bình Thạnh, Ho Chi Minh City",,Amenity;CollegeUniversity
way/289968620,Trung Tâm Mua Sắm Nowzone,mall,10.7643362,106.6824608,Nguyễn Văn Cừ,"235, Nguyễn Văn Cừ",,Amenity;Mall
way/290188110,Citimart,supermarket,10.7193197,106.7012124,Nguyễn Hữu Thọ,Nguyễn Hữu Thọ,,Amenity;Supermarket
way/290218574,Trường Đại học Cảnh sát Nhân dân,college_university,10.7356156,106.6976293,Nguyễn Hữu Thọ,"Nguyễn Hữu Thọ, Quận 7, TP. HCM",,Amenity;CollegeUniversity
way/291052405,Trường Cao đẳng Công nghệ và Nông lâm Nam Bộ,college_university,10.8952994,106.7925977,,,,Amenity;CollegeUniversity
way/291139291,Chợ Đông Hòa,market,10.8902566,106.7858188,,,,Amenity;Market
way/291139322,GO! Dĩ An,supermarket,10.8894674,106.7758345,,,,Amenity;Supermarket
way/291180580,Chợ Dĩ An,market,10.9071038,106.7700934,Nguyễn An Ninh,Nguyễn An Ninh,,Amenity;Market
way/291270738,Trường Trung học cơ sở Võ Trường Toản,school,10.8936148,106.7664585,,,,Amenity;School
way/291493796,Trường Tiểu học Nguyễn Bỉnh Khiêm,school,10.8889937,106.7797586,Quốc lộ 1K,Quốc lộ 1K,,Amenity;School
way/291493817,Trường Tiểu học Bình An,school,10.8910522,106.7850747,Quốc lộ 1K,,,Amenity;School
way/291663691,Trường Tiểu học Đông Hòa,school,10.899563,106.7830046,,,,Amenity;School
way/291672208,Trường Tiểu học Tân Phú,school,10.8659356,106.8081997,,,,Amenity;School
way/291672214,Trường Tiểu học Nguyễn Minh Quang,school,10.8625155,106.8146828,Đường Số 3,,,Amenity;School
way/291672229,Chợ Tân Phú,market,10.8689715,106.8076192,Đường 225B,,,Amenity;Market
way/291853369,Trường Trung học cơ sở An Bình,school,10.8730319,106.7557271,,,,Amenity;School
way/291853374,Trường Tiểu học An Bình,school,10.8764094,106.7573053,,,,Amenity;School
way/291964018,Co.op Xtra,supermarket,10.8681069,106.7762177,Quốc lộ 1A,"934, Quốc lộ 1A",,Amenity;Supermarket
way/292021994,Trường Trung học cơ sở Linh Trung,school,10.8635837,106.7622634,,,,Amenity;School
way/292021995,Trường Tiểu học Nguyễn Văn Triết,school,10.8582781,106.763895,Hoàng Diệu 2,"57, Hoàng Diệu 2",,Amenity;School
way/292072053,Trường Trung học phổ thông Nguyễn Huệ,school,10.8451749,106.8187018,,,,Amenity;School
way/292074916,Trường Trung học cơ sở Lam Sơn,school,10.7996975,106.7000976,,,,Amenity;School
way/292075521,Chợ Bà Chiểu,market,10.8016821,106.6988175,Phan Đăng Lưu,"Phan Đăng Lưu, Bình Thạnh, Ho Chi Minh City",,Amenity;Market
way/292839313,Chợ đầu mối Thủ Đức,market,10.8699654,106.7275743,Quốc lộ 1A,"141, Quốc lộ 1A, Thành phố Thủ Đức",,Amenity;Market
way/292851481,Trường Trung học cơ sở Lê Quý Đôn,school,10.8514664,106.7653513,Võ Văn Ngân,"234, Võ Văn Ngân",,Amenity;School
way/299221928,Chợ Gò Vấp,market,10.8235049,106.6872202,Nguyễn Văn Nghi,"Nguyễn Văn Nghi, 4, Ho Chi Minh City",,Amenity;Market
way/301435138,Đại học Mở tp.HCM - CN Bình Dương,college_university,10.9881512,106.6741109,Lê Thị Trung,"68, Lê Thị Trung",,Amenity;CollegeUniversity
way/303966869,Công viên sau trường Nguyễn Hữu Huân,park,10.8472656,106.7681705,Công Lý,,,Amenity;Park
way/304958182,Công Viên Khối C,park,10.7686379,106.5609779,,,,Amenity;Park
way/304959161,Co-op Mart Vĩnh Lộc B,supermarket,10.7705603,106.5662977,,,,Amenity;Supermarket
way/305302554,Chợ Củ Chi,market,10.9699824,106.4821506,,,,Amenity;Market
way/305382002,Trường Trung học Tư thục Nguyễn Khuyến (Cơ sở 4),school,10.8392011,106.7125937,,,,Amenity;School
way/306440163,Saigon International University,college_university,10.8449562,106.7727016,,,,Amenity;CollegeUniversity
way/306551281,Trường Tiểu học Nguyễn Trung Trực,school,10.8518855,106.7551478,Kha Vạn Cân,"962, Kha Vạn Cân, TP.Thủ Đức, Hồ Chí Minh",,Amenity;School
way/306704217,Công viên quận 9,park,10.8441831,106.7791511,Hồ Thị Tư,,,Amenity;Park
way/307245769,Trường Tiểu học Yên Thế,school,10.8013045,106.6428748,Núi Thành,"31, Núi Thành, Tân Bình, Thành phố Hồ Chí Minh",,Amenity;School
way/309564040,Trường Cao đẳng Biên phòng (cơ sở 2),college_university,10.49645,107.1890754,,,,Amenity;CollegeUniversity
way/313192288,Trường Cao đẳng Kinh tế Đối ngoại,college_university,10.7974479,106.6808134,Phan Đình Phùng,"287, Phan Đình Phùng, Ho Chi Minh City",,Amenity;CollegeUniversity
way/313539554,Chợ Cây Quéo,market,10.8094781,106.6848458,Hoàng Hoa Thám,,,Amenity;Market
way/313697228,Trường Tiểu học Đinh Tiên Hoàng,school,10.7893829,106.6979822,Đường Đinh Tiên Hoàng,"67, Đường Đinh Tiên Hoàng",,Amenity;School
way/314210189,Chợ Phước Bình,market,10.8172086,106.7721339,Đại Lộ 2,,,Amenity;Market
way/314222536,Trường Trung học cơ sở Phước Bình,school,10.814922,106.7722309,Đường Số 9,,,Amenity;School
way/314223405,Phân Viện Phật Học Miền Nam,school,10.8159734,106.7736402,Đường số 8,,,Amenity;School
way/314386465,Lotte Mart Vũng Tàu,mall,10.350197,107.0939722,Ba Tháng Hai,"Ba Tháng Hai, Phường 8, Vũng Tàu",,Amenity;Mall
way/315563039,Chợ Phú Lợi 2,market,10.7082488,106.6224266,Hẻm 188 Trịnh Quang Nghị / Hẻm 3030/27 Phạm Thế Hiển,,,Amenity;Market
way/316633363,Chợ Thiếc,market,10.7598051,106.6567232,Đường Phó Cơ Điều,"129, Đường Phó Cơ Điều, Quận 11",,Amenity;Market
way/316897787,Trường Trung học cơ sở Colette,school,10.7759017,106.6865471,Hồ Xuân Hương,"10, Hồ Xuân Hương, 3, Ho Chi Minh City",,Amenity;School
way/317064945,Công viên Tạ Quang Bữu,park,10.7370607,106.6760967,Võ Liêm Sơn,,,Amenity;Park
way/317064969,Trường Đại học Công nghệ Sài Gòn,college_university,10.7379822,106.6779264,Cao Lỗ,"180, Cao Lỗ",,Amenity;CollegeUniversity
way/317498945,Chợ Từ Đức,market,10.8489437,106.7656481,,,,Amenity;Market
way/317607825,Trường Trung học cơ sở Lý Thánh Tông,school,10.747795,106.6737035,Hưng Phú,"481, Hưng Phú",,Amenity;School
way/318679201,Phân hiệu Trường Đại học Ngoại thương tại Thành phố Hồ Chí Minh,college_university,10.8067954,106.713052,Đường D5,"25, Đường D5",,Amenity;CollegeUniversity
way/319360606,Bệnh viện Bình Dân,hospital,10.7741311,106.6813679,Điện Biên Phủ,,,Amenity;Hospital
way/319782550,Chợ Nguyễn Tri Phương,market,10.7644473,106.6637169,Hẻm 344 Nhật Tảo,,,Amenity;Market
way/321611637,Công viên Bông Sao,park,10.735521,106.6626961,Đường 302 Bông Sao,,,Amenity;Park
way/321939234,Bệnh viện Đa khoa khu vực Thủ Đức,hospital,10.8622334,106.7805429,,,,Amenity;Hospital
way/321939965,Cao đẳng Cảnh sát Nhân dân 2,college_university,10.841778,106.8187339,,,,Amenity;CollegeUniversity
way/322170776,Công viên Thảo Điền,park,10.8076796,106.7402951,,,,Amenity;Park
way/322172170,Trường Trung học cơ sở An Phú,school,10.8078341,106.7516169,Đường An Phú,,,Amenity;School
way/322692842,Công viên Lái Thiêu,park,10.9044073,106.6999215,Phan Đình Phùng,Thuận An,,Amenity;Park
way/322871142,Trường Trung học phổ thông Nguyễn Trãi,school,10.917248,106.7110024,,,,Amenity;School
way/325249006,Trường Trung học cơ sở Ngô Chí Quốc,school,10.8341246,106.7317585,,,,Amenity;School
way/325249009,Trường Đại học Luật Thành phố Hồ Chí Minh (cơ sở 2),college_university,10.8299239,106.7137374,Quốc lộ 13,"123, Quốc lộ 13",,Amenity;CollegeUniversity
way/32584868,Chợ Lò Than,market,10.7400216,106.6541043,Phạm Thế Hiển,,,Amenity;Market
way/32587159,Chợ Long Phước,market,10.8084246,106.8598815,,,,Amenity;Market
way/326052098,Trường Đại học Công nghiệp Thành phố Hồ Chí Minh,college_university,10.8219838,106.687491,Nguyễn Văn Bảo,"12, Nguyễn Văn Bảo",,Amenity;CollegeUniversity
way/326338831,Trường tiểu học Nguyễn Thượng Hiền,school,10.8146604,106.6856712,Đường Nguyễn Thượng Hiền,,,Amenity;School
way/327192428,Chợ Minh Phụng,market,10.7507711,106.6428025,Hẻm 178/7 Hậu Giang,,,Amenity;Market
way/327243239,Công viên Bình Phú,park,10.7426559,106.632167,,Quận 6,,Amenity;Park
way/327262580,Trường Trung học cơ sở Phú Định,school,10.7378177,106.6302738,Lý Chiêu Hoàng,Lý Chiêu Hoàng,,Amenity;School
way/32735038,Thảo Cầm Viên Sài Gòn,park,10.7878079,106.7064568,Nguyễn Bỉnh Khiêm,"2, Nguyễn Bỉnh Khiêm, Quận 1, Ho Chi Minh City",,Amenity;Park
way/32735042,Công viên Lê Thị Riêng,park,10.7848296,106.6646279,,,,Amenity;Park
way/32735045,Khu du lịch Văn Thánh,park,10.7975865,106.7154519,,,,Amenity;Park
way/32735082,Công viên Lê Văn Tám,park,10.7882407,106.6937572,,,,Amenity;Park
way/32735084,Khu du lịch Kỳ Hòa,park,10.77352,106.6721316,Lê Hồng Phong,,,Amenity;Park
way/32735087,Công viên Phú Lâm,park,10.7480109,106.6253245,,,,Amenity;Park
way/327442181,Trường Trung học cơ sở Trần Hưng Đạo,school,10.8770623,106.6810806,Đường Thạnh Lộc 29,Đường Thạnh Lộc 29,,Amenity;School
way/327442182,Trường Tiểu học Hà Huy Giáp,school,10.8780424,106.6802223,,,,Amenity;School
way/327443487,Chợ Thạnh Xuân,market,10.8800564,106.6781032,Tô Ngọc Vân,,,Amenity;Market
way/327452952,Trường Trung học cơ sở Nguyễn Trãi,school,10.8556004,106.6568951,Đường Lê Đức Thọ,"1370, Đường Lê Đức Thọ",,Amenity;School
way/327591200,MM Mega Market Hiệp Phú,supermarket,10.8638989,106.6478685,Trương Thị Hoa,"1, Trương Thị Hoa, Phường Tân Thới Hiệp",,Amenity;Supermarket
way/327596582,Chợ Hiệp Thành,market,10.8792862,106.6389457,,,,Amenity;Market
way/330304844,Siêu thị Sài Gòn (SATRA MART),supermarket,10.768653,106.6675569,Đường 3 Tháng 2,"460, Đường 3 Tháng 2, Quận 10, Thành phố Hồ Chí Minh",,Amenity;Supermarket
way/330615689,Co.opFood,supermarket,10.8389459,106.7667516,Đặng Văn Bi,,,Amenity;Supermarket
way/332397855,Trường Tiểu học Long Thạnh Mỹ,school,10.8432346,106.8268303,Đặng Nghiêm,,,Amenity;School
way/336071225,KDC Him Lam - Sân chơi,park,10.8325778,106.7547445,Đường Số 2,,,Amenity;Park
way/340041493,Chợ Bến Cát,market,11.1515248,106.5894438,,,,Amenity;Market
way/341220066,Trường Tiểu Học Phan Chu Trinh,school,10.777977,106.6266459,Đường Thạch Lam,"78, Đường Thạch Lam, Tân Phú, Hồ Chí Minh",,Amenity;School
way/342398561,Trường Trung học cơ sở Nguyễn Bỉnh Khiêm,school,10.6896054,106.7425132,Huỳnh Tấn Phát,Huỳnh Tấn Phát,,Amenity;School
way/345416008,Phân hiệu Trường Đại học Giao thông vận tải tại Thành phố Hồ Chí Minh - Khu Văn phòng,college_university,10.8448529,106.7949332,Đường Lê Văn Việt,"450, Đường Lê Văn Việt, Thành phố Thủ Đức",Bộ Giáo dục và Đào tạo,Amenity;CollegeUniversity
way/346515136,Mẫu Giáo Hoa lan,school,10.8213687,106.6882802,Lê Lợi,"3, Lê Lợi, Gò Vấp",,Amenity;School
way/355864940,Trường Tiểu học Cổ Loa,school,10.8052925,106.6806414,Lê Tự Tài,"Lê Tự Tài, Phú Nhuận",,Amenity;School
way/358049013,Trường Trung học cơ sở Ngô Sĩ Liên,school,10.798245,106.6646795,Phạm Văn Hai,"12, Phạm Văn Hai",,Amenity;School
way/358051929,Trường tiểu học Nguyễn Đình Chính,school,10.7929143,106.6791226,,,,Amenity;School
way/358154692,Chung cư City Garden,park,10.793756,106.7121162,Ngô Tất Tố,"59, Ngô Tất Tố, Bình Thạnh, Ho Chi Minh City",,Amenity;Park
way/362000989,SC-VivoCity,mall,10.7299311,106.7033873,Đường nội khu trung tâm SC VIVO CITY,,,Amenity;Mall
way/366069916,Chợ Hóc Môn,market,10.8889115,106.5962818,Trần Bình Trọng,,,Amenity;Market
way/366069917,Chợ Tân Thới Nhì,market,10.8966909,106.5776098,,,,Amenity;Market
way/366069924,Chợ Hóc Môn,market,10.8888853,106.5970211,Lê Lai,Hóc Môn,,Amenity;Market
way/366105823,Công viên bờ sông Sài Gòn,park,10.7705184,106.7129195,Mai Chí Thọ,,,Amenity;Park
way/366651481,Chợ Thạnh Mỹ Lợi,market,10.7702578,106.7697558,Nguyễn Trọng Quản,,,Amenity;Market
way/366651482,Công viên Hà Đô,park,10.7780126,106.751903,Đường Số 53A,,,Amenity;Park
way/366651483,Trường Trung học cơ sở Lương Định Của,school,10.7770364,106.7530006,,,,Amenity;School
way/366651485,Trường Trung học cơ sở Nguyễn Thị Định,school,10.7711141,106.7693489,,,,Amenity;School
way/366664396,Chợ Xóm Củi,market,10.7459362,106.661018,Đường Xóm Củi,"Đường Xóm Củi, Quận 8",,Amenity;Market
way/367930334,Vincom Plaza Thủ Đức,mall,10.8499711,106.7651648,Võ Văn Ngân,"216, Võ Văn Ngân",,Amenity;Mall
way/368943977,Trường tiểu học Đống Đa,school,10.7814329,106.6560493,Đất Thánh,"1, Đất Thánh, Tân Bình, Ho Chi Minh City",,Amenity;School
way/371722454,Trường Trung học cơ sở Nguyễn Văn Nghi,school,10.8218995,106.6914505,Lương Ngọc Quyến,,,Amenity;School
way/372306540,Trường Tiểu học Trung Nhất,school,10.7963467,106.6805971,Hẻm 50 Duy Tân,,,Amenity;School
way/373721573,Bệnh viện Đa khoa Tân Bình,hospital,10.7944261,106.6554163,Hẻm 8 Nguyễn Đình Khơi,,,Amenity;Hospital
way/373721574,Trường Trung học phổ thông Nguyễn Thượng Hiền,school,10.7932995,106.6548591,Hoàng Văn Thụ,"649, Hoàng Văn Thụ, Tân Bình, Ho Chi Minh City",,Amenity;School
way/373726328,Chợ Bàu Cát,market,10.7915841,106.6420705,,,,Amenity;Market
way/373726331,Trường Tiểu học Trần Quốc Toản,school,10.7927467,106.6438985,Đồng Đen,"114, Đồng Đen, Tan Binh, Ho Chi Minh City",,Amenity;School
way/375544035,Trường Đại học Y khoa Phạm Ngọc Thạch,college_university,10.7730635,106.6660875,Đường Dương Quang Trung,"2, Đường Dương Quang Trung",,Amenity;CollegeUniversity
way/376483151,Trường Đại học Tài chính - Maketing,college_university,10.7983845,106.6683082,Đường Nguyễn Trọng Tuyển,"306, Đường Nguyễn Trọng Tuyển, Tân Bình, Ho Chi Minh City",,Amenity;CollegeUniversity
way/376483152,Trường Tiểu học Lê Văn Sỹ,school,10.7986466,106.6670127,Nguyễn Trọng Tuyển,"322, Nguyễn Trọng Tuyển, Tân Bình, Ho Chi Minh City",,Amenity;School
way/377269807,Saigon Airport Plaza,mall,10.815032,106.6663468,,,,Amenity;Mall
way/377269808,Saigon Mall Gò Vấp,mall,10.8314564,106.6767359,Hẻm 628 Phan Văn Trị,,,Amenity;Mall
way/377269812,Phân hiệu Học viện Hành chính và Quản trị công tại Thành phố Hồ Chí Minh,college_university,10.836728,106.680377,Đường Lê Đức Thọ,"17, Đường Lê Đức Thọ",,Amenity;CollegeUniversity
way/377269817,Big C - Gò Vấp,mall,10.8255653,106.6802378,Nguyễn Kiệm,"792, Nguyễn Kiệm",,Amenity;Mall
way/377308553,Bệnh viện Đa khoa Tân Phú,hospital,10.7835098,106.6419173,Âu Cơ,"609-611, Âu Cơ",,Amenity;Hospital
way/377308554,Trường Cao đẳng Lý Tự Trọng,college_university,10.7976601,106.655691,Hoàng Văn Thụ,"390, Hoàng Văn Thụ, Tân Bình, Phường 4",,Amenity;CollegeUniversity
way/377308566,Trươờng Tiểu học Lê Thị Hồng Gấm,school,10.7851695,106.6442546,Đường Bàu Cát 8,"Tân Bình, Phường 10",,Amenity;School
way/377422764,Trường Mầm Non Mặt Trời Bé Con,school,10.7422863,106.709828,Đường số 10,"Đường số 10, 7, Phường Tân Quy",,Amenity;School
way/39513493,Công viên số 1 Lý Thái Tổ,park,10.7651628,106.6794023,Hùng Vương,,,Amenity;Park
way/39514795,Chợ Bến Thành,market,10.7725707,106.6980174,Công trường Quách Thị Trang,Công trường Quách Thị Trang,,Amenity;Market
way/39598471,Chợ Tân Định,market,10.7898998,106.6900513,Nguyễn Hữu Cầu,Quận 1,,Amenity;Market
way/39598492,Chợ Đa Kao,market,10.7924476,106.6965889,Đường Trương Hán Siêu,,,Amenity;Market
way/39598509,Chợ Thái Bình,market,10.7667598,106.6888743,Phạm Ngũ Lão,,,Amenity;Market
way/39622432,Trường Đại học Mỹ thuật Thành phố Hồ Chí Minh,college_university,10.8023353,106.6948886,Phan Đăng Lưu,"5, Phan Đăng Lưu, Bình Thạnh",,Amenity;CollegeUniversity
way/397384980,Trường Tiểu Học & Trung học phổ thông Thái Bình Dương,school,10.815582,106.6732822,Bạch Đằng,"125, Bạch Đằng",,Amenity;School
way/402881850,Trường Cao đẳng Kỹ nghệ II,college_university,10.821013,106.7711006,Đường Đỗ Xuân Hợp,"502, Đường Đỗ Xuân Hợp",,Amenity;CollegeUniversity
way/402881853,Trường Tư thục Ngô Thời Nhiệm,school,10.8236913,106.7648848,,,,Amenity;School
way/402881896,Trường Đại học Văn hóa Thành phố Hồ Chí Minh - cơ sở 2,college_university,10.8219489,106.7704677,Đường Trần Đức Thảo,,,Amenity;CollegeUniversity
way/403107463,Trường Cao đẳng nghề Thành phố Hồ Chí Minh,college_university,10.8550888,106.7600729,Đường số 17,"19A, Đường số 17",,Amenity;CollegeUniversity
way/403107465,Đại học Cảnh sát Nhân dân Thành phố Hồ Chí Minh,college_university,10.8588452,106.7553555,,,,Amenity;CollegeUniversity
way/410573801,"Chợ Trái Cây, Rau Cải Đất Đỏ",market,10.4897538,107.2718325,,,,Amenity;Market
way/410986497,Trường Trung học cơ sở Đất Đỏ,school,10.4770295,107.2707966,Đường Võ Thị Sáu,,,Amenity;School
way/418298188,Trường Trung học cơ sở Ba Đình,school,10.7566925,106.682201,Phan Văn Trị,,,Amenity;School
way/418891949,Bệnh viện An Sinh,hospital,10.7913163,106.6785309,Trần Huy Liệu,"10, Trần Huy Liệu, Phú Nhuận",,Amenity;Hospital
way/418922109,Đại học Kinh tế Thành phố Hồ Chí Minh - cơ sở B,college_university,10.7609263,106.6679779,Đường Nguyễn Tri Phương,"279, Đường Nguyễn Tri Phương",,Amenity;CollegeUniversity
way/418925063,Chợ Hòa Hưng,market,10.7831905,106.6710848,Hẻm 543 Đường Cách Mạng Tháng 8,,,Amenity;Market
way/419464703,Bệnh viện Đa khoa Bình Phú,hospital,10.7465336,106.6345704,Chợ Lớn,"2, Chợ Lớn, Bình Phú",,Amenity;Hospital
way/419464706,Trường Cao đẳng Kinh tế - Kỹ thuật Thành phố Hồ Chí Minh,college_university,10.7438512,106.6340411,Đường Nguyễn Văn Luông,"215, Đường Nguyễn Văn Luông",,Amenity;CollegeUniversity
way/419464709,Trường Trung học cơ sở Lam Sơn,school,10.7464641,106.6304529,Đường Hậu Giang,"805, Đường Hậu Giang",,Amenity;School
way/419464710,Trường Trung học phổ thông Bình Phú,school,10.7354988,106.6275544,Đường Trần Văn Kiểu,"102, Đường Trần Văn Kiểu, Quận 6",,Amenity;School
way/419720004,Chợ Nhị Thiên Đường,market,10.7395024,106.6572569,Hoàng Minh Đạo,,,Amenity;Market
way/419720006,Trường Trung học phổ thông Tạ Quang Bửu,school,10.7336058,106.6605318,Tạ Quang Bửu,"909, Tạ Quang Bửu, Quận 8",,Amenity;School
way/419720008,Trường Tiểu học Bông Sao,school,10.7391013,106.6578966,Hẻm 194 Bùi Minh Trực,,,Amenity;School
way/420032363,Trung Tâm Giáo dục nghề nghiệp - Giáo dục thường xuyên Quận 8,school,10.7430475,106.67171,Huỳnh Thị Phụng,"3-5, Huỳnh Thị Phụng, Quận 8, Phường 4",,Amenity;School
way/420032375,Chợ Phạm Thế Hiển,market,10.74323,106.6711226,Phạm Thế Hiển,"Phạm Thế Hiển, Quận 8",,Amenity;Market
way/420032395,Trường Tiểu học Hoàng Minh Đạo,school,10.7372277,106.662517,Bông Sao,"252, Bông Sao, Quận 8, Phường 5",,Amenity;School
way/420032396,Trường Tiểu học Thái Hưng,school,10.7377151,106.6724617,Tạ Quang Bửu,"785, Tạ Quang Bửu, Quận 8",,Amenity;School
way/420287568,Chợ Ba Đình,market,10.7482358,106.6684476,Bến Ba Đình,Bến Ba Đình,,Amenity;Market
way/420287569,Chợ Rạch Cát,market,10.7133457,106.6256687,,,,Amenity;Market
way/420287570,Chợ Nguyễn Chế Nghĩa,market,10.7426143,106.6540423,,,,Amenity;Market
way/420287572,Co.opMart Tuy Lý Vương,supermarket,10.7443983,106.6550902,Hẻm 43 Mạc Vân,,,Amenity;Supermarket
way/420287590,Trường Trung học cơ sở Hậu Giang,school,10.7548378,106.6486886,Đường Lò Siêu,"8, Đường Lò Siêu, Ho Chi Minh City",,Amenity;School
way/420287593,Trường Trung học cơ sở Nguyễn Đức Cảnh,school,10.7536932,106.6433547,Minh Phụng,"242, Minh Phụng, 6, Ho Chi Minh City",,Amenity;School
way/420287599,Trường Tiểu học Chi Lăng,school,10.7509259,106.6453542,Hẻm 199 Lê Quang Sung,"199/31, Hẻm 199 Lê Quang Sung, Quận 6, Phường 6",,Amenity;School
way/420287612,Trường Tiểu học Trần Nguyên Hãn,school,10.7465681,106.6584168,Trần Nguyên Hãn,"45, Trần Nguyên Hãn, Quận 8, Phường Xóm Củi",,Amenity;School
way/420287796,Trường Tiểu học Lý Thái Tổ,school,10.7485442,106.6620141,Bến Bình Đông,Bến Bình Đông,,Amenity;School
way/421603551,Chợ Tân Phú,market,10.7911484,106.6362486,Phố Chợ,,,Amenity;Market
way/421603553,Công viên Bàu Cát,park,10.7911985,106.6429657,Bàu Cát 4,,,Amenity;Park
way/421603554,Công viên Tân Phú,park,10.7830771,106.6368073,,,,Amenity;Park
way/421603562,Trường Trung học cơ sở Phan Bội Châu,school,10.7916142,106.6342492,Đường Độc Lập,"35, Đường Độc Lập",,Amenity;School
way/421970913,Chợ Hoa Tươi Đầm Sen,market,10.7696954,106.642764,Đường Nguyễn Văn Phú,"Đường Nguyễn Văn Phú, 11, Ho Chi Minh City",,Amenity;Market
way/421970915,Công viên Phú Hòa,park,10.769221,106.645149,Hẻm 416 Lạc Long Quân,,,Amenity;Park
way/421977487,Chợ Phú Lạc,market,10.6906895,106.6537972,Tân Liêm,,,Amenity;Market
way/421977490,Trường Trung học cơ sở Phong Phú,school,10.6934442,106.6530724,,,,Amenity;School
way/428539814,Chợ Kiến Đức 2,market,10.7288181,106.6198563,Hẻm 233 An Dương Vương,,,Amenity;Market
way/430290607,Vincom Megamall Thảo Điền,mall,10.8023666,106.740878,Đường Võ Nguyên Giáp,"159-161, Đường Võ Nguyên Giáp, Thành phố Thủ Đức",,Amenity;Mall
way/432518914,Trường Tiểu học Trần Bình Trọng - Khu A,school,10.7569407,106.6812712,Trần Bình Trọng,"Trần Bình Trọng, Quận 5, Phường 2",,Amenity;School
way/432519025,Trường mẫu giáo Vàng Anh,school,10.7460252,106.6696772,Hưng Phú,Hưng Phú,,Amenity;School
way/435245822,Trường Tiểu Học Âu Dương Lân,school,10.7469347,106.6830604,Âu Dương Lân,"79, Âu Dương Lân, Quận 8, Phường Rạch Ông",,Amenity;School
way/446047310,Vincom Plaza Quang Trung,mall,10.8294827,106.6725415,,,,Amenity;Mall
way/456464084,Chợ Hiệp Tân,market,10.7720249,106.6296991,Cây Keo,"70, Cây Keo, Tân Phú, Hồ Chí Minh",,Amenity;Market
way/456799178,Trường Tiểu học Hiệp Tân,school,10.7687805,106.6247933,Đường Phan Anh,"252/16, Đường Phan Anh, Tân Phú, Ho Chi Minh City",,Amenity;School
way/456799189,Công viên Lãnh Binh Thăng,park,10.7632268,106.649898,Đường Lãnh Binh Thăng,"Đường Lãnh Binh Thăng, Quận 11",,Amenity;Park
way/457432432,Bệnh viện Đa khoa Lãnh Binh Thăng,hospital,10.7606826,106.6479151,Đường Số 5,"72, Đường Số 5, 11, Ho Chi Minh City",,Amenity;Hospital
way/457432437,Trường Tiểu học Quyết Thắng,school,10.7663423,106.6525883,Lê Đại Hành,"391, Lê Đại Hành, 11, Ho Chi Minh City",,Amenity;School
way/457601643,Trường Trung học cơ sở Lữ Gia,school,10.7718606,106.654184,Đường Số 52,"1, Đường Số 52",,Amenity;School
way/457601645,Công viên Tân Phước,park,10.7748658,106.6527849,Nguyễn Thị Nhỏ,"Nguyễn Thị Nhỏ, Tân Bình",,Amenity;Park
way/457602437,Siêu thị Co.opmart Bình Tân,supermarket,10.7535444,106.6133885,Đường số 19,"158, Đường số 19, Bình Tân, Hồ Chí Minh",,Amenity;Supermarket
way/457602438,Trường Trung học cơ sở&Trung học phổ thông Phan Châu Trinh,school,10.7541923,106.612835,Đường số 23,"12, Đường số 23",,Amenity;School
way/457602440,Trường Tiểu học Lương Thế Vinh,school,10.746408,106.6162566,Đường số 16,"26, Đường số 16, Bình Tân, Hồ Chí Minh",,Amenity;School
way/457800076,Trường Tiểu học Đại Thành,school,10.7702766,106.6498627,Âu Cơ,"79/22, Âu Cơ, 11, Ho Chi Minh City",,Amenity;School
way/457800099,Trường Trung học cơ sở Tân Thới Hòa,school,10.7658615,106.6260626,Lý Thánh Tông,"149/15, Lý Thánh Tông",,Amenity;School
way/458857428,Bệnh viện Đa khoa Bình Tân,hospital,10.7644533,106.6032245,Hương lộ 2,"809, Hương lộ 2",,Amenity;Hospital
way/458857435,Chợ Tân Phú 2,market,10.7840146,106.625526,Hẻm 8 Hoàng Ngọc Phách,,,Amenity;Market
way/458865802,Trường Tiểu học Nguyễn Thị Nhỏ,school,10.7697181,106.6534744,Đường C,"11, Ho Chi Minh City",,Amenity;School
way/458865841,Chợ Kiến Đức,market,10.7535061,106.6139404,Đường Số 23,,,Amenity;Market
way/459133511,Bệnh viện Triều An,hospital,10.7391983,106.6171202,Đường Kinh Dương Vương,"425, Đường Kinh Dương Vương, Bình Tân, Hồ Chí Minh",,Amenity;Hospital
way/460200213,Chợ Bình Trị Đông,market,10.7635846,106.6125787,Đường Trương Phước Phan,"Đường Trương Phước Phan, Bình Tân, Hồ Chí Minh",,Amenity;Market
way/460352563,Trường Tiểu học Bình Trị Đông,school,10.7644566,106.6221496,Tân Hoà Đông,"276/68, Tân Hoà Đông, Bình Tân, Ho Chi Minh City",,Amenity;School
way/460352585,Công viên Nhà thi đấu Tân Bình,park,10.7949391,106.6541186,,,,Amenity;Park
way/460751646,Trường Trung học phổ thông Trần Cao Vân,school,10.7693791,106.6273991,Tô Hiệu,"126, Tô Hiệu",,Amenity;School
way/460751648,Trường Trung học cơ sở Lê Anh Xuân,school,10.7864102,106.6301155,Vườn Lài,"211/53, Vườn Lài",,Amenity;School
way/460751654,Trường Trung học phổ thông Trần Phú,school,10.7870476,106.6255153,Lê Thúc Hoạch,"18, Lê Thúc Hoạch",,Amenity;School
way/461374111,Chợ Tân Bửu,market,10.6854537,106.5391935,,Bến Lức,,Amenity;Market
way/461374117,Trường Tiểu học Tân Túc,school,10.6890905,106.5757647,,,,Amenity;School
way/462903369,Bệnh viện Quận 10,hospital,10.7760365,106.6664866,Sư Vạn Hạnh,"571, Sư Vạn Hạnh, 10, Ho Chi Minh City",,Amenity;Hospital
way/463034093,Trường Mầm non Hoạ Mi 2,school,10.7573742,106.6613209,Đường Bà Triệu,,,Amenity;School
way/463034094,Bệnh viện Răng Hàm Mặt Trung ương Thành phố Hồ Chí Minh,hospital,10.7578104,106.6606503,Đường Nguyễn Chí Thanh,"201A, Đường Nguyễn Chí Thanh, 5, Ho Chi Minh City",Bộ Y tế,Amenity;Hospital
way/463034285,Bệnh viện Chợ Rẫy,hospital,10.75695,106.6597328,Đường Nguyễn Chí Thanh,"201B, Đường Nguyễn Chí Thanh, Quận 5",Bộ Y tế,Amenity;Hospital
way/464038948,Trường Tiểu học Trần Hưng Đạo,school,10.7615566,106.689139,Trần Hưng Đạo,,,Amenity;School
way/464312769,Trường Tiểu học Đề Thám,school,10.7586781,106.6595248,Đường Lê Đại Hành,"10, Đường Lê Đại Hành, Quận 11",,Amenity;School
way/464313918,Bệnh viện Răng Hàm Mặt Thành phố Hồ Chí Minh,hospital,10.763482,106.691909,Đường Trần Hưng Ðạo,"263 - 265, Đường Trần Hưng Ðạo",,Amenity;Hospital
way/465125349,Bệnh viện Phục hồi chức năng - Điều trị bệnh nghề nghiệp,hospital,10.7414789,106.6863883,Âu Dương Lân,"313, Âu Dương Lân, Quận 8, Phường Rạch Ông",,Amenity;Hospital
way/465529204,Trường Trung học cơ sở Kiến Thiết,school,10.7732975,106.6863957,Hẻm 202/16 Đường Võ Văn Tần,,,Amenity;School
way/465546858,Trường Trung học phổ thông Bùi Thị Xuân,school,10.7690548,106.6881729,Đường Bùi Thị Xuân,"73, Đường Bùi Thị Xuân",,Amenity;School
way/465838943,Chợ Vườn Chuối,market,10.7735273,106.6842638,Hẻm 64 Nguyễn Ðình Chiểu,,,Amenity;Market
way/479699398,Lương Thế Vinh,park,10.7645957,106.6304263,Hẻm 28 Lương Thế Vinh,,,Amenity;Park
way/485859156,Trường Trung học phổ thông Hàm Nghi,school,10.7211554,106.6027699,Quốc Lộ 1A,"911, Quốc Lộ 1A",,Amenity;School
way/489015032,Trường Tiểu học Lưu Hữu Phước,school,10.7187915,106.62845,,,,Amenity;School
way/489019403,Trường Tiểu học Nguyễn Công Trứ,school,10.7181393,106.6247274,Đường Trương Đình Hội,"4, Đường Trương Đình Hội, Quận 8, Phường 16",,Amenity;School
way/489019404,Trường Trung học cơ sở Bình Đông,school,10.7172007,106.625935,Đường Bến Phú Định,"58, Đường Bến Phú Định, Quận 8, Phường 16",,Amenity;School
way/489020898,Trường Trung học cơ sở Phú Lợi,school,10.7062909,106.628169,,,,Amenity;School
way/489086378,Nhà lồng B,market,10.70141,106.6100964,,,,Amenity;Market
way/489086386,Trường Tiểu học An Phong,school,10.7088953,106.6204305,Đường Trịnh Quang Nghị,,,Amenity;School
way/489086392,Trường Tiểu học Nguyễn Trung Ngạn,school,10.7106769,106.6278746,Đường Lê Bôi,"16, Đường Lê Bôi, Quận 8",,Amenity;School
way/489591416,Trường Tiểu học An Phú Tây,school,10.6855338,106.6026196,Đường An Phú Tây - Hưng Long,,,Amenity;School
way/493155210,Cong Vien khu pho 9,park,10.7514751,106.5959419,Đường số 53B,,,Amenity;Park
way/493155212,Trường Tiểu học Bình Tân,school,10.7518581,106.5978561,Đường 48B,,,Amenity;School
way/493155229,Bệnh viện Quốc tế Thành Đô,hospital,10.741251,106.6092346,,,,Amenity;Hospital
way/493157641,Trường Đại học Văn Lang,college_university,10.8273088,106.6994241,,,,Amenity;CollegeUniversity
way/493157646,Công viên Bến Hải,park,10.8257654,106.6944107,Dương Quảng Hàm,,,Amenity;Park
way/493174211,Trường Trung học phổ thông Gò Vấp,school,10.8161653,106.6808745,Nguyễn Thái Sơn,"90A, Nguyễn Thái Sơn",,Amenity;School
way/493251139,Học Viện Phật Giáo Thành phố Hồ Chí Minh,college_university,10.7728157,106.5155903,,Bình Chánh,,Amenity;CollegeUniversity
way/494789263,Đài liệt sĩ Quận 3,park,10.7910984,106.6830226,Hẻm 384 Nam Kỳ Khởi Nghĩa,,,Amenity;Park
way/494796870,Trường Trung học cơ sở Đồng Đen,school,10.8141567,106.5776003,Quách Điêu,,,Amenity;School
way/494796871,Trường Trung học cơ sở Vĩnh Lộc A,school,10.8150882,106.5785891,,,,Amenity;School
way/494796921,Trường Tiểu học Trí Tuệ Việt,school,10.8040126,106.590547,,,,Amenity;School
way/494796922,Trường Tiểu học Ngô Quyền,school,10.8035999,106.592174,,,,Amenity;School
way/494796938,Trường Trung học phổ thông Bình Hưng Hòa,school,10.8077614,106.6044817,Hẻm 79 đường số 4,"19, Hẻm 79 đường số 4",,Amenity;School
way/494796956,Công viên Gia Phú,park,10.8066576,106.6077497,,,,Amenity;Park
way/494796967,Trường Trung học phổ thông Dân Lập Trí Đức 1,school,10.8058614,106.611554,Đường Kênh 19/5,,,Amenity;School
way/494796971,Công viên Sơn Kỳ,park,10.8065843,106.6103095,Đường DC13,,,Amenity;Park
way/494799480,Chợ Xuân Thới Thượng,market,10.8636061,106.5689509,,,,Amenity;Market
way/494799481,Trường Tiểu học Ngã ba Giồng,school,10.8626709,106.5700557,Phan Văn Hớn,,,Amenity;School
way/494799483,Trường Tiểu học Xuân Thới Thượng,school,10.8579492,106.5789968,,,,Amenity;School
way/494799489,Công Viên Rin Rin,park,10.8589008,106.5850351,,,,Amenity;Park
way/494806820,Bệnh viện Đa khoa Bình Dương,hospital,10.9975187,106.6551913,Phạm Ngọc Thạch,"5, Phạm Ngọc Thạch",,Amenity;Hospital
way/494806821,Công viên Huỳnh Văn Cù,park,10.9929645,106.6553918,Đại lộ Bình Dương,,,Amenity;Park
way/495488231,Trường Tiểu học Phú Hòa,school,10.9797253,106.6763778,,,,Amenity;School
way/495488235,Trường Đại học Thủ Dầu Một,college_university,10.9805136,106.6744341,,,,Amenity;CollegeUniversity
way/495697586,Trường Tiểu học Bành Văn Trân,school,10.7880139,106.6573607,Chử Đồng Tử,,,Amenity;School
way/495698504,Trường Tiểu học Võ Trường Toản,school,10.7762595,106.65934,Hẻm 354 Đường Lý Thường Kiệt,"74, Hẻm 354 Đường Lý Thường Kiệt",,Amenity;School
way/495698510,Công viên Chung cư Lê Thị Riêng,park,10.7834394,106.6635215,,,,Amenity;Park
way/496910209,Trường Cao đẳng nghề Việt Nam - Singapore,college_university,10.9483494,106.7084697,,,,Amenity;CollegeUniversity
way/496910223,Trường Tiểu học Bình Hòa,school,10.9095834,106.7266377,,,,Amenity;School
way/497179452,Cao đẳng Sư phạm Mầm non TW3,college_university,10.8122524,106.7711737,,,,Amenity;CollegeUniversity
way/497179454,Phân viện Học viện Phụ nữ Việt Nam,college_university,10.8146595,106.7745794,Đường Đỗ Xuân Hợp,"420, Đường Đỗ Xuân Hợp",,Amenity;CollegeUniversity
way/497179467,Trường Tiểu học Nguyễn Văn Bá,school,10.8211443,106.7755812,,,,Amenity;School
way/497179479,Trường Trung học phổ thông Phước Long,school,10.8164625,106.7757208,Dương Đình Hội,"18D, Dương Đình Hội",,Amenity;School
way/497979498,Kinderworld,school,11.0701536,106.6769723,,,,Amenity;School
way/497979530,Chợ Hòa Lợi,market,11.076869,106.6739563,,,,Amenity;Market
way/498042937,Trường Tiểu học Dĩ An A,school,10.9114055,106.7693532,,,,Amenity;School
way/498042940,Trường Trung học cơ sở Tân Đông Hiệp,school,10.9261172,106.760931,,,,Amenity;School
way/498759033,Trường Trung học cơ sở Phan Văn Trị,school,10.8295307,106.6864037,,,,Amenity;School
way/499420843,Đại học Kinh tế Kỹ thuật Bình Dương,college_university,10.9566972,106.7116333,,,,Amenity;CollegeUniversity
way/499420845,Bệnh viện Vạn Phúc 2,hospital,10.9793138,106.7398569,,,,Amenity;Hospital
way/499420888,Trường Tiểu học Bán trú Bình Chuẩn,school,10.9831174,106.7206362,,,,Amenity;School
way/499426667,Chợ Thủ Đức,market,10.8502385,106.7541973,Kha Vạn Cân,,,Amenity;Market
way/499426669,Trường Cao đẳng Cảnh sát Nhân dân 2,college_university,10.8487907,106.7581499,,,,Amenity;CollegeUniversity
way/499426681,Trường Tiểu học Từ Đức - Cơ sở 2,school,10.8470441,106.7637825,Đường Số 4,"43, Đường Số 4",,Amenity;School
way/499426683,Trường Tiểu học Lương Thế Vinh,school,10.8456245,106.7632149,Hẻm 102 Đường Đặng Vân Bi,,,Amenity;School
way/500847686,Trường Tiểu học Phạm Ngọc Thạch,school,10.7906432,106.6669968,Trường Sa,,,Amenity;School
way/500848732,Bệnh viện Đa khoa Phú Nhuận,hospital,10.7982597,106.6718231,Nguyễn Trọng Tuyển,"250, Nguyễn Trọng Tuyển, Phú Nhuận",,Amenity;Hospital
way/502252356,Chợ thuốc Quận 10,market,10.7806119,106.6667432,Nguyễn Giàn Thanh,,,Amenity;Market
way/502252357,Công viên Bãi Cát,park,10.7571464,106.6282705,Hẻm 110/43/2 Bà Hom,Quận 6,,Amenity;Park
way/502434932,Bệnh viện Nhi đồng Thành phố,hospital,10.7101346,106.5746124,Đường Võ Trần Chí,"15, Đường Võ Trần Chí, Bình Chánh, Hồ Chí Minh",,Amenity;Hospital
way/502532591,Trường Trung học cơ sở Đoàn Kết,school,10.758341,106.6288908,Đường Tân Hòa Đông,"183A, Đường Tân Hòa Đông",,Amenity;School
way/502532600,Trường Tiểu học Âu Cơ,school,10.761639,106.6309887,Trần Văn Cẩn,"23/13, Trần Văn Cẩn, Tân Phú, Ho Chi Minh City",,Amenity;School
way/502532609,Đại học Quốc tế Hồng Bàng,college_university,10.7702803,106.6341042,Đường Hòa Bình,"Đường Hòa Bình, Tân Phú, Ho Chi Minh City",,Amenity;CollegeUniversity
way/502903942,Chợ Bình Thới,market,10.7594191,106.6425361,Đường Xóm Đất,"Đường Xóm Đất, Quận 11",,Amenity;Market
way/503015557,Chợ Tân Hòa Đông,market,10.7599924,106.6272415,Đường Tân Hòa Đông,"180, Đường Tân Hòa Đông, 6, Hồ Chí MInh",,Amenity;Market
way/503015572,Trường Tiểu học Hùng Vương,school,10.753849,106.6527184,Hồng Bàng,"266, Hồng Bàng, 5, Ho Chi Minh City",,Amenity;School
way/503015600,Chợ Bốn Xã mới,market,10.7731894,106.6207912,Hương Lộ 2,"449, Hương Lộ 2, Bình Tân, Hồ Chí Minh",,Amenity;Market
way/503015601,Công Viên 158 Phan Anh,park,10.7632943,106.6251618,Hẻm 158 Phan Anh,"158, Hẻm 158 Phan Anh, Quận Tân Phú, Ho Chi Minh City",,Amenity;Park
way/503216454,Chợ Linh Trung,market,10.8599715,106.7731619,,,,Amenity;Market
way/503216464,Trường Tiểu học Đỗ Tấn Phong,school,10.8574724,106.7763745,Đường số 11,,,Amenity;School
way/503282437,Chợ Tam Bình,market,10.8703194,106.735563,,,,Amenity;Market
way/503373104,Trường Tiểu học Nguyễn Văn Tây,school,10.8757182,106.7222891,Đường số 5,,,Amenity;School
way/503373116,Trường Tiểu học Bình Chiểu,school,10.8809257,106.7299321,Tỉnh lộ 43,"902, Tỉnh lộ 43",,Amenity;School
way/503561777,Trường Trung học cơ sở Nguyễn Văn Bá,school,10.8829933,106.7633477,,,,Amenity;School
way/504157823,ÆON MALL Bình Tân,mall,10.742703,106.6119346,Đường số 17A,"1, Đường số 17A, Bình Tân, Thành phố Hồ Chí Minh",ÆON,Amenity;Mall
way/504399220,Trường Tiểu học Đặng Thị Rành,school,10.8621037,106.7210794,Quốc lộ 13 cũ,"137, Quốc lộ 13 cũ, Thành phố Thủ Đức, Phường Hiệp Bình Phước",,Amenity;School
way/504571792,Công viên Vinhomes Central Park,park,10.7934905,106.7242291,,,Vingroup,Amenity;Park
way/504577398,Bệnh viện Lê Văn Thịnh,hospital,10.7822228,106.7685006,Lê Văn Thịnh,"130, Lê Văn Thịnh, 2, Hồ Chí Minh",,Amenity;Hospital
way/505295904,Trường Trung học phổ thông chuyên Trần Đại Nghĩa,school,10.7835668,106.7377831,Phạm Văn Ngôn,,,Amenity;School
way/505295912,Trường Tiểu học An Khánh,school,10.7844878,106.7373457,Đặng Đình Tướng,,,Amenity;School
way/507538757,Khu tưởng niệm Bến Nọc,park,10.8487103,106.8040569,Đường Lê Văn Việt,Đường Lê Văn Việt,,Amenity;Park
way/507538758,Bệnh viện Lê Văn Việt,hospital,10.8449005,106.7902318,Đường Lê Văn Việt,"387, Đường Lê Văn Việt",,Amenity;Hospital
way/507538760,Học viện Chính trị khu vực II,college_university,10.8499234,106.7856235,,,,Amenity;CollegeUniversity
way/507538764,Chợ Tăng Nhơn Phú,market,10.8443916,106.787967,Lã Xuân Oai,,,Amenity;Market
way/507538770,Trường Đại học Công nghệ Kỹ thuật Thành phố Hồ Chí Minh - cơ sở 2,college_university,10.8451819,106.7969363,,,,Amenity;CollegeUniversity
way/507538772,Ký túc xá Phân hiệu Trường Đại học Giao thông Vận tải tại Thành phố Hồ Chí Minh,college_university,10.8427121,106.7965034,448,"448, Thành phố Hồ Chí Minh",Bộ Giáo dục và Đào tạo,Amenity;CollegeUniversity
way/508064676,Chợ An Dương Vương,market,10.7419252,106.6222988,Đường số 33,"6, Ho Chi Minh City",,Amenity;Market
way/508344626,Trường Tiểu học Võ Thị Sáu,school,10.7843031,106.6210751,Đường Nguyễn Sơn,"343, Đường Nguyễn Sơn, Tân Phú, Hồ Chí Minh",,Amenity;School
way/508344637,Chợ Hồ Trọng Quý,market,10.7401689,106.6321336,Cư xá Phú Lâm D,,,Amenity;Market
way/508741138,Công viên Da Sà,park,10.753875,106.617476,,,,Amenity;Park
way/508741158,Chợ Bà Hom,market,10.7533289,106.5909238,Đường Lộ Tẻ,,,Amenity;Market
way/508741159,Trường Tiểu học An Lạc 3,school,10.7388262,106.6130455,Đường Kinh Dương Vương,"504/58C, Đường Kinh Dương Vương, Bình Tân, Hồ Chí Minh",,Amenity;School
way/508741166,Trường Tiểu học An Lạc 1,school,10.72869,106.6100131,Đường Kinh Dương Vương,"401, Đường Kinh Dương Vương, Bình Tân, Hồ Chí Minh",,Amenity;School
way/508741170,Trường Tiểu học An Lạc 2,school,10.7537836,106.6207957,Phùng Tá Chu,"127, Phùng Tá Chu, Bình Tân, Ho Chi Minh City",,Amenity;School
way/508741173,Trường Trung học cơ sở An Lạc,school,10.7562847,106.6208264,Phùng Tá Chu,Phùng Tá Chu,,Amenity;School
way/509015321,Vincom Plaza Ba Tháng Hai,mall,10.7762897,106.680839,Đường 3 Tháng 2,"10, Ho Chi Minh City",,Amenity;Mall
way/509015323,Trường Trung học phổ thông Vạn Hạnh,school,10.7721151,106.6707104,Lê Hồng Phong,Lê Hồng Phong,,Amenity;School
way/509015331,Trường Trung học phổ thông Phú Lâm,school,10.7557278,106.6307125,Đường số 3,"24, Đường số 3",,Amenity;School
way/509025842,Trường Tiểu học Tân Hóa,school,10.763191,106.6347081,,,,Amenity;School
way/509025846,Siêu thị Đại Gia Hỷ,supermarket,10.7747306,106.6190593,Lê Văn Quới,"Lê Văn Quới, Bình Tân, Hồ Chí Minh",,Amenity;Supermarket
way/509025857,Trường Trung học cơ sở Bình Trị Đông A,school,10.7645748,106.6053268,Mã Lò,"160, Mã Lò, Bình Tân, Hồ Chí Minh",,Amenity;School
way/509025864,Trường Trung học phổ thông Nguyễn Hữu Cảnh,school,10.7654801,106.6004121,Hương lộ 2,"845, Hương lộ 2",,Amenity;School
way/509025868,Trường Tiểu học Bình Trị 1,school,10.7689879,106.6106015,Hương Lộ 2,"620, Hương Lộ 2, Bình Tân, Hồ Chí Minh",,Amenity;School
way/509025870,Trường Trung học cơ sở Bình Trị Đông,school,10.7680934,106.6106746,Hương Lộ 2,Hương Lộ 2,,Amenity;School
way/509172769,Trường Cao đẳng Giao thông vận tải Trung ương VI,college_university,10.7475288,106.626684,Đường Kinh Dương Vương,"189, Đường Kinh Dương Vương, 6, Ho Chi Minh City",,Amenity;CollegeUniversity
way/509172787,Trường Quốc tế Việt Úc,school,10.7664798,106.6630804,Đường 3 Tháng 2,"594, Đường 3 Tháng 2",,Amenity;School
way/509172789,Trường Cao đẳng Giao thông vận tải Trung ương III,college_university,10.7872444,106.6215615,Văn Cao,"73, Văn Cao",,Amenity;CollegeUniversity
way/509172794,Trường Tiểu học Lê Văn Tám,school,10.7922527,106.6304114,Đường Độc Lập,"145, Đường Độc Lập, Tân Phú, Hồ Chí Minh",,Amenity;School
way/509172797,Trường Giáo dục thường xuyên quận Tân Phú,school,10.7902139,106.6299057,,"Tân Phú, Hồ Chí Minh",,Amenity;School
way/509355556,Trường Tiểu Học Bình Trị 2,school,10.7493191,106.616933,Đường số 3,"88A, Đường số 3, Binh Tân, Hồ Chí Minh",,Amenity;School
way/509640809,Trường Trung học cơ sở Lê Tấn Bê,school,10.7273486,106.6143158,,,,Amenity;School
way/509640814,Trường Trung học cơ sở Trần Quốc Toản,school,10.7889975,106.6124186,Kênh Nước Đen,"76, Kênh Nước Đen",,Amenity;School
way/510128828,Trường Trung học cơ sở Tân Tạo,school,10.761369,106.5899405,Hồ Văn Long,"68, Hồ Văn Long",,Amenity;School
way/511205619,Trường Trung học phổ thông Ngô Gia Tự,school,10.7345116,106.6377521,Bến Bình Đông,"360E, Bến Bình Đông",,Amenity;School
way/511517485,Chợ Tân Hương,market,10.7903428,106.6229108,Nguyễn Dữ,,,Amenity;Market
way/512270770,Chợ Bình Long,market,10.7818929,106.6169046,Hẻm 49 đường số 3,"Hẻm 49 đường số 3, Bình Tân, Hồ Chí Minh",,Amenity;Market
way/514174216,Chợ Bình Chánh,market,10.665692,106.5717637,,,,Amenity;Market
way/516091163,Trường Trung học phổ thông Lê Minh Xuân,school,10.7682562,106.5519403,,,,Amenity;School
way/516091203,Chợ Cầu Xáng,market,10.7909894,106.5154257,,,,Amenity;Market
way/516639136,Trường Cao Đẳng Giao Thông Vận Tải Thành phố Hồ Chí Minh,college_university,10.8568437,106.6109115,,,,Amenity;CollegeUniversity
way/516639141,Chợ Trung Chánh,market,10.8603504,106.6099327,,,,Amenity;Market
way/516639174,Trường Đại học Giao thông Vận tải Thành phố Hồ Chí Minh - Cơ sở 3,college_university,10.8657253,106.6187275,Đường Tô Ký,"70, Đường Tô Ký",,Amenity;CollegeUniversity
way/516639176,Chợ Tân Chánh Hiệp,market,10.8598516,106.6181902,,,,Amenity;Market
way/516639185,Trường Trung học cơ sở Hà Huy Tập,school,10.8668898,106.6147653,Nguyễn Ảnh Thủ,,,Amenity;School
way/516639191,Trường Tiểu học Võ Thị Sáu,school,10.874089,106.6335095,Đường N1,,,Amenity;School
way/516774759,Trường Tiểu học Trần Văn Kiểu,school,10.7619302,106.6609735,Đường Vĩnh Viễn,"479, Đường Vĩnh Viễn, 10, Ho Chi Minh City",,Amenity;School
way/516774772,Bệnh viện Đa khoa Trung Mỹ Tây,hospital,10.8608483,106.6307188,Dương Thị Mười,"111, Dương Thị Mười, Trung Mỹ Tây",,Amenity;Hospital
way/516774845,Trường Trung học cơ sở&Trung học phổ thông Ngôi Sao,school,10.7493213,106.6140692,Đường số 3,"96, Đường số 3",,Amenity;School
way/516932900,Trường Tiểu học Hồ Thị Kỷ,school,10.7662787,106.6762998,Hồ Thị Kỷ,"105, Hồ Thị Kỷ",,Amenity;School
way/516932941,Chợ Lê Hồng Phong,market,10.7643514,106.6767748,Hẻm 66 Hùng Vương,,,Amenity;Market
way/516933002,Trường Cao đẳng Kinh tế Thành phố Hồ Chí Minh,college_university,10.7645916,106.6735882,Đường Vĩnh Viễn,"33, Đường Vĩnh Viễn, 10, Ho Chi Minh City",,Amenity;CollegeUniversity
way/516946751,Trường Trung học cơ sở và Trung học phổ thông Sương Nguyệt Anh,school,10.7620842,106.6712244,Đường Hòa Hảo,"249, Đường Hòa Hảo",,Amenity;School
way/516946766,Trường Dự bị Đại học Thành phố Hồ Chí Minh,college_university,10.7596493,106.6705624,Đường Nguyễn Chí Thanh,"91, Đường Nguyễn Chí Thanh",,Amenity;CollegeUniversity
way/516946816,Trường Trung học cơ sở Hoàng Văn Thụ,school,10.7632091,106.6687204,Đường Nguyễn Tri Phương,"322, Đường Nguyễn Tri Phương",,Amenity;School
way/518855290,Trường Tiểu học Thiên Hộ Dương,school,10.7767452,106.6646869,Đường Tô Hiến Thành,"341, Đường Tô Hiến Thành, 10, Ho Chi Minh City",,Amenity;School
way/520823014,Phân hiệu Trường Cao đẳng Nông nghiệp Nam Bộ tại Thành phố Hồ Chí Minh,college_university,10.7483782,106.6227306,Đường An Dương Vương,"Đường An Dương Vương, Bình Tân, Ho Chi Minh City",,Amenity;CollegeUniversity
way/522950043,Trường Trung học cơ sở Trần Phú,school,10.7833411,106.6618959,Cửu Long,"82, Cửu Long",,Amenity;School
way/522958354,Chợ Bà Hoa,market,10.7916887,106.6474841,Trần Mai Ninh,"101, Trần Mai Ninh, Tân Bình",,Amenity;Market
way/523365877,Trường Trung học phổ thông Trần Hưng Đạo,school,10.8460731,106.6825006,Hẻm 195 Đường Số 28,,,Amenity;School
way/523650557,Chợ Phạm Văn Hai,market,10.7947735,106.6627004,Phạm Văn Hai,"123, Phạm Văn Hai, Quận Tân Bình, Thành phố Hồ Chí Minh",,Amenity;Market
way/523650595,Trường Đại học Công Thương Thành phố Hồ Chí Minh,college_university,10.80692,106.628681,Lê Trọng Tấn,"140, Lê Trọng Tấn, Tân Phú, Hồ Chí Minh",,Amenity;CollegeUniversity
way/529015846,Chợ Thảo Điền,market,10.8024021,106.7282374,Xuân Thuỷ,,,Amenity;Market
way/530247665,Công viên Bờ kè Gia Long,park,10.8981994,106.7014337,Gia Long,Gia Long,,Amenity;Park
way/531191849,Bệnh viện Đa khoa khu vực Hóc Môn,hospital,10.8826218,106.5929391,,,,Amenity;Hospital
way/531191853,Trường Trung học phổ thông Lý Thường Kiệt,school,10.8899528,106.6010492,Trần Thị Bốc,Trần Thị Bốc,,Amenity;School
way/531191859,Chợ Bà Điểm,market,10.8402679,106.6001016,Phan Văn Hớn,"Hóc Môn, Hồ Chí Minh",,Amenity;Market
way/531191860,Trường Trung học cơ sở Phan Công Hớn,school,10.8406933,106.5992863,Nguyễn Ảnh Thủ,,,Amenity;School
way/532651473,Chợ Phú Xuân,market,10.7026776,106.7374723,,,,Amenity;Market
way/532651475,Công viên KDC Belleza,park,10.7067116,106.7289307,Đường số 1 / Đường D4 / Đường số 1,,,Amenity;Park
way/537669583,UEF - Đại học Kinh Tế Tài Chính,college_university,10.7989905,106.706784,Đường Điện Biên Phủ,"276, Đường Điện Biên Phủ, Quận Bình Thạnh, Thành phố Hồ Chí Minh",,Amenity;CollegeUniversity
way/547931045,Chợ Nam Hòa,market,10.7830242,106.6601834,Đất Thánh,,,Amenity;Market
way/548422803,Chợ Nghĩa Hòa,market,10.7876762,106.6594484,Hẻm 42 Nghĩa Phát,,,Amenity;Market
way/548991056,Trường Trung học cơ sở Nguyễn Trung Trực,school,10.8757303,106.6554304,,,,Amenity;School
way/549509783,Trường tiểu học Đoàn Thị Điểm,school,10.8023164,106.6304328,Trần Văn Ơn,"16, Trần Văn Ơn",,Amenity;School
way/549509810,Trường Trung học cơ sở Phan Bội Châu,school,10.8401898,106.6288686,Nguyễn Thị Gạch,,,Amenity;School
way/554668449,Chợ Nhật Tảo,market,10.7651635,106.6698901,Nhật Tảo,,,Amenity;Market
way/556234623,Vạn Hạnh Mall,mall,10.770575,106.6695631,Sư Vạn Hạnh,"11, Sư Vạn Hạnh, Quận 10",,Amenity;Mall
way/556396336,Công Viên Trung Tâm Cresent,park,10.7287198,106.71771,,,,Amenity;Park
way/568056546,Trường tiểu học Nguyễn Văn Trỗi,school,10.7901193,106.7772951,Đường Số 56,,,Amenity;School
way/568058255,Đài Tưởng niệm Liệt sĩ Cầu Rạch Chiếc,park,10.8119488,106.7558259,Song Hành Võ Nguyên Giáp,,,Amenity;Park
way/568980592,Bệnh viện Mắt Bà Rịa - Vũng Tàu,hospital,10.5073775,107.1774461,,,,Amenity;Hospital
way/576360480,KNG Outlet Mall,mall,10.5890421,107.0562503,,,,Amenity;Mall
way/580493839,Vườn cây Cường Để,park,10.3470854,107.0783928,Thống Nhất,,,Amenity;Park
way/58202472,Toà Nhà Parkson CT Plaza,mall,10.8130453,106.6656962,,,,Amenity;Mall
way/582526129,Bệnh viện Đại học Y dược Shingmark Đồng Nai,hospital,10.8968766,106.8632765,,,,Amenity;Hospital
way/585932876,Bệnh viện Đa Khoa Vạn Hạnh,hospital,10.7713531,106.670117,Hẻm 702 Sư Vạn Hạnh,,,Amenity;Hospital
way/58711783,Chợ Trần Hữu Trang,market,10.7934979,106.6718224,Trần Hữu Trang,"Trần Hữu Trang, Phú Nhuận",,Amenity;Market
way/587459798,Trường Trung học cơ sở Võ Văn Kiệt,school,10.3734269,107.0576698,,,,Amenity;School
way/587505132,TTTM RomeA,mall,10.7780347,106.6901155,,,,Amenity;Mall
way/589929838,Chợ Hiệp Bình Chánh,market,10.8308263,106.7290708,Đường số 3,"Đường số 3, Thủ Đức, Phường Hiệp Bình Chánh",,Amenity;Market
way/589983868,Siêu thị Điện máy XANH,supermarket,10.8313374,106.7137372,Quốc lộ 13,"137, Quốc lộ 13, Thành phố Thủ Đức, Phường Hiệp Bình Chánh",,Amenity;Supermarket
way/590218027,Chợ Bình Triệu,market,10.8300415,106.7146752,Đường Số 6,,,Amenity;Market
way/59339647,Co.opmart - Nguyễn Đình Chiểu,supermarket,10.7814536,106.6921613,Nguyễn Ðình Chiểu,"168, Nguyễn Ðình Chiểu, Ho Chi Minh City",,Amenity;Supermarket
way/593694877,Trường Tiểu học Sơn Cang,school,10.80851,106.6461123,Hẻm 28 Văn Chung,,,Amenity;School
way/597466819,Chợ Văn Thánh,market,10.8018459,106.7208087,Hẻm 152 Nguyễn Văn Thương,"Hẻm 152 Nguyễn Văn Thương, Quận Bình Thạnh, Ho Chi Minh City",,Amenity;Market
way/597466820,Trường Trung học cơ sở Đống Đa,school,10.8047761,106.7179223,Võ Oanh,"46, Võ Oanh",,Amenity;School
way/597466821,Trường Trung học phổ thông Gia Định,school,10.8046814,106.7186359,Võ Oanh,"44, Võ Oanh",,Amenity;School
way/597712885,Trướng Tiểu học Tân Kiên,school,10.7138132,106.5893233,,"Bình Chánh, Hồ Chí Minh",,Amenity;School
way/597712893,Trường Tiểu học Phong Phú 2,school,10.6914092,106.6463317,Đường Số 9,"Bình Chánh, Hồ Chí Minh",,Amenity;School
way/59783927,Chợ Phú Nhuận,market,10.7939272,106.6827315,Cao Thắng,,,Amenity;Market
way/60118191,CO.OP Mart Nguyễn Kiệm,supermarket,10.808729,106.6781079,Nguyễn Kiệm,"571-573, Nguyễn Kiệm, Phú Nhuận",,Amenity;Supermarket
way/60431691,Chợ Nguyễn Đình Chiểu,market,10.8046364,106.6800049,Lê Tự Tài,"Lê Tự Tài, Phú Nhuận",,Amenity;Market
way/604998671,Trường Tiểu học Tạ Uyên,school,10.8921897,106.8306631,Đường số 7,,,Amenity;School
way/605281189,Trường Tiểu học Long Bình,school,10.8517192,106.8361161,,,,Amenity;School
way/605281190,Trường Trung học phổ thông Nguyễn Văn Tăng,school,10.8516765,106.8377469,,,,Amenity;School
way/605281197,Phân hiệu Học viện Thanh thiếu niên Việt Nam tại Thành phố Hồ Chí Minh,college_university,10.8631668,106.812483,,,,Amenity;CollegeUniversity
way/605281204,Bệnh viện Ung bướu cơ sở 2,hospital,10.8702234,106.8093249,Đường Số 400,"Đường Số 400, Quận 9",,Amenity;Hospital
way/605774020,SALA Shopping Mall Thiso mall,mall,10.7720547,106.7219492,Mai Chí Thọ,"10 Đ, Mai Chí Thọ, Quận 2, Thành phố Hồ Chí Minh",,Amenity;Mall
way/606405879,Chợ Đông Thành,market,10.9275074,106.7608264,Đường Nguyễn Thị Minh Khai,,,Amenity;Market
way/606405900,Truường Tiểu học Tân Đông Hiệp,school,10.9189923,106.7688811,Lê Hồng Phong,,,Amenity;School
way/607050052,Chợ Thống Nhất,market,10.9084902,106.7523532,Phan Đăng Lưu,,,Amenity;Market
way/607050053,Trường Cao đẳng Đường sắt - Phân hiệu phía Nam,college_university,10.9070122,106.7506246,Lý Thường Kiệt,"7, Lý Thường Kiệt",,Amenity;CollegeUniversity
way/607050054,Công viên Tượng đài Xe lửa Dĩ An,park,10.9074435,106.7485895,,,,Amenity;Park
way/607720746,Trường Tiểu học Dĩ An C,school,10.9075152,106.7537152,,,,Amenity;School
way/607720747,Trường Cao đẳng nghề Việt Nam - Singapore (cơ sở 3),college_university,10.9051593,106.7521299,,,,Amenity;CollegeUniversity
way/607720756,Chợ Xóm Mới,market,10.9036963,106.7509472,,,,Amenity;Market
way/608345309,Trường Trung học cơ sở Long Trường,school,10.8015886,106.8111976,,,,Amenity;School
way/610240418,Công viên Tầm Vu,park,10.8166626,106.7152866,Tầm Vu,,,Amenity;Park
way/612890930,Địa đạo Phú Thọ Hòa,park,10.783678,106.6309697,Phú Thọ Hòa,,,Amenity;Park
way/617580819,Bãi Cỏ - Trần Nhân Tôn,park,10.7620131,106.6750724,Trần Nhân Tôn,,,Amenity;Park
way/618460792,Chợ An Hội,market,10.8417385,106.644638,Hẻm 1084 Quang Trung,,,Amenity;Market
way/627180296,Trường Trung học phổ thông Lê Trọng Tấn,school,10.8069964,106.6178461,Đường D2,"5, Đường D2",,Amenity;School
way/627779293,Chợ Tân Phước Khánh,supermarket,11.0044913,106.7199918,,,,Amenity;Supermarket
way/627779310,Chợ Mỹ Phước II,market,11.1301967,106.6131641,,,,Amenity;Market
way/627779327,Bệnh viện Đa khoa Mỹ Phước,hospital,11.1415843,106.6070629,,,Tổng Công ty Becamex IDC,Amenity;Hospital
way/627779337,Trường Trung học phổ thông Bến Cát,school,11.1533032,106.6092521,,,,Amenity;School
way/627779338,Trường Trung học cơ sở Lê Quý Đôn,school,11.150646,106.5988746,,,,Amenity;School
way/638537793,Công viên Dương Đình Nghệ,park,10.7625006,106.6499735,Dương Đình Nghệ,"2, Dương Đình Nghệ, Quận 11",,Amenity;Park
way/641389089,Anh Văn Hội Việt Mỹ VUS,school,10.8328707,106.6212628,Trường Chinh,"187, Trường Chinh, Ho Chi Minh",,Amenity;School
way/653733513,Trường Trung học cơ sở Nguyễn Viết Xuân,school,10.9862007,106.6711266,Nguyễn Văn Lên,,,Amenity;School
way/653733528,Công viên KDC Hiệp Thành 3,park,11.0039061,106.6676679,,,,Amenity;Park
way/669633561,Chợ Tân Hưng (Chợ Ông Địa),market,10.7791176,106.6526593,Hẻm 373 Lý Thường Kiệt,"373/95, Hẻm 373 Lý Thường Kiệt, Tân Bình, Ho Chi Minh City",,Amenity;Market
way/672383346,Công viên Hoàng Xuân Hãn,park,10.3915253,107.1215175,Bùi Kỷ,,,Amenity;Park
way/675640312,Chợ Trần Văn Quang,market,10.7786509,106.6469544,Hẻm 77 Trần Văn Quang,"Hẻm 77 Trần Văn Quang, Tân Bình",,Amenity;Market
way/675751079,The parkland,park,10.8762356,106.6291897,Đường N4 (Hoa Cúc),,,Amenity;Park
way/675751080,Công Viên Trúc Lâm,park,10.8751241,106.6299967,Đường N3 (Hoa Sen),,,Amenity;Park
way/675758898,Trường Trung học cơ sở Võ Văn Tần - CS1,school,10.7893889,106.646869,Hẻm 101 Phạm Phú Thứ,,,Amenity;School
way/675758920,Chợ Bình Trị Đông B,market,10.738334,106.6051369,Đường số 7,Bình Tân,,Amenity;Market
way/682199563,Trung Tâm Giáo Dục Trẻ Khuyết Tật Quận 4,school,10.7558678,106.6936525,Đường Nguyễn Khoái,"91, Đường Nguyễn Khoái",,Amenity;School
way/682250553,Chợ Long Kiểng,market,10.7530496,106.7052273,Tôn Thất Thuyết,,,Amenity;Market
way/682250581,Bệnh viện Phước An,hospital,10.7532099,106.7000398,Tôn Thất Thuyết,,,Amenity;Hospital
way/682412593,Trường Tiểu học Bán trú Đống Đa,school,10.7537416,106.7058482,Tôn Đản,,,Amenity;School
way/683910643,Trường Tiểu học Bến Cảng,school,10.7609591,106.7098115,Hẻm 469/100 Đoàn Văn Bơ,,,Amenity;School
way/683910656,Trường Tiểu học Xóm Chiếu,school,10.7617209,106.7081173,Hẻm 214 Nguyễn Tất Thành,,,Amenity;School
way/683910660,Công viên Phường 12,park,10.7641778,106.7042811,Lê Quốc Hưng,,,Amenity;Park
way/686792754,Centre Mall Phạm Hùng,mall,10.7335931,106.6745624,Phạm Hùng,"C6/27, Phạm Hùng, Bình Chánh",,Amenity;Mall
way/688626728,Bệnh viện Đa khoa Vũng Tàu,hospital,10.3919211,107.1303597,,,,Amenity;Hospital
way/689167876,Chợ Bình Đông,market,10.7385187,106.6431372,Đường Bình Đông,,,Amenity;Market
way/692141954,SatraFoods,supermarket,10.7827977,106.7586103,Đường Nguyễn Thị Đinh,"312, Đường Nguyễn Thị Đinh, TP. Thủ Đức, TP. Hồ Chí Minh",,Amenity;Supermarket
way/692145121,Công viên Ngã Ba An Phú,park,10.7916261,106.7525171,Đường Song Hành Cao Tốc,,,Amenity;Park
way/692147361,Trường tiểu học Giồng Ông Tố,school,10.7854643,106.7608644,Đường số 6,"159, Đường số 6, Quận 2, TP. Hồ Chí MInh",,Amenity;School
way/693649725,Chợ Cây Xoài,market,10.7774416,106.7664433,Đường số 12,,,Amenity;Market
way/694928279,Chợ Phú Lợi,market,10.7239423,106.63546,Phạm Thế Hiển,"2670, Phạm Thế Hiển",,Amenity;Market
way/695895029,Vườn hoa Tượng đài Bác Hồ,park,10.7759898,106.701583,Nguyễn Huệ,,,Amenity;Park
way/701756977,Công Viên Lô N Chung Cư Bình Khánh,park,10.7888944,106.7443047,Đường Số 6,,,Amenity;Park
way/701756978,Công viên chung cư Bình Khánh,park,10.7873065,106.7416962,,"Thủ Đức, Phường An Phú",,Amenity;Park
way/712570087,Trường Tiểu học Phan Huy Ích,school,10.8305726,106.6324769,Đường Phan Huy Ích,"139, Đường Phan Huy Ích, Tân Bình",,Amenity;School
way/712570094,Trường Tiểu Học Phan Huy Ích,school,10.8305116,106.6326402,Phan Huy Ích,,,Amenity;School
way/715000260,Công viên Nguyễn Sỹ Sách,park,10.8211038,106.6370041,Nguyễn Sỹ Sách,"Nguyễn Sỹ Sách, Tân Bình",,Amenity;Park
way/715531292,Chợ Phú Thọ,market,10.7634268,106.6532571,Hẻm 30 Tuệ Tĩnh,,,Amenity;Market
way/719423234,Trường Tiểu Học Lê Văn Thọ,school,10.8525524,106.6597467,Đường Lê Đức Thọ,"1115, Đường Lê Đức Thọ, Gò Vấp",,Amenity;School
way/722589716,Trường Trung học cơ sở Nguyễn Thị Thập,school,10.737744,106.7123882,Đường Số 28,,,Amenity;School
way/722916691,Chợ Bàn Cờ,market,10.768574,106.6804115,Nguyễn Ðình Chiểu,"Nguyễn Ðình Chiểu, Quận 3",,Amenity;Market
way/723041514,Trung Tâm Thương Mại Estella,mall,10.8017598,106.7485681,,,,Amenity;Mall
way/723912448,Cantavil Mall,mall,10.8014554,106.7469576,,,,Amenity;Mall
way/724654960,Công viên dạ cầu Sài Gòn,park,10.7999321,106.731014,Cầu Sài Gòn,,,Amenity;Park
way/724836443,Công viên tượng đài Quang Trung,park,10.889914,106.8006107,19 Tháng 5,,,Amenity;Park
way/724934204,Trường Đại học Nguyễn Tất Thành (cơ sở Thành phố Thủ Đức),college_university,10.8379239,106.8096846,,,,Amenity;CollegeUniversity
way/727358726,Vườn hoa Trường Kiểm sát,park,10.8477773,106.7932517,Đường 449,,,Amenity;Park
way/737440143,Trường Đại học Kiến trúc Thành phố Hồ Chí Minh - Cơ sở Thủ Đức,college_university,10.8420854,106.7645056,Đặng Văn Bi,"48, Đặng Văn Bi",,Amenity;CollegeUniversity
way/737793388,Cantavil Park,park,10.7998559,106.7472719,Đường Số 29,,,Amenity;Park
way/739078469,Khu du lịch Gió Biển,park,10.471116,107.4288466,,,,Amenity;Park
way/739799908,Trường Trung học cơ sở Phước Thuận,school,10.5129459,107.4024342,,,,Amenity;School
way/743778511,Trường Trung học cơ sở Nguyễn Văn Linh,school,10.3610088,107.0889899,Trương Công Định,"460, Trương Công Định",,Amenity;School
way/743778551,Đài liệt sĩ,park,10.3489604,107.0927903,,,,Amenity;Park
way/750511344,Co.opmart Rạch Miễu,supermarket,10.7988967,106.6891584,Hoa Sứ,"48, Hoa Sứ, Phú Nhuận, Ho Chi Minh City",,Amenity;Supermarket
way/750565570,Trường Tiểu học Thạnh Mỹ Tây,school,10.7899733,106.7093021,Phạm Viết Chánh,"10, Phạm Viết Chánh, Bình Thạnh",,Amenity;School
way/756879229,Công viên Âu Lạc,park,10.7647893,106.6808399,Trần Phú,,,Amenity;Park
way/761235174,Trường Đại học Bà Rịa-Vũng Tàu - cơ sở 3,college_university,10.3927814,107.1170446,Bình Giã,"951, Bình Giã",,Amenity;CollegeUniversity
way/763325649,Chợ Tương Bình Hiệp,market,11.0054197,106.6306613,Lê Văn Tách,,,Amenity;Market
way/780121232,Công viên Thống Nhất,park,10.8450534,106.7691157,Thống Nhất,,,Amenity;Park
way/786411438,Trường Trung học phổ thông Giồng Ông Tố,school,10.7860545,106.7554195,Nguyễn Thị Định,"10, Nguyễn Thị Định",,Amenity;School
way/786450808,Trường Đại học Bà Rịa-Vũng Tàu - cơ sở 2,college_university,10.3640787,107.0837268,Trương Văn Bang,"1, Trương Văn Bang",,Amenity;CollegeUniversity
way/788350300,Trường Tiểu học Song ngữ Vũng Tàu,school,10.3681647,107.0896776,Lương Thế Vinh,,,Amenity;School
way/788721493,KDL San Hô Xanh,park,10.338682,107.0924554,Thùy Vân,,,Amenity;Park
way/788929861,Chợ Phước Thành,market,10.4127279,107.1376714,,,,Amenity;Market
way/789163974,Trường Tiểu học Lương Thế Vinh,school,10.7741636,106.7581307,Trương Văn Bang,"213, Trương Văn Bang",,Amenity;School
way/790384308,Chợ Phường 9,market,10.3729378,107.0862756,,,,Amenity;Market
way/790787185,Công viên Thuỷ Giang,park,10.395808,107.1066797,Trương Hán Siêu,,,Amenity;Park
way/790787255,Chợ Thắng Nhất,market,10.3917077,107.1015138,Hẻm 66 Ba Mươi Tháng Tư,,,Amenity;Market
way/796360471,Chợ Phú Định,market,10.7198025,106.6232129,,,,Amenity;Market
way/796758309,Công viên phường Linh Chiểu,park,10.8550938,106.7636694,Đường Số 23,,,Amenity;Park
way/799110618,Công viên Moonlight,park,10.844981,106.7633984,,,,Amenity;Park
way/799178085,Xường công nghệ cao,supermarket,10.855852,106.6966307,An Phú Đông 10,"16/3 KP4, An Phú Đông 10, Phường An Phú Đông",,Amenity;Supermarket
way/801710776,Trường Trung học cơ sở và Trung học phổ thông Trần Đại Nghĩa,school,10.7793284,106.7012577,Lý Tự Trọng,"20, Lý Tự Trọng",,Amenity;School
way/801710837,Công viên Lam Sơn,park,10.7759655,106.7025528,Lê Lợi,,,Amenity;Park
way/802125674,Trung tâm mua sắm Saigon Centre,mall,10.7729521,106.7006604,,,,Amenity;Mall
way/804047551,Trường Tiểu Học Hoà Bình,school,10.7715381,106.7028227,Tôn Thất Ðạm,"77, Tôn Thất Ðạm",,Amenity;School
way/806359776,Trường Tiểu học Nguyễn Huệ 3,school,10.755154,106.6989445,,,,Amenity;School
way/806654929,Chợ Bình Trưng,market,10.7889551,106.7556147,Đường Nguyễn Duy Trinh,Đường Nguyễn Duy Trinh,,Amenity;Market
way/806860787,Chợ Dân Sinh,mall,10.7665431,106.6981651,Yersin,,,Amenity;Mall
way/806928814,Công viên đường số 9,park,10.856979,106.7683715,,,,Amenity;Park
way/807062681,Trường Trung học cơ sở Minh Đức,school,10.7663405,106.6957688,,,,Amenity;School
way/807577739,Đại học Văn Lang,college_university,10.7628184,106.6932824,Nguyễn Khắc Nhu,"45, Nguyễn Khắc Nhu",,Amenity;CollegeUniversity
way/807577744,Trường Trung học phổ thông Lương Thế Vinh,school,10.763297,106.6938167,,,,Amenity;School
way/809399808,Công viên Thanh niên,park,10.8484247,106.7879937,,,,Amenity;Park
way/813563184,Công Viên VMT,park,11.4099289,106.6149585,Đường 2 Tháng 4,,Xã hội,Amenity;Park
way/815719908,Isuzu sidewalk park,park,10.8389516,106.6480129,Đường Quang Trung,"Đường Quang Trung, Gò Vấp district, Phường 8",,Amenity;Park
way/815719910,Mercedes Sidewalk park,park,10.8370354,106.6556523,Đường Quang Trung,"Đường Quang Trung, Phường 8",,Amenity;Park
way/821391269,Công viên Phú Đông Citizen,park,10.8665902,106.755497,Trịnh Phong Đáng,"1, Trịnh Phong Đáng, Dĩ An",,Amenity;Park
way/826183551,Chợ Chí Hòa,market,10.782554,106.6713098,,,,Amenity;Market
way/828946371,Trường Trung học cơ sở Lương Thế Vinh,school,10.7848771,106.6691032,Hẻm 472 Cách Mạng Tháng 8,,,Amenity;School
way/833733606,Công viên An Hải,park,10.3807038,107.1147064,,,,Amenity;Park
way/843094659,Công viên Tân Cảng,park,10.7984338,106.7210053,Điện Biên Phủ,,,Amenity;Park
way/845522929,Công viên ao Sen,park,10.7647526,106.7609694,Đường Số 96 - TML,,,Amenity;Park
way/854573843,Trường Tiểu Học Lương Thế Vinh,school,10.6981187,106.5859985,Dương Đình Cúc,"D9/13D, Dương Đình Cúc, Bình Chánh",,Amenity;School
way/854573854,Trường Tiểu học Nguyễn Đình Chiểu,school,10.8032422,106.6980207,Đường Lê Quang Định,"1, Đường Lê Quang Định, Quan Binh Thanh, Thành phố Hồ Chí Minh",,Amenity;School
way/854573856,Trường Trung học phổ thông Võ Thị Sáu,school,10.7979493,106.6957271,Lê Văn Duyệt,"95, Lê Văn Duyệt, Bình Thạnh",,Amenity;School
way/854573862,Bệnh viện Ung bướu,hospital,10.8051582,106.6956218,Nguyễn Huy Lượng,"47, Nguyễn Huy Lượng, Bình Thạnh",,Amenity;Hospital
way/854573869,Trường Tiểu Học Đông Ba,school,10.8034146,106.6868269,Phan Đăng Lưu,"99, Phan Đăng Lưu, Quận Phú Nhuận",,Amenity;School
way/854581933,Trường Trung học cơ sở Nguyễn Văn Tố,school,10.7766535,106.6608284,Đường Tam Đảo,Đường Tam Đảo,,Amenity;School
way/856455229,Trường Tiểu học Lê Công Phép,school,10.7376635,106.6212706,Đường số 1,"Đường số 1, Bình Tân",,Amenity;School
way/875447302,Siêu thị 621,supermarket,10.8738103,106.808081,Đường Tân Lập,,,Amenity;Supermarket
way/879519246,Phố đi bộ đêm Kỳ đài Quang Trung,park,10.7642929,106.6629989,Đường Nguyễn Lâm,"68, Đường Nguyễn Lâm, 10, Ho Chi Minh City",Phố đi bộ đêm Kỳ đài Quang Trung,Amenity;Park
way/933080238,Trường Trung học cơ sở Giồng Ông Tố,school,10.7881652,106.7572975,Đường Nguyễn Duy Trinh,"256B, Đường Nguyễn Duy Trinh",,Amenity;School
way/943238244,Trường Trung học cơ sở Đoàn Thị Điểm,school,10.7877195,106.6750679,Hẻm 413 Lê Văn Sỹ,"413/86, Hẻm 413 Lê Văn Sỹ",,Amenity;School
way/946871159,Diamond Island Green area,park,10.7793191,106.7468,,,Diamond Island,Amenity;Park
way/961031435,Trường Quốc tế Việt Úc (VAS) - Cơ sở Sunrise,school,10.7385216,106.6975197,Đường Số 3,,,Amenity;School
way/961031437,Công viên Ven sông,park,10.7379427,106.6980828,Đường Số 3,,,Amenity;Park
way/961031448,Co.opmart Huỳnh Tấn Phát,supermarket,10.7121896,106.7363046,Huỳnh Tấn Phát,"1362, Huỳnh Tấn Phát, Quận 7, Phường Phú Mỹ",,Amenity;Supermarket
way/961184057,Công viên Cầu Rạch Ông,park,10.7515853,106.6929586,Trần Xuân Soạn,"Trần Xuân Soạn, Quận 7, Phường Tân Hưng",,Amenity;Park
way/961345419,Trường Tiểu học Vĩnh Xuyên,school,10.7475471,106.6528885,Đường Chu Văn An,"63, Đường Chu Văn An, Quận 6, Phường 1",,Amenity;School
way/961345425,Trường Tiểu học Nguyễn Thiện Thuật,school,10.7483297,106.6481135,Đường Phan Văn Khoẻ,"100, Đường Phan Văn Khoẻ",,Amenity;School
way/978353551,Trường Đại học Lạc Hồng (cơ sở 3),college_university,10.9636506,106.7880487,,,,Amenity;CollegeUniversity
way/987631099,Trường Tiểu học Nhị Tân,school,10.8952495,106.5741823,Đường Tân Thới Nhì 24,"Đường Tân Thới Nhì 24, Huyện Hóc Môn, Xã Tân Thới Nhì",,Amenity;School
way/995201374,Trường Mầm Non Hoa Sen,school,10.7702919,106.7616158,Trương Văn Bang,"309, Trương Văn Bang, TP. Thủ Đức, TP. Hồ Chí Minh",,Amenity;School
way/996080489,Trường Cao Đẳng Công Thương Thành phố Hồ Chí Minh,college_university,10.8302363,106.7753457,,,,Amenity;CollegeUniversity
way/996829064,Công viên Căn hộ Thủ Thiêm Dragon,park,10.7623999,106.7593227,Quách Giai,Quách Giai,,Amenity;Park
way/996856580,Siêu thị Bách hóa XANH,supermarket,10.7879946,106.7552378,Đường Nguyễn Thị Đinh,"152, Đường Nguyễn Thị Đinh, TP. Thủ Đức, TP Hồ Chính Minh",,Amenity;Supermarket
way/997884897,Bệnh viện Truyền máu - Huyết học (cơ sở 2),hospital,10.7093154,106.5760857,Trần Hữu Nghiệp,"1, Trần Hữu Nghiệp",,Amenity;Hospital
