:START_ID(Listing),:END_ID(Street),:TYPE
45222670__1,street|a59ca09961ce1c,ON_STREET
41003332,street|bb14a3234952d3,ON_STREET
44850086,street|1a9ba0b2d39c10,ON_STREET
45225431,street|55f22e31cd030b,ON_STREET
43489295,street|f175466c794ede,ON_STREET
44335474,street|c773d6bc42285e,ON_STREET
45260467,street|552fe81d697831,ON_STREET
45197258,street|dfbfb95ec3a569,ON_STREET
45059973,street|74b5ef97220171,ON_STREET
45229051,street|43f7cdf0349cd3,ON_STREET
45235016,street|006ac862599335,ON_STREET
45232873,street|f175466c794ede,ON_STREET
44346372,street|c773d6bc42285e,ON_STREET
45093850,street|006ac862599335,ON_STREET
44622948,street|8c932d3439db9d,ON_STREET
44785182,street|ebfeb698c3776a,ON_STREET
44107433,street|4d2fcdce00044e,ON_STREET
44986524,street|40ac31a66d07ee,ON_STREET
45102500,street|a99456ea0988f0,ON_STREET
45189967,street|b2b2e75849503c,ON_STREET
44848669,street|603750550d4a13,ON_STREET
43919030,street|1bee6b12deebc2,ON_STREET
45162235,street|603750550d4a13,ON_STREET
44845494,street|603750550d4a13,ON_STREET
44984592,street|603750550d4a13,ON_STREET
45038070,street|e0089213b2f69c,ON_STREET
44691569,street|db427a7e6c1ddb,ON_STREET
44868190,street|8b71a433c2bc09,ON_STREET
44063983,street|b09cd32f54cd52,ON_STREET
42561310,street|72f2b5953e933b,ON_STREET
43923505,street|b1e569f75ebac1,ON_STREET
45255963,street|589dad060cc8b1,ON_STREET
44742356,street|3369a385ee1731,ON_STREET
45245173,street|55f22e31cd030b,ON_STREET
43317425,street|f8a85bac37a9a8,ON_STREET
44748012,street|a59ca09961ce1c,ON_STREET
45246753,street|e0089213b2f69c,ON_STREET
45161272,street|b09cd32f54cd52,ON_STREET
45149520,street|db427a7e6c1ddb,ON_STREET
45246430,street|e0089213b2f69c,ON_STREET
43241856,street|4890f609aa55fd,ON_STREET
44756510,street|a59ca09961ce1c,ON_STREET
39130038,street|bb790b85de1a21,ON_STREET
43589492,street|a59ca09961ce1c,ON_STREET
45113783,street|db427a7e6c1ddb,ON_STREET
44525010,street|c773d6bc42285e,ON_STREET
44342167,street|e0089213b2f69c,ON_STREET
44333099,street|39d6660b281ad8,ON_STREET
44860127,street|4b338abccc51ce,ON_STREET
44282818,street|9e395773f201e8,ON_STREET
43960856,street|4890f609aa55fd,ON_STREET
44193699,street|b09cd32f54cd52,ON_STREET
45104453,street|b8d49aa450a9f3,ON_STREET
43321672,street|f8a85bac37a9a8,ON_STREET
44870935,street|c8b7b1f4440cee,ON_STREET
44171872,street|b10f9e10bab83c,ON_STREET
45027560,street|b10f9e10bab83c,ON_STREET
45245637,street|51dd9ab7645dd0,ON_STREET
45266104,street|a59ca09961ce1c,ON_STREET
44483330,street|bd5cde93acb8c8,ON_STREET
44708914,street|f8f550fd0ca3d3,ON_STREET
43797634,street|96eb8b49a62669,ON_STREET
44590405,street|72f2b5953e933b,ON_STREET
45014857,street|2905f541f13cd1,ON_STREET
43959995,street|aea7d247cba18c,ON_STREET
39770672,street|98a7484bd5b3c5,ON_STREET
44331203,street|becdf4f9b5b310,ON_STREET
45244830,street|5d6767e2ba6648,ON_STREET
43682719,street|c6781ca3382769,ON_STREET
44133946,street|68c33f99a32b5c,ON_STREET
44526324,street|7e0293e943289d,ON_STREET
45042172,street|8093432e785d65,ON_STREET
44290256,street|a99456ea0988f0,ON_STREET
44732031,street|656b026492be5c,ON_STREET
45165004,street|6e7c613f0d3fa1,ON_STREET
45265733,street|56fcfc53fe7cb9,ON_STREET
44468549,street|6b39bdc144e78e,ON_STREET
44456588,street|729b523ecc3eeb,ON_STREET
45084822,street|a59ca09961ce1c,ON_STREET
44730914,street|c3d2cf08ae6a13,ON_STREET
44888200,street|c8b7b1f4440cee,ON_STREET
43537623,street|b09cd32f54cd52,ON_STREET
45254034,street|556c8fd027091d,ON_STREET
44048727,street|a59ca09961ce1c,ON_STREET
45248206,street|a44775afc082a2,ON_STREET
45032480,street|256461351c0cb8,ON_STREET
45250823,street|b09cd32f54cd52,ON_STREET
44713493,street|381cc7f3f84eac,ON_STREET
44397902,street|4890f609aa55fd,ON_STREET
45209742,street|38ed0e34566522,ON_STREET
45222670__2,street|4890f609aa55fd,ON_STREET
43247491,street|556c8fd027091d,ON_STREET
41321808,street|aed349d41fb569,ON_STREET
45248655,street|68c33f99a32b5c,ON_STREET
43436120,street|f8a85bac37a9a8,ON_STREET
45153972,street|c90e57cfc53de8,ON_STREET
45110391,street|729b523ecc3eeb,ON_STREET
44284175,street|4890f609aa55fd,ON_STREET
44350831,street|b09cd32f54cd52,ON_STREET
44843875,street|603750550d4a13,ON_STREET
45088647,street|6d406da9acb58c,ON_STREET
43403469,street|bbd247461aab0a,ON_STREET
44791321,street|bd5cde93acb8c8,ON_STREET
44286055,street|4890f609aa55fd,ON_STREET
44043317,street|72f2b5953e933b,ON_STREET
45056277,street|a99456ea0988f0,ON_STREET
44729361,street|f8a85bac37a9a8,ON_STREET
44288363,street|a59ca09961ce1c,ON_STREET
44283417,street|4890f609aa55fd,ON_STREET
43572439,street|a59ca09961ce1c,ON_STREET
45257289,street|56fcfc53fe7cb9,ON_STREET
43716231,street|4890f609aa55fd,ON_STREET
45261874,street|d055a25dec0080,ON_STREET
44077565,street|b09cd32f54cd52,ON_STREET
43569738,street|b09cd32f54cd52,ON_STREET
44034581,street|b09cd32f54cd52,ON_STREET
45262776,street|603750550d4a13,ON_STREET
44881140,street|f7f83d04d896f3,ON_STREET
45263106,street|3369a385ee1731,ON_STREET
45263202,street|3369a385ee1731,ON_STREET
43492362,street|a59ca09961ce1c,ON_STREET
44073845,street|b09cd32f54cd52,ON_STREET
43478669,street|a59ca09961ce1c,ON_STREET
44872651,street|4890f609aa55fd,ON_STREET
43692251,street|b09cd32f54cd52,ON_STREET
43693290,street|b09cd32f54cd52,ON_STREET
45081962,street|6d406da9acb58c,ON_STREET
43284841,street|a59ca09961ce1c,ON_STREET
42521719,street|db427a7e6c1ddb,ON_STREET
45040477,street|256461351c0cb8,ON_STREET
44049181,street|a99456ea0988f0,ON_STREET
44781792,street|68c33f99a32b5c,ON_STREET
44781667,street|68c33f99a32b5c,ON_STREET
44400867,street|ce2f24e7f96b4f,ON_STREET
44880200,street|603750550d4a13,ON_STREET
44762845,street|603750550d4a13,ON_STREET
45162231,street|603750550d4a13,ON_STREET
44864335,street|603750550d4a13,ON_STREET
44948688,street|603750550d4a13,ON_STREET
44897223,street|603750550d4a13,ON_STREET
44729464,street|68c33f99a32b5c,ON_STREET
45040570,street|256461351c0cb8,ON_STREET
44282741,street|a59ca09961ce1c,ON_STREET
44239561,street|f8a85bac37a9a8,ON_STREET
45148629,street|5daf8dc513c05c,ON_STREET
45237880,street|182baca72d1337,ON_STREET
45165437,street|6e7c613f0d3fa1,ON_STREET
43211541,street|c773d6bc42285e,ON_STREET
44210257,street|72f2b5953e933b,ON_STREET
43452836,street|72f2b5953e933b,ON_STREET
44273779,street|98a7484bd5b3c5,ON_STREET
44484541,street|98a7484bd5b3c5,ON_STREET
44657659,street|5a0ae90a8c49e4,ON_STREET
44656554,street|e492cdf2b44221,ON_STREET
45199130,street|55f22e31cd030b,ON_STREET
43927551,street|f12396010c72b1,ON_STREET
44586268,street|a56899529dc99e,ON_STREET
36221753,street|1bee6b12deebc2,ON_STREET
40340780,street|5daf8dc513c05c,ON_STREET
44825273,street|43f7cdf0349cd3,ON_STREET
43849134,street|ce2f24e7f96b4f,ON_STREET
44731068,street|f8a85bac37a9a8,ON_STREET
43344418,street|a59ca09961ce1c,ON_STREET
43572792,street|a59ca09961ce1c,ON_STREET
44922077,street|9482ac50ca0b39,ON_STREET
44957828,street|603750550d4a13,ON_STREET
43202640,street|f8a85bac37a9a8,ON_STREET
43696637,street|a59ca09961ce1c,ON_STREET
45017137,street|603750550d4a13,ON_STREET
45194899,street|603750550d4a13,ON_STREET
45235813,street|603750550d4a13,ON_STREET
43963943,street|90ca215192c672,ON_STREET
45100589,street|61bfac4bf52607,ON_STREET
42218073,street|556c8fd027091d,ON_STREET
44753361,street|603750550d4a13,ON_STREET
44863961,street|603750550d4a13,ON_STREET
45057652,street|c8b7b1f4440cee,ON_STREET
45186771,street|02cd4266381ff9,ON_STREET
44781956,street|e0089213b2f69c,ON_STREET
45247231,street|e0089213b2f69c,ON_STREET
44596035,street|5b23305be72f13,ON_STREET
44729161,street|169bb03339d82b,ON_STREET
44568353,street|a56899529dc99e,ON_STREET
44530340,street|b10f9e10bab83c,ON_STREET
43481818,street|aea7d247cba18c,ON_STREET
45245632,street|489909a8f87f5b,ON_STREET
44956559,street|3369a385ee1731,ON_STREET
45244476,street|b3a90a060f1033,ON_STREET
45106401,street|38ed0e34566522,ON_STREET
43652465,street|a7e8aa2cbb0d12,ON_STREET
44199099,street|a7e8aa2cbb0d12,ON_STREET
45132364,street|db427a7e6c1ddb,ON_STREET
45063282,street|b85c806091a880,ON_STREET
45244194,street|3f4472053338e0,ON_STREET
45240822,street|a44775afc082a2,ON_STREET
43605480,street|d092ee0458f49f,ON_STREET
45025864,street|37d90a43c37c19,ON_STREET
45240735,street|15620ccd5b694e,ON_STREET
44715266,street|3369a385ee1731,ON_STREET
44016214,street|d456e9533f38a1,ON_STREET
44690504,street|453a78461c2ebc,ON_STREET
44877318,street|6085b51e2a66f3,ON_STREET
44840033,street|c8b7b1f4440cee,ON_STREET
43940956,street|2905f541f13cd1,ON_STREET
45173212,street|ce2f24e7f96b4f,ON_STREET
44130737,street|b09cd32f54cd52,ON_STREET
45229622,street|f8f550fd0ca3d3,ON_STREET
44464667,street|a59ca09961ce1c,ON_STREET
44870654,street|2905f541f13cd1,ON_STREET
43146761,street|78b2f0dae049fc,ON_STREET
43768536,street|a59ca09961ce1c,ON_STREET
43161489,street|5b23305be72f13,ON_STREET
45187377,street|2443b398354f29,ON_STREET
45240205,street|489909a8f87f5b,ON_STREET
43756300,street|c126e67734dbd6,ON_STREET
44816319,street|c126e67734dbd6,ON_STREET
43748419,street|c126e67734dbd6,ON_STREET
45229939,street|3cda3f0562a70c,ON_STREET
43693887,street|b09cd32f54cd52,ON_STREET
44700316,street|556c8fd027091d,ON_STREET
44815299,street|603750550d4a13,ON_STREET
44516802,street|c90e57cfc53de8,ON_STREET
44464713,street|c90e57cfc53de8,ON_STREET
44740670,street|f8a85bac37a9a8,ON_STREET
44723700,street|3ea587298be297,ON_STREET
45032566,street|c90e57cfc53de8,ON_STREET
34061984,street|c90e57cfc53de8,ON_STREET
43203408,street|72f2b5953e933b,ON_STREET
45014980,street|fd5977f46fa117,ON_STREET
45016308,street|c3d2cf08ae6a13,ON_STREET
44659061,street|db427a7e6c1ddb,ON_STREET
45235201,street|a59ca09961ce1c,ON_STREET
45236710,street|603750550d4a13,ON_STREET
45236270,street|603750550d4a13,ON_STREET
43548457,street|c773d6bc42285e,ON_STREET
45234636,street|6e7c613f0d3fa1,ON_STREET
45234641,street|006ac862599335,ON_STREET
43228481,street|6a67623914af16,ON_STREET
40990762,street|c90e57cfc53de8,ON_STREET
45196185,street|69a7204c5d5951,ON_STREET
45155260,street|69a7204c5d5951,ON_STREET
45222811,street|86a42d6b78e761,ON_STREET
44887604,street|40ac31a66d07ee,ON_STREET
43779678,street|b09cd32f54cd52,ON_STREET
44143992,street|f8a85bac37a9a8,ON_STREET
45010170,street|603750550d4a13,ON_STREET
44532012,street|b09cd32f54cd52,ON_STREET
43863458,street|4890f609aa55fd,ON_STREET
43874379,street|4890f609aa55fd,ON_STREET
45039157,street|a59ca09961ce1c,ON_STREET
43725380,street|a59ca09961ce1c,ON_STREET
44531634,street|d0b91d5e15efb6,ON_STREET
44241249,street|f8a85bac37a9a8,ON_STREET
45229457,street|603750550d4a13,ON_STREET
45151230,street|61bfac4bf52607,ON_STREET
44841772,street|603750550d4a13,ON_STREET
44845848,street|603750550d4a13,ON_STREET
45197810,street|b31d666025d10f,ON_STREET
45081807,street|6d406da9acb58c,ON_STREET
45210622,street|ebfeb698c3776a,ON_STREET
45228435,street|b09cd32f54cd52,ON_STREET
44450031,street|39d6660b281ad8,ON_STREET
44596902,street|e0089213b2f69c,ON_STREET
43284831,street|a59ca09961ce1c,ON_STREET
45138926,street|f8a85bac37a9a8,ON_STREET
45057690,street|a59ca09961ce1c,ON_STREET
44482148,street|6b39bdc144e78e,ON_STREET
45227501,street|e0089213b2f69c,ON_STREET
44137008,street|c90e57cfc53de8,ON_STREET
42091112,street|1d10d51f1df62b,ON_STREET
44714707,street|f8a85bac37a9a8,ON_STREET
45223376,street|5d1d21b654f238,ON_STREET
45202954,street|f175466c794ede,ON_STREET
44894510,street|d8d69c333a2efa,ON_STREET
45202949,street|f175466c794ede,ON_STREET
44552020,street|39d6660b281ad8,ON_STREET
45202945,street|f175466c794ede,ON_STREET
44849133,street|603750550d4a13,ON_STREET
45175379,street|55f22e31cd030b,ON_STREET
44150180,street|556c8fd027091d,ON_STREET
43845012,street|b09cd32f54cd52,ON_STREET
44967290,street|d0b91d5e15efb6,ON_STREET
43513035,street|556c8fd027091d,ON_STREET
45059343,street|e0089213b2f69c,ON_STREET
44404341,street|a59ca09961ce1c,ON_STREET
44404628,street|a59ca09961ce1c,ON_STREET
44697172,street|56fcfc53fe7cb9,ON_STREET
44406217,street|4890f609aa55fd,ON_STREET
44404468,street|a59ca09961ce1c,ON_STREET
45019830,street|c34edd180c1a68,ON_STREET
44403119,street|f8a85bac37a9a8,ON_STREET
45189689,street|55f22e31cd030b,ON_STREET
45220208,street|6e0717f89b8e86,ON_STREET
45135899,street|449c5c57500d0b,ON_STREET
45007050,street|fd5977f46fa117,ON_STREET
44742649,street|55f22e31cd030b,ON_STREET
44466821,street|adae8d3ff7067a,ON_STREET
44709669,street|5b23305be72f13,ON_STREET
45137809,street|449c5c57500d0b,ON_STREET
44256714,street|bf1dc48f3ca5b0,ON_STREET
43827262,street|cf4c6452ff699e,ON_STREET
44186833,street|a71afc09375467,ON_STREET
45110563,street|5b23305be72f13,ON_STREET
44416135,street|aea7d247cba18c,ON_STREET
44742828,street|c4d38555b485b2,ON_STREET
43284851,street|4890f609aa55fd,ON_STREET
43825788,street|a59ca09961ce1c,ON_STREET
45219753,street|4890f609aa55fd,ON_STREET
45219725,street|f8a85bac37a9a8,ON_STREET
45219182,street|f8a85bac37a9a8,ON_STREET
43839734,street|0d2f69e00a6eb5,ON_STREET
45217838,street|603750550d4a13,ON_STREET
44018090,street|88a8a431d27919,ON_STREET
45216684,street|68c33f99a32b5c,ON_STREET
45217453,street|a7e8aa2cbb0d12,ON_STREET
45209882,street|83f05b17719dc7,ON_STREET
44794760,street|17807d4369bf1c,ON_STREET
43999966,street|f8a85bac37a9a8,ON_STREET
44416443,street|55f22e31cd030b,ON_STREET
44400338,street|ce2f24e7f96b4f,ON_STREET
45080633,street|0990b31e29a8c9,ON_STREET
43688714,street|68c33f99a32b5c,ON_STREET
45073124,street|d055a25dec0080,ON_STREET
45042196,street|48f19b0874661e,ON_STREET
44432528,street|6b39bdc144e78e,ON_STREET
43733254,street|4890f609aa55fd,ON_STREET
44398352,street|fd5977f46fa117,ON_STREET
45212694,street|b09cd32f54cd52,ON_STREET
44085752,street|163b06040eb1ff,ON_STREET
44992114,street|05c8876c1014fd,ON_STREET
45209379,street|f8f550fd0ca3d3,ON_STREET
45212351,street|1f513a7ed76ebc,ON_STREET
44878181,street|68c33f99a32b5c,ON_STREET
45211123,street|603750550d4a13,ON_STREET
45211193,street|603750550d4a13,ON_STREET
45040159,street|1a9ba0b2d39c10,ON_STREET
45040121,street|1a9ba0b2d39c10,ON_STREET
45210408,street|603750550d4a13,ON_STREET
45043852,street|b10f9e10bab83c,ON_STREET
45040043,street|1a9ba0b2d39c10,ON_STREET
43880424,street|4890f609aa55fd,ON_STREET
44986315,street|0d2f69e00a6eb5,ON_STREET
44186979,street|2905f541f13cd1,ON_STREET
45210229,street|603750550d4a13,ON_STREET
44976878,street|c8b7b1f4440cee,ON_STREET
43349917,street|d0b91d5e15efb6,ON_STREET
44466982,street|72c988a2842892,ON_STREET
45206979,street|3cda3f0562a70c,ON_STREET
45207061,street|f8f550fd0ca3d3,ON_STREET
44673234,street|74b5ef97220171,ON_STREET
44482077,street|88a8a431d27919,ON_STREET
45183463,street|b31d666025d10f,ON_STREET
44939217,street|169bb03339d82b,ON_STREET
45189772,street|83f05b17719dc7,ON_STREET
43830855,street|40ac31a66d07ee,ON_STREET
45197190,street|1a7578ebeeafc0,ON_STREET
44786591,street|d8d69c333a2efa,ON_STREET
44757351,street|6085b51e2a66f3,ON_STREET
44202944,street|567895ac2ab9dd,ON_STREET
44984489,street|8093432e785d65,ON_STREET
44910889,street|6085b51e2a66f3,ON_STREET
45023942,street|a59ca09961ce1c,ON_STREET
44634121,street|d35ec6efd08d26,ON_STREET
43537036,street|d0b91d5e15efb6,ON_STREET
45184650,street|43f7cdf0349cd3,ON_STREET
44077990,street|0d2f69e00a6eb5,ON_STREET
45070787,street|006ac862599335,ON_STREET
44834862,street|88a8a431d27919,ON_STREET
44796007,street|d0b91d5e15efb6,ON_STREET
44957726,street|98a7484bd5b3c5,ON_STREET
44238591,street|b09cd32f54cd52,ON_STREET
44482740,street|2905f541f13cd1,ON_STREET
44755067,street|a59ca09961ce1c,ON_STREET
42023574,street|bbd247461aab0a,ON_STREET
40503273,street|1bee6b12deebc2,ON_STREET
44006156,street|4890f609aa55fd,ON_STREET
45153043,street|c34edd180c1a68,ON_STREET
43927670,street|96c66273914795,ON_STREET
45067704,street|6085b51e2a66f3,ON_STREET
44770429,street|8093432e785d65,ON_STREET
45195327,street|02cd4266381ff9,ON_STREET
44783081,street|603750550d4a13,ON_STREET
44880023,street|603750550d4a13,ON_STREET
45186016,street|1f513a7ed76ebc,ON_STREET
45058996,street|a44775afc082a2,ON_STREET
44623291,street|ebfeb698c3776a,ON_STREET
44985017,street|603750550d4a13,ON_STREET
45017298,street|603750550d4a13,ON_STREET
45015767,street|575ddfe6b440c6,ON_STREET
44897529,street|603750550d4a13,ON_STREET
44957970,street|603750550d4a13,ON_STREET
45112600,street|55f22e31cd030b,ON_STREET
45011469,street|ce2f24e7f96b4f,ON_STREET
45188961,street|293e6b6537dd0d,ON_STREET
44557949,street|72f2b5953e933b,ON_STREET
44375534,street|72f2b5953e933b,ON_STREET
45148799,street|bebd3613015bc2,ON_STREET
45055698,street|e331370630dd35,ON_STREET
44136516,street|68c33f99a32b5c,ON_STREET
44617962,street|fe343da3213e55,ON_STREET
45077493,street|293e6b6537dd0d,ON_STREET
45157429,street|f8a85bac37a9a8,ON_STREET
43339881,street|f8a85bac37a9a8,ON_STREET
45100152,street|449c5c57500d0b,ON_STREET
45060924,street|58bd88119b4d4a,ON_STREET
45100513,street|656b026492be5c,ON_STREET
45100628,street|c03d522a90bf84,ON_STREET
45096630,street|074f5206abcf94,ON_STREET
45056608,street|f204a2d69ec368,ON_STREET
45102262,street|a99456ea0988f0,ON_STREET
44805963,street|8093432e785d65,ON_STREET
45084852,street|006ac862599335,ON_STREET
44464018,street|4890f609aa55fd,ON_STREET
44719109,street|f8a85bac37a9a8,ON_STREET
44632413,street|b09cd32f54cd52,ON_STREET
45186848,street|006ac862599335,ON_STREET
44224180,street|a99456ea0988f0,ON_STREET
44456711,street|15da66f479a908,ON_STREET
44050394,street|a99456ea0988f0,ON_STREET
45155376,street|c24f03f446ef4c,ON_STREET
45078531,street|d055a25dec0080,ON_STREET
43716508,street|4890f609aa55fd,ON_STREET
43411750,street|3f2c61be91d0ca,ON_STREET
44626653,street|d0b91d5e15efb6,ON_STREET
45179775,street|c34edd180c1a68,ON_STREET
45175567,street|69a7204c5d5951,ON_STREET
45177611,street|69a7204c5d5951,ON_STREET
44847526,street|b09cd32f54cd52,ON_STREET
44424655,street|5e6407c36d8b7f,ON_STREET
44762062,street|384fa587bf107c,ON_STREET
45133806,street|f175466c794ede,ON_STREET
45133822,street|f175466c794ede,ON_STREET
45017788,street|575ddfe6b440c6,ON_STREET
44585453,street|4890f609aa55fd,ON_STREET
44453924,street|a59ca09961ce1c,ON_STREET
43926137,street|87814b12db1b9a,ON_STREET
45172791,street|d1c906d47a908a,ON_STREET
44892271,street|53a8dac14079a6,ON_STREET
45102937,street|37d90a43c37c19,ON_STREET
45095425,street|3724dea8abfff3,ON_STREET
45095507,street|9c80cc1ef9866d,ON_STREET
44706860,street|86754cd3b45c0a,ON_STREET
45171887,street|c441867d7dc366,ON_STREET
45172117,street|6e7c613f0d3fa1,ON_STREET
45171910,street|69a7204c5d5951,ON_STREET
45171934,street|69a7204c5d5951,ON_STREET
44631355,street|4890f609aa55fd,ON_STREET
43715977,street|a59ca09961ce1c,ON_STREET
45055545,street|f175466c794ede,ON_STREET
44427897,street|1a9ba0b2d39c10,ON_STREET
44422861,street|d0b91d5e15efb6,ON_STREET
44046077,street|d0b91d5e15efb6,ON_STREET
43551199,street|b09cd32f54cd52,ON_STREET
45084721,street|4890f609aa55fd,ON_STREET
44463660,street|4890f609aa55fd,ON_STREET
43679734,street|a59ca09961ce1c,ON_STREET
43847718,street|b09cd32f54cd52,ON_STREET
44562715,street|0d2f69e00a6eb5,ON_STREET
44023941,street|4890f609aa55fd,ON_STREET
44988147,street|f8a85bac37a9a8,ON_STREET
44843130,street|489909a8f87f5b,ON_STREET
44904039,street|d8d69c333a2efa,ON_STREET
45052937,street|f204a2d69ec368,ON_STREET
44988313,street|f8a85bac37a9a8,ON_STREET
45062392,street|3341d29cabfde2,ON_STREET
44945217,street|37d90a43c37c19,ON_STREET
45072815,street|293e6b6537dd0d,ON_STREET
45061945,street|58bd88119b4d4a,ON_STREET
44050164,street|a99456ea0988f0,ON_STREET
44860566,street|603750550d4a13,ON_STREET
43345644,street|4890f609aa55fd,ON_STREET
45158878,street|6a67623914af16,ON_STREET
45024916,street|b10f9e10bab83c,ON_STREET
45260658__1,street|72dfbd64e423ed,ON_STREET
44910264__1,street|fdbf55ffb00355,ON_STREET
44315816__1,street|507083c06c6b36,ON_STREET
45240187__1,street|e5affe0780a079,ON_STREET
41685836__1,street|298c7833b88e2f,ON_STREET
45176664__1,street|e8c38cdb1d892d,ON_STREET
45257389,street|74579f5d173e40,ON_STREET
45260073,street|c34edd180c1a68,ON_STREET
45221822,street|d2ed8974ff832d,ON_STREET
45118179,street|bf104009fd2deb,ON_STREET
45109833,street|0823098b876f6c,ON_STREET
44762633,street|f142131d78ba39,ON_STREET
45139928,street|e0e4398347f318,ON_STREET
45170694,street|793f79a32b8293,ON_STREET
37920615,street|330ca67afaba1e,ON_STREET
45214509,street|3b767d9f77d896,ON_STREET
45218797,street|08a371ded0dcdd,ON_STREET
45188401,street|acecbc1f44e11d,ON_STREET
45027406,street|7ddedadb473fe8,ON_STREET
42599412,street|fdbf55ffb00355,ON_STREET
45245657,street|34dda05d768f9b,ON_STREET
45266012,street|a99456ea0988f0,ON_STREET
45266829,street|42718b9a8be4a7,ON_STREET
45171748,street|74e5eedd546211,ON_STREET
45234494,street|74a6b698256793,ON_STREET
45251894,street|58c94b7dba09eb,ON_STREET
45138363,street|dbd34e7d9cb690,ON_STREET
45221020,street|c47b64c154bc8e,ON_STREET
45164769,street|094314deac0cb7,ON_STREET
44586946,street|6b39bdc144e78e,ON_STREET
43695382,street|42718b9a8be4a7,ON_STREET
45246408,street|21ac691a88ed72,ON_STREET
42423444,street|182baca72d1337,ON_STREET
45164575,street|47413c42cb36f2,ON_STREET
45233274,street|602664e70049e2,ON_STREET
44945202,street|82ceb0df1cc101,ON_STREET
45233008,street|1b256cde420766,ON_STREET
45170798,street|74b5ef97220171,ON_STREET
45209347,street|b4bdab9328d165,ON_STREET
45232003,street|b8f499758d35bb,ON_STREET
45191674,street|b8268ab5b82a0d,ON_STREET
44960303,street|12c4f4c6767497,ON_STREET
45227137,street|bb50159a4d6187,ON_STREET
44285831,street|1d7115b556063e,ON_STREET
45176118,street|f245142d63ffe8,ON_STREET
44708079,street|a58f98d6254181,ON_STREET
44869380,street|a595cc99fa258f,ON_STREET
44490909,street|7c9a378052468f,ON_STREET
45195893,street|163b06040eb1ff,ON_STREET
44085270,street|74b5ef97220171,ON_STREET
45188258,street|6b1bcee6af155e,ON_STREET
45179572,street|44133a57cdb294,ON_STREET
44391654,street|b8d49aa450a9f3,ON_STREET
43684389,street|0d1f4e04c77c59,ON_STREET
45263166,street|adae8d3ff7067a,ON_STREET
45255723,street|a23d4cee71e757,ON_STREET
43684138,street|c388fe0155f3b8,ON_STREET
45138441,street|6a389005e85c6f,ON_STREET
45180580,street|6bb27b405856d0,ON_STREET
45266795,street|212e34f2bfc01c,ON_STREET
44604418,street|d092ee0458f49f,ON_STREET
45132003,street|92de2566bcb152,ON_STREET
44041038,street|f3af161f224baa,ON_STREET
45271919,street|22ce0bf0e1ffe4,ON_STREET
45268389,street|fbd2b37c998c47,ON_STREET
45250947,street|7b3bd5a1f97620,ON_STREET
45147770,street|1d7115b556063e,ON_STREET
45060998,street|9dda15ea57ebb1,ON_STREET
45257856,street|d6a33fbb583196,ON_STREET
45260658__2,street|72dfbd64e423ed,ON_STREET
44559172,street|9735c23697ecac,ON_STREET
44817698,street|2523e564927667,ON_STREET
44066956,street|e80c444e1968a1,ON_STREET
45236779,street|e04ccfb95d4db9,ON_STREET
44838130,street|aea7d247cba18c,ON_STREET
44624983,street|473c59ed794377,ON_STREET
45075817,street|925b879a765bcd,ON_STREET
45075802,street|726515f00ab6b7,ON_STREET
45019732,street|925b879a765bcd,ON_STREET
44562429,street|f7737c816b8812,ON_STREET
45072577,street|846d539cec4638,ON_STREET
45255747,street|925b879a765bcd,ON_STREET
45236207,street|0182fa65ebcbe8,ON_STREET
45071367,street|1a5f31c1920c1c,ON_STREET
44753008,street|664c0f5be47560,ON_STREET
45231504,street|ab3fe0c5a08be4,ON_STREET
44106049,street|fc5acabe1e0934,ON_STREET
45252747,street|3234d2a954bb3b,ON_STREET
43698090,street|2003c8ea111801,ON_STREET
43775385,street|bb701d701e4b6b,ON_STREET
44574182,street|61bfac4bf52607,ON_STREET
44949894,street|507083c06c6b36,ON_STREET
45256206,street|728f2001a3ebfc,ON_STREET
45124344,street|c1d77b5e10fb0d,ON_STREET
44522419,street|60ced8ae5efbb3,ON_STREET
44014157,street|92de2566bcb152,ON_STREET
44963713,street|92de2566bcb152,ON_STREET
45091488,street|94f67e99071a04,ON_STREET
45069226,street|507083c06c6b36,ON_STREET
43533970,street|45b040de388d38,ON_STREET
45214659,street|228db425a8492c,ON_STREET
44427695,street|49d68cbfb7b836,ON_STREET
44934839,street|7cfb869b2015f8,ON_STREET
45085092,street|ef4c231490f410,ON_STREET
44577814,street|de0ef3ae1a15e9,ON_STREET
44935352,street|940f50d7e1703f,ON_STREET
45240798,street|a8c7bd3f885b91,ON_STREET
45111612,street|bf1b19a53f36b8,ON_STREET
44623799,street|1e09c666bc0041,ON_STREET
45261802,street|39c509d789089c,ON_STREET
40679443,street|53a8dac14079a6,ON_STREET
44818877,street|47b06a1463cb8d,ON_STREET
41078865,street|175425eb4015d3,ON_STREET
45143889,street|507083c06c6b36,ON_STREET
39465019,street|507083c06c6b36,ON_STREET
45256332,street|a9b959576ead92,ON_STREET
43862357,street|507083c06c6b36,ON_STREET
45252566,street|d6a33fbb583196,ON_STREET
45255230,street|054d42cd498a51,ON_STREET
44598931,street|507083c06c6b36,ON_STREET
45263425,street|182baca72d1337,ON_STREET
44854353,street|507083c06c6b36,ON_STREET
44953673,street|b8c6685b939fa5,ON_STREET
44341133,street|453a78461c2ebc,ON_STREET
43469104,street|507083c06c6b36,ON_STREET
44759145,street|60ced8ae5efbb3,ON_STREET
45189288,street|fdbf55ffb00355,ON_STREET
45222094,street|846d539cec4638,ON_STREET
45193853,street|d4fbd248134697,ON_STREET
44684469,street|c441867d7dc366,ON_STREET
45272297,street|51d36a5a4d0f75,ON_STREET
45198154,street|822255a85d3130,ON_STREET
45005416,street|453a78461c2ebc,ON_STREET
45246125,street|8d693997569e84,ON_STREET
45103700,street|e9566f47b5ee0f,ON_STREET
44615878,street|520a2729e3cbad,ON_STREET
40970351,street|926deef15de720,ON_STREET
45124613,street|726515f00ab6b7,ON_STREET
44832555,street|c59cf4ea46b6ad,ON_STREET
45190193,street|1c524ab06d13cb,ON_STREET
45190237,street|ec34e12913c53b,ON_STREET
45190476,street|88a8a431d27919,ON_STREET
45266627,street|925b879a765bcd,ON_STREET
44432931,street|5e9cbdcff1df3c,ON_STREET
44532175,street|f36090d41e789a,ON_STREET
45265868,street|054d42cd498a51,ON_STREET
45257511,street|3fa7a92c1d8d30,ON_STREET
45267874,street|c6105f31739999,ON_STREET
43472386,street|932b91a802e562,ON_STREET
45261598,street|9b0bb0a9b8b116,ON_STREET
45271863,street|a24a0e68b8d3e8,ON_STREET
42188831,street|52b5ddea2f9a27,ON_STREET
45239181,street|c5423098739da2,ON_STREET
43888979,street|074f5206abcf94,ON_STREET
44066039,street|52b5ddea2f9a27,ON_STREET
45050264,street|95111019ff79c1,ON_STREET
44990569,street|7c57ec6f01f434,ON_STREET
45235483,street|793f79a32b8293,ON_STREET
45267067,street|eb79d9c0174aa2,ON_STREET
45261487,street|726515f00ab6b7,ON_STREET
43593699,street|ba448534f42616,ON_STREET
44784199,street|03968ce3503d9e,ON_STREET
44744909,street|6e084b50af0247,ON_STREET
45271541,street|92de2566bcb152,ON_STREET
45007611,street|522440c3f37d0c,ON_STREET
45083934,street|b5c12d514a80c9,ON_STREET
45189695,street|eedaab1373c3d6,ON_STREET
45270893,street|bb171da1174a37,ON_STREET
45261561,street|710e435f7c9afd,ON_STREET
45016136,street|1df89c4b9a6e21,ON_STREET
45128430,street|9293b3ccb693cb,ON_STREET
45151591,street|bc579d46c4b33d,ON_STREET
42379055,street|9482ac50ca0b39,ON_STREET
45190446,street|e331370630dd35,ON_STREET
45146834,street|d4a4fcf9415eb3,ON_STREET
45261209,street|b73c55d4cf9fc3,ON_STREET
44443389,street|cb7f20fa2ad729,ON_STREET
45054943,street|dd0a1913763430,ON_STREET
45159682,street|61bfac4bf52607,ON_STREET
43906503,street|e2e4ba2f047ad0,ON_STREET
45270265,street|246a0cb86aa59a,ON_STREET
44150181,street|9e395773f201e8,ON_STREET
45004899,street|f661f9b1a2410b,ON_STREET
45089167,street|be13758b1f68ec,ON_STREET
44153316,street|084694dcd11532,ON_STREET
45261902,street|e09d2306b507f8,ON_STREET
44435880,street|846d539cec4638,ON_STREET
43981180,street|3af62ef4a33a40,ON_STREET
44951460,street|dc17efb1356d81,ON_STREET
44942944,street|e83edd16808200,ON_STREET
45258990,street|29d24d9043fb41,ON_STREET
45232770,street|e331370630dd35,ON_STREET
43832511,street|e0089213b2f69c,ON_STREET
45262066,street|908b7b8744df37,ON_STREET
45064702,street|d6cb744a5da8b0,ON_STREET
44335025,street|05b88c577a4530,ON_STREET
43775873,street|40a740cae21142,ON_STREET
44965701,street|86754cd3b45c0a,ON_STREET
43172287,street|c59cf4ea46b6ad,ON_STREET
44222475,street|deefa2ec0b8254,ON_STREET
42806581,street|cd68a2119e18d6,ON_STREET
43467650,street|a58f98d6254181,ON_STREET
43903589,street|e4af23d6fa4bbe,ON_STREET
43720201,street|2ff7d56e41cb6e,ON_STREET
40901271,street|7d94a19341dc66,ON_STREET
45083831,street|b5c12d514a80c9,ON_STREET
45247724,street|22ce0bf0e1ffe4,ON_STREET
43238341,street|e4af23d6fa4bbe,ON_STREET
42527051,street|7d94a19341dc66,ON_STREET
44140279,street|e4af23d6fa4bbe,ON_STREET
43931812,street|2f3928153106df,ON_STREET
43376549,street|eafdc0cac56524,ON_STREET
44825135,street|029cbf98e4d9e0,ON_STREET
44819746,street|1f1e80f34eada5,ON_STREET
43598350,street|e4af23d6fa4bbe,ON_STREET
45231497,street|d6a33fbb583196,ON_STREET
45253348,street|726515f00ab6b7,ON_STREET
44810753,street|68cc3ccebe4c68,ON_STREET
44865186,street|246a0cb86aa59a,ON_STREET
44773630,street|bf0ab45537bb54,ON_STREET
43122633,street|7c800fa3053748,ON_STREET
45241403,street|0d1f4e04c77c59,ON_STREET
45120025,street|a6366d1ab7763e,ON_STREET
45076045,street|7383453a0cacbe,ON_STREET
45261455,street|0911faa762659b,ON_STREET
45261537,street|82034311010299,ON_STREET
45144378,street|89cf155e6f9914,ON_STREET
44089093,street|fb735f6d128805,ON_STREET
43452916,street|e0a94279e79945,ON_STREET
45240198,street|5c787dcc308fe5,ON_STREET
44734340,street|dfbfb95ec3a569,ON_STREET
44790560,street|341e57b7922898,ON_STREET
43419296,street|e2546bcce9284f,ON_STREET
45252887,street|fdbf55ffb00355,ON_STREET
45251312,street|ca0ee6b052bc14,ON_STREET
45038437,street|a162254a8ec389,ON_STREET
44522452,street|fb735f6d128805,ON_STREET
44593189,street|9b0bb0a9b8b116,ON_STREET
45071210,street|8b1f3144435c27,ON_STREET
45270087,street|9e41324b63eca7,ON_STREET
45097287,street|a413d01b0037bd,ON_STREET
45260967,street|0911faa762659b,ON_STREET
43786316,street|6f3340f9156861,ON_STREET
45189282,street|c333be045cf86b,ON_STREET
44958409,street|7c800fa3053748,ON_STREET
45249483,street|daa9a2c650f19d,ON_STREET
45189864,street|82034311010299,ON_STREET
41753098,street|298c7833b88e2f,ON_STREET
44618700,street|6f7b048c754c30,ON_STREET
42045091,street|3d0c4e14c5c6cd,ON_STREET
45138568,street|0d1f4e04c77c59,ON_STREET
42666931,street|563a535f4b4c5c,ON_STREET
44945238,street|92de2566bcb152,ON_STREET
45246198,street|56fcfc53fe7cb9,ON_STREET
45238136,street|3b767d9f77d896,ON_STREET
45256356,street|83e97be122d518,ON_STREET
45262999,street|e83edd16808200,ON_STREET
44763347,street|b5c12d514a80c9,ON_STREET
45247385,street|9bac795d90eecf,ON_STREET
45220146,street|199a23815b3cc1,ON_STREET
45220153,street|f509aa3baf0360,ON_STREET
45189051,street|66bdf7e31adb7f,ON_STREET
43398089,street|29d24d9043fb41,ON_STREET
45265594,street|006ac862599335,ON_STREET
44962033,street|84134917dfb31a,ON_STREET
44871367,street|bc5cc3b63c4287,ON_STREET
44018332,street|1f1e80f34eada5,ON_STREET
43789474,street|fdbf55ffb00355,ON_STREET
44931890,street|7c800fa3053748,ON_STREET
44772974,street|ffcaa36df186bc,ON_STREET
45251495,street|ecd524a86e58f8,ON_STREET
45265586,street|82793a70e8a070,ON_STREET
45229877,street|46beeb65d2a4de,ON_STREET
45228729,street|e2b65cefd9a1e4,ON_STREET
45224442,street|46beeb65d2a4de,ON_STREET
44893195,street|c37a8549338e3a,ON_STREET
44823131,street|2943e7d2117002,ON_STREET
43900696,street|eafdc0cac56524,ON_STREET
43517731,street|163b06040eb1ff,ON_STREET
44960399,street|6d647eaa330ae0,ON_STREET
44634511,street|3422eebc89e300,ON_STREET
44826909,street|f7f83d04d896f3,ON_STREET
45178137,street|d8fe8c6fc2a2a7,ON_STREET
45270308,street|5e70b635a29ab9,ON_STREET
44877964,street|d2ed8974ff832d,ON_STREET
45223747,street|5b593af7cbf64e,ON_STREET
45251169,street|12ebb5bb2ce9d9,ON_STREET
45243923,street|9545f44010a89f,ON_STREET
45206703,street|aadedd18eff5d2,ON_STREET
45206360,street|aadedd18eff5d2,ON_STREET
45263608,street|ba448534f42616,ON_STREET
44829409,street|92de2566bcb152,ON_STREET
44687572,street|dd10ad818f0032,ON_STREET
45007564,street|aa75403840213a,ON_STREET
44046412,street|3914b94fd68e32,ON_STREET
44751278,street|358aa576dfd920,ON_STREET
45191822,street|29d24d9043fb41,ON_STREET
45259017,street|de675116395a5a,ON_STREET
45155867,street|ef4c231490f410,ON_STREET
45260350,street|3d0c4e14c5c6cd,ON_STREET
45252083,street|deefa2ec0b8254,ON_STREET
44837428,street|94aa686a1f2bf1,ON_STREET
44812725,street|f2dde35db927c2,ON_STREET
45247851,street|194b7e6fd59510,ON_STREET
45265219,street|c4b851ee53ae81,ON_STREET
41002296,street|0d23b229b2a954,ON_STREET
45167074,street|52d8c3a92c47e9,ON_STREET
40484691,street|7db047b8596246,ON_STREET
45266745,street|c64b9b327ed74f,ON_STREET
45265897,street|3234d2a954bb3b,ON_STREET
45257827,street|96c66273914795,ON_STREET
42886620,street|94b8e0a41dcbb5,ON_STREET
45140058,street|6f0d783a434d22,ON_STREET
44718946,street|182baca72d1337,ON_STREET
44964591,street|0d1f4e04c77c59,ON_STREET
45075183,street|d6a33fbb583196,ON_STREET
45181136,street|e15557bac26932,ON_STREET
44468892,street|4ae823a8131042,ON_STREET
41212871,street|088b0cacffb082,ON_STREET
45259507,street|61bffe6a2a5f5d,ON_STREET
44226284,street|fb735f6d128805,ON_STREET
45255987,street|d9d117288d475c,ON_STREET
45259007,street|d6a33fbb583196,ON_STREET
44935139,street|445e2195a9982e,ON_STREET
45134992,street|41cd4daa1a87e5,ON_STREET
44261451,street|9b0bb0a9b8b116,ON_STREET
45148623,street|383d4712028863,ON_STREET
45065540,street|6d29b3ac8bcac5,ON_STREET
43821501,street|fb735f6d128805,ON_STREET
44712145,street|bd1a4d93d1ca99,ON_STREET
45264215,street|db8e3643469703,ON_STREET
45096611,street|c17d4968b9906b,ON_STREET
45269471,street|29e9bb264b9e65,ON_STREET
44756621,street|cb69dbb48551f4,ON_STREET
45197239,street|22ce0bf0e1ffe4,ON_STREET
45253524,street|0bdba5acca4656,ON_STREET
44448600,street|c388fe0155f3b8,ON_STREET
44838709,street|e0a94279e79945,ON_STREET
42298790,street|22c3c076fa77f0,ON_STREET
45052349,street|2e2579b28f6b8e,ON_STREET
42539528,street|7c800fa3053748,ON_STREET
45260718,street|0d1f4e04c77c59,ON_STREET
45269276,street|e1564b8a336fc9,ON_STREET
45265683,street|833ad0bb3a5d87,ON_STREET
44909045,street|a431bcad16fc17,ON_STREET
45268965,street|507083c06c6b36,ON_STREET
43115714,street|469788ebec0958,ON_STREET
45198685,street|12c4f4c6767497,ON_STREET
45054263,street|92de2566bcb152,ON_STREET
39387596,street|693d7c787c89ba,ON_STREET
45125918,street|895cae0ea44dff,ON_STREET
44241399,street|b5c12d514a80c9,ON_STREET
44477261,street|556c8fd027091d,ON_STREET
44597730,street|9b0bb0a9b8b116,ON_STREET
45050256,street|b31d666025d10f,ON_STREET
44570832,street|9b0bb0a9b8b116,ON_STREET
45082533,street|d6a33fbb583196,ON_STREET
44871874,street|9e395773f201e8,ON_STREET
45187163,street|3f4472053338e0,ON_STREET
45201015,street|92de2566bcb152,ON_STREET
45159575,street|507083c06c6b36,ON_STREET
44936128,street|fc0717bf725a73,ON_STREET
45036689,street|b85c806091a880,ON_STREET
44939112,street|228db425a8492c,ON_STREET
44798297,street|56fcfc53fe7cb9,ON_STREET
44242335,street|3cbeb7299c630d,ON_STREET
44053901,street|9ec7db9e9b7542,ON_STREET
43459744,street|deefa2ec0b8254,ON_STREET
43152347,street|36d4dbbb604b9b,ON_STREET
43258837,street|6b39bdc144e78e,ON_STREET
45237993,street|a6a5a1360f448f,ON_STREET
43110040,street|56fcfc53fe7cb9,ON_STREET
44966803,street|fc9b767a58e47f,ON_STREET
44867301,street|9545f44010a89f,ON_STREET
45157460,street|5eb2a2e8c8c590,ON_STREET
44952277,street|e48a722d4b1d42,ON_STREET
45251488,street|5a8732cd365ed8,ON_STREET
45128578,street|507083c06c6b36,ON_STREET
45070876,street|6d2f395af82171,ON_STREET
45253987,street|13899046d47ca9,ON_STREET
44810953,street|a424637c12a87d,ON_STREET
44914549,street|1fbcf88e09836e,ON_STREET
45251420,street|20048b0da4bc0c,ON_STREET
45077787,street|29e9bb264b9e65,ON_STREET
43544584,street|e7c1dd51c18304,ON_STREET
44976353,street|f2fe205ab9ea39,ON_STREET
43612771,street|656b026492be5c,ON_STREET
45237440,street|67e87395745c63,ON_STREET
45139147,street|575ddfe6b440c6,ON_STREET
45256975,street|378552d2025a5a,ON_STREET
45141560,street|56fcfc53fe7cb9,ON_STREET
45154817,street|29e9bb264b9e65,ON_STREET
44953962,street|d0b91d5e15efb6,ON_STREET
44469361,street|a59ca09961ce1c,ON_STREET
44994255,street|2b65fcf836fedc,ON_STREET
45264351,street|d6a33fbb583196,ON_STREET
45259731,street|433c7b3275dc61,ON_STREET
45183606,street|58c94b7dba09eb,ON_STREET
45265156,street|6997d29786fe3d,ON_STREET
45056721,street|7b8a5a0bd396d0,ON_STREET
44334211,street|92de2566bcb152,ON_STREET
45162550,street|f2fb5693486e1e,ON_STREET
45222776,street|605a4cc47a9b12,ON_STREET
45268380,street|c773d6bc42285e,ON_STREET
45125514,street|507083c06c6b36,ON_STREET
45090623,street|bf1dc48f3ca5b0,ON_STREET
44998731,street|88a8a431d27919,ON_STREET
45256036,street|92de2566bcb152,ON_STREET
44101006,street|3e2f944dc106e0,ON_STREET
44826933,street|89b37976093f31,ON_STREET
45253260,street|ea5c42ef90dd93,ON_STREET
44871995,street|1e09c666bc0041,ON_STREET
45267919,street|61bfac4bf52607,ON_STREET
45256662,street|507083c06c6b36,ON_STREET
45264890,street|8bbe56b2fd23dc,ON_STREET
43411719,street|8c1012fa31da1f,ON_STREET
44952474,street|82793a70e8a070,ON_STREET
45266718,street|bc579d46c4b33d,ON_STREET
45269042,street|8956187ba72587,ON_STREET
44974281,street|fdbf55ffb00355,ON_STREET
45201395,street|9b0bb0a9b8b116,ON_STREET
44146411,street|1d1c6884c83ff5,ON_STREET
45266757,street|d6a33fbb583196,ON_STREET
45259366,street|ea5c42ef90dd93,ON_STREET
43136703,street|6d647eaa330ae0,ON_STREET
44908692,street|b98a9431974346,ON_STREET
44490870,street|df22983f8b026c,ON_STREET
44930313,street|e0a94279e79945,ON_STREET
45269189,street|246a0cb86aa59a,ON_STREET
45058103,street|4797e0f41c5f9e,ON_STREET
45263200,street|2d0af78b58ca9f,ON_STREET
45166701,street|d7233c8af95a4c,ON_STREET
45137052,street|1a2f6e0b3a3156,ON_STREET
45131129,street|94b8e0a41dcbb5,ON_STREET
45126932,street|0d1f4e04c77c59,ON_STREET
45243290,street|18af2b25c52e11,ON_STREET
44925164,street|286d9639bf7147,ON_STREET
45269300,street|78765e8a6f834e,ON_STREET
43662693,street|0ebd5f84ffa1a8,ON_STREET
45169945,street|2d3d9e05a25176,ON_STREET
44867307,street|d6a33fbb583196,ON_STREET
45142630,street|82793a70e8a070,ON_STREET
44971549,street|b84ac389f8f4ab,ON_STREET
45253141,street|507083c06c6b36,ON_STREET
45253417,street|507083c06c6b36,ON_STREET
45257227,street|185d7c8de017dd,ON_STREET
45245534,street|c773d6bc42285e,ON_STREET
45232260,street|fc7dce73407052,ON_STREET
45246980,street|a99456ea0988f0,ON_STREET
41851869,street|846d539cec4638,ON_STREET
42006475,street|298c7833b88e2f,ON_STREET
43554175,street|507083c06c6b36,ON_STREET
44420531,street|507083c06c6b36,ON_STREET
44175755,street|507083c06c6b36,ON_STREET
45108824,street|e331370630dd35,ON_STREET
44959043,street|bd5cde93acb8c8,ON_STREET
44588604,street|a75105dd5ebbad,ON_STREET
44872005,street|e331370630dd35,ON_STREET
43734431,street|153a1243066d9b,ON_STREET
43471444,street|0c60e420e21005,ON_STREET
43683976,street|fb5ab2dcc5e5a6,ON_STREET
45186591,street|4a59c49e8c072a,ON_STREET
43684191,street|86754cd3b45c0a,ON_STREET
42764854,street|e4af23d6fa4bbe,ON_STREET
43676269,street|fb5ab2dcc5e5a6,ON_STREET
44218641,street|543e5cc3e63687,ON_STREET
45265794,street|9e395773f201e8,ON_STREET
39919262,street|e4af23d6fa4bbe,ON_STREET
45025327,street|de675116395a5a,ON_STREET
45025194,street|b4bb8962f732ba,ON_STREET
45024824,street|492319f3419732,ON_STREET
45021580,street|6df622eff35169,ON_STREET
45016800,street|d6a33fbb583196,ON_STREET
43161586,street|deb0eefda17a20,ON_STREET
45250656,street|246a0cb86aa59a,ON_STREET
45074852,street|76a9d356cdd3ec,ON_STREET
45054302,street|3fa7a92c1d8d30,ON_STREET
45263838,street|c2e5f413e8ed45,ON_STREET
45088221,street|7ae7323e2ca607,ON_STREET
45267558,street|82034311010299,ON_STREET
44418681,street|bb50159a4d6187,ON_STREET
44538130,street|5655c998806bf0,ON_STREET
42807823,street|b6c82a56794de0,ON_STREET
45256146,street|5ad89964b7db0d,ON_STREET
43317208,street|c388fe0155f3b8,ON_STREET
45256237,street|ab730eb183662a,ON_STREET
44877579,street|92de2566bcb152,ON_STREET
45211803,street|55220426514715,ON_STREET
45249921,street|e1da2109febf37,ON_STREET
45203010,street|378552d2025a5a,ON_STREET
45158046,street|004027f6b00ee2,ON_STREET
44732090,street|4921ecc9a618d8,ON_STREET
45078115,street|163b06040eb1ff,ON_STREET
45144247,street|054d42cd498a51,ON_STREET
45231927,street|6d647eaa330ae0,ON_STREET
44506557,street|6f3340f9156861,ON_STREET
44597054,street|12c4f4c6767497,ON_STREET
45266775,street|d6a33fbb583196,ON_STREET
42155983,street|aaec6d3815651f,ON_STREET
44125126,street|fb735f6d128805,ON_STREET
45237769,street|74e5eedd546211,ON_STREET
45266517,street|2f65a5c5347149,ON_STREET
45267284,street|e0e4398347f318,ON_STREET
45215573,street|f247f857578ba1,ON_STREET
44743670,street|0db32a9704cf91,ON_STREET
44650774,street|92de2566bcb152,ON_STREET
44947505,street|92de2566bcb152,ON_STREET
44962142,street|507083c06c6b36,ON_STREET
45241427,street|507083c06c6b36,ON_STREET
44798739,street|9315bc98be2249,ON_STREET
45234228,street|507083c06c6b36,ON_STREET
45240961,street|507083c06c6b36,ON_STREET
45054497,street|507083c06c6b36,ON_STREET
40691400,street|8e77a3db9ffb17,ON_STREET
44477502,street|507083c06c6b36,ON_STREET
44783756,street|507083c06c6b36,ON_STREET
44068847,street|507083c06c6b36,ON_STREET
44870671,street|92de2566bcb152,ON_STREET
44955264,street|507083c06c6b36,ON_STREET
45173815,street|fdbf55ffb00355,ON_STREET
45256244,street|bc7328d74dd78d,ON_STREET
45257726,street|60ced8ae5efbb3,ON_STREET
45256250,street|bd69a4e0c01ea1,ON_STREET
45255223,street|163b06040eb1ff,ON_STREET
44745637,street|358aa576dfd920,ON_STREET
45067608,street|be13758b1f68ec,ON_STREET
44807125,street|2943e7d2117002,ON_STREET
45183992,street|58c94b7dba09eb,ON_STREET
45257346,street|ca0ee6b052bc14,ON_STREET
44578203,street|0d1f4e04c77c59,ON_STREET
45241057,street|e5fc1ec720e5e4,ON_STREET
45128273,street|fdbf55ffb00355,ON_STREET
45233537,street|87f2f498a7fe4e,ON_STREET
45088537,street|0d1f4e04c77c59,ON_STREET
44837561,street|c3c72dd9f32405,ON_STREET
44958250,street|6d647eaa330ae0,ON_STREET
41315903,street|baae44a8ffde8b,ON_STREET
45263812,street|de171950a98d03,ON_STREET
44475272,street|a59ca09961ce1c,ON_STREET
45257711,street|6b3241250d5e58,ON_STREET
45216160,street|1295d800b98577,ON_STREET
44958480,street|fdbf55ffb00355,ON_STREET
45255630,street|238e4308efea1f,ON_STREET
45255392,street|833ad0bb3a5d87,ON_STREET
45258179,street|3fa7a92c1d8d30,ON_STREET
44385645,street|9b0bb0a9b8b116,ON_STREET
45268305,street|c012b4424f1f16,ON_STREET
45268290,street|c2d9b7d86b84f5,ON_STREET
44673778,street|9df7c9041f6a53,ON_STREET
45267186,street|543e5cc3e63687,ON_STREET
44971187,street|9b0bb0a9b8b116,ON_STREET
45255012,street|f50addc99473d3,ON_STREET
44466877,street|90e131f8db3279,ON_STREET
45213093,street|507083c06c6b36,ON_STREET
45260759,street|d960be357e70e8,ON_STREET
44620727,street|e959e40f320024,ON_STREET
45207563,street|d1686819d0db28,ON_STREET
44895620,street|1aa6055299dcf5,ON_STREET
43634809,street|0ebd5f84ffa1a8,ON_STREET
44112412,street|2905f541f13cd1,ON_STREET
44421523,street|92fb68f2b43078,ON_STREET
43981027,street|a942343e895e10,ON_STREET
45267976,street|f113cf2a3c082c,ON_STREET
45068527,street|fdbf55ffb00355,ON_STREET
44430840,street|74e5eedd546211,ON_STREET
44550792,street|9b0bb0a9b8b116,ON_STREET
45166768,street|58c94b7dba09eb,ON_STREET
44635628,street|fb735f6d128805,ON_STREET
44826298,street|d129d0e7eb121c,ON_STREET
45232601,street|1b0cc29ebf0319,ON_STREET
45255721,street|22168270b7f013,ON_STREET
45256231,street|1ea75a55612753,ON_STREET
44378630,street|9b0bb0a9b8b116,ON_STREET
45267208,street|182baca72d1337,ON_STREET
45016734,street|c27254b9ed386e,ON_STREET
44772828,street|dbdf75c2fc337d,ON_STREET
44870510,street|76db5c0217cff3,ON_STREET
45210970,street|a59ca09961ce1c,ON_STREET
42587414,street|507083c06c6b36,ON_STREET
44572247,street|9b0bb0a9b8b116,ON_STREET
45263889,street|554371d49e0486,ON_STREET
45065899,street|a59ca09961ce1c,ON_STREET
45054228,street|507083c06c6b36,ON_STREET
44755193,street|9e95c572471099,ON_STREET
45250288,street|2943e7d2117002,ON_STREET
45263618,street|a8da74c6bcaef0,ON_STREET
44714166,street|3d7c9990754250,ON_STREET
44393683,street|74579f5d173e40,ON_STREET
45176415,street|74e5eedd546211,ON_STREET
45200975,street|bb171da1174a37,ON_STREET
44023375,street|507083c06c6b36,ON_STREET
45169295,street|507083c06c6b36,ON_STREET
44739249,street|92de2566bcb152,ON_STREET
44432789,street|b5b9d124e6779b,ON_STREET
43705497,street|7383453a0cacbe,ON_STREET
45132834,street|0e396a1cfddbe6,ON_STREET
44986073,street|86e4298b6a18bc,ON_STREET
44738219,street|92de2566bcb152,ON_STREET
44558312,street|007e6d2414232e,ON_STREET
44558218,street|75f5d77e359c76,ON_STREET
44523302,street|bc5cc3b63c4287,ON_STREET
44014149,street|92de2566bcb152,ON_STREET
45007922,street|58c94b7dba09eb,ON_STREET
44940395,street|fb735f6d128805,ON_STREET
45248809,street|45947c7db5564e,ON_STREET
45255784,street|29e9bb264b9e65,ON_STREET
40513465,street|92de2566bcb152,ON_STREET
45052563,street|f7f9257eb53cb9,ON_STREET
44961052,street|0120656527c2a8,ON_STREET
45267089,street|e2aadb2e8ada1a,ON_STREET
44455660,street|62d78a92931d66,ON_STREET
45252189,street|b6251fe1298d19,ON_STREET
44745552,street|9f51bb5b3523fe,ON_STREET
45264249,street|0d1f4e04c77c59,ON_STREET
45258521,street|5b23305be72f13,ON_STREET
45251031,street|e2aadb2e8ada1a,ON_STREET
44717979,street|e5affe0780a079,ON_STREET
45268387,street|a99456ea0988f0,ON_STREET
43232221,street|835537f7d0571b,ON_STREET
44920655,street|0d23b229b2a954,ON_STREET
45143438,street|18ae4a175ffe51,ON_STREET
45117201,street|d7233c8af95a4c,ON_STREET
45205679,street|3369a385ee1731,ON_STREET
45250379,street|55fa081b6e2910,ON_STREET
45137354,street|cbfe693e357dc0,ON_STREET
45109121,street|cd56eeb780c4a6,ON_STREET
42177453,street|44133a57cdb294,ON_STREET
45230396,street|9dda15ea57ebb1,ON_STREET
43357553,street|1cf2668ae9d899,ON_STREET
45158956,street|82034311010299,ON_STREET
45158802,street|6fb14f77d2c0d3,ON_STREET
45184555,street|bc579d46c4b33d,ON_STREET
45184505,street|ac6fc5e72408aa,ON_STREET
45184445,street|c47b64c154bc8e,ON_STREET
45025690,street|74b5ef97220171,ON_STREET
45159585,street|7fb7b99645cf13,ON_STREET
45025539,street|908b7b8744df37,ON_STREET
44735546,street|f571de1561fcda,ON_STREET
45196397,street|3f4472053338e0,ON_STREET
43989563,street|212e34f2bfc01c,ON_STREET
44488372,street|f8a62fca5e71a9,ON_STREET
45101997,street|b9fe82788d5117,ON_STREET
45102022,street|0f09420d7582fe,ON_STREET
45137798,street|d3a38740a1f87c,ON_STREET
44348441,street|dd90fd4c2763c8,ON_STREET
45183034,street|3234d2a954bb3b,ON_STREET
45177900,street|c47b64c154bc8e,ON_STREET
44558909,street|656b026492be5c,ON_STREET
45128308,street|c773d6bc42285e,ON_STREET
44909325,street|61bfac4bf52607,ON_STREET
44087696,street|d178c8b4130c4d,ON_STREET
43229879,street|9db2c942c3d972,ON_STREET
43817305,street|6acd62bad0ae54,ON_STREET
45152695,street|fbd2b37c998c47,ON_STREET
40503409,street|a75105dd5ebbad,ON_STREET
43686285,street|75b34b58346493,ON_STREET
45191212,street|b8268ab5b82a0d,ON_STREET
44599657,street|798c173b2e6994,ON_STREET
44326273,street|34b0d55c797310,ON_STREET
45235052,street|a8ee74038c36c7,ON_STREET
45233151,street|c47b64c154bc8e,ON_STREET
45246054,street|96e08d43a0038e,ON_STREET
44947883,street|3387290c1fca8e,ON_STREET
44635188,street|22c3c076fa77f0,ON_STREET
45117835,street|40589dde0896a5,ON_STREET
45213691,street|a8c7bd3f885b91,ON_STREET
44233616,street|e4af23d6fa4bbe,ON_STREET
44797709,street|92de2566bcb152,ON_STREET
41770473,street|298c7833b88e2f,ON_STREET
44797734,street|92de2566bcb152,ON_STREET
43697094,street|507083c06c6b36,ON_STREET
43197023,street|507083c06c6b36,ON_STREET
45119935,street|726515f00ab6b7,ON_STREET
44487580,street|dd2f1240114330,ON_STREET
44901153,street|fb5ab2dcc5e5a6,ON_STREET
43732616,street|3cbeb7299c630d,ON_STREET
45114829,street|163b06040eb1ff,ON_STREET
44959314,street|a44775afc082a2,ON_STREET
44059773,street|9e95c572471099,ON_STREET
45232122,street|054d42cd498a51,ON_STREET
45128667,street|fbc2c3b3fd6e3f,ON_STREET
44819431,street|96edaeba327f89,ON_STREET
44872041,street|726515f00ab6b7,ON_STREET
45047881,street|d2ed8974ff832d,ON_STREET
44713249,street|7d94a19341dc66,ON_STREET
44345057,street|2905f541f13cd1,ON_STREET
44965275,street|e4af23d6fa4bbe,ON_STREET
44966659,street|6df622eff35169,ON_STREET
44620331,street|822255a85d3130,ON_STREET
44690439,street|639ae5fabc9507,ON_STREET
44829093,street|1f1e80f34eada5,ON_STREET
45157462,street|74e5eedd546211,ON_STREET
44913725,street|1f1e80f34eada5,ON_STREET
44445558,street|b700f771537b2d,ON_STREET
44727477,street|12ce94c52d19ac,ON_STREET
44585936,street|c7afcfa62454bf,ON_STREET
45141155,street|e1564b8a336fc9,ON_STREET
44879590,street|0ebd5f84ffa1a8,ON_STREET
45101515,street|c049645f7e07e3,ON_STREET
44793585,street|b344292ab066bc,ON_STREET
45141065,street|fb735f6d128805,ON_STREET
45056889,street|1aa6055299dcf5,ON_STREET
44756981,street|92fb68f2b43078,ON_STREET
44059221,street|6c4a1730b31c6c,ON_STREET
43713934,street|f04d6f15471218,ON_STREET
44372316,street|7c14acbf62b13c,ON_STREET
45127270,street|9ab0ea9c8950a1,ON_STREET
44773246,street|75b34b58346493,ON_STREET
43973754,street|a71a6678a6e4d0,ON_STREET
44531779,street|bb790b85de1a21,ON_STREET
45130115,street|b3281596130769,ON_STREET
45093806,street|7383453a0cacbe,ON_STREET
45237772,street|bc7328d74dd78d,ON_STREET
45239592,street|fdb0d4e52d3f26,ON_STREET
42972398,street|a8ee74038c36c7,ON_STREET
43824759,street|b8f499758d35bb,ON_STREET
44884865,street|40d0c59c2a1466,ON_STREET
44059695,street|9e95c572471099,ON_STREET
43017696,street|552fe81d697831,ON_STREET
44854900,street|db5485ad88f4c9,ON_STREET
44905790,street|fdbf55ffb00355,ON_STREET
45019913,street|9e113275210d4f,ON_STREET
45025478,street|80a14004f10462,ON_STREET
45264187,street|9545f44010a89f,ON_STREET
45160107,street|91db4571ff7df0,ON_STREET
44390382,street|d96dadcd4d886c,ON_STREET
44596070,street|bf1dc48f3ca5b0,ON_STREET
44098771,street|e4af23d6fa4bbe,ON_STREET
45088511,street|e65ae6da2234ab,ON_STREET
44161504,street|98a7484bd5b3c5,ON_STREET
44984143,street|5b066118b43f13,ON_STREET
45186557,street|9a06d3a5b705c1,ON_STREET
41019599,street|44133a57cdb294,ON_STREET
44784242,street|099761beebc0f8,ON_STREET
44487371,street|d178c8b4130c4d,ON_STREET
45010087,street|bf1dc48f3ca5b0,ON_STREET
44460227,street|ac6fc5e72408aa,ON_STREET
44971134,street|0f6a37772581a8,ON_STREET
44884297,street|e83edd16808200,ON_STREET
44754807,street|be13758b1f68ec,ON_STREET
45114937,street|62bcf0a2dd6748,ON_STREET
44992813,street|ed92e32d74ae10,ON_STREET
45137965,street|b81d499e3c7c5b,ON_STREET
44833225,street|22c3c076fa77f0,ON_STREET
45105861,street|a6a5a1360f448f,ON_STREET
45155379,street|e806379a99a824,ON_STREET
45149575,street|c340831943c979,ON_STREET
44963047,street|b8c0846cd936a3,ON_STREET
45140583,street|507083c06c6b36,ON_STREET
45250023,street|d7b6768b709310,ON_STREET
45254655,street|c2225f0e021edb,ON_STREET
45247769,street|862244bf71ef01,ON_STREET
44995869,street|507083c06c6b36,ON_STREET
44652527,street|007816a24c1b9f,ON_STREET
45212157,street|054d42cd498a51,ON_STREET
44389301,street|a433c0c381ed1e,ON_STREET
43928437,street|502c399cb24e65,ON_STREET
45011234,street|728f2001a3ebfc,ON_STREET
45005393,street|355c05741095e4,ON_STREET
43585255,street|86754cd3b45c0a,ON_STREET
44885592,street|507083c06c6b36,ON_STREET
45248570,street|6b1b07dbf587e6,ON_STREET
44812705,street|b5c12d514a80c9,ON_STREET
45250342,street|644af0447c616a,ON_STREET
45254675,street|e45d46d50938d0,ON_STREET
45132591,street|8cbcb7d265ecb4,ON_STREET
45248004,street|d3a38740a1f87c,ON_STREET
44857911,street|0d1f4e04c77c59,ON_STREET
44125406,street|6bd0230e6fb647,ON_STREET
45227685,street|ca86a5ad2e808a,ON_STREET
44973672,street|bf1dc48f3ca5b0,ON_STREET
45237438,street|726515f00ab6b7,ON_STREET
45059567,street|c388fe0155f3b8,ON_STREET
44926293,street|0d23b229b2a954,ON_STREET
44888767,street|f1ead5a6918d30,ON_STREET
45047879,street|e53552fae1ec23,ON_STREET
44959298,street|9e95c572471099,ON_STREET
43900905,street|552fe81d697831,ON_STREET
44807149,street|c2225f0e021edb,ON_STREET
44827098,street|bd5cde93acb8c8,ON_STREET
45025878,street|2c4820407ed488,ON_STREET
44653894,street|9545f44010a89f,ON_STREET
44823393,street|81a49ce913fee0,ON_STREET
44495738,street|9b3742d3321c5c,ON_STREET
43727121,street|88a8a431d27919,ON_STREET
44619715,street|9ab0ea9c8950a1,ON_STREET
45250648,street|726515f00ab6b7,ON_STREET
44713426,street|3b767d9f77d896,ON_STREET
43899485,street|0c60e420e21005,ON_STREET
44689369,street|d0bd8b8ea6c620,ON_STREET
44452047,street|75646597c099ee,ON_STREET
43578966,street|1e0a98cc6e8937,ON_STREET
44605207,street|f04d6f15471218,ON_STREET
45106137,street|0b156c072480b7,ON_STREET
45252017,street|08c622b3fadf24,ON_STREET
43637784,street|e2f481b7a480d0,ON_STREET
43698050,street|a433c0c381ed1e,ON_STREET
45124968,street|651da9e9516824,ON_STREET
44156207,street|9e395773f201e8,ON_STREET
44818736,street|9545f44010a89f,ON_STREET
44935288,street|db427a7e6c1ddb,ON_STREET
44645993,street|0d23b229b2a954,ON_STREET
44334707,street|0ba980773cd10c,ON_STREET
45252025,street|1b0cc29ebf0319,ON_STREET
43937421,street|95db879665a25d,ON_STREET
43588872,street|c7df1da9a5be96,ON_STREET
43857274,street|3824b2bdb2234c,ON_STREET
44488972,street|ec34e12913c53b,ON_STREET
44790683,street|08c622b3fadf24,ON_STREET
45252225,street|aadedd18eff5d2,ON_STREET
45229849,street|ef4c231490f410,ON_STREET
45141247,street|5cd3b61a5ab0d2,ON_STREET
45063348,street|c441867d7dc366,ON_STREET
45109178,street|9316fccc718cb0,ON_STREET
44290797,street|74b5ef97220171,ON_STREET
44997313,street|f9e37f10af1748,ON_STREET
45249096,street|8cccf56abc818c,ON_STREET
45253098,street|4de03d9b6410b5,ON_STREET
44596675,street|0b156c072480b7,ON_STREET
44996895,street|3c052f4faad1b6,ON_STREET
45102762,street|9a06d3a5b705c1,ON_STREET
44187043,street|b1b73e7c0ce418,ON_STREET
45204859,street|20f357fc29b2f4,ON_STREET
42991175,street|aa70ed05de5078,ON_STREET
44957835,street|f27088b2bc980e,ON_STREET
45055915,street|ab3fe0c5a08be4,ON_STREET
45144108,street|d6a33fbb583196,ON_STREET
45140720,street|64f6cd3e9e7a53,ON_STREET
45118442,street|fb5ab2dcc5e5a6,ON_STREET
45055816,street|6bd0230e6fb647,ON_STREET
44508062,street|90d539b8fe0016,ON_STREET
45178550,street|90d539b8fe0016,ON_STREET
45232121,street|25495e276b3b21,ON_STREET
44666611,street|5c9bb24e338e2d,ON_STREET
44821134,street|922687336883cf,ON_STREET
45009349,street|9c34c3a8c1ba5d,ON_STREET
45008472,street|044f795b9b6534,ON_STREET
45246455,street|94cbd7b2a2b662,ON_STREET
43572906,street|c34edd180c1a68,ON_STREET
44880471,street|02b5205b6d9822,ON_STREET
45144416,street|87e4c8485bda3c,ON_STREET
44235703,street|6ab65ae4c65b83,ON_STREET
44733927,street|f6be0217c06df3,ON_STREET
45097499,street|90e131f8db3279,ON_STREET
42513639,street|44133a57cdb294,ON_STREET
44859306,street|163b06040eb1ff,ON_STREET
44887265,street|0d1f4e04c77c59,ON_STREET
44102172,street|e2aadb2e8ada1a,ON_STREET
45159325,street|908b7b8744df37,ON_STREET
45151807,street|dcbc87310129fd,ON_STREET
45152244,street|cc82708de990c6,ON_STREET
45095939,street|c88becbcc1a11c,ON_STREET
45154419,street|3b16de3b0c0bd1,ON_STREET
45084742,street|3af6236e8cfe7b,ON_STREET
45101930,street|3af6236e8cfe7b,ON_STREET
45152823,street|3af6236e8cfe7b,ON_STREET
44971824,street|3b16de3b0c0bd1,ON_STREET
44960061,street|43caf75719bc76,ON_STREET
44996009,street|b2f2839bbf1849,ON_STREET
44998073,street|b2f2839bbf1849,ON_STREET
43503286,street|728f2001a3ebfc,ON_STREET
45248754,street|6576e2984436d9,ON_STREET
44855737,street|37d90a43c37c19,ON_STREET
45249634,street|238e4308efea1f,ON_STREET
45143569,street|b85c806091a880,ON_STREET
45151295,street|61bffe6a2a5f5d,ON_STREET
45020016,street|8093432e785d65,ON_STREET
45155645,street|61bffe6a2a5f5d,ON_STREET
45164175,street|879743601c81d7,ON_STREET
45054905,street|b98a9431974346,ON_STREET
44441867,street|4a1829e07f2165,ON_STREET
45156037,street|b98a9431974346,ON_STREET
45128189,street|fdbf55ffb00355,ON_STREET
45136662,street|ea5c42ef90dd93,ON_STREET
45075295,street|0d1f4e04c77c59,ON_STREET
44009956,street|74b5ef97220171,ON_STREET
44489869,street|92de2566bcb152,ON_STREET
44010041,street|526b4e7428d409,ON_STREET
44832652,street|2d0a83fe719bd3,ON_STREET
44899155,street|d57cf08179faf8,ON_STREET
43900461,street|b81227929f2170,ON_STREET
44156256,street|92de2566bcb152,ON_STREET
44340134,street|507083c06c6b36,ON_STREET
44790440,street|c8b7b1f4440cee,ON_STREET
44714315,street|a71afc09375467,ON_STREET
44954044,street|bc5cc3b63c4287,ON_STREET
43900366,street|a59ca09961ce1c,ON_STREET
43496938,street|c024f5b4dbd53f,ON_STREET
45196417,street|bc579d46c4b33d,ON_STREET
44359769,street|e83edd16808200,ON_STREET
45197057,street|6b39bdc144e78e,ON_STREET
43873781,street|e45d46d50938d0,ON_STREET
45197430,street|56fcfc53fe7cb9,ON_STREET
45178935,street|5d4b29a0064adc,ON_STREET
44995879,street|6d3b2cf14a4ad1,ON_STREET
43942031,street|adae8d3ff7067a,ON_STREET
45107836,street|b5983b1a40d9e8,ON_STREET
44923306,street|dddc928be64fb3,ON_STREET
45097170,street|a466a3f83f76bf,ON_STREET
45125769,street|74b5ef97220171,ON_STREET
44529715,street|575ddfe6b440c6,ON_STREET
45023000,street|f62e36c43f8846,ON_STREET
45142553,street|76db5c0217cff3,ON_STREET
45189213,street|eedaab1373c3d6,ON_STREET
45238334,street|8315ee0a25c3a8,ON_STREET
44629805,street|6d29b3ac8bcac5,ON_STREET
44786778,street|cd68a2119e18d6,ON_STREET
44742848,street|fb5ab2dcc5e5a6,ON_STREET
44786880,street|cd68a2119e18d6,ON_STREET
45130272,street|cdcbdf071d8be8,ON_STREET
45240894,street|8b1f3144435c27,ON_STREET
45101549,street|a413d01b0037bd,ON_STREET
45074990,street|621d9f92f17f8e,ON_STREET
45101591,street|872a735822dc69,ON_STREET
44526452,street|a413d01b0037bd,ON_STREET
45202806,street|433c7b3275dc61,ON_STREET
40489660,street|7e8bbffaa49fb0,ON_STREET
44616036,street|f007d1d519f583,ON_STREET
44624437,street|9482ac50ca0b39,ON_STREET
45104256,street|194b7e6fd59510,ON_STREET
44840966,street|b8d42624e987b0,ON_STREET
45204788,street|c4c9f11de0170d,ON_STREET
45093376,street|e492cdf2b44221,ON_STREET
45229984,street|0d1f4e04c77c59,ON_STREET
44440058,street|61bfac4bf52607,ON_STREET
45233856,street|d3ba8af6964866,ON_STREET
44186994,street|61bfac4bf52607,ON_STREET
45232672,street|fdbf55ffb00355,ON_STREET
44511198,street|e83edd16808200,ON_STREET
43813634,street|0d1f4e04c77c59,ON_STREET
43113947,street|22ce0bf0e1ffe4,ON_STREET
45144302,street|9e95c572471099,ON_STREET
45246442,street|e2aadb2e8ada1a,ON_STREET
45247355,street|5bcfb20cf34d6b,ON_STREET
45237954,street|d7a60e73467915,ON_STREET
45247316,street|925b879a765bcd,ON_STREET
45220098,street|9ab0ea9c8950a1,ON_STREET
45171086,street|cc3cfffb9651de,ON_STREET
45230039,street|26673b3aa17f3d,ON_STREET
45204910,street|bd5cde93acb8c8,ON_STREET
45247172,street|925b879a765bcd,ON_STREET
44740495,street|9a320101084181,ON_STREET
44418456,street|793f79a32b8293,ON_STREET
44910264__2,street|fdbf55ffb00355,ON_STREET
44397207,street|a966eeb717f957,ON_STREET
45121026,street|728f2001a3ebfc,ON_STREET
45144226,street|35c58ff27ca4f1,ON_STREET
43499957,street|ceab58fccf4097,ON_STREET
44995636,street|351637e1c9dc48,ON_STREET
44954094,street|8bbe56b2fd23dc,ON_STREET
45108854,street|3d0c4e14c5c6cd,ON_STREET
44066576,street|507083c06c6b36,ON_STREET
45244387,street|1e09c666bc0041,ON_STREET
44886954,street|38860a1b9eabb9,ON_STREET
45247040,street|3c297639571927,ON_STREET
45133836,street|d6a33fbb583196,ON_STREET
44315816__2,street|507083c06c6b36,ON_STREET
42180154,street|db0861b626f000,ON_STREET
45247303,street|92de2566bcb152,ON_STREET
45219816,street|8f4317e66e7a61,ON_STREET
44954267,street|deefa2ec0b8254,ON_STREET
44621409,street|61bfac4bf52607,ON_STREET
45088499,street|507083c06c6b36,ON_STREET
44348188,street|507083c06c6b36,ON_STREET
44640984,street|577565b0e1e61e,ON_STREET
45246086,street|73fe3cb0b9e8d1,ON_STREET
45093839,street|cc086369204ce8,ON_STREET
44881508,street|cd68a2119e18d6,ON_STREET
45245678,street|b98a9431974346,ON_STREET
45118036,street|02ef629cebb04d,ON_STREET
44732699,street|eafdc0cac56524,ON_STREET
45246006,street|12ce94c52d19ac,ON_STREET
44842280,street|1b0cc29ebf0319,ON_STREET
42235197,street|e0089213b2f69c,ON_STREET
44694186,street|49d68cbfb7b836,ON_STREET
45245743,street|017e7e66f1d738,ON_STREET
44426090,street|cc3cfffb9651de,ON_STREET
45065862,street|9e7b441a22606f,ON_STREET
44732057,street|bc2f0f6bca8384,ON_STREET
45246152,street|b345dc20df5c7e,ON_STREET
45240187__2,street|e5affe0780a079,ON_STREET
44881518,street|be612371a7d71f,ON_STREET
44543331,street|21b136c9923758,ON_STREET
45118041,street|a34726189bfd92,ON_STREET
45205916,street|433c7b3275dc61,ON_STREET
45242102,street|955f69ffbff265,ON_STREET
45093729,street|9082ab78273c55,ON_STREET
44994529,street|726515f00ab6b7,ON_STREET
44730405,street|392279df3aedbd,ON_STREET
45243471,street|0ba980773cd10c,ON_STREET
45244632,street|a466a3f83f76bf,ON_STREET
45243957,street|9bac795d90eecf,ON_STREET
45240083,street|798c173b2e6994,ON_STREET
44538856,street|94cbd7b2a2b662,ON_STREET
41641818,street|a4e4ab54d59f6a,ON_STREET
45152520,street|3ca75f869383a7,ON_STREET
45245900,street|3ca75f869383a7,ON_STREET
45244754,street|37997a8f910e83,ON_STREET
45240240,street|1b0cc29ebf0319,ON_STREET
43955966,street|90d539b8fe0016,ON_STREET
45174323,street|90d539b8fe0016,ON_STREET
45020835,street|b98a9431974346,ON_STREET
45245437,street|21ca3f596a2988,ON_STREET
45111083,street|8ecfb9d02e5ff8,ON_STREET
45190792,street|246a0cb86aa59a,ON_STREET
45244640,street|9293b3ccb693cb,ON_STREET
45245193,street|925b879a765bcd,ON_STREET
45174425,street|04a885f47d0517,ON_STREET
45195213,street|eedaab1373c3d6,ON_STREET
45161542,street|502698af6d0376,ON_STREET
45240385,street|22fe67caeda438,ON_STREET
44833424,street|da7b153e1ab988,ON_STREET
45005604,street|56fcfc53fe7cb9,ON_STREET
45236756,street|c007e75bf2f3fc,ON_STREET
45231699,street|8c1012fa31da1f,ON_STREET
45140536,street|f254e5c1aeabed,ON_STREET
44668641,street|bcc56176355d79,ON_STREET
44932247,street|bf7331eb5e2683,ON_STREET
45241889,street|77ff53eb647c3d,ON_STREET
40626546,street|2d4dcc2f2dfd68,ON_STREET
45242724,street|4423ba9230601d,ON_STREET
44244182,street|611f1752b127a6,ON_STREET
43173312,street|563a535f4b4c5c,ON_STREET
45026281,street|2f8a4dd33396b2,ON_STREET
45058266,street|aff4f0c06a4647,ON_STREET
45235440,street|db0d00078e9b7b,ON_STREET
45244241,street|5e70b635a29ab9,ON_STREET
44890833,street|3326d4dac33580,ON_STREET
45215996,street|a3af6d27574c77,ON_STREET
45243708,street|5b7316bb821f3f,ON_STREET
44648582,street|7e8bbffaa49fb0,ON_STREET
45160018,street|be13758b1f68ec,ON_STREET
44428066,street|e331370630dd35,ON_STREET
41358196,street|fb5ab2dcc5e5a6,ON_STREET
45237780,street|60e864051deaef,ON_STREET
45240363,street|f28b559898db6a,ON_STREET
45242594,street|fb5ab2dcc5e5a6,ON_STREET
45207820,street|488a59b328c3ab,ON_STREET
44296142,street|8f47efdc5f349f,ON_STREET
44459429,street|5edc6e4a82746d,ON_STREET
45231780,street|ddf521b1117815,ON_STREET
45222961,street|f113cf2a3c082c,ON_STREET
44487231,street|9545f44010a89f,ON_STREET
45239656,street|deefa2ec0b8254,ON_STREET
45241462,street|925b879a765bcd,ON_STREET
42156226,street|7c800fa3053748,ON_STREET
45242428,street|897d8f8ae8ccb5,ON_STREET
44887491,street|ffb0d41aaea95a,ON_STREET
45241974,street|8315ee0a25c3a8,ON_STREET
45239681,street|37d90a43c37c19,ON_STREET
45230659,street|0d1f4e04c77c59,ON_STREET
45223417,street|6bd0230e6fb647,ON_STREET
44127135,street|edfdac927bcf03,ON_STREET
38237735,street|507083c06c6b36,ON_STREET
45054518,street|66e9884f9fd21f,ON_STREET
36834013,street|507083c06c6b36,ON_STREET
37178168,street|507083c06c6b36,ON_STREET
43751182,street|6d29b3ac8bcac5,ON_STREET
44648382,street|7e8bbffaa49fb0,ON_STREET
44417445,street|2126960969f713,ON_STREET
44655376,street|1088984b92cf72,ON_STREET
45076615,street|0d23b229b2a954,ON_STREET
44382702,street|bb171da1174a37,ON_STREET
43015737,street|8692fcaa590631,ON_STREET
44091096,street|a59ca09961ce1c,ON_STREET
44786304,street|79aff9d5fe8a85,ON_STREET
42159430,street|e4af23d6fa4bbe,ON_STREET
44351675,street|768b53b9fa553f,ON_STREET
43716412,street|f7ecfc0c648d18,ON_STREET
45104556,street|a6cce37437e169,ON_STREET
44897311,street|02c978ede2c39f,ON_STREET
42956794,street|b87e1fc6587fd9,ON_STREET
44368428,street|fb5ab2dcc5e5a6,ON_STREET
43377808,street|bfa39e64dcfb83,ON_STREET
44827162,street|2e2579b28f6b8e,ON_STREET
42850213,street|9be6e6b8f99e34,ON_STREET
44041170,street|49d68cbfb7b836,ON_STREET
44733999,street|f6be0217c06df3,ON_STREET
40018547,street|552fe81d697831,ON_STREET
42687922,street|163b06040eb1ff,ON_STREET
44905888,street|1b0cc29ebf0319,ON_STREET
44041264,street|fb889c73c16177,ON_STREET
45206386,street|c79b567ac98daa,ON_STREET
44716797,street|925b879a765bcd,ON_STREET
45176450,street|f9072f356e51ca,ON_STREET
45144435,street|a3584376cc0a8b,ON_STREET
44615822,street|e331370630dd35,ON_STREET
44669242,street|60ced8ae5efbb3,ON_STREET
44915368,street|fed9690b624c95,ON_STREET
45112879,street|d6a33fbb583196,ON_STREET
45125747,street|fb5ab2dcc5e5a6,ON_STREET
44624881,street|1bdc8599841978,ON_STREET
44915344,street|15a189de8486b1,ON_STREET
43100236,street|2d4dcc2f2dfd68,ON_STREET
45206027,street|b4bb8962f732ba,ON_STREET
45087480,street|618df60debb3ae,ON_STREET
45077780,street|f481976c16959e,ON_STREET
45081886,street|3b16de3b0c0bd1,ON_STREET
45128056,street|6d2f395af82171,ON_STREET
45146527,street|142aaa4c6553e8,ON_STREET
45229568,street|b2c2b632dd468d,ON_STREET
45059852,street|e53552fae1ec23,ON_STREET
44775591,street|86754cd3b45c0a,ON_STREET
44620918,street|aef66eaa87e57a,ON_STREET
45210238,street|f7737c816b8812,ON_STREET
45201082,street|23bcf140a7a93c,ON_STREET
44820662,street|7c2ccb95a701dc,ON_STREET
45102993,street|c2dad9020366d3,ON_STREET
44945981,street|0d8995909c7e5d,ON_STREET
45104283,street|47b516e68ffa13,ON_STREET
45160333,street|728f2001a3ebfc,ON_STREET
45157309,street|0b156c072480b7,ON_STREET
44398073,street|ac26955f7b0dd1,ON_STREET
44804549,street|c98809d6510926,ON_STREET
44830541,street|94cbd7b2a2b662,ON_STREET
45114495,street|c007e75bf2f3fc,ON_STREET
45154879,street|60e864051deaef,ON_STREET
44746209,street|846d539cec4638,ON_STREET
44891727,street|81f46e6aea6309,ON_STREET
44959037,street|cbfe693e357dc0,ON_STREET
44878017,street|143109baf530de,ON_STREET
42182617,street|d53d0026972b5a,ON_STREET
45005790,street|577565b0e1e61e,ON_STREET
44942882,street|0d8995909c7e5d,ON_STREET
45240681,street|fc4ede48629175,ON_STREET
45163698,street|a8ee74038c36c7,ON_STREET
44835622,street|5c92c8c487c229,ON_STREET
45085966,street|b81d499e3c7c5b,ON_STREET
45043941,street|74579f5d173e40,ON_STREET
45238048,street|ed0d67c0f96715,ON_STREET
45236792,street|33c8b1b422d469,ON_STREET
45104084,street|ec8d795d35d3c0,ON_STREET
45240745,street|52ba34028443b7,ON_STREET
45221402,street|c4bff55114df27,ON_STREET
45233688,street|2b65fcf836fedc,ON_STREET
45202146,street|cd56eeb780c4a6,ON_STREET
44841956,street|507083c06c6b36,ON_STREET
44912644,street|298c7833b88e2f,ON_STREET
44857859,street|507083c06c6b36,ON_STREET
45157792,street|ea5c42ef90dd93,ON_STREET
45010057,street|507083c06c6b36,ON_STREET
44990934,street|61bfac4bf52607,ON_STREET
45056553,street|92de2566bcb152,ON_STREET
44854998,street|0d1f4e04c77c59,ON_STREET
45215331,street|1ef61b50196d7f,ON_STREET
44881676,street|0d1f4e04c77c59,ON_STREET
44907937,street|0d1f4e04c77c59,ON_STREET
45035345,street|3ca75f869383a7,ON_STREET
44922460,street|92de2566bcb152,ON_STREET
45222316,street|3ca75f869383a7,ON_STREET
45025939,street|de0fc9cc4b8ffd,ON_STREET
44233376,street|4b682015fb8908,ON_STREET
43903476,street|577565b0e1e61e,ON_STREET
45204163,street|c7f257f7b2bcd3,ON_STREET
45240090,street|070a49526f7633,ON_STREET
45215597,street|fb5ab2dcc5e5a6,ON_STREET
45104897,street|0d1f4e04c77c59,ON_STREET
45239064,street|9860a41052e85c,ON_STREET
45239402,street|ed92e32d74ae10,ON_STREET
44515581,street|1ff44d09b75dc9,ON_STREET
45163492,street|762ff884135b95,ON_STREET
43216915,street|9e395773f201e8,ON_STREET
45016818,street|82e969b9fc0842,ON_STREET
45047466,street|82e969b9fc0842,ON_STREET
45128479,street|cbfe693e357dc0,ON_STREET
41491999,street|c6bb56fcc7853b,ON_STREET
44554063,street|e5affe0780a079,ON_STREET
45194730,street|2b2d09142083d8,ON_STREET
45239247,street|86754cd3b45c0a,ON_STREET
44766246,street|28114df5b81a37,ON_STREET
45238719,street|db0d00078e9b7b,ON_STREET
45099519,street|e5930f218d06e2,ON_STREET
44346982,street|85fe61fd0cf903,ON_STREET
44943702,street|f9e37f10af1748,ON_STREET
45195267,street|6f3340f9156861,ON_STREET
45152166,street|aadedd18eff5d2,ON_STREET
45155061,street|3a0d283afc59b5,ON_STREET
45207213,street|3d0c4e14c5c6cd,ON_STREET
43771765,street|354b268ebc42b8,ON_STREET
45156507,street|b6251fe1298d19,ON_STREET
45236908,street|82793a70e8a070,ON_STREET
45238149,street|b31d666025d10f,ON_STREET
45126351,street|c7df1da9a5be96,ON_STREET
45234835,street|19068142236d88,ON_STREET
44593731,street|768b53b9fa553f,ON_STREET
45099850,street|3d0c4e14c5c6cd,ON_STREET
44271574,street|552fe81d697831,ON_STREET
45237139,street|6b39bdc144e78e,ON_STREET
45237701,street|40d0c59c2a1466,ON_STREET
45046681,street|1763f2a662a058,ON_STREET
43714148,street|40a740cae21142,ON_STREET
43899935,street|4969b574c71d97,ON_STREET
44890363,street|c64b9b327ed74f,ON_STREET
45139954,street|6293edeaec3a0a,ON_STREET
45237121,street|a5520f5c2707e6,ON_STREET
45239086,street|22c3c076fa77f0,ON_STREET
43937374,street|e4af23d6fa4bbe,ON_STREET
44106429,street|e4af23d6fa4bbe,ON_STREET
44408705,street|140f0c01b7c433,ON_STREET
44997886,street|92de2566bcb152,ON_STREET
45039548,street|de675116395a5a,ON_STREET
44842530,street|dd90fd4c2763c8,ON_STREET
45200981,street|0d1f4e04c77c59,ON_STREET
44928352,street|9d17becfbe7908,ON_STREET
42585581,street|e5affe0780a079,ON_STREET
44669387,street|e61a3c64d68fc4,ON_STREET
44723754,street|3584d277864df5,ON_STREET
43482908,street|c34edd180c1a68,ON_STREET
44953993,street|283cfe02d5f669,ON_STREET
45236705,street|507083c06c6b36,ON_STREET
44544650,street|b0590672033d04,ON_STREET
44496308,street|7c9a378052468f,ON_STREET
43485499,street|71b3837e6365b3,ON_STREET
43684811,street|81214a0f179a73,ON_STREET
44566903,street|9e395773f201e8,ON_STREET
45237543,street|e7471d6ee2c335,ON_STREET
44855726,street|d6a33fbb583196,ON_STREET
45201565,street|639ae5fabc9507,ON_STREET
45124957,street|182baca72d1337,ON_STREET
44723894,street|7d94a19341dc66,ON_STREET
44956234,street|ac544761c7e62b,ON_STREET
44587740,street|9b0bb0a9b8b116,ON_STREET
45182811,street|3234d2a954bb3b,ON_STREET
45237194,street|37d90a43c37c19,ON_STREET
45197066,street|ed92e32d74ae10,ON_STREET
45236592,street|34dda05d768f9b,ON_STREET
45237270,street|b8f499758d35bb,ON_STREET
45163490,street|b8ca2c0745144f,ON_STREET
45094268,street|8093432e785d65,ON_STREET
45230780,street|b8f499758d35bb,ON_STREET
45161284,street|e0089213b2f69c,ON_STREET
45236774,street|7708ee5b20b0e7,ON_STREET
44492641,street|94b8e0a41dcbb5,ON_STREET
45204924,street|525910366a5e55,ON_STREET
45236333,street|180763a6d59a33,ON_STREET
45235509,street|0182fa65ebcbe8,ON_STREET
45233717,street|dcf7d44584f8bb,ON_STREET
45197030,street|b050e6d5dc8720,ON_STREET
43552850,street|c59cf4ea46b6ad,ON_STREET
45236404,street|925b879a765bcd,ON_STREET
45046696,street|728f2001a3ebfc,ON_STREET
44243423,street|b8d42624e987b0,ON_STREET
45234974,street|8cccf56abc818c,ON_STREET
44717765,street|cb69dbb48551f4,ON_STREET
45231828,street|fcbe65d1be0f0b,ON_STREET
45235999,street|341e57b7922898,ON_STREET
43552729,street|bd5cde93acb8c8,ON_STREET
45004644,street|28114df5b81a37,ON_STREET
45011337,street|66ec44130efe02,ON_STREET
44607260,street|b84ac389f8f4ab,ON_STREET
45233273,street|004d4a323bb379,ON_STREET
45226530,street|3a0f3594deb6ad,ON_STREET
44955433,street|004d4a323bb379,ON_STREET
45231990,street|22ce0bf0e1ffe4,ON_STREET
45233147,street|5c9bb24e338e2d,ON_STREET
45231422,street|7708ee5b20b0e7,ON_STREET
45231197,street|320e6da9483d7f,ON_STREET
45232540,street|f245142d63ffe8,ON_STREET
45233939,street|22ce0bf0e1ffe4,ON_STREET
45130372,street|82a20582762d62,ON_STREET
45230738,street|b8f499758d35bb,ON_STREET
45233559,street|476f79df0ee21a,ON_STREET
45000212,street|a897270c221607,ON_STREET
45225926,street|320e6da9483d7f,ON_STREET
41316802,street|835537f7d0571b,ON_STREET
44627527,street|fb735f6d128805,ON_STREET
44902908,street|4dfedd23dea62a,ON_STREET
45226241,street|9b0bb0a9b8b116,ON_STREET
44637401,street|dda65557e9c6f3,ON_STREET
44962250,street|a8a795946d4bfa,ON_STREET
45002237,street|728f2001a3ebfc,ON_STREET
45088744,street|d178c8b4130c4d,ON_STREET
44173180,street|c773d6bc42285e,ON_STREET
43632247,street|c773d6bc42285e,ON_STREET
45133082,street|fb5ab2dcc5e5a6,ON_STREET
44768286,street|b98a9431974346,ON_STREET
43845241,street|61bfac4bf52607,ON_STREET
44815609,street|8956187ba72587,ON_STREET
45206831,street|d68019e962d2b0,ON_STREET
44896645,street|575ddfe6b440c6,ON_STREET
45075070,street|c8036a0b85980a,ON_STREET
44030072,street|6044cf5bc6f145,ON_STREET
44932111,street|d0b91d5e15efb6,ON_STREET
45206785,street|435ec9b13ed0b1,ON_STREET
45206609,street|20f357fc29b2f4,ON_STREET
45211253,street|deefa2ec0b8254,ON_STREET
45211849,street|9a37d0981565a6,ON_STREET
45174871,street|0b156c072480b7,ON_STREET
44843357,street|03968ce3503d9e,ON_STREET
45147484,street|2b65fcf836fedc,ON_STREET
44049981,street|8c6c625bb7e513,ON_STREET
44984569,street|c6781ca3382769,ON_STREET
44826534,street|bb790b85de1a21,ON_STREET
45113000,street|f113cf2a3c082c,ON_STREET
45143586,street|142aaa4c6553e8,ON_STREET
41287063,street|672768b25722f1,ON_STREET
45143009,street|abba05f4e26445,ON_STREET
44052208,street|deefa2ec0b8254,ON_STREET
44881404,street|9a37d0981565a6,ON_STREET
45085834,street|2d3d9e05a25176,ON_STREET
45075879,street|ab3fe0c5a08be4,ON_STREET
45104610,street|ab3fe0c5a08be4,ON_STREET
44838922,street|bd5cde93acb8c8,ON_STREET
43400223,street|e0a94279e79945,ON_STREET
44895598,street|0bdba5acca4656,ON_STREET
44723041,street|b4bdab9328d165,ON_STREET
45127331,street|9e41324b63eca7,ON_STREET
45119127,street|e492cdf2b44221,ON_STREET
45079321,street|966d3dd44b87dc,ON_STREET
45099576,street|60ced8ae5efbb3,ON_STREET
45054328,street|966d3dd44b87dc,ON_STREET
45226264,street|6ac6fb375fcce9,ON_STREET
44821503,street|dc17efb1356d81,ON_STREET
45206352,street|adae8d3ff7067a,ON_STREET
44621627,street|c717eb95f3d208,ON_STREET
44366917,street|e2945d871e1abe,ON_STREET
45215285,street|fb5ab2dcc5e5a6,ON_STREET
45022529,street|adabfc729d6f3e,ON_STREET
44693702,street|94b8e0a41dcbb5,ON_STREET
45088747,street|b98a9431974346,ON_STREET
45150988,street|76e31f643c2b70,ON_STREET
45230335,street|9e95c572471099,ON_STREET
45081038,street|32a0cead84ce10,ON_STREET
45228090,street|d227b1e696228a,ON_STREET
45226656,street|bc7328d74dd78d,ON_STREET
44264563,street|b43345e07dcb96,ON_STREET
45179313,street|543e5cc3e63687,ON_STREET
45158022,street|b8f499758d35bb,ON_STREET
45229038,street|74579f5d173e40,ON_STREET
45230794,street|695d5608867c83,ON_STREET
44973410,street|17989bbdfe3d3f,ON_STREET
45229471,street|163b06040eb1ff,ON_STREET
45156333,street|b8f499758d35bb,ON_STREET
44797875,street|92de2566bcb152,ON_STREET
43529769,street|92de2566bcb152,ON_STREET
44350421,street|2feb6352d41830,ON_STREET
45230960,street|5a8732cd365ed8,ON_STREET
44437606,street|0f09420d7582fe,ON_STREET
45160821,street|ec34e12913c53b,ON_STREET
44965768,street|374553c7ff6f75,ON_STREET
43717341,street|c388fe0155f3b8,ON_STREET
45156251,street|618df60debb3ae,ON_STREET
45118404,street|70ca3a79bb63ee,ON_STREET
45004927,street|a1d7a4e62cfbfb,ON_STREET
44974004,street|adae8d3ff7067a,ON_STREET
45158976,street|ca86a5ad2e808a,ON_STREET
45158302,street|21ac691a88ed72,ON_STREET
45230461,street|3ca75f869383a7,ON_STREET
43529622,street|507083c06c6b36,ON_STREET
44732236,street|507083c06c6b36,ON_STREET
45225478,street|e1564b8a336fc9,ON_STREET
44442368,street|75646597c099ee,ON_STREET
45215802,street|fb5ab2dcc5e5a6,ON_STREET
45150425,street|726515f00ab6b7,ON_STREET
44732427,street|44133a57cdb294,ON_STREET
44922562,street|8ef28bd779b785,ON_STREET
45178416,street|543e5cc3e63687,ON_STREET
45215169,street|8ef28bd779b785,ON_STREET
44566729,street|f9e37f10af1748,ON_STREET
41685836__2,street|298c7833b88e2f,ON_STREET
45162505,street|61bfac4bf52607,ON_STREET
45146010,street|44133a57cdb294,ON_STREET
45228207,street|d9d117288d475c,ON_STREET
44731452,street|12c4f4c6767497,ON_STREET
42953705,street|3ceb11a91c1e72,ON_STREET
45230255,street|908b7b8744df37,ON_STREET
45094468,street|c253cc199fceee,ON_STREET
44929100,street|fdbf55ffb00355,ON_STREET
44593015,street|61bfac4bf52607,ON_STREET
45227842,street|bc7328d74dd78d,ON_STREET
44467169,street|507083c06c6b36,ON_STREET
44845982,street|507083c06c6b36,ON_STREET
43614651,street|507083c06c6b36,ON_STREET
44578059,street|0d1f4e04c77c59,ON_STREET
44905121,street|507083c06c6b36,ON_STREET
45193243,street|507083c06c6b36,ON_STREET
45088101,street|507083c06c6b36,ON_STREET
43860470,street|0d1f4e04c77c59,ON_STREET
45186439,street|a8cbdb63463338,ON_STREET
45228050,street|a8cbdb63463338,ON_STREET
45229581,street|62c0a4fca4a104,ON_STREET
45228540,street|1aca22f6cdeb1f,ON_STREET
45161952,street|507083c06c6b36,ON_STREET
43530901,street|822255a85d3130,ON_STREET
43419726,street|95db879665a25d,ON_STREET
44542346,street|94cbd7b2a2b662,ON_STREET
45039085,street|6d647eaa330ae0,ON_STREET
43988683,street|507083c06c6b36,ON_STREET
44837259,street|429967a8922d13,ON_STREET
44704691,street|6f0d783a434d22,ON_STREET
45183074,street|74579f5d173e40,ON_STREET
45228388,street|9e95c572471099,ON_STREET
45025850,street|27461f25e70b2a,ON_STREET
44407311,street|cdcbdf071d8be8,ON_STREET
45194032,street|79aff9d5fe8a85,ON_STREET
45211053,street|cbfe693e357dc0,ON_STREET
45194358,street|9ab0ea9c8950a1,ON_STREET
45078935,street|dab19aba68d60e,ON_STREET
43517747,street|74579f5d173e40,ON_STREET
45172012,street|60ced8ae5efbb3,ON_STREET
44671246,street|f571de1561fcda,ON_STREET
45224019,street|9f4e45f7c0f582,ON_STREET
44970036,street|9dda15ea57ebb1,ON_STREET
45227552,street|61bd06657a5aaf,ON_STREET
45226611,street|15a189de8486b1,ON_STREET
45158883,street|7cfb869b2015f8,ON_STREET
45226878,street|cd68a2119e18d6,ON_STREET
42777274,street|62bf5ac359aaaf,ON_STREET
44670333,street|a1d7a4e62cfbfb,ON_STREET
45223231,street|4376f62e7333f9,ON_STREET
45018689,street|f686263388a558,ON_STREET
45013698,street|2969a50eb8b1b3,ON_STREET
45177905,street|bb171da1174a37,ON_STREET
45226387,street|87e4c8485bda3c,ON_STREET
44827360,street|fa490d3e29097b,ON_STREET
42928021,street|6d29b3ac8bcac5,ON_STREET
44977392,street|34cd0265ed5599,ON_STREET
45216200,street|925b879a765bcd,ON_STREET
45224513,street|91db4571ff7df0,ON_STREET
45220203,street|1ff44d09b75dc9,ON_STREET
44869947,street|7c800fa3053748,ON_STREET
45204718,street|e83edd16808200,ON_STREET
44673808,street|6a389005e85c6f,ON_STREET
45223119,street|ea64eb8d8fe2e1,ON_STREET
45196546,street|4c38ba1627144c,ON_STREET
45224956,street|71c8778e868eb9,ON_STREET
45224841,street|bd5cde93acb8c8,ON_STREET
45225361,street|bbf091672b12fa,ON_STREET
45224284,street|246a0cb86aa59a,ON_STREET
45223173,street|61bfac4bf52607,ON_STREET
45224366,street|c03cd56194ca7c,ON_STREET
45219566,street|726515f00ab6b7,ON_STREET
45223742,street|29e9bb264b9e65,ON_STREET
45189911,street|15a189de8486b1,ON_STREET
45223994,street|cfea776fc2506e,ON_STREET
45223899,street|d7cbb097bd4703,ON_STREET
45210079,street|91db4571ff7df0,ON_STREET
45222624,street|139e4e1ea88429,ON_STREET
45195316,street|433c7b3275dc61,ON_STREET
45188877,street|87e4c8485bda3c,ON_STREET
44944990,street|38c1ef7e33f70d,ON_STREET
45223953,street|19d8c9d52b9f26,ON_STREET
45222354,street|6dfdced78f5f9f,ON_STREET
45222510,street|b85c806091a880,ON_STREET
45224328,street|a1ec8da2ba8b6d,ON_STREET
45190535,street|47b06a1463cb8d,ON_STREET
45224178,street|9e95c572471099,ON_STREET
45192385,street|c03cd56194ca7c,ON_STREET
45223466,street|d57d9c58bd7ac1,ON_STREET
45199308,street|f969743aa1d82a,ON_STREET
44994534,street|456cdb55c7f713,ON_STREET
45009771,street|0c60e420e21005,ON_STREET
45223116,street|5c9bb24e338e2d,ON_STREET
39328171,street|507083c06c6b36,ON_STREET
45061609,street|556c8fd027091d,ON_STREET
45032097,street|d6a33fbb583196,ON_STREET
44126704,street|b5815aa35eccee,ON_STREET
43552916,street|e0a94279e79945,ON_STREET
45051102,street|8d209c27a1a942,ON_STREET
44329060,street|fb735f6d128805,ON_STREET
42104888,street|e331370630dd35,ON_STREET
45083827,street|8b1f3144435c27,ON_STREET
45149696,street|cd56eeb780c4a6,ON_STREET
44773068,street|bd5cde93acb8c8,ON_STREET
45057882,street|79aff9d5fe8a85,ON_STREET
45184381,street|79aff9d5fe8a85,ON_STREET
45158404,street|79aff9d5fe8a85,ON_STREET
44953675,street|c64b9b327ed74f,ON_STREET
45199407,street|8b1f3144435c27,ON_STREET
45197139,street|fa490d3e29097b,ON_STREET
45204762,street|429967a8922d13,ON_STREET
45202785,street|429967a8922d13,ON_STREET
45221695,street|f3b65491e35f63,ON_STREET
45205027,street|1df89c4b9a6e21,ON_STREET
45192019,street|ad959a14a082bb,ON_STREET
45090654,street|81928fcfc41fdf,ON_STREET
44852119,street|507083c06c6b36,ON_STREET
45060455,street|d3a38740a1f87c,ON_STREET
45146331,street|c441867d7dc366,ON_STREET
44945736,street|deefa2ec0b8254,ON_STREET
45066979,street|b1145f25a2568c,ON_STREET
44745929,street|1d1c6884c83ff5,ON_STREET
45158517,street|5b59fea576ac86,ON_STREET
44815225,street|9be6e6b8f99e34,ON_STREET
44492541,street|6f3340f9156861,ON_STREET
44730435,street|deefa2ec0b8254,ON_STREET
45119458,street|a4e4ab54d59f6a,ON_STREET
44886746,street|94cbd7b2a2b662,ON_STREET
45011708,street|aadedd18eff5d2,ON_STREET
45160024,street|f416d524c63ad6,ON_STREET
45080508,street|055805e2b4c6cf,ON_STREET
44307759,street|e0a94279e79945,ON_STREET
45138486,street|fc9b767a58e47f,ON_STREET
43605941,street|628d2c008de8a7,ON_STREET
43639251,street|be1902275d95ca,ON_STREET
44939017,street|044f795b9b6534,ON_STREET
43596772,street|40a740cae21142,ON_STREET
43788665,street|1f1e80f34eada5,ON_STREET
45072572,street|93a9e7fe883539,ON_STREET
42583860,street|e7cf0e7e1921d9,ON_STREET
44549064,street|aadedd18eff5d2,ON_STREET
44805680,street|656b026492be5c,ON_STREET
43272904,street|9db2c942c3d972,ON_STREET
43609282,street|94cbd7b2a2b662,ON_STREET
44751479,street|2c01de6a55bf1c,ON_STREET
45116083,street|3d0c4e14c5c6cd,ON_STREET
44626770,street|75b34b58346493,ON_STREET
45186272,street|cd56eeb780c4a6,ON_STREET
44890005,street|15a189de8486b1,ON_STREET
44927823,street|87a3902b5cf8b9,ON_STREET
45088684,street|054d42cd498a51,ON_STREET
44532538,street|38ed0e34566522,ON_STREET
44522657,street|1c10790d6a2cb7,ON_STREET
45205943,street|8c1012fa31da1f,ON_STREET
44549533,street|50679060214eb3,ON_STREET
42700245,street|a3c4707a777840,ON_STREET
45210106,street|3ca75f869383a7,ON_STREET
45163791,street|91db4571ff7df0,ON_STREET
44564031,street|9b0bb0a9b8b116,ON_STREET
44868771,street|a99456ea0988f0,ON_STREET
45125602,street|1b0cc29ebf0319,ON_STREET
45118111,street|bad1e86750521e,ON_STREET
45221498,street|0d8995909c7e5d,ON_STREET
44959065,street|e105b60a906e08,ON_STREET
45221343,street|3942d53aa37b48,ON_STREET
44502536,street|a1d7a4e62cfbfb,ON_STREET
45099055,street|908b7b8744df37,ON_STREET
44899680,street|d57cf08179faf8,ON_STREET
45194127,street|3f4472053338e0,ON_STREET
45220782,street|793f79a32b8293,ON_STREET
44767187,street|2d0a83fe719bd3,ON_STREET
45196522,street|a5520f5c2707e6,ON_STREET
45220383,street|e83edd16808200,ON_STREET
44454285,street|4b682015fb8908,ON_STREET
45217777,street|908b7b8744df37,ON_STREET
45221253,street|a8a01536387125,ON_STREET
45220106,street|cd68a2119e18d6,ON_STREET
45096390,street|51feff8ef725cb,ON_STREET
44959929,street|e5affe0780a079,ON_STREET
45115875,street|bb171da1174a37,ON_STREET
44456195,street|8a98e3e29879fd,ON_STREET
44200919,street|9b0bb0a9b8b116,ON_STREET
44234452,street|7c800fa3053748,ON_STREET
43011177,street|9860a41052e85c,ON_STREET
43220620,street|1e09c666bc0041,ON_STREET
45197120,street|9860a41052e85c,ON_STREET
42505985,street|9e113275210d4f,ON_STREET
45194190,street|9860a41052e85c,ON_STREET
44777477,street|abf7ac814b95df,ON_STREET
44992654,street|a4e4ab54d59f6a,ON_STREET
44993942,street|212e34f2bfc01c,ON_STREET
45212387,street|27461f25e70b2a,ON_STREET
45220144,street|b2c2b632dd468d,ON_STREET
44026736,street|adae8d3ff7067a,ON_STREET
45113537,street|d57d9c58bd7ac1,ON_STREET
45053231,street|330ba3375f874b,ON_STREET
45081815,street|429967a8922d13,ON_STREET
44113870,street|547512e67330ed,ON_STREET
45217136,street|98e6909bcdd05a,ON_STREET
45215158,street|e806379a99a824,ON_STREET
45217976,street|fb735f6d128805,ON_STREET
44147966,street|6bd0230e6fb647,ON_STREET
44493837,street|75b34b58346493,ON_STREET
45210343,street|9545f44010a89f,ON_STREET
45159288,street|a99456ea0988f0,ON_STREET
44979694,street|3db3b94c476734,ON_STREET
45218089,street|98e6909bcdd05a,ON_STREET
44558555,street|656b026492be5c,ON_STREET
45029262,street|9e194544aa29b5,ON_STREET
44558902,street|d3ab654afc0218,ON_STREET
45218919,street|b0590672033d04,ON_STREET
45210546,street|1f2b12879ab3b3,ON_STREET
45217702,street|2ff71bf8f13e6e,ON_STREET
44999864,street|3b773cda7430d9,ON_STREET
45215592,street|d7233c8af95a4c,ON_STREET
45216538,street|a453d9f2bce70f,ON_STREET
45216887,street|a71a6678a6e4d0,ON_STREET
44900177,street|b700f771537b2d,ON_STREET
45202884,street|29d24d9043fb41,ON_STREET
44216029,street|ec1388cfb787f1,ON_STREET
44707165,street|fcb226f46e2e0e,ON_STREET
44122851,street|d073b77ec12bfc,ON_STREET
45177340,street|27461f25e70b2a,ON_STREET
45218954,street|e7c1dd51c18304,ON_STREET
44609961,street|507083c06c6b36,ON_STREET
45218235,street|e492cdf2b44221,ON_STREET
45218912,street|651da9e9516824,ON_STREET
45217235,street|87814b12db1b9a,ON_STREET
45197650,street|7847dd15d45202,ON_STREET
44538240,street|182baca72d1337,ON_STREET
44640570,street|507083c06c6b36,ON_STREET
45207951,street|433c7b3275dc61,ON_STREET
44607479,street|9b0bb0a9b8b116,ON_STREET
45214116,street|320e6da9483d7f,ON_STREET
45214928,street|0d8995909c7e5d,ON_STREET
44117018,street|c5423098739da2,ON_STREET
45197627,street|cee9071a1a47b3,ON_STREET
44889787,street|9db2c942c3d972,ON_STREET
45214926,street|383d4712028863,ON_STREET
44699370,street|086f817bd39a1e,ON_STREET
45214777,street|246a0cb86aa59a,ON_STREET
44102841,street|61bffe6a2a5f5d,ON_STREET
45160758,street|0683794765faac,ON_STREET
45146401,street|82034311010299,ON_STREET
45109536,street|82034311010299,ON_STREET
45182878,street|cce07031db18df,ON_STREET
45128126,street|3387290c1fca8e,ON_STREET
45112753,street|d6a33fbb583196,ON_STREET
45154072,street|e2aadb2e8ada1a,ON_STREET
45050074,street|6a389005e85c6f,ON_STREET
44806109,street|c5423098739da2,ON_STREET
45059651,street|c441867d7dc366,ON_STREET
44920943,street|92de2566bcb152,ON_STREET
45099274,street|d6a33fbb583196,ON_STREET
44814841,street|ec34e12913c53b,ON_STREET
45036065,street|925b879a765bcd,ON_STREET
45105255,street|0d1f4e04c77c59,ON_STREET
44643381,street|847f92d8a74ee2,ON_STREET
43570256,street|959dd94a37b31a,ON_STREET
44633584,street|507083c06c6b36,ON_STREET
44646439,street|d250dd36beb180,ON_STREET
44427635,street|f3af161f224baa,ON_STREET
45048496,street|9b4dd745ca57ae,ON_STREET
44646136,street|fc5acabe1e0934,ON_STREET
45057486,street|82034311010299,ON_STREET
44979444,street|e9d0fa092dc029,ON_STREET
44918394,street|507083c06c6b36,ON_STREET
43829753,street|054eda949d2cdb,ON_STREET
44904491,street|74b0e064bc8ee6,ON_STREET
45148125,street|f1bebdd1461800,ON_STREET
39078021,street|3ccf92f916ba27,ON_STREET
45121517,street|c5423098739da2,ON_STREET
44850188,street|74b5ef97220171,ON_STREET
45062729,street|77ff53eb647c3d,ON_STREET
44995495,street|bf1dc48f3ca5b0,ON_STREET
45157943,street|cd97b0421331d4,ON_STREET
44905609,street|3db3b94c476734,ON_STREET
44978120,street|cbfe693e357dc0,ON_STREET
45110126,street|27461f25e70b2a,ON_STREET
45194196,street|bf7331eb5e2683,ON_STREET
43102591,street|86754cd3b45c0a,ON_STREET
45019799,street|b5b9d124e6779b,ON_STREET
45073914,street|6d29b3ac8bcac5,ON_STREET
44867479,street|228db425a8492c,ON_STREET
44779145,street|51dd9ab7645dd0,ON_STREET
45150817,street|27461f25e70b2a,ON_STREET
44934807,street|21ac691a88ed72,ON_STREET
45143748,street|079e1cebed0500,ON_STREET
45021271,street|556c8fd027091d,ON_STREET
44766282,street|35d6d4feaa5d26,ON_STREET
45207948,street|f485622bc13a3b,ON_STREET
44858898,street|76a9d356cdd3ec,ON_STREET
45050974,street|e5affe0780a079,ON_STREET
44886440,street|12c4f4c6767497,ON_STREET
45200842,street|e4af23d6fa4bbe,ON_STREET
45209564,street|86754cd3b45c0a,ON_STREET
44372189,street|94b8e0a41dcbb5,ON_STREET
44932665,street|d3a38740a1f87c,ON_STREET
45181110,street|3d0c4e14c5c6cd,ON_STREET
44932544,street|10349bb5884898,ON_STREET
44986783,street|81649f3d0e7785,ON_STREET
44925166,street|507083c06c6b36,ON_STREET
45197397,street|e4af23d6fa4bbe,ON_STREET
45213268,street|0d8995909c7e5d,ON_STREET
44611580,street|6bd0230e6fb647,ON_STREET
45161234,street|fdbf55ffb00355,ON_STREET
45200648,street|dda65557e9c6f3,ON_STREET
45213326,street|0d8995909c7e5d,ON_STREET
43531387,street|f7ecfc0c648d18,ON_STREET
44315206,street|507083c06c6b36,ON_STREET
43989783,street|507083c06c6b36,ON_STREET
45201231,street|0d1f4e04c77c59,ON_STREET
45189941,street|61bfac4bf52607,ON_STREET
43377676,street|ba448534f42616,ON_STREET
44936092,street|502c206129163c,ON_STREET
45161667,street|9e95c572471099,ON_STREET
44242606,street|552fe81d697831,ON_STREET
44222729,street|86754cd3b45c0a,ON_STREET
45211234,street|bf1dc48f3ca5b0,ON_STREET
45080258,street|f245142d63ffe8,ON_STREET
45172741,street|25cb9ae0500d70,ON_STREET
45211836,street|abba05f4e26445,ON_STREET
45206999,street|507083c06c6b36,ON_STREET
44907827,street|163b06040eb1ff,ON_STREET
44665507,street|51dd9ab7645dd0,ON_STREET
44907090,street|925b879a765bcd,ON_STREET
44307723,street|e4af23d6fa4bbe,ON_STREET
45122141,street|fdc6d313bfb985,ON_STREET
45211431,street|0d8995909c7e5d,ON_STREET
44654114,street|3326d4dac33580,ON_STREET
45209086,street|526b4e7428d409,ON_STREET
45147698,street|bf1dc48f3ca5b0,ON_STREET
44524721,street|2126960969f713,ON_STREET
45211771,street|e736d29f6e42a2,ON_STREET
45213303,street|8315ee0a25c3a8,ON_STREET
45209973,street|0d23b229b2a954,ON_STREET
45200898,street|1af4a7b34740ed,ON_STREET
45153903,street|3ea1e3ccc4d094,ON_STREET
45209835,street|fefadf2d0d772a,ON_STREET
44548644,street|5655c998806bf0,ON_STREET
45205900,street|f969743aa1d82a,ON_STREET
45061303,street|5ad89964b7db0d,ON_STREET
45180105,street|897d8f8ae8ccb5,ON_STREET
45175886,street|0823098b876f6c,ON_STREET
45175429,street|75b34b58346493,ON_STREET
44637565,street|dda65557e9c6f3,ON_STREET
45211536,street|298c7833b88e2f,ON_STREET
45212454,street|9e7b441a22606f,ON_STREET
45021898,street|b71ccd8512d086,ON_STREET
44431816,street|fb735f6d128805,ON_STREET
45212565,street|2f8a4dd33396b2,ON_STREET
45101382,street|66e9884f9fd21f,ON_STREET
44973643,street|656b026492be5c,ON_STREET
44926521,street|94cbd7b2a2b662,ON_STREET
45207570,street|1b75ce5a8e476f,ON_STREET
45212198,street|527265f6528fda,ON_STREET
44909092,street|fc4ede48629175,ON_STREET
45160970,street|e83edd16808200,ON_STREET
44392855,street|9545f44010a89f,ON_STREET
45080935,street|0b156c072480b7,ON_STREET
45204210,street|726515f00ab6b7,ON_STREET
45086734,street|1a5f31c1920c1c,ON_STREET
45179980,street|606ba3ba54c888,ON_STREET
45211549,street|d06441e43c23dd,ON_STREET
45016430,street|fdbf55ffb00355,ON_STREET
43691212,street|1e09c666bc0041,ON_STREET
45211035,street|726515f00ab6b7,ON_STREET
44506594,street|f9dd4b182c19a5,ON_STREET
45210609,street|793f79a32b8293,ON_STREET
45019081,street|728f2001a3ebfc,ON_STREET
44945779,street|9b0bb0a9b8b116,ON_STREET
45041250,street|d4a4fcf9415eb3,ON_STREET
45025831,street|e83edd16808200,ON_STREET
42234179,street|7c800fa3053748,ON_STREET
43345599,street|61bffe6a2a5f5d,ON_STREET
45205881,street|0d8995909c7e5d,ON_STREET
45207560,street|e83edd16808200,ON_STREET
45202069,street|d6a33fbb583196,ON_STREET
44972785,street|69884e73d86d08,ON_STREET
45209430,street|8b178d8c34c33d,ON_STREET
45205298,street|a6366d1ab7763e,ON_STREET
45209045,street|5f8ab590642e2a,ON_STREET
45178622,street|16d9a12ae40908,ON_STREET
45205957,street|62bf5ac359aaaf,ON_STREET
45199044,street|2266e908e7a553,ON_STREET
45043691,street|b8f499758d35bb,ON_STREET
45197649,street|1fbbb5e61a0994,ON_STREET
44494201,street|17807d4369bf1c,ON_STREET
44247860,street|d2ed8974ff832d,ON_STREET
45020850,street|41cd4daa1a87e5,ON_STREET
44644396,street|847f92d8a74ee2,ON_STREET
44234870,street|bf1dc48f3ca5b0,ON_STREET
44866741,street|dc17efb1356d81,ON_STREET
42418438,street|c049645f7e07e3,ON_STREET
45196395,street|9ab0ea9c8950a1,ON_STREET
45204741,street|77c5cdccaa8ae3,ON_STREET
44432198,street|c1793d7ab6fb2e,ON_STREET
45207129,street|433c7b3275dc61,ON_STREET
45159337,street|2ff7d56e41cb6e,ON_STREET
44942764,street|d178c8b4130c4d,ON_STREET
45179386,street|e99110dccf3c85,ON_STREET
44962461,street|1fbcf88e09836e,ON_STREET
45179428,street|9e395773f201e8,ON_STREET
45209348,street|a999f02b496794,ON_STREET
45205140,street|2f8a4dd33396b2,ON_STREET
45197605,street|9860a41052e85c,ON_STREET
45200941,street|02c299b770202d,ON_STREET
45201401,street|fb5ab2dcc5e5a6,ON_STREET
45025943,street|40589dde0896a5,ON_STREET
45205934,street|b5b9d124e6779b,ON_STREET
45200912,street|c66fe442d274d4,ON_STREET
45197820,street|d3ba8af6964866,ON_STREET
45207858,street|eafdc0cac56524,ON_STREET
45200970,street|f7737c816b8812,ON_STREET
45199676,street|602cfe390993bc,ON_STREET
44107340,street|fa490d3e29097b,ON_STREET
44999155,street|60ced8ae5efbb3,ON_STREET
45197229,street|aff4f0c06a4647,ON_STREET
45203351,street|d9a869ad46642c,ON_STREET
45204306,street|6c793e3aea32b6,ON_STREET
45200887,street|78805f295fb957,ON_STREET
45025394,street|839f13624b5353,ON_STREET
45188564,street|bd5cde93acb8c8,ON_STREET
45201686,street|fb735f6d128805,ON_STREET
45191977,street|ca86a5ad2e808a,ON_STREET
44942519,street|355c05741095e4,ON_STREET
44872082,street|fb5ab2dcc5e5a6,ON_STREET
45203396,street|45947c7db5564e,ON_STREET
45037137,street|418e5779245e51,ON_STREET
45203198,street|3ca75f869383a7,ON_STREET
45201332,street|bc3aa967779ebb,ON_STREET
45012028,street|0b156c072480b7,ON_STREET
45200102,street|a58f98d6254181,ON_STREET
45204282,street|e82b6777f250f5,ON_STREET
45194838,street|c1d77b5e10fb0d,ON_STREET
44871770,street|b43345e07dcb96,ON_STREET
45197452,street|52a9977998aabf,ON_STREET
45200834,street|12ecff92523fec,ON_STREET
45203152,street|b345dc20df5c7e,ON_STREET
45191353,street|383d4712028863,ON_STREET
44991295,street|cf79c162d0a6dd,ON_STREET
44950030,street|0f09420d7582fe,ON_STREET
45147655,street|dd10ad818f0032,ON_STREET
44598029,street|fb735f6d128805,ON_STREET
45000100,street|908b7b8744df37,ON_STREET
45197594,street|142aaa4c6553e8,ON_STREET
44601914,street|92de2566bcb152,ON_STREET
45188438,street|8ecfb9d02e5ff8,ON_STREET
45146196,street|d4162129a6517c,ON_STREET
43925266,street|d6a33fbb583196,ON_STREET
44198865,street|61bffe6a2a5f5d,ON_STREET
44219885,street|d250dd36beb180,ON_STREET
43827731,street|b81227929f2170,ON_STREET
44881605,street|a5520f5c2707e6,ON_STREET
40799444,street|e2e4ba2f047ad0,ON_STREET
44970677,street|1cf2668ae9d899,ON_STREET
44889916,street|bb701d701e4b6b,ON_STREET
44864665,street|f969743aa1d82a,ON_STREET
45198077,street|d6a33fbb583196,ON_STREET
45204682,street|1a5f31c1920c1c,ON_STREET
44994985,street|bb701d701e4b6b,ON_STREET
44925710,street|c7df1da9a5be96,ON_STREET
44632687,street|4c8977f6e0a937,ON_STREET
45156404,street|a5520f5c2707e6,ON_STREET
45200939,street|d6a33fbb583196,ON_STREET
44995126,street|b5b9d124e6779b,ON_STREET
43847525,street|6ab65ae4c65b83,ON_STREET
45206256,street|1a5f31c1920c1c,ON_STREET
45203024,street|1a5f31c1920c1c,ON_STREET
44904377,street|aadedd18eff5d2,ON_STREET
43550205,street|d6a33fbb583196,ON_STREET
44743191,street|1b0cc29ebf0319,ON_STREET
44977592,street|cbfe693e357dc0,ON_STREET
43158878,street|0d1f4e04c77c59,ON_STREET
44823332,street|b640de9a26053e,ON_STREET
45066544,street|8ccb198184d8ad,ON_STREET
45138082,street|b4301634691c30,ON_STREET
44106841,street|80f2847e03144c,ON_STREET
45159419,street|58c94b7dba09eb,ON_STREET
44694701,street|f7ecfc0c648d18,ON_STREET
44907913,street|cd68a2119e18d6,ON_STREET
45093795,street|dc3c886aaa61a2,ON_STREET
45085394,street|7ddedadb473fe8,ON_STREET
45118395,street|6df622eff35169,ON_STREET
44455775,street|835537f7d0571b,ON_STREET
45188014,street|e5affe0780a079,ON_STREET
45179449,street|7708ee5b20b0e7,ON_STREET
44957948,street|20bfc623e97bdc,ON_STREET
45011206,street|a2c787337ba1c1,ON_STREET
44695109,street|20bfc623e97bdc,ON_STREET
45029669,street|7edf481958a1fb,ON_STREET
44856748,street|66e9884f9fd21f,ON_STREET
42742297,street|66e9884f9fd21f,ON_STREET
44807468,street|1c3ea2491ad967,ON_STREET
45029240,street|d178c8b4130c4d,ON_STREET
45140831,street|2126960969f713,ON_STREET
44927947,street|0f09420d7582fe,ON_STREET
45065182,street|27461f25e70b2a,ON_STREET
44702970,street|03ac3f377191d6,ON_STREET
44532561,street|0cc4234867d181,ON_STREET
45117695,street|b669d2cedacea2,ON_STREET
44646251,street|e4af23d6fa4bbe,ON_STREET
44209474,street|445e2195a9982e,ON_STREET
39547835,street|a9f1e45442c9de,ON_STREET
44760660,street|8c6c625bb7e513,ON_STREET
44110260,street|2905f541f13cd1,ON_STREET
44330887,street|6d2f395af82171,ON_STREET
45145693,street|62d78a92931d66,ON_STREET
45103011,street|c4c9f11de0170d,ON_STREET
44784446,street|2266e908e7a553,ON_STREET
44994501,street|1df89c4b9a6e21,ON_STREET
40194916,street|b4bb8962f732ba,ON_STREET
44921476,street|e0493d7a9cc01e,ON_STREET
45136396,street|130580e076c065,ON_STREET
44518664,street|798c173b2e6994,ON_STREET
45115035,street|87d76fd4cd856d,ON_STREET
44998978,street|92de2566bcb152,ON_STREET
44256277,street|4ee1d556c587fd,ON_STREET
44775602,street|92de2566bcb152,ON_STREET
44767653,street|507083c06c6b36,ON_STREET
44694604,street|6d647eaa330ae0,ON_STREET
45115514,street|29d24d9043fb41,ON_STREET
44779505,street|507083c06c6b36,ON_STREET
44489969,street|1217f7d14a2b65,ON_STREET
45113570,street|e9414576f26a2f,ON_STREET
44102522,street|b4bb8962f732ba,ON_STREET
44960320,street|762ff884135b95,ON_STREET
45019731,street|925b879a765bcd,ON_STREET
44973308,street|728f2001a3ebfc,ON_STREET
45073001,street|2de92042007b02,ON_STREET
44979748,street|1b0cc29ebf0319,ON_STREET
44778893,street|c049645f7e07e3,ON_STREET
44992923,street|d250dd36beb180,ON_STREET
44050057,street|c388fe0155f3b8,ON_STREET
44951818,street|729b523ecc3eeb,ON_STREET
44821275,street|96edaeba327f89,ON_STREET
44866587,street|92de2566bcb152,ON_STREET
44014133,street|92de2566bcb152,ON_STREET
44243862,street|7708ee5b20b0e7,ON_STREET
43866971,street|507083c06c6b36,ON_STREET
45046256,street|56fcfc53fe7cb9,ON_STREET
45182464,street|20aa71fb4841f6,ON_STREET
45096436,street|ed29106b1a940b,ON_STREET
44419144,street|50d662cb6e4a1b,ON_STREET
45112027,street|507083c06c6b36,ON_STREET
44845891,street|507083c06c6b36,ON_STREET
44857952,street|507083c06c6b36,ON_STREET
44281973,street|61bfac4bf52607,ON_STREET
45074461,street|b4e51a905abea6,ON_STREET
45077279,street|0bdba5acca4656,ON_STREET
44693153,street|2695566a5882c0,ON_STREET
45059816,street|69884e73d86d08,ON_STREET
44082194,street|997df04982021b,ON_STREET
45109123,street|bb98a09c638a8f,ON_STREET
45150820,street|36ed88d3cfecc0,ON_STREET
44965051,street|62bf5ac359aaaf,ON_STREET
44628735,street|0da85d4507ecbc,ON_STREET
44870124,street|a23dc0a830a9dd,ON_STREET
45158225,street|156604d2aeb159,ON_STREET
45004726,street|46fc7ae98648d9,ON_STREET
44094490,street|f4a8d665b71b3b,ON_STREET
43504875,street|93a2dd86b961aa,ON_STREET
43381561,street|4401848db6804f,ON_STREET
45107518,street|0d1f4e04c77c59,ON_STREET
45071051,street|43f7cdf0349cd3,ON_STREET
45109871,street|0e7c4cc3a9057e,ON_STREET
45055037,street|556c8fd027091d,ON_STREET
44921021,street|729b523ecc3eeb,ON_STREET
44178154,street|6fed50fe8033a7,ON_STREET
44653498,street|b3281596130769,ON_STREET
44617350,street|dd10ad818f0032,ON_STREET
45005189,street|c6781ca3382769,ON_STREET
44653135,street|9b3742d3321c5c,ON_STREET
45157561,street|b46e5cd88d6a06,ON_STREET
44961717,street|e9d0fa092dc029,ON_STREET
44672339,street|9c80cc1ef9866d,ON_STREET
44765040,street|9860a41052e85c,ON_STREET
45136321,street|5fb8197c95ca4a,ON_STREET
45057883,street|54aaf6f216ae5a,ON_STREET
44827272,street|b8d49aa450a9f3,ON_STREET
44602658,street|9482ac50ca0b39,ON_STREET
45021961,street|56fcfc53fe7cb9,ON_STREET
44806114,street|507083c06c6b36,ON_STREET
45086761,street|e5affe0780a079,ON_STREET
42712261,street|c2dad9020366d3,ON_STREET
44874356,street|e9566f47b5ee0f,ON_STREET
45071789,street|507083c06c6b36,ON_STREET
45046712,street|a3482c2e64ffc2,ON_STREET
45112663,street|c2dad9020366d3,ON_STREET
45111527,street|900b9b7c6fd69d,ON_STREET
44803935,street|65d92e404e4fda,ON_STREET
44462542,street|40fd8801c996f4,ON_STREET
45156885,street|384aa2b4d38e18,ON_STREET
45144385,street|1fc331b9b90436,ON_STREET
45145097,street|b2ce86a2b8ffff,ON_STREET
45140813,street|eedaab1373c3d6,ON_STREET
43667101,street|e4af23d6fa4bbe,ON_STREET
44562367,street|ec34e12913c53b,ON_STREET
44812838,street|d3ab654afc0218,ON_STREET
45144414,street|64b94c4d0722ce,ON_STREET
45159379,street|21ac691a88ed72,ON_STREET
44317577,street|62c533aead6d81,ON_STREET
45061258,street|711860578eef55,ON_STREET
45159535,street|8b29c593a63596,ON_STREET
45159692,street|5b593af7cbf64e,ON_STREET
43427039,street|44133a57cdb294,ON_STREET
44653985,street|bad1e86750521e,ON_STREET
44855742,street|908b7b8744df37,ON_STREET
44868116,street|be81db0328e091,ON_STREET
44568685,street|be9ed4380d4bfd,ON_STREET
45135598,street|b4bb8962f732ba,ON_STREET
45158443,street|02c978ede2c39f,ON_STREET
45137755,street|fefc10a5758010,ON_STREET
45102649,street|0868b298b0c0fb,ON_STREET
45154603,street|05e9a59a3a1610,ON_STREET
45039538,street|e75770a5a6f045,ON_STREET
44770103,street|922687336883cf,ON_STREET
44359327,street|bb790b85de1a21,ON_STREET
43182533,street|906bfdedd90fb9,ON_STREET
45038422,street|378552d2025a5a,ON_STREET
41774490,street|507083c06c6b36,ON_STREET
44604790,street|9a37d0981565a6,ON_STREET
45110527,street|762ff884135b95,ON_STREET
45158919,street|ac26955f7b0dd1,ON_STREET
44958631,street|004027f6b00ee2,ON_STREET
44818037,street|0d8995909c7e5d,ON_STREET
45124350,street|cdcbdf071d8be8,ON_STREET
41866409,street|846d539cec4638,ON_STREET
43756245,street|2943e7d2117002,ON_STREET
44119225,street|507083c06c6b36,ON_STREET
43981506,street|46412b69c94811,ON_STREET
43667257,street|2d4dcc2f2dfd68,ON_STREET
44118622,street|507083c06c6b36,ON_STREET
45115150,street|5ba2eaa78e6be8,ON_STREET
43605274,street|507083c06c6b36,ON_STREET
44326394,street|507083c06c6b36,ON_STREET
44244300,street|ac6fc5e72408aa,ON_STREET
45028627,street|0d1f4e04c77c59,ON_STREET
45158901,street|11afa054ea9816,ON_STREET
45125647,street|246a0cb86aa59a,ON_STREET
44915785,street|c8b002d330f987,ON_STREET
44781986,street|429967a8922d13,ON_STREET
44887471,street|00254e98946ac0,ON_STREET
44728156,street|20f357fc29b2f4,ON_STREET
43851729,street|fc0717bf725a73,ON_STREET
44554823,street|e5affe0780a079,ON_STREET
44552530,street|fb735f6d128805,ON_STREET
43649617,street|deefa2ec0b8254,ON_STREET
44566005,street|bc2f0f6bca8384,ON_STREET
44687019,street|05c8876c1014fd,ON_STREET
44596754,street|b700f771537b2d,ON_STREET
45039093,street|40589dde0896a5,ON_STREET
45189623,street|50b52e68c79dce,ON_STREET
45196467,street|f2b603588027f9,ON_STREET
44994010,street|29d24d9043fb41,ON_STREET
44995391,street|5d2d1ffe342232,ON_STREET
45196514,street|e4af23d6fa4bbe,ON_STREET
44732398,street|d7d74c822a6522,ON_STREET
43797312,street|e4f4415c385f08,ON_STREET
43829084,street|552fe81d697831,ON_STREET
44869986,street|921e46076b766b,ON_STREET
44965534,street|ad5725296b9f0a,ON_STREET
45196346,street|2d3d9e05a25176,ON_STREET
45195564,street|e4af23d6fa4bbe,ON_STREET
44871072,street|f7ecfc0c648d18,ON_STREET
44278606,street|74e5eedd546211,ON_STREET
45196132,street|8313ecb8d7dc2b,ON_STREET
45189133,street|bd3f33904d5361,ON_STREET
44983989,street|e2aadb2e8ada1a,ON_STREET
45073172,street|b3281596130769,ON_STREET
45105953,street|527265f6528fda,ON_STREET
45005291,street|925b879a765bcd,ON_STREET
45136621,street|4f5b4be40ac2d3,ON_STREET
45190029,street|f113cf2a3c082c,ON_STREET
45158736,street|29e9bb264b9e65,ON_STREET
45066800,street|87d5a1b6f759ae,ON_STREET
44972736,street|f1ea81aa5dc701,ON_STREET
45105755,street|0b156c072480b7,ON_STREET
45091598,street|527265f6528fda,ON_STREET
45154503,street|2beaf39bb97ce4,ON_STREET
45190126,street|fdbf55ffb00355,ON_STREET
43941044,street|ab787f053d3423,ON_STREET
44908022,street|552fe81d697831,ON_STREET
44986327,street|c049645f7e07e3,ON_STREET
44908020,street|e4af23d6fa4bbe,ON_STREET
44952217,street|2d0a83fe719bd3,ON_STREET
44573847,street|959dd94a37b31a,ON_STREET
45074986,street|df22983f8b026c,ON_STREET
43493098,street|1aa6055299dcf5,ON_STREET
45100155,street|7e8bbffaa49fb0,ON_STREET
44233647,street|9b0bb0a9b8b116,ON_STREET
45170269,street|aa49e4a3d1f6b7,ON_STREET
44639724,street|79aff9d5fe8a85,ON_STREET
44197096,street|9b0bb0a9b8b116,ON_STREET
45193148,street|fef465f5329a72,ON_STREET
45194695,street|711860578eef55,ON_STREET
42034419,street|9b0bb0a9b8b116,ON_STREET
45195095,street|c1d77b5e10fb0d,ON_STREET
45193938,street|fd67420df13e92,ON_STREET
44229900,street|7c1bc4d3ca09c7,ON_STREET
44755959,street|56fa9c059a0108,ON_STREET
44519047,street|c441867d7dc366,ON_STREET
45193147,street|e0089213b2f69c,ON_STREET
45192813,street|b8f499758d35bb,ON_STREET
44987007,street|b4f18a041afc5e,ON_STREET
45192745,street|819aa641be6eb4,ON_STREET
44961499,street|728f2001a3ebfc,ON_STREET
45173672,street|507083c06c6b36,ON_STREET
44907969,street|879743601c81d7,ON_STREET
45193895,street|1b0cc29ebf0319,ON_STREET
44258163,street|096b377756351e,ON_STREET
44900702,street|8122e57ec19b2b,ON_STREET
44317266,street|be0cebf625fb50,ON_STREET
44234748,street|b71ccd8512d086,ON_STREET
45171095,street|deb0eefda17a20,ON_STREET
44574462,street|4d833330bc2157,ON_STREET
44568568,street|48f19b0874661e,ON_STREET
44309039,street|507083c06c6b36,ON_STREET
45192150,street|7383453a0cacbe,ON_STREET
43981188,street|dcf7d44584f8bb,ON_STREET
44396824,street|193fb0ccda1172,ON_STREET
44510328,street|e5affe0780a079,ON_STREET
44357586,street|b9bc687976d35d,ON_STREET
43257879,street|2feb6352d41830,ON_STREET
44903568,street|798c173b2e6994,ON_STREET
45182658,street|2671051c652122,ON_STREET
45190121,street|fd67420df13e92,ON_STREET
44970216,street|40589dde0896a5,ON_STREET
45189972,street|9e95c572471099,ON_STREET
45190095,street|9ce167a1b39a6c,ON_STREET
45005046,street|fdbf55ffb00355,ON_STREET
43248160,street|0d1f4e04c77c59,ON_STREET
44040604,street|507083c06c6b36,ON_STREET
44974689,street|507083c06c6b36,ON_STREET
45189879,street|906bfdedd90fb9,ON_STREET
45190196,street|b8c0846cd936a3,ON_STREET
44962221,street|5d4b29a0064adc,ON_STREET
44582359,street|507083c06c6b36,ON_STREET
45187396,street|afac4e6c0c196e,ON_STREET
45189306,street|ba2a2bebcc4ae3,ON_STREET
45027581,street|22ce0bf0e1ffe4,ON_STREET
44657233,street|1fbcf88e09836e,ON_STREET
45085955,street|a59ca09961ce1c,ON_STREET
44741333,street|49d9ba6f867f06,ON_STREET
44895602,street|67aa356334b0bd,ON_STREET
44891235,street|ea5c42ef90dd93,ON_STREET
44855408,street|429967a8922d13,ON_STREET
44748663,street|8b1f3144435c27,ON_STREET
43993246,street|0d1f4e04c77c59,ON_STREET
44911250,street|0d1f4e04c77c59,ON_STREET
42962075,street|61bfac4bf52607,ON_STREET
42647679,street|507083c06c6b36,ON_STREET
45035264,street|82e969b9fc0842,ON_STREET
44581794,street|77899e30febe49,ON_STREET
44809050,street|c6781ca3382769,ON_STREET
44809962,street|82034311010299,ON_STREET
44626301,street|d0bd8b8ea6c620,ON_STREET
44237400,street|bb790b85de1a21,ON_STREET
44482212,street|68c33f99a32b5c,ON_STREET
44437333,street|a3af5fad94a545,ON_STREET
45113592,street|d6a33fbb583196,ON_STREET
45114950,street|82034311010299,ON_STREET
45175797,street|088e098ec83bca,ON_STREET
45066515,street|925b879a765bcd,ON_STREET
44296343,street|d9a869ad46642c,ON_STREET
45042578,street|74579f5d173e40,ON_STREET
45147884,street|77c5cdccaa8ae3,ON_STREET
44962765,street|b8268ab5b82a0d,ON_STREET
45182940,street|341e57b7922898,ON_STREET
45177634,street|ad959a14a082bb,ON_STREET
45185315,street|cb395efff72e29,ON_STREET
45180546,street|8b1f3144435c27,ON_STREET
43486829,street|b58c05d82e912b,ON_STREET
44356263,street|61bfac4bf52607,ON_STREET
45064811,street|d073b77ec12bfc,ON_STREET
44407762,street|b8f499758d35bb,ON_STREET
44804938,street|6d29b3ac8bcac5,ON_STREET
44761704,street|bc5cc3b63c4287,ON_STREET
45134738,street|64f6cd3e9e7a53,ON_STREET
45028711,street|3db3b94c476734,ON_STREET
44718891,street|507083c06c6b36,ON_STREET
45187744,street|163b06040eb1ff,ON_STREET
44530689,street|6d086eda3d5163,ON_STREET
42847003,street|526b4e7428d409,ON_STREET
44795201,street|6b39bdc144e78e,ON_STREET
44723798,street|5c05ba96910584,ON_STREET
43859732,street|d3ab654afc0218,ON_STREET
44542530,street|aadedd18eff5d2,ON_STREET
44202556,street|0b2b1f9a83d075,ON_STREET
44609746,street|f5d09271d0f82d,ON_STREET
42255314,street|f9e37f10af1748,ON_STREET
43869611,street|199a23815b3cc1,ON_STREET
45175540,street|740927cbee1fdf,ON_STREET
44984666,street|3c276d6802195b,ON_STREET
44809525,street|1b0cc29ebf0319,ON_STREET
44738155,street|2c9adfe39657c0,ON_STREET
43644920,street|a59ca09961ce1c,ON_STREET
45184928,street|10349bb5884898,ON_STREET
44910730,street|d9a869ad46642c,ON_STREET
44836443,street|6ac6fb375fcce9,ON_STREET
43553145,street|a74359b29f47aa,ON_STREET
45147617,street|130580e076c065,ON_STREET
45137642,street|6b39bdc144e78e,ON_STREET
44189753,street|b1012539eea678,ON_STREET
44823146,street|c049645f7e07e3,ON_STREET
45082646,street|b8268ab5b82a0d,ON_STREET
45095398,street|d6a33fbb583196,ON_STREET
45125181,street|163b06040eb1ff,ON_STREET
44623266,street|deefa2ec0b8254,ON_STREET
45098440,street|c34edd180c1a68,ON_STREET
44874488,street|002345283dca4a,ON_STREET
44440279,street|56566d34d7bb08,ON_STREET
44882777,street|c049645f7e07e3,ON_STREET
44984622,street|865c52ff53b36e,ON_STREET
44986630,street|6b3241250d5e58,ON_STREET
44363864,street|3ca75f869383a7,ON_STREET
44625052,street|473c59ed794377,ON_STREET
44668486,street|c8b7b1f4440cee,ON_STREET
43103719,street|22c3c076fa77f0,ON_STREET
44448048,street|3c42b7b46f7bbd,ON_STREET
43535889,street|3ca75f869383a7,ON_STREET
45186326,street|044f795b9b6534,ON_STREET
44667920,street|b8d49aa450a9f3,ON_STREET
44667824,street|88912dc9e79a89,ON_STREET
44461404,street|fefadf2d0d772a,ON_STREET
44989845,street|736da57c096c37,ON_STREET
45186080,street|69a337187525c5,ON_STREET
44464695,street|fed51e3b11882c,ON_STREET
45184677,street|20f357fc29b2f4,ON_STREET
44983045,street|82034311010299,ON_STREET
45186485,street|ec23283d6b2b12,ON_STREET
45186794,street|7a3cbc8af4beb2,ON_STREET
44668223,street|066338520f14bb,ON_STREET
44130060,street|13c6c22d161869,ON_STREET
45183885,street|91db4571ff7df0,ON_STREET
44461338,street|e0a94279e79945,ON_STREET
44755723,street|a3c4707a777840,ON_STREET
45186281,street|bf5b7df1e19555,ON_STREET
45186061,street|e15c5f9415365d,ON_STREET
45186265,street|44140f934ca16b,ON_STREET
44973206,street|0120656527c2a8,ON_STREET
44615797,street|e331370630dd35,ON_STREET
45186361,street|ab746fe41516ad,ON_STREET
45186062,street|5c5886081e8c91,ON_STREET
45185949,street|e15c5f9415365d,ON_STREET
43873485,street|f3af161f224baa,ON_STREET
45185441,street|eebe89a875cb8f,ON_STREET
45184357,street|5eb93b0410c49a,ON_STREET
44998106,street|eb79d9c0174aa2,ON_STREET
42491572,street|0cdf9e1130acbb,ON_STREET
45182579,street|a8da74c6bcaef0,ON_STREET
44390177,street|3387290c1fca8e,ON_STREET
45182521,street|29e9bb264b9e65,ON_STREET
45182855,street|0bdba5acca4656,ON_STREET
45183579,street|bd69a4e0c01ea1,ON_STREET
44900791,street|92ae342a311759,ON_STREET
45183862,street|20f357fc29b2f4,ON_STREET
44928768,street|f245142d63ffe8,ON_STREET
44477523,street|044f795b9b6534,ON_STREET
45182692,street|cbfe693e357dc0,ON_STREET
44991259,street|d6a33fbb583196,ON_STREET
44738732,street|e88e027df2a366,ON_STREET
42171811,street|4b338abccc51ce,ON_STREET
44649013,street|099491068fccf7,ON_STREET
40741946,street|507083c06c6b36,ON_STREET
45140241,street|5330acb8e50467,ON_STREET
44606125,street|9482ac50ca0b39,ON_STREET
45119799,street|8b1f3144435c27,ON_STREET
43685879,street|507083c06c6b36,ON_STREET
40950675,street|92de2566bcb152,ON_STREET
45155702,street|92de2566bcb152,ON_STREET
44127342,street|507083c06c6b36,ON_STREET
44001072,street|507083c06c6b36,ON_STREET
45095841,street|f73017637b304a,ON_STREET
44869367,street|142aaa4c6553e8,ON_STREET
44875078,street|9b0bb0a9b8b116,ON_STREET
45059133,street|3fc17f0f81af9e,ON_STREET
45062732,street|9860a41052e85c,ON_STREET
45177307,street|f50addc99473d3,ON_STREET
45178705,street|5336a4f60764bd,ON_STREET
45180426,street|fc4ede48629175,ON_STREET
44893724,street|086f817bd39a1e,ON_STREET
44900300,street|8fd628e48c8d22,ON_STREET
44892290,street|f245142d63ffe8,ON_STREET
44821696,street|ed92e32d74ae10,ON_STREET
44813625,street|f969743aa1d82a,ON_STREET
45080276,street|32a0cead84ce10,ON_STREET
45075311,street|fdbf55ffb00355,ON_STREET
44652093,street|8b1f3144435c27,ON_STREET
44419047,street|92de2566bcb152,ON_STREET
44872978,street|ab2c9476fe90b3,ON_STREET
44000659,street|507083c06c6b36,ON_STREET
45090864,street|246a0cb86aa59a,ON_STREET
44810058,street|7e8bbffaa49fb0,ON_STREET
43286721,street|507083c06c6b36,ON_STREET
44870565,street|bd69a4e0c01ea1,ON_STREET
44838169,street|164ab8bf7776b0,ON_STREET
45092572,street|711860578eef55,ON_STREET
45109389,street|60ced8ae5efbb3,ON_STREET
45109943,street|966d3dd44b87dc,ON_STREET
45019432,street|ff86ef8c7460df,ON_STREET
44364238,street|0d8995909c7e5d,ON_STREET
45108028,street|60ab656fdf1a3b,ON_STREET
45113170,street|502698af6d0376,ON_STREET
45026350,street|20bfc623e97bdc,ON_STREET
45175377,street|5c787dcc308fe5,ON_STREET
45151537,street|5ef6a74b85935c,ON_STREET
45131288,street|0d8995909c7e5d,ON_STREET
44269504,street|3a0f3594deb6ad,ON_STREET
45143221,street|ea5c42ef90dd93,ON_STREET
45127299,street|f6f8f816b32356,ON_STREET
45181467,street|246a0cb86aa59a,ON_STREET
44561082,street|17989bbdfe3d3f,ON_STREET
45150652,street|341e57b7922898,ON_STREET
45181336,street|8b71594e4ef636,ON_STREET
45181392,street|e1564b8a336fc9,ON_STREET
41010971,street|846d539cec4638,ON_STREET
45135481,street|7383453a0cacbe,ON_STREET
45144292,street|e1564b8a336fc9,ON_STREET
45181375,street|fd67420df13e92,ON_STREET
44454746,street|b85c806091a880,ON_STREET
45103339,street|473c59ed794377,ON_STREET
45180487,street|bb790b85de1a21,ON_STREET
45180731,street|fb735f6d128805,ON_STREET
45180898,street|29d24d9043fb41,ON_STREET
45091266,street|c4bff55114df27,ON_STREET
43371877,street|163b06040eb1ff,ON_STREET
39124630,street|ce5c5bf2c9b5b9,ON_STREET
45178501,street|2ff7d56e41cb6e,ON_STREET
45178659,street|363ad62dcbda2c,ON_STREET
45179743,street|89446a9b1b45dc,ON_STREET
45175447,street|47b06a1463cb8d,ON_STREET
45179131,street|b5c12d514a80c9,ON_STREET
45178730,street|8315ee0a25c3a8,ON_STREET
45178962,street|27461f25e70b2a,ON_STREET
44956282,street|4fa094788c6ed5,ON_STREET
45177946,street|0d23b229b2a954,ON_STREET
44952298,street|729b523ecc3eeb,ON_STREET
45177579,street|7dcfd754f31855,ON_STREET
45151240,street|fa2a5e4583e7f6,ON_STREET
45177740,street|e4af23d6fa4bbe,ON_STREET
45082255,street|37652f5971681c,ON_STREET
43849808,street|9b0bb0a9b8b116,ON_STREET
45012434,street|b84ac389f8f4ab,ON_STREET
45079310,street|22c3c076fa77f0,ON_STREET
45124353,street|74e5eedd546211,ON_STREET
45037091,street|7383453a0cacbe,ON_STREET
45136082,street|b602b18e9f8a7f,ON_STREET
45094154,street|74b5ef97220171,ON_STREET
45146343,street|ed92e32d74ae10,ON_STREET
45148583,street|cee9071a1a47b3,ON_STREET
45075027,street|ab3fe0c5a08be4,ON_STREET
44616457,street|531a053f5c758f,ON_STREET
45125907,street|2c4820407ed488,ON_STREET
45117378,street|728f2001a3ebfc,ON_STREET
45054515,street|4dfedd23dea62a,ON_STREET
45048044,street|246a0cb86aa59a,ON_STREET
45116634,street|4f5b4be40ac2d3,ON_STREET
45116827,street|925b879a765bcd,ON_STREET
44816274,street|7708ee5b20b0e7,ON_STREET
44888323,street|ed92e32d74ae10,ON_STREET
45071879,street|eedc2d6d2f8f2b,ON_STREET
45116925,street|925b879a765bcd,ON_STREET
45082489,street|76a4ffbb5bf344,ON_STREET
45129450,street|7708ee5b20b0e7,ON_STREET
44155473,street|086f817bd39a1e,ON_STREET
45091675,street|5b7316bb821f3f,ON_STREET
45067446,street|244325f2ebe94e,ON_STREET
45129561,street|7708ee5b20b0e7,ON_STREET
45116396,street|2d3d9e05a25176,ON_STREET
45106450,street|ec34e12913c53b,ON_STREET
44604328,street|e331370630dd35,ON_STREET
45138226,street|6d39642eacc47f,ON_STREET
44636947,street|429967a8922d13,ON_STREET
44915233,street|98db774afb5425,ON_STREET
45132220,street|cce07031db18df,ON_STREET
44875460,street|1e09c666bc0041,ON_STREET
42818522,street|50a114aabf5550,ON_STREET
44816803,street|d4a4fcf9415eb3,ON_STREET
44610935,street|52b5ddea2f9a27,ON_STREET
44737883,street|507083c06c6b36,ON_STREET
44119364,street|507083c06c6b36,ON_STREET
43406083,street|577565b0e1e61e,ON_STREET
45177146,street|86754cd3b45c0a,ON_STREET
45156160,street|7bfca4218522fb,ON_STREET
44134283,street|ea5c42ef90dd93,ON_STREET
45176664__2,street|e8c38cdb1d892d,ON_STREET
45004368,street|9860a41052e85c,ON_STREET
45099707,street|2beaf39bb97ce4,ON_STREET
45172641,street|deb0eefda17a20,ON_STREET
44166950,street|9e395773f201e8,ON_STREET
45170988,street|79b491f22d6c41,ON_STREET
44881114,street|fb735f6d128805,ON_STREET
45175383,street|39c509d789089c,ON_STREET
45174816,street|0b156c072480b7,ON_STREET
45172574,street|a3af6d27574c77,ON_STREET
44141551,street|0a9904cd0e4c07,ON_STREET
43478475,street|a58f98d6254181,ON_STREET
44751866,street|d9c9e2c5cc3d4b,ON_STREET
44775919,street|ad5725296b9f0a,ON_STREET
43797911,street|52b5ddea2f9a27,ON_STREET
40032422,street|36d4dbbb604b9b,ON_STREET
44141025,street|3a051659e7e28c,ON_STREET
43410630,street|b8f499758d35bb,ON_STREET
44752707,street|906bfdedd90fb9,ON_STREET
44757276,street|d6a33fbb583196,ON_STREET
45173915,street|b5b9d124e6779b,ON_STREET
44817009,street|b3281596130769,ON_STREET
45039355,street|9f805c98b0f0a3,ON_STREET
45173410,street|29d24d9043fb41,ON_STREET
44565872,street|c36c8e4353e372,ON_STREET
45173450,street|9b0bb0a9b8b116,ON_STREET
45086865,street|246a0cb86aa59a,ON_STREET
44767648,street|21ac691a88ed72,ON_STREET
44092867,street|75f789f81921d7,ON_STREET
44829678,street|7e8bbffaa49fb0,ON_STREET
44995325,street|02cd4266381ff9,ON_STREET
44177616,street|80f2847e03144c,ON_STREET
45172315,street|0f6a37772581a8,ON_STREET
44629864,street|7e8bbffaa49fb0,ON_STREET
39261101,street|0a89477ea88ac0,ON_STREET
44995198,street|156604d2aeb159,ON_STREET
45150585,street|042b45e5b75b5f,ON_STREET
44332350,street|b8f499758d35bb,ON_STREET
44532610,street|92de2566bcb152,ON_STREET
44437604,street|f9dd9a8e408369,ON_STREET
45143212,street|0d1f4e04c77c59,ON_STREET
44448882,street|b8268ab5b82a0d,ON_STREET
44912815,street|3306148aff20c7,ON_STREET
45170744,street|90d4b056cfb8be,ON_STREET
45161751,street|6338005a05cdee,ON_STREET
44823226,street|678e806370273e,ON_STREET
44851752,street|48f19b0874661e,ON_STREET
44851876,street|915e31504201e8,ON_STREET
43600575,street|c8b7b1f4440cee,ON_STREET
43684090,street|8c6c625bb7e513,ON_STREET
45046985,street|03ab2e3a1d7248,ON_STREET
44274637,street|b013d13ea327f2,ON_STREET
45116282,street|bf104009fd2deb,ON_STREET
44405523,street|347282601781ea,ON_STREET
45125863,street|c1d77b5e10fb0d,ON_STREET
45037120,street|f245142d63ffe8,ON_STREET
45104974,street|12ecff92523fec,ON_STREET
45149886,street|711860578eef55,ON_STREET
44886466,street|829381fb801a3b,ON_STREET
45024829,street|7b8a5a0bd396d0,ON_STREET
44851825,street|915e31504201e8,ON_STREET
44825353,street|7383453a0cacbe,ON_STREET
45064603,street|1e0d141e4ba1cb,ON_STREET
44139929,street|70ccba1f179fb0,ON_STREET
45097549,street|e806379a99a824,ON_STREET
45002768,street|839f13624b5353,ON_STREET
44026617,street|bb790b85de1a21,ON_STREET
44351096,street|82e969b9fc0842,ON_STREET
44200150,street|9e395773f201e8,ON_STREET
45143537,street|45947c7db5564e,ON_STREET
45082887,street|1a5f31c1920c1c,ON_STREET
44800993,street|762ff884135b95,ON_STREET
45085252,street|925b879a765bcd,ON_STREET
44847215,street|82034311010299,ON_STREET
44714219,street|62d78a92931d66,ON_STREET
44886937,street|a9b959576ead92,ON_STREET
44594004,street|b8f499758d35bb,ON_STREET
45114247,street|e492cdf2b44221,ON_STREET
44125552,street|7c9a378052468f,ON_STREET
44940548,street|b98a9431974346,ON_STREET
45089787,street|9482ac50ca0b39,ON_STREET
45144119,street|1b0cc29ebf0319,ON_STREET
45105664,street|5c5886081e8c91,ON_STREET
45099245,street|e99110dccf3c85,ON_STREET
44963403,street|507083c06c6b36,ON_STREET
41401027,street|64b94c4d0722ce,ON_STREET
44969990,street|507083c06c6b36,ON_STREET
44259861,street|c049645f7e07e3,ON_STREET
44052997,street|729b523ecc3eeb,ON_STREET
45071993,street|06721ddc993b43,ON_STREET
44039083,street|cb5dde6b87798b,ON_STREET
44817676,street|2d0a83fe719bd3,ON_STREET
45006538,street|194b7e6fd59510,ON_STREET
45039846,street|3fc17f0f81af9e,ON_STREET
44701389,street|c5423098739da2,ON_STREET
45138940,street|cd575b935bdb25,ON_STREET
45139191,street|82034311010299,ON_STREET
45138992,street|b8f499758d35bb,ON_STREET
45138973,street|b8f499758d35bb,ON_STREET
45148981,street|d6a33fbb583196,ON_STREET
44767620,street|086f817bd39a1e,ON_STREET
45148958,street|76e31f643c2b70,ON_STREET
45150945,street|908b7b8744df37,ON_STREET
45139127,street|ed92e32d74ae10,ON_STREET
45111637,street|94b8e0a41dcbb5,ON_STREET
45116577,street|96edaeba327f89,ON_STREET
45084065,street|b0dd96d1c8aa48,ON_STREET
45131161,street|deb0eefda17a20,ON_STREET
44903222,street|26dc5986372708,ON_STREET
45140183,street|9e95c572471099,ON_STREET
45133173,street|b5b9d124e6779b,ON_STREET
45133258,street|b4bb8962f732ba,ON_STREET
45054822,street|fb5ab2dcc5e5a6,ON_STREET
45039532,street|543e5cc3e63687,ON_STREET
45053777,street|6d61984d2a6524,ON_STREET
44484378,street|4bd1b1dac5380e,ON_STREET
45135583,street|64f6cd3e9e7a53,ON_STREET
44873591,street|040ada393fe60a,ON_STREET
43239757,street|3824b2bdb2234c,ON_STREET
44004519,street|266721c4304ca2,ON_STREET
44661735,street|b98a9431974346,ON_STREET
44756781,street|e331370630dd35,ON_STREET
45042767,street|6d086eda3d5163,ON_STREET
45025299,street|82034311010299,ON_STREET
45072202,street|c6781ca3382769,ON_STREET
45079987,street|82034311010299,ON_STREET
44743197,street|94b8e0a41dcbb5,ON_STREET
45004615,street|9ab0ea9c8950a1,ON_STREET
44864723,street|76a9d356cdd3ec,ON_STREET
44826885,street|2c01de6a55bf1c,ON_STREET
45058561,street|5eb93b0410c49a,ON_STREET
44980619,street|d8372c276a92fd,ON_STREET
45142009,street|2b65c9d61c8e3b,ON_STREET
44991650,street|ab787f053d3423,ON_STREET
43469217,street|ad5725296b9f0a,ON_STREET
44120081,street|8cccf56abc818c,ON_STREET
44210067,street|8cccf56abc818c,ON_STREET
44570461,street|4d42a3617fce4f,ON_STREET
45151403,street|40d0c59c2a1466,ON_STREET
44886432,street|5a76a2549a74d0,ON_STREET
44638795,street|deefa2ec0b8254,ON_STREET
45144854,street|e3e7f1fc357d22,ON_STREET
44810236,street|3824b2bdb2234c,ON_STREET
42981800,street|1e09c666bc0041,ON_STREET
44843831,street|566402e19f93e9,ON_STREET
44555827,street|527265f6528fda,ON_STREET
44873106,street|9316fccc718cb0,ON_STREET
