:START_ID(Listing),:END_ID(FormerAdminArea),:TYPE
45222670__1,former-area|ho-chi-minh|quan-9,IN_FORMER_AREA
41003332,former-area|binh-duong|thanh-pho-di-an,IN_FORMER_AREA
44850086,former-area|ho-chi-minh|quan-2,IN_FORMER_AREA
45225431,former-area|ho-chi-minh|quan-1,IN_FORMER_AREA
43489295,former-area|ho-chi-minh|quan-7,IN_FORMER_AREA
44335474,former-area|ho-chi-minh|quan-7,IN_FORMER_AREA
45260467,former-area|ho-chi-minh|quan-10,IN_FORMER_AREA
45197258,former-area|ho-chi-minh|quan-4,IN_FORMER_AREA
45059973,former-area|ho-chi-minh|quan-binh-thanh,IN_FORMER_AREA
45229051,former-area|ho-chi-minh|huyen-binh-chanh,IN_FORMER_AREA
45235016,former-area|ho-chi-minh|quan-12,IN_FORMER_AREA
45232873,former-area|ho-chi-minh|quan-7,IN_FORMER_AREA
44346372,former-area|ho-chi-minh|quan-7,IN_FORMER_AREA
45093850,former-area|ho-chi-minh|quan-12,IN_FORMER_AREA
44622948,former-area|ho-chi-minh|quan-8,IN_FORMER_AREA
44785182,former-area|ho-chi-minh|quan-binh-tan,IN_FORMER_AREA
44107433,former-area|ho-chi-minh|quan-9,IN_FORMER_AREA
44986524,former-area|ho-chi-minh|huyen-nha-be,IN_FORMER_AREA
45102500,former-area|ho-chi-minh|quan-binh-thanh,IN_FORMER_AREA
45189967,former-area|ho-chi-minh|quan-binh-thanh,IN_FORMER_AREA
44848669,former-area|ho-chi-minh|huyen-binh-chanh,IN_FORMER_AREA
43919030,former-area|binh-duong|thanh-pho-thu-dau-mot,IN_FORMER_AREA
45162235,former-area|ho-chi-minh|huyen-binh-chanh,IN_FORMER_AREA
44845494,former-area|ho-chi-minh|huyen-binh-chanh,IN_FORMER_AREA
44984592,former-area|ho-chi-minh|huyen-binh-chanh,IN_FORMER_AREA
45038070,former-area|ho-chi-minh|quan-7,IN_FORMER_AREA
44691569,former-area|ho-chi-minh|quan-binh-thanh,IN_FORMER_AREA
44868190,former-area|ho-chi-minh|quan-1,IN_FORMER_AREA
44063983,former-area|ho-chi-minh|quan-9,IN_FORMER_AREA
42561310,former-area|ho-chi-minh|quan-2,IN_FORMER_AREA
43923505,former-area|ho-chi-minh|quan-6,IN_FORMER_AREA
45255963,former-area|ho-chi-minh|quan-11,IN_FORMER_AREA
44742356,former-area|ho-chi-minh|quan-4,IN_FORMER_AREA
45245173,former-area|ho-chi-minh|quan-1,IN_FORMER_AREA
43317425,former-area|ho-chi-minh|quan-9,IN_FORMER_AREA
44734124,former-area|ho-chi-minh|quan-2,IN_FORMER_AREA
44748012,former-area|ho-chi-minh|quan-9,IN_FORMER_AREA
44107369,former-area|ho-chi-minh|quan-9,IN_FORMER_AREA
45246753,former-area|ho-chi-minh|quan-7,IN_FORMER_AREA
45161272,former-area|ho-chi-minh|quan-9,IN_FORMER_AREA
45149520,former-area|ho-chi-minh|quan-binh-thanh,IN_FORMER_AREA
45246430,former-area|ho-chi-minh|quan-7,IN_FORMER_AREA
43241856,former-area|ho-chi-minh|quan-9,IN_FORMER_AREA
44756510,former-area|ho-chi-minh|quan-9,IN_FORMER_AREA
39130038,former-area|ho-chi-minh|thanh-pho-thu-uc,IN_FORMER_AREA
43589492,former-area|ho-chi-minh|quan-9,IN_FORMER_AREA
45113783,former-area|ho-chi-minh|quan-binh-thanh,IN_FORMER_AREA
44525010,former-area|ho-chi-minh|quan-7,IN_FORMER_AREA
44342167,former-area|ho-chi-minh|quan-7,IN_FORMER_AREA
44333099,former-area|ho-chi-minh|quan-2,IN_FORMER_AREA
44860127,former-area|ba-ria-vung-tau|thanh-pho-vung-tau,IN_FORMER_AREA
44282818,former-area|ho-chi-minh|quan-binh-thanh,IN_FORMER_AREA
43960856,former-area|ho-chi-minh|quan-9,IN_FORMER_AREA
44193699,former-area|ho-chi-minh|quan-9,IN_FORMER_AREA
45104453,former-area|ho-chi-minh|quan-1,IN_FORMER_AREA
43321672,former-area|ho-chi-minh|quan-9,IN_FORMER_AREA
44870935,former-area|ho-chi-minh|quan-1,IN_FORMER_AREA
44171872,former-area|ho-chi-minh|quan-4,IN_FORMER_AREA
45027560,former-area|ho-chi-minh|quan-4,IN_FORMER_AREA
45245637,former-area|ho-chi-minh|quan-4,IN_FORMER_AREA
45266104,former-area|ho-chi-minh|quan-9,IN_FORMER_AREA
44483330,former-area|ho-chi-minh|quan-1,IN_FORMER_AREA
44708914,former-area|ho-chi-minh|quan-5,IN_FORMER_AREA
43797634,former-area|ho-chi-minh|quan-5,IN_FORMER_AREA
44590405,former-area|ho-chi-minh|quan-2,IN_FORMER_AREA
45014857,former-area|ho-chi-minh|quan-1,IN_FORMER_AREA
43959995,former-area|ho-chi-minh|quan-1,IN_FORMER_AREA
39770672,former-area|ho-chi-minh|quan-2,IN_FORMER_AREA
44331203,former-area|ho-chi-minh|quan-10,IN_FORMER_AREA
45244830,former-area|binh-duong|thanh-pho-di-an,IN_FORMER_AREA
43682719,former-area|ho-chi-minh|quan-3,IN_FORMER_AREA
44133946,former-area|ho-chi-minh|quan-2,IN_FORMER_AREA
44526324,former-area|ho-chi-minh|quan-tan-phu,IN_FORMER_AREA
45042172,former-area|ho-chi-minh|quan-phu-nhuan,IN_FORMER_AREA
44290256,former-area|ho-chi-minh|quan-binh-thanh,IN_FORMER_AREA
44732031,former-area|ho-chi-minh|quan-tan-binh,IN_FORMER_AREA
45165004,former-area|ho-chi-minh|quan-5,IN_FORMER_AREA
45265733,former-area|ho-chi-minh|quan-binh-tan,IN_FORMER_AREA
44468549,former-area|ho-chi-minh|quan-3,IN_FORMER_AREA
44456588,former-area|ho-chi-minh|quan-4,IN_FORMER_AREA
45084822,former-area|ho-chi-minh|quan-9,IN_FORMER_AREA
44730914,former-area|ho-chi-minh|quan-tan-phu,IN_FORMER_AREA
44888200,former-area|ho-chi-minh|quan-1,IN_FORMER_AREA
43537623,former-area|ho-chi-minh|quan-9,IN_FORMER_AREA
45254034,former-area|ho-chi-minh|quan-9,IN_FORMER_AREA
43356438,former-area|ho-chi-minh|quan-2,IN_FORMER_AREA
44048727,former-area|ho-chi-minh|quan-9,IN_FORMER_AREA
45248206,former-area|ho-chi-minh|quan-2,IN_FORMER_AREA
45032480,former-area|ho-chi-minh|quan-2,IN_FORMER_AREA
45250823,former-area|ho-chi-minh|quan-9,IN_FORMER_AREA
44713493,former-area|ho-chi-minh|quan-7,IN_FORMER_AREA
44397902,former-area|ho-chi-minh|quan-9,IN_FORMER_AREA
45209742,former-area|ho-chi-minh|quan-2,IN_FORMER_AREA
45222670__2,former-area|ho-chi-minh|quan-9,IN_FORMER_AREA
43247491,former-area|ho-chi-minh|quan-9,IN_FORMER_AREA
43238060,former-area|ho-chi-minh|quan-9,IN_FORMER_AREA
41321808,former-area|ho-chi-minh|quan-9,IN_FORMER_AREA
45248655,former-area|ho-chi-minh|quan-2,IN_FORMER_AREA
43436120,former-area|ho-chi-minh|quan-9,IN_FORMER_AREA
45153972,former-area|ho-chi-minh|quan-2,IN_FORMER_AREA
45110391,former-area|ho-chi-minh|quan-4,IN_FORMER_AREA
44284175,former-area|ho-chi-minh|quan-9,IN_FORMER_AREA
44350831,former-area|ho-chi-minh|quan-9,IN_FORMER_AREA
44843875,former-area|ho-chi-minh|huyen-binh-chanh,IN_FORMER_AREA
45088647,former-area|ho-chi-minh|quan-7,IN_FORMER_AREA
43403469,former-area|binh-duong|thanh-pho-thu-dau-mot,IN_FORMER_AREA
44791321,former-area|ho-chi-minh|quan-1,IN_FORMER_AREA
44286055,former-area|ho-chi-minh|quan-9,IN_FORMER_AREA
44043317,former-area|ho-chi-minh|quan-2,IN_FORMER_AREA
45056277,former-area|ho-chi-minh|quan-binh-thanh,IN_FORMER_AREA
44729361,former-area|ho-chi-minh|quan-9,IN_FORMER_AREA
44288363,former-area|ho-chi-minh|quan-9,IN_FORMER_AREA
43883712,former-area|ho-chi-minh|quan-2,IN_FORMER_AREA
44283417,former-area|ho-chi-minh|quan-9,IN_FORMER_AREA
43572439,former-area|ho-chi-minh|quan-9,IN_FORMER_AREA
45257289,former-area|ho-chi-minh|quan-binh-tan,IN_FORMER_AREA
43716231,former-area|ho-chi-minh|quan-9,IN_FORMER_AREA
45261874,former-area|ho-chi-minh|huyen-hoc-mon,IN_FORMER_AREA
44077565,former-area|ho-chi-minh|quan-9,IN_FORMER_AREA
43569738,former-area|ho-chi-minh|quan-9,IN_FORMER_AREA
44034581,former-area|ho-chi-minh|quan-9,IN_FORMER_AREA
45262776,former-area|ho-chi-minh|huyen-binh-chanh,IN_FORMER_AREA
44881140,former-area|ho-chi-minh|quan-1,IN_FORMER_AREA
45263106,former-area|ho-chi-minh|quan-4,IN_FORMER_AREA
43866123,former-area|ho-chi-minh|quan-9,IN_FORMER_AREA
45263202,former-area|ho-chi-minh|quan-4,IN_FORMER_AREA
43492362,former-area|ho-chi-minh|quan-9,IN_FORMER_AREA
44073845,former-area|ho-chi-minh|quan-9,IN_FORMER_AREA
43478669,former-area|ho-chi-minh|quan-9,IN_FORMER_AREA
44872651,former-area|ho-chi-minh|quan-9,IN_FORMER_AREA
43692251,former-area|ho-chi-minh|quan-9,IN_FORMER_AREA
43693290,former-area|ho-chi-minh|quan-9,IN_FORMER_AREA
45081962,former-area|ho-chi-minh|quan-7,IN_FORMER_AREA
43284841,former-area|ho-chi-minh|quan-9,IN_FORMER_AREA
42521719,former-area|ho-chi-minh|quan-binh-thanh,IN_FORMER_AREA
45040477,former-area|ho-chi-minh|quan-2,IN_FORMER_AREA
44049181,former-area|ho-chi-minh|quan-binh-thanh,IN_FORMER_AREA
44781792,former-area|ho-chi-minh|quan-2,IN_FORMER_AREA
44781667,former-area|ho-chi-minh|quan-2,IN_FORMER_AREA
44400867,former-area|ho-chi-minh|quan-2,IN_FORMER_AREA
44880200,former-area|ho-chi-minh|huyen-binh-chanh,IN_FORMER_AREA
44762845,former-area|ho-chi-minh|huyen-binh-chanh,IN_FORMER_AREA
45162231,former-area|ho-chi-minh|huyen-binh-chanh,IN_FORMER_AREA
44864335,former-area|ho-chi-minh|huyen-binh-chanh,IN_FORMER_AREA
44948688,former-area|ho-chi-minh|huyen-binh-chanh,IN_FORMER_AREA
44897223,former-area|ho-chi-minh|huyen-binh-chanh,IN_FORMER_AREA
44729464,former-area|ho-chi-minh|quan-2,IN_FORMER_AREA
45040570,former-area|ho-chi-minh|quan-2,IN_FORMER_AREA
44282741,former-area|ho-chi-minh|quan-9,IN_FORMER_AREA
44239561,former-area|ho-chi-minh|quan-9,IN_FORMER_AREA
45148629,former-area|binh-duong|thanh-pho-thu-dau-mot,IN_FORMER_AREA
45237880,former-area|ho-chi-minh|quan-go-vap,IN_FORMER_AREA
45165437,former-area|ho-chi-minh|quan-5,IN_FORMER_AREA
43211541,former-area|ho-chi-minh|quan-7,IN_FORMER_AREA
44210257,former-area|ho-chi-minh|quan-2,IN_FORMER_AREA
43452836,former-area|ho-chi-minh|quan-2,IN_FORMER_AREA
44273779,former-area|ho-chi-minh|quan-2,IN_FORMER_AREA
44484541,former-area|ho-chi-minh|quan-2,IN_FORMER_AREA
44657659,former-area|ho-chi-minh|quan-tan-phu,IN_FORMER_AREA
44656554,former-area|ho-chi-minh|quan-5,IN_FORMER_AREA
45199130,former-area|ho-chi-minh|quan-1,IN_FORMER_AREA
43927551,former-area|ho-chi-minh|quan-binh-thanh,IN_FORMER_AREA
44586268,former-area|ho-chi-minh|quan-4,IN_FORMER_AREA
36221753,former-area|binh-duong|thanh-pho-thu-dau-mot,IN_FORMER_AREA
40340780,former-area|binh-duong|thanh-pho-thu-dau-mot,IN_FORMER_AREA
44825273,former-area|ho-chi-minh|huyen-binh-chanh,IN_FORMER_AREA
43849134,former-area|ho-chi-minh|quan-2,IN_FORMER_AREA
44731068,former-area|ho-chi-minh|quan-9,IN_FORMER_AREA
43344418,former-area|ho-chi-minh|quan-9,IN_FORMER_AREA
43572792,former-area|ho-chi-minh|quan-9,IN_FORMER_AREA
44922077,former-area|ho-chi-minh|thanh-pho-thu-uc,IN_FORMER_AREA
44957828,former-area|ho-chi-minh|huyen-binh-chanh,IN_FORMER_AREA
43202640,former-area|ho-chi-minh|quan-9,IN_FORMER_AREA
43696637,former-area|ho-chi-minh|quan-9,IN_FORMER_AREA
45017137,former-area|ho-chi-minh|huyen-binh-chanh,IN_FORMER_AREA
45194899,former-area|ho-chi-minh|huyen-binh-chanh,IN_FORMER_AREA
45235813,former-area|ho-chi-minh|huyen-binh-chanh,IN_FORMER_AREA
43963943,former-area|ho-chi-minh|huyen-binh-chanh,IN_FORMER_AREA
45100589,former-area|ho-chi-minh|quan-7,IN_FORMER_AREA
42218073,former-area|ho-chi-minh|quan-9,IN_FORMER_AREA
44753361,former-area|ho-chi-minh|huyen-binh-chanh,IN_FORMER_AREA
44863961,former-area|ho-chi-minh|huyen-binh-chanh,IN_FORMER_AREA
45057652,former-area|ho-chi-minh|quan-1,IN_FORMER_AREA
45186771,former-area|ho-chi-minh|quan-tan-phu,IN_FORMER_AREA
44781956,former-area|ho-chi-minh|quan-7,IN_FORMER_AREA
45247231,former-area|ho-chi-minh|quan-7,IN_FORMER_AREA
44596035,former-area|ho-chi-minh|quan-binh-thanh,IN_FORMER_AREA
44729161,former-area|ho-chi-minh|quan-3,IN_FORMER_AREA
44568353,former-area|ho-chi-minh|quan-4,IN_FORMER_AREA
44530340,former-area|ho-chi-minh|quan-4,IN_FORMER_AREA
43481818,former-area|ho-chi-minh|quan-1,IN_FORMER_AREA
45245632,former-area|ho-chi-minh|quan-3,IN_FORMER_AREA
44956559,former-area|ho-chi-minh|quan-4,IN_FORMER_AREA
45244476,former-area|ho-chi-minh|quan-binh-thanh,IN_FORMER_AREA
45106401,former-area|ho-chi-minh|quan-2,IN_FORMER_AREA
43652465,former-area|ho-chi-minh|quan-2,IN_FORMER_AREA
44199099,former-area|ho-chi-minh|quan-2,IN_FORMER_AREA
45132364,former-area|ho-chi-minh|quan-binh-thanh,IN_FORMER_AREA
44591760,former-area|ho-chi-minh|quan-2,IN_FORMER_AREA
45063282,former-area|ho-chi-minh|quan-phu-nhuan,IN_FORMER_AREA
45244194,former-area|ba-ria-vung-tau|thanh-pho-vung-tau,IN_FORMER_AREA
45240822,former-area|ho-chi-minh|quan-2,IN_FORMER_AREA
43605480,former-area|ho-chi-minh|quan-5,IN_FORMER_AREA
45025864,former-area|ho-chi-minh|quan-tan-phu,IN_FORMER_AREA
45240735,former-area|ho-chi-minh|quan-4,IN_FORMER_AREA
44715266,former-area|ho-chi-minh|quan-4,IN_FORMER_AREA
44016214,former-area|ho-chi-minh|quan-5,IN_FORMER_AREA
44690504,former-area|ho-chi-minh|quan-7,IN_FORMER_AREA
44877318,former-area|ho-chi-minh|quan-binh-thanh,IN_FORMER_AREA
44840033,former-area|ho-chi-minh|quan-1,IN_FORMER_AREA
43940956,former-area|ho-chi-minh|quan-1,IN_FORMER_AREA
45173212,former-area|ho-chi-minh|quan-2,IN_FORMER_AREA
44130737,former-area|ho-chi-minh|quan-9,IN_FORMER_AREA
45229622,former-area|ho-chi-minh|quan-5,IN_FORMER_AREA
44464667,former-area|ho-chi-minh|quan-9,IN_FORMER_AREA
44870654,former-area|ho-chi-minh|quan-1,IN_FORMER_AREA
43146761,former-area|ho-chi-minh|quan-binh-thanh,IN_FORMER_AREA
43768536,former-area|ho-chi-minh|quan-9,IN_FORMER_AREA
43161489,former-area|ho-chi-minh|quan-binh-thanh,IN_FORMER_AREA
45187377,former-area|ho-chi-minh|quan-9,IN_FORMER_AREA
45240205,former-area|ho-chi-minh|quan-3,IN_FORMER_AREA
43756300,former-area|binh-duong|thanh-pho-thu-dau-mot,IN_FORMER_AREA
44816319,former-area|binh-duong|thanh-pho-thu-dau-mot,IN_FORMER_AREA
43748419,former-area|binh-duong|thanh-pho-thu-dau-mot,IN_FORMER_AREA
45229939,former-area|ho-chi-minh|quan-5,IN_FORMER_AREA
43693887,former-area|ho-chi-minh|quan-9,IN_FORMER_AREA
44700316,former-area|ho-chi-minh|quan-9,IN_FORMER_AREA
44815299,former-area|ho-chi-minh|huyen-binh-chanh,IN_FORMER_AREA
44516802,former-area|ho-chi-minh|quan-2,IN_FORMER_AREA
44464713,former-area|ho-chi-minh|quan-2,IN_FORMER_AREA
44740670,former-area|ho-chi-minh|quan-9,IN_FORMER_AREA
44723700,former-area|ho-chi-minh|quan-phu-nhuan,IN_FORMER_AREA
45032566,former-area|ho-chi-minh|quan-2,IN_FORMER_AREA
34061984,former-area|ho-chi-minh|quan-2,IN_FORMER_AREA
43203408,former-area|ho-chi-minh|quan-2,IN_FORMER_AREA
45014980,former-area|ho-chi-minh|quan-5,IN_FORMER_AREA
45016308,former-area|ho-chi-minh|quan-tan-phu,IN_FORMER_AREA
44659061,former-area|ho-chi-minh|quan-binh-thanh,IN_FORMER_AREA
45235201,former-area|ho-chi-minh|quan-9,IN_FORMER_AREA
45236710,former-area|ho-chi-minh|huyen-binh-chanh,IN_FORMER_AREA
45236270,former-area|ho-chi-minh|huyen-binh-chanh,IN_FORMER_AREA
43548457,former-area|ho-chi-minh|quan-7,IN_FORMER_AREA
45234636,former-area|ho-chi-minh|quan-5,IN_FORMER_AREA
45234641,former-area|ho-chi-minh|quan-12,IN_FORMER_AREA
43228481,former-area|binh-duong|thanh-pho-thuan-an,IN_FORMER_AREA
40990762,former-area|ho-chi-minh|quan-2,IN_FORMER_AREA
45196185,former-area|ho-chi-minh|quan-11,IN_FORMER_AREA
45155260,former-area|ho-chi-minh|quan-11,IN_FORMER_AREA
45222811,former-area|ho-chi-minh|quan-5,IN_FORMER_AREA
44902020,former-area|ho-chi-minh|quan-2,IN_FORMER_AREA
44887604,former-area|ho-chi-minh|huyen-nha-be,IN_FORMER_AREA
43779678,former-area|ho-chi-minh|quan-9,IN_FORMER_AREA
44143992,former-area|ho-chi-minh|quan-9,IN_FORMER_AREA
45010170,former-area|ho-chi-minh|huyen-binh-chanh,IN_FORMER_AREA
44532012,former-area|ho-chi-minh|quan-9,IN_FORMER_AREA
43863458,former-area|ho-chi-minh|quan-9,IN_FORMER_AREA
43874379,former-area|ho-chi-minh|quan-9,IN_FORMER_AREA
45039157,former-area|ho-chi-minh|quan-9,IN_FORMER_AREA
43725380,former-area|ho-chi-minh|quan-9,IN_FORMER_AREA
44531634,former-area|ho-chi-minh|quan-9,IN_FORMER_AREA
44241249,former-area|ho-chi-minh|quan-9,IN_FORMER_AREA
45229457,former-area|ho-chi-minh|huyen-binh-chanh,IN_FORMER_AREA
45151230,former-area|ho-chi-minh|quan-7,IN_FORMER_AREA
44841772,former-area|ho-chi-minh|huyen-binh-chanh,IN_FORMER_AREA
44845848,former-area|ho-chi-minh|huyen-binh-chanh,IN_FORMER_AREA
45197810,former-area|ho-chi-minh|quan-go-vap,IN_FORMER_AREA
45081807,former-area|ho-chi-minh|quan-7,IN_FORMER_AREA
45210622,former-area|ho-chi-minh|quan-binh-tan,IN_FORMER_AREA
45228435,former-area|ho-chi-minh|quan-9,IN_FORMER_AREA
44450031,former-area|ho-chi-minh|quan-2,IN_FORMER_AREA
44612137,former-area|ho-chi-minh|quan-2,IN_FORMER_AREA
44596902,former-area|ho-chi-minh|quan-7,IN_FORMER_AREA
43284831,former-area|ho-chi-minh|quan-9,IN_FORMER_AREA
45138926,former-area|ho-chi-minh|quan-9,IN_FORMER_AREA
45057690,former-area|ho-chi-minh|quan-9,IN_FORMER_AREA
44482148,former-area|ho-chi-minh|quan-3,IN_FORMER_AREA
45227501,former-area|ho-chi-minh|quan-7,IN_FORMER_AREA
44137008,former-area|ho-chi-minh|quan-2,IN_FORMER_AREA
42091112,former-area|ho-chi-minh|quan-2,IN_FORMER_AREA
44714707,former-area|ho-chi-minh|quan-9,IN_FORMER_AREA
45223376,former-area|ho-chi-minh|quan-6,IN_FORMER_AREA
45202954,former-area|ho-chi-minh|quan-7,IN_FORMER_AREA
44894510,former-area|ho-chi-minh|quan-tan-phu,IN_FORMER_AREA
45202949,former-area|ho-chi-minh|quan-7,IN_FORMER_AREA
44552020,former-area|ho-chi-minh|quan-2,IN_FORMER_AREA
45202945,former-area|ho-chi-minh|quan-7,IN_FORMER_AREA
44849133,former-area|ho-chi-minh|huyen-binh-chanh,IN_FORMER_AREA
45175379,former-area|ho-chi-minh|quan-1,IN_FORMER_AREA
44150180,former-area|ho-chi-minh|quan-9,IN_FORMER_AREA
43845012,former-area|ho-chi-minh|quan-9,IN_FORMER_AREA
44967290,former-area|ho-chi-minh|quan-9,IN_FORMER_AREA
43513035,former-area|ho-chi-minh|quan-9,IN_FORMER_AREA
45059343,former-area|ho-chi-minh|quan-7,IN_FORMER_AREA
44404341,former-area|ho-chi-minh|quan-9,IN_FORMER_AREA
44404628,former-area|ho-chi-minh|quan-9,IN_FORMER_AREA
44697172,former-area|ho-chi-minh|quan-binh-tan,IN_FORMER_AREA
44406217,former-area|ho-chi-minh|quan-9,IN_FORMER_AREA
44404468,former-area|ho-chi-minh|quan-9,IN_FORMER_AREA
45019830,former-area|ho-chi-minh|quan-12,IN_FORMER_AREA
44403119,former-area|ho-chi-minh|quan-9,IN_FORMER_AREA
45189689,former-area|ho-chi-minh|quan-1,IN_FORMER_AREA
45220208,former-area|ho-chi-minh|quan-8,IN_FORMER_AREA
41811080,former-area|ho-chi-minh|quan-2,IN_FORMER_AREA
45135899,former-area|binh-duong|thanh-pho-di-an,IN_FORMER_AREA
45007050,former-area|ho-chi-minh|quan-5,IN_FORMER_AREA
44742649,former-area|ho-chi-minh|quan-1,IN_FORMER_AREA
42578626,former-area|ho-chi-minh|quan-2,IN_FORMER_AREA
44466821,former-area|ho-chi-minh|quan-phu-nhuan,IN_FORMER_AREA
44709669,former-area|ho-chi-minh|quan-binh-thanh,IN_FORMER_AREA
45137809,former-area|binh-duong|thanh-pho-di-an,IN_FORMER_AREA
44256714,former-area|ho-chi-minh|quan-binh-thanh,IN_FORMER_AREA
43827262,former-area|ho-chi-minh|quan-1,IN_FORMER_AREA
44186833,former-area|ho-chi-minh|quan-4,IN_FORMER_AREA
45110563,former-area|ho-chi-minh|quan-binh-thanh,IN_FORMER_AREA
44416135,former-area|ho-chi-minh|quan-1,IN_FORMER_AREA
44742828,former-area|ho-chi-minh|quan-1,IN_FORMER_AREA
43284851,former-area|ho-chi-minh|quan-9,IN_FORMER_AREA
43825788,former-area|ho-chi-minh|quan-9,IN_FORMER_AREA
45219753,former-area|ho-chi-minh|quan-9,IN_FORMER_AREA
45219725,former-area|ho-chi-minh|quan-9,IN_FORMER_AREA
45219182,former-area|ho-chi-minh|quan-9,IN_FORMER_AREA
43839734,former-area|binh-duong|thanh-pho-di-an,IN_FORMER_AREA
45217838,former-area|ho-chi-minh|huyen-binh-chanh,IN_FORMER_AREA
44018090,former-area|ho-chi-minh|quan-binh-thanh,IN_FORMER_AREA
45216684,former-area|ho-chi-minh|quan-2,IN_FORMER_AREA
45217453,former-area|ho-chi-minh|quan-2,IN_FORMER_AREA
45209882,former-area|ho-chi-minh|quan-2,IN_FORMER_AREA
44794760,former-area|ho-chi-minh|quan-7,IN_FORMER_AREA
43999966,former-area|ho-chi-minh|quan-9,IN_FORMER_AREA
44416443,former-area|ho-chi-minh|quan-1,IN_FORMER_AREA
44400338,former-area|ho-chi-minh|quan-2,IN_FORMER_AREA
45080633,former-area|ho-chi-minh|huyen-binh-chanh,IN_FORMER_AREA
43688714,former-area|ho-chi-minh|quan-2,IN_FORMER_AREA
45073124,former-area|ho-chi-minh|huyen-hoc-mon,IN_FORMER_AREA
45042196,former-area|ho-chi-minh|quan-1,IN_FORMER_AREA
44432528,former-area|ho-chi-minh|quan-3,IN_FORMER_AREA
43733254,former-area|ho-chi-minh|quan-9,IN_FORMER_AREA
44287640,former-area|ho-chi-minh|quan-10,IN_FORMER_AREA
44398352,former-area|ho-chi-minh|quan-5,IN_FORMER_AREA
45212694,former-area|ho-chi-minh|quan-9,IN_FORMER_AREA
44085752,former-area|ho-chi-minh|quan-10,IN_FORMER_AREA
44682333,former-area|ho-chi-minh|quan-10,IN_FORMER_AREA
44992114,former-area|ho-chi-minh|quan-binh-thanh,IN_FORMER_AREA
45209379,former-area|ho-chi-minh|quan-5,IN_FORMER_AREA
45212351,former-area|ho-chi-minh|quan-8,IN_FORMER_AREA
44878181,former-area|ho-chi-minh|quan-2,IN_FORMER_AREA
45211123,former-area|ho-chi-minh|huyen-binh-chanh,IN_FORMER_AREA
45211193,former-area|ho-chi-minh|huyen-binh-chanh,IN_FORMER_AREA
45040159,former-area|ho-chi-minh|quan-2,IN_FORMER_AREA
45040121,former-area|ho-chi-minh|quan-2,IN_FORMER_AREA
45210408,former-area|ho-chi-minh|huyen-binh-chanh,IN_FORMER_AREA
45043852,former-area|ho-chi-minh|quan-4,IN_FORMER_AREA
45040043,former-area|ho-chi-minh|quan-2,IN_FORMER_AREA
43880424,former-area|ho-chi-minh|quan-9,IN_FORMER_AREA
44986315,former-area|binh-duong|thanh-pho-di-an,IN_FORMER_AREA
44186979,former-area|ho-chi-minh|quan-1,IN_FORMER_AREA
45210229,former-area|ho-chi-minh|huyen-binh-chanh,IN_FORMER_AREA
44976878,former-area|ho-chi-minh|quan-1,IN_FORMER_AREA
43349917,former-area|ho-chi-minh|quan-9,IN_FORMER_AREA
43776876,former-area|ho-chi-minh|quan-2,IN_FORMER_AREA
44466982,former-area|ho-chi-minh|quan-binh-thanh,IN_FORMER_AREA
45206979,former-area|ho-chi-minh|quan-5,IN_FORMER_AREA
45207061,former-area|ho-chi-minh|quan-5,IN_FORMER_AREA
44673234,former-area|ho-chi-minh|quan-binh-thanh,IN_FORMER_AREA
44482077,former-area|ho-chi-minh|quan-binh-thanh,IN_FORMER_AREA
45183463,former-area|ho-chi-minh|quan-go-vap,IN_FORMER_AREA
44939217,former-area|ho-chi-minh|quan-3,IN_FORMER_AREA
45189772,former-area|ho-chi-minh|quan-2,IN_FORMER_AREA
43830855,former-area|ho-chi-minh|huyen-nha-be,IN_FORMER_AREA
45197190,former-area|ho-chi-minh|quan-tan-phu,IN_FORMER_AREA
44786591,former-area|ho-chi-minh|quan-tan-phu,IN_FORMER_AREA
44757351,former-area|ho-chi-minh|quan-binh-thanh,IN_FORMER_AREA
44202944,former-area|ho-chi-minh|quan-binh-thanh,IN_FORMER_AREA
44984489,former-area|ho-chi-minh|quan-phu-nhuan,IN_FORMER_AREA
44910889,former-area|ho-chi-minh|quan-binh-thanh,IN_FORMER_AREA
45023942,former-area|ho-chi-minh|quan-9,IN_FORMER_AREA
44634121,former-area|ho-chi-minh|quan-binh-thanh,IN_FORMER_AREA
43537036,former-area|ho-chi-minh|quan-9,IN_FORMER_AREA
45184650,former-area|ho-chi-minh|huyen-binh-chanh,IN_FORMER_AREA
44077990,former-area|binh-duong|thanh-pho-di-an,IN_FORMER_AREA
45070787,former-area|ho-chi-minh|quan-12,IN_FORMER_AREA
44834862,former-area|ho-chi-minh|quan-binh-thanh,IN_FORMER_AREA
44796007,former-area|ho-chi-minh|quan-9,IN_FORMER_AREA
44957726,former-area|ho-chi-minh|quan-2,IN_FORMER_AREA
44238591,former-area|ho-chi-minh|quan-9,IN_FORMER_AREA
44482740,former-area|ho-chi-minh|quan-1,IN_FORMER_AREA
44755067,former-area|ho-chi-minh|quan-9,IN_FORMER_AREA
42023574,former-area|binh-duong|thanh-pho-thu-dau-mot,IN_FORMER_AREA
40503273,former-area|binh-duong|thanh-pho-thu-dau-mot,IN_FORMER_AREA
44006156,former-area|ho-chi-minh|quan-9,IN_FORMER_AREA
45153043,former-area|ho-chi-minh|quan-12,IN_FORMER_AREA
43927670,former-area|ho-chi-minh|quan-1,IN_FORMER_AREA
45067704,former-area|ho-chi-minh|quan-binh-thanh,IN_FORMER_AREA
44770429,former-area|ho-chi-minh|quan-phu-nhuan,IN_FORMER_AREA
42616372,former-area|ho-chi-minh|quan-2,IN_FORMER_AREA
45195327,former-area|ho-chi-minh|quan-tan-phu,IN_FORMER_AREA
44783081,former-area|ho-chi-minh|huyen-binh-chanh,IN_FORMER_AREA
44880023,former-area|ho-chi-minh|huyen-binh-chanh,IN_FORMER_AREA
45186016,former-area|ho-chi-minh|quan-8,IN_FORMER_AREA
45058996,former-area|ho-chi-minh|quan-2,IN_FORMER_AREA
44623291,former-area|ho-chi-minh|quan-binh-tan,IN_FORMER_AREA
44985017,former-area|ho-chi-minh|huyen-binh-chanh,IN_FORMER_AREA
45017298,former-area|ho-chi-minh|huyen-binh-chanh,IN_FORMER_AREA
45015767,former-area|ho-chi-minh|quan-tan-phu,IN_FORMER_AREA
44897529,former-area|ho-chi-minh|huyen-binh-chanh,IN_FORMER_AREA
44957970,former-area|ho-chi-minh|huyen-binh-chanh,IN_FORMER_AREA
45112600,former-area|ho-chi-minh|quan-1,IN_FORMER_AREA
45011469,former-area|ho-chi-minh|quan-2,IN_FORMER_AREA
45188961,former-area|ho-chi-minh|quan-6,IN_FORMER_AREA
44557949,former-area|ho-chi-minh|quan-2,IN_FORMER_AREA
44375534,former-area|ho-chi-minh|quan-2,IN_FORMER_AREA
45148799,former-area|binh-duong|thanh-pho-di-an,IN_FORMER_AREA
45055698,former-area|ho-chi-minh|quan-1,IN_FORMER_AREA
44136516,former-area|ho-chi-minh|quan-2,IN_FORMER_AREA
44617962,former-area|ho-chi-minh|quan-5,IN_FORMER_AREA
45077493,former-area|ho-chi-minh|quan-6,IN_FORMER_AREA
45157429,former-area|ho-chi-minh|quan-9,IN_FORMER_AREA
43339881,former-area|ho-chi-minh|quan-9,IN_FORMER_AREA
45100152,former-area|binh-duong|thanh-pho-di-an,IN_FORMER_AREA
45060924,former-area|ho-chi-minh|quan-5,IN_FORMER_AREA
45100513,former-area|ho-chi-minh|quan-tan-binh,IN_FORMER_AREA
45100628,former-area|ho-chi-minh|quan-tan-phu,IN_FORMER_AREA
45096630,former-area|ho-chi-minh|quan-5,IN_FORMER_AREA
45056608,former-area|ho-chi-minh|quan-tan-phu,IN_FORMER_AREA
45102262,former-area|ho-chi-minh|quan-binh-thanh,IN_FORMER_AREA
44805963,former-area|ho-chi-minh|quan-phu-nhuan,IN_FORMER_AREA
45084852,former-area|ho-chi-minh|quan-12,IN_FORMER_AREA
44464018,former-area|ho-chi-minh|quan-9,IN_FORMER_AREA
44719109,former-area|ho-chi-minh|quan-9,IN_FORMER_AREA
44632413,former-area|ho-chi-minh|quan-9,IN_FORMER_AREA
45186848,former-area|ho-chi-minh|quan-12,IN_FORMER_AREA
44224180,former-area|ho-chi-minh|quan-binh-thanh,IN_FORMER_AREA
44456711,former-area|ho-chi-minh|quan-tan-binh,IN_FORMER_AREA
44050394,former-area|ho-chi-minh|quan-binh-thanh,IN_FORMER_AREA
45155376,former-area|ho-chi-minh|quan-6,IN_FORMER_AREA
45078531,former-area|ho-chi-minh|huyen-hoc-mon,IN_FORMER_AREA
43716508,former-area|ho-chi-minh|quan-9,IN_FORMER_AREA
43411750,former-area|ho-chi-minh|quan-2,IN_FORMER_AREA
44626653,former-area|ho-chi-minh|quan-9,IN_FORMER_AREA
45179775,former-area|ho-chi-minh|quan-12,IN_FORMER_AREA
45175567,former-area|ho-chi-minh|quan-11,IN_FORMER_AREA
45177611,former-area|ho-chi-minh|quan-11,IN_FORMER_AREA
44847526,former-area|ho-chi-minh|quan-9,IN_FORMER_AREA
44424655,former-area|ho-chi-minh|quan-2,IN_FORMER_AREA
44762062,former-area|ho-chi-minh|quan-9,IN_FORMER_AREA
45133806,former-area|ho-chi-minh|quan-7,IN_FORMER_AREA
45133822,former-area|ho-chi-minh|quan-7,IN_FORMER_AREA
45017788,former-area|ho-chi-minh|quan-tan-phu,IN_FORMER_AREA
44585453,former-area|ho-chi-minh|quan-9,IN_FORMER_AREA
44453924,former-area|ho-chi-minh|quan-9,IN_FORMER_AREA
43926137,former-area|binh-duong|thanh-pho-di-an,IN_FORMER_AREA
45172791,former-area|ho-chi-minh|quan-11,IN_FORMER_AREA
44892271,former-area|ho-chi-minh|quan-9,IN_FORMER_AREA
45102937,former-area|ho-chi-minh|quan-tan-phu,IN_FORMER_AREA
45095425,former-area|ho-chi-minh|quan-binh-tan,IN_FORMER_AREA
45095507,former-area|ho-chi-minh|quan-binh-tan,IN_FORMER_AREA
44706860,former-area|ho-chi-minh|quan-10,IN_FORMER_AREA
45171887,former-area|ho-chi-minh|quan-go-vap,IN_FORMER_AREA
45172117,former-area|ho-chi-minh|quan-5,IN_FORMER_AREA
45171910,former-area|ho-chi-minh|quan-11,IN_FORMER_AREA
45171934,former-area|ho-chi-minh|quan-11,IN_FORMER_AREA
44631355,former-area|ho-chi-minh|quan-9,IN_FORMER_AREA
43715977,former-area|ho-chi-minh|quan-9,IN_FORMER_AREA
45055545,former-area|ho-chi-minh|quan-7,IN_FORMER_AREA
44427897,former-area|ho-chi-minh|quan-2,IN_FORMER_AREA
44422861,former-area|ho-chi-minh|quan-9,IN_FORMER_AREA
44046077,former-area|ho-chi-minh|quan-9,IN_FORMER_AREA
43551199,former-area|ho-chi-minh|quan-9,IN_FORMER_AREA
45084721,former-area|ho-chi-minh|quan-9,IN_FORMER_AREA
44463660,former-area|ho-chi-minh|quan-9,IN_FORMER_AREA
43679734,former-area|ho-chi-minh|quan-9,IN_FORMER_AREA
43847718,former-area|ho-chi-minh|quan-9,IN_FORMER_AREA
44562715,former-area|binh-duong|thanh-pho-di-an,IN_FORMER_AREA
44023941,former-area|ho-chi-minh|quan-9,IN_FORMER_AREA
44988147,former-area|ho-chi-minh|quan-9,IN_FORMER_AREA
44843130,former-area|ho-chi-minh|quan-3,IN_FORMER_AREA
44904039,former-area|ho-chi-minh|quan-tan-phu,IN_FORMER_AREA
44945503,former-area|ho-chi-minh|quan-tan-phu,IN_FORMER_AREA
45052937,former-area|ho-chi-minh|quan-tan-phu,IN_FORMER_AREA
44988313,former-area|ho-chi-minh|quan-9,IN_FORMER_AREA
45062392,former-area|ho-chi-minh|quan-5,IN_FORMER_AREA
44945217,former-area|ho-chi-minh|quan-tan-phu,IN_FORMER_AREA
45072815,former-area|ho-chi-minh|quan-6,IN_FORMER_AREA
45061945,former-area|ho-chi-minh|quan-5,IN_FORMER_AREA
44050164,former-area|ho-chi-minh|quan-binh-thanh,IN_FORMER_AREA
44860566,former-area|ho-chi-minh|huyen-binh-chanh,IN_FORMER_AREA
43345644,former-area|ho-chi-minh|quan-9,IN_FORMER_AREA
45158878,former-area|binh-duong|thanh-pho-thuan-an,IN_FORMER_AREA
45024916,former-area|ho-chi-minh|quan-4,IN_FORMER_AREA
45260658__1,former-area|binh-duong|thanh-pho-thuan-an,IN_FORMER_AREA
44910264__1,former-area|ho-chi-minh|quan-7,IN_FORMER_AREA
44315816__1,former-area|ho-chi-minh|huyen-nha-be,IN_FORMER_AREA
45240187__1,former-area|ho-chi-minh|quan-tan-binh,IN_FORMER_AREA
41685836__1,former-area|ho-chi-minh|quan-7,IN_FORMER_AREA
45176664__1,former-area|ho-chi-minh|thanh-pho-thu-uc,IN_FORMER_AREA
45257389,former-area|ho-chi-minh|quan-tan-binh,IN_FORMER_AREA
45260073,former-area|ho-chi-minh|quan-12,IN_FORMER_AREA
45221822,former-area|ho-chi-minh|quan-binh-tan,IN_FORMER_AREA
45118179,former-area|ho-chi-minh|quan-binh-tan,IN_FORMER_AREA
45109833,former-area|ho-chi-minh|quan-go-vap,IN_FORMER_AREA
44762633,former-area|ho-chi-minh|huyen-hoc-mon,IN_FORMER_AREA
45139928,former-area|ho-chi-minh|quan-11,IN_FORMER_AREA
45170694,former-area|ho-chi-minh|quan-12,IN_FORMER_AREA
37920615,former-area|binh-duong|thanh-pho-ben-cat,IN_FORMER_AREA
45214509,former-area|ho-chi-minh|quan-3,IN_FORMER_AREA
45218797,former-area|ho-chi-minh|thanh-pho-thu-uc,IN_FORMER_AREA
45188401,former-area|binh-duong|thanh-pho-ben-cat,IN_FORMER_AREA
45027406,former-area|ho-chi-minh|quan-phu-nhuan,IN_FORMER_AREA
42599412,former-area|ho-chi-minh|quan-7,IN_FORMER_AREA
45245657,former-area|ho-chi-minh|quan-12,IN_FORMER_AREA
45266012,former-area|ho-chi-minh|quan-binh-thanh,IN_FORMER_AREA
45266829,former-area|ho-chi-minh|quan-7,IN_FORMER_AREA
45171748,former-area|ho-chi-minh|quan-1,IN_FORMER_AREA
45234494,former-area|ho-chi-minh|quan-12,IN_FORMER_AREA
45251894,former-area|ho-chi-minh|quan-9,IN_FORMER_AREA
45138363,former-area|ho-chi-minh|quan-tan-binh,IN_FORMER_AREA
45221020,former-area|ho-chi-minh|quan-go-vap,IN_FORMER_AREA
45164769,former-area|ho-chi-minh|quan-7,IN_FORMER_AREA
44586946,former-area|ho-chi-minh|quan-3,IN_FORMER_AREA
43695382,former-area|ho-chi-minh|quan-7,IN_FORMER_AREA
45246408,former-area|ho-chi-minh|quan-binh-thanh,IN_FORMER_AREA
42423444,former-area|ho-chi-minh|quan-go-vap,IN_FORMER_AREA
45164575,former-area|ba-ria-vung-tau|thanh-pho-ba-ria,IN_FORMER_AREA
45233274,former-area|ho-chi-minh|quan-binh-tan,IN_FORMER_AREA
44945202,former-area|ho-chi-minh|quan-2,IN_FORMER_AREA
45233008,former-area|ho-chi-minh|quan-5,IN_FORMER_AREA
45170798,former-area|ho-chi-minh|quan-binh-thanh,IN_FORMER_AREA
45209347,former-area|ho-chi-minh|quan-9,IN_FORMER_AREA
45232003,former-area|ho-chi-minh|quan-binh-thanh,IN_FORMER_AREA
45191674,former-area|ho-chi-minh|huyen-nha-be,IN_FORMER_AREA
44960303,former-area|ho-chi-minh|quan-10,IN_FORMER_AREA
45227137,former-area|ho-chi-minh|quan-tan-binh,IN_FORMER_AREA
44285831,former-area|ho-chi-minh|quan-go-vap,IN_FORMER_AREA
45176118,former-area|ho-chi-minh|quan-binh-tan,IN_FORMER_AREA
44708079,former-area|ho-chi-minh|quan-2,IN_FORMER_AREA
44869380,former-area|ho-chi-minh|quan-12,IN_FORMER_AREA
45215745,former-area|binh-duong|thanh-pho-ben-cat,IN_FORMER_AREA
44490909,former-area|ho-chi-minh|quan-5,IN_FORMER_AREA
45195893,former-area|ho-chi-minh|quan-10,IN_FORMER_AREA
44085270,former-area|ho-chi-minh|quan-binh-thanh,IN_FORMER_AREA
45188258,former-area|binh-duong|thanh-pho-thuan-an,IN_FORMER_AREA
45179572,former-area|ba-ria-vung-tau|thanh-pho-vung-tau,IN_FORMER_AREA
44391654,former-area|ho-chi-minh|quan-1,IN_FORMER_AREA
43684389,former-area|ho-chi-minh|quan-7,IN_FORMER_AREA
45263166,former-area|ho-chi-minh|quan-phu-nhuan,IN_FORMER_AREA
45255723,former-area|ho-chi-minh|quan-phu-nhuan,IN_FORMER_AREA
43684138,former-area|ho-chi-minh|quan-10,IN_FORMER_AREA
45138441,former-area|ho-chi-minh|thanh-pho-thu-uc,IN_FORMER_AREA
45180580,former-area|ho-chi-minh|huyen-hoc-mon,IN_FORMER_AREA
45266795,former-area|ho-chi-minh|quan-binh-thanh,IN_FORMER_AREA
44604418,former-area|ho-chi-minh|quan-5,IN_FORMER_AREA
45132003,former-area|ho-chi-minh|huyen-nha-be,IN_FORMER_AREA
44041038,former-area|ho-chi-minh|quan-1,IN_FORMER_AREA
45271919,former-area|ho-chi-minh|quan-7,IN_FORMER_AREA
45268389,former-area|ho-chi-minh|quan-1,IN_FORMER_AREA
45250947,former-area|ho-chi-minh|quan-12,IN_FORMER_AREA
45147770,former-area|ho-chi-minh|quan-go-vap,IN_FORMER_AREA
45060998,former-area|ho-chi-minh|quan-2,IN_FORMER_AREA
45257856,former-area|ho-chi-minh|quan-phu-nhuan,IN_FORMER_AREA
45260658__2,former-area|binh-duong|thanh-pho-thuan-an,IN_FORMER_AREA
44559172,former-area|ho-chi-minh|quan-8,IN_FORMER_AREA
44817698,former-area|ho-chi-minh|quan-7,IN_FORMER_AREA
44066956,former-area|ho-chi-minh|quan-7,IN_FORMER_AREA
45236779,former-area|ho-chi-minh|quan-tan-binh,IN_FORMER_AREA
44838130,former-area|ho-chi-minh|quan-1,IN_FORMER_AREA
44624983,former-area|ho-chi-minh|quan-8,IN_FORMER_AREA
45075817,former-area|ho-chi-minh|quan-go-vap,IN_FORMER_AREA
45075802,former-area|ho-chi-minh|quan-go-vap,IN_FORMER_AREA
45019732,former-area|ho-chi-minh|quan-go-vap,IN_FORMER_AREA
44562429,former-area|ho-chi-minh|quan-8,IN_FORMER_AREA
45072577,former-area|ho-chi-minh|quan-7,IN_FORMER_AREA
45255747,former-area|ho-chi-minh|quan-go-vap,IN_FORMER_AREA
45236207,former-area|ho-chi-minh|quan-12,IN_FORMER_AREA
45071367,former-area|ho-chi-minh|quan-go-vap,IN_FORMER_AREA
44753008,former-area|ho-chi-minh|quan-1,IN_FORMER_AREA
45231504,former-area|ho-chi-minh|quan-phu-nhuan,IN_FORMER_AREA
44106049,former-area|ho-chi-minh|quan-10,IN_FORMER_AREA
45252747,former-area|ho-chi-minh|quan-phu-nhuan,IN_FORMER_AREA
43698090,former-area|ho-chi-minh|quan-1,IN_FORMER_AREA
43775385,former-area|ho-chi-minh|quan-phu-nhuan,IN_FORMER_AREA
44574182,former-area|ho-chi-minh|quan-7,IN_FORMER_AREA
44949894,former-area|ho-chi-minh|huyen-nha-be,IN_FORMER_AREA
45256206,former-area|ho-chi-minh|quan-go-vap,IN_FORMER_AREA
45124344,former-area|ho-chi-minh|quan-binh-tan,IN_FORMER_AREA
44522419,former-area|ho-chi-minh|quan-8,IN_FORMER_AREA
44014157,former-area|ho-chi-minh|huyen-nha-be,IN_FORMER_AREA
44963713,former-area|ho-chi-minh|huyen-nha-be,IN_FORMER_AREA
45091488,former-area|ho-chi-minh|quan-7,IN_FORMER_AREA
45069226,former-area|ho-chi-minh|huyen-nha-be,IN_FORMER_AREA
43533970,former-area|ho-chi-minh|quan-7,IN_FORMER_AREA
45214659,former-area|ho-chi-minh|quan-phu-nhuan,IN_FORMER_AREA
44427695,former-area|ho-chi-minh|quan-10,IN_FORMER_AREA
44934839,former-area|ho-chi-minh|quan-phu-nhuan,IN_FORMER_AREA
45085092,former-area|ho-chi-minh|quan-go-vap,IN_FORMER_AREA
44577814,former-area|ho-chi-minh|quan-8,IN_FORMER_AREA
44935352,former-area|ho-chi-minh|huyen-binh-chanh,IN_FORMER_AREA
45240798,former-area|ho-chi-minh|quan-binh-tan,IN_FORMER_AREA
45111612,former-area|ho-chi-minh|quan-12,IN_FORMER_AREA
44623799,former-area|ho-chi-minh|quan-binh-thanh,IN_FORMER_AREA
45261802,former-area|ho-chi-minh|quan-go-vap,IN_FORMER_AREA
40679443,former-area|ho-chi-minh|quan-9,IN_FORMER_AREA
44818877,former-area|ho-chi-minh|quan-8,IN_FORMER_AREA
41078865,former-area|ho-chi-minh|quan-10,IN_FORMER_AREA
45143889,former-area|ho-chi-minh|huyen-nha-be,IN_FORMER_AREA
39465019,former-area|ho-chi-minh|huyen-nha-be,IN_FORMER_AREA
45256332,former-area|ho-chi-minh|quan-1,IN_FORMER_AREA
43862357,former-area|ho-chi-minh|huyen-nha-be,IN_FORMER_AREA
45252566,former-area|ho-chi-minh|quan-phu-nhuan,IN_FORMER_AREA
45255230,former-area|ho-chi-minh|quan-go-vap,IN_FORMER_AREA
44598931,former-area|ho-chi-minh|huyen-nha-be,IN_FORMER_AREA
45263425,former-area|ho-chi-minh|quan-go-vap,IN_FORMER_AREA
44854353,former-area|ho-chi-minh|huyen-nha-be,IN_FORMER_AREA
44953673,former-area|ho-chi-minh|quan-7,IN_FORMER_AREA
44341133,former-area|ho-chi-minh|quan-7,IN_FORMER_AREA
43469104,former-area|ho-chi-minh|huyen-nha-be,IN_FORMER_AREA
44759145,former-area|ho-chi-minh|quan-8,IN_FORMER_AREA
45189288,former-area|ho-chi-minh|quan-7,IN_FORMER_AREA
45222094,former-area|ho-chi-minh|quan-7,IN_FORMER_AREA
45193853,former-area|ho-chi-minh|quan-tan-binh,IN_FORMER_AREA
44684469,former-area|ho-chi-minh|quan-go-vap,IN_FORMER_AREA
45272297,former-area|ho-chi-minh|quan-phu-nhuan,IN_FORMER_AREA
45198154,former-area|binh-duong|huyen-bau-bang,IN_FORMER_AREA
45005416,former-area|ho-chi-minh|quan-7,IN_FORMER_AREA
45246125,former-area|ho-chi-minh|quan-phu-nhuan,IN_FORMER_AREA
45103700,former-area|ho-chi-minh|quan-2,IN_FORMER_AREA
44615878,former-area|ho-chi-minh|huyen-binh-chanh,IN_FORMER_AREA
40970351,former-area|ho-chi-minh|thanh-pho-thu-uc,IN_FORMER_AREA
45124613,former-area|ho-chi-minh|quan-go-vap,IN_FORMER_AREA
44832555,former-area|ho-chi-minh|quan-5,IN_FORMER_AREA
45190193,former-area|ho-chi-minh|quan-go-vap,IN_FORMER_AREA
45190237,former-area|ho-chi-minh|quan-go-vap,IN_FORMER_AREA
45190476,former-area|ho-chi-minh|quan-binh-thanh,IN_FORMER_AREA
45266627,former-area|ho-chi-minh|quan-go-vap,IN_FORMER_AREA
44432931,former-area|ho-chi-minh|quan-6,IN_FORMER_AREA
44532175,former-area|ho-chi-minh|quan-9,IN_FORMER_AREA
45265868,former-area|ho-chi-minh|quan-go-vap,IN_FORMER_AREA
45257511,former-area|ho-chi-minh|quan-8,IN_FORMER_AREA
45267874,former-area|ho-chi-minh|quan-7,IN_FORMER_AREA
43472386,former-area|ho-chi-minh|quan-12,IN_FORMER_AREA
45261598,former-area|ho-chi-minh|huyen-nha-be,IN_FORMER_AREA
45271863,former-area|ho-chi-minh|quan-binh-thanh,IN_FORMER_AREA
42188831,former-area|ho-chi-minh|quan-9,IN_FORMER_AREA
45262674,former-area|ho-chi-minh|thanh-pho-thu-uc,IN_FORMER_AREA
45239181,former-area|ho-chi-minh|quan-phu-nhuan,IN_FORMER_AREA
43888979,former-area|ho-chi-minh|quan-5,IN_FORMER_AREA
44066039,former-area|ho-chi-minh|quan-9,IN_FORMER_AREA
45050264,former-area|ho-chi-minh|quan-binh-tan,IN_FORMER_AREA
44990569,former-area|ho-chi-minh|quan-8,IN_FORMER_AREA
45251079,former-area|binh-duong|thanh-pho-ben-cat,IN_FORMER_AREA
45235483,former-area|ho-chi-minh|quan-12,IN_FORMER_AREA
45267067,former-area|ho-chi-minh|thanh-pho-thu-uc,IN_FORMER_AREA
45261487,former-area|ho-chi-minh|quan-go-vap,IN_FORMER_AREA
43593699,former-area|ho-chi-minh|quan-10,IN_FORMER_AREA
44784199,former-area|ho-chi-minh|quan-binh-tan,IN_FORMER_AREA
44744909,former-area|ho-chi-minh|quan-binh-tan,IN_FORMER_AREA
45271541,former-area|ho-chi-minh|huyen-nha-be,IN_FORMER_AREA
45007611,former-area|ho-chi-minh|quan-binh-tan,IN_FORMER_AREA
45083934,former-area|ho-chi-minh|quan-binh-tan,IN_FORMER_AREA
45189695,former-area|ho-chi-minh|thanh-pho-thu-uc,IN_FORMER_AREA
45270893,former-area|ho-chi-minh|huyen-nha-be,IN_FORMER_AREA
45261561,former-area|ho-chi-minh|quan-binh-thanh,IN_FORMER_AREA
45016136,former-area|ho-chi-minh|quan-12,IN_FORMER_AREA
45128430,former-area|ho-chi-minh|quan-3,IN_FORMER_AREA
45151591,former-area|ho-chi-minh|quan-phu-nhuan,IN_FORMER_AREA
42379055,former-area|ho-chi-minh|thanh-pho-thu-uc,IN_FORMER_AREA
45190446,former-area|ho-chi-minh|quan-1,IN_FORMER_AREA
45146834,former-area|ho-chi-minh|quan-go-vap,IN_FORMER_AREA
45261209,former-area|ho-chi-minh|quan-tan-binh,IN_FORMER_AREA
44443389,former-area|ho-chi-minh|quan-tan-phu,IN_FORMER_AREA
45054943,former-area|ho-chi-minh|quan-7,IN_FORMER_AREA
45159682,former-area|ho-chi-minh|quan-7,IN_FORMER_AREA
43906503,former-area|ho-chi-minh|quan-tan-binh,IN_FORMER_AREA
45270265,former-area|ho-chi-minh|quan-binh-tan,IN_FORMER_AREA
44150181,former-area|ho-chi-minh|quan-binh-thanh,IN_FORMER_AREA
45004899,former-area|ho-chi-minh|quan-7,IN_FORMER_AREA
45089167,former-area|ho-chi-minh|quan-1,IN_FORMER_AREA
44153316,former-area|ho-chi-minh|thanh-pho-thu-uc,IN_FORMER_AREA
45261902,former-area|ho-chi-minh|quan-9,IN_FORMER_AREA
44435880,former-area|ho-chi-minh|quan-7,IN_FORMER_AREA
43981180,former-area|ho-chi-minh|quan-3,IN_FORMER_AREA
44951460,former-area|ho-chi-minh|thanh-pho-thu-uc,IN_FORMER_AREA
44942944,former-area|ho-chi-minh|quan-7,IN_FORMER_AREA
45258990,former-area|ho-chi-minh|quan-go-vap,IN_FORMER_AREA
45232770,former-area|ho-chi-minh|quan-1,IN_FORMER_AREA
43832511,former-area|ho-chi-minh|quan-7,IN_FORMER_AREA
45262066,former-area|ho-chi-minh|quan-binh-thanh,IN_FORMER_AREA
45064702,former-area|ho-chi-minh|quan-binh-tan,IN_FORMER_AREA
44335025,former-area|ho-chi-minh|quan-3,IN_FORMER_AREA
43775873,former-area|ho-chi-minh|quan-5,IN_FORMER_AREA
44965701,former-area|ho-chi-minh|quan-10,IN_FORMER_AREA
43172287,former-area|ho-chi-minh|quan-5,IN_FORMER_AREA
44222475,former-area|ho-chi-minh|quan-3,IN_FORMER_AREA
42806581,former-area|ho-chi-minh|quan-phu-nhuan,IN_FORMER_AREA
43467650,former-area|ho-chi-minh|quan-2,IN_FORMER_AREA
43903589,former-area|ho-chi-minh|quan-10,IN_FORMER_AREA
43720201,former-area|ho-chi-minh|quan-9,IN_FORMER_AREA
40901271,former-area|ho-chi-minh|quan-10,IN_FORMER_AREA
45083831,former-area|ho-chi-minh|quan-binh-tan,IN_FORMER_AREA
45247724,former-area|ho-chi-minh|quan-7,IN_FORMER_AREA
43238341,former-area|ho-chi-minh|quan-10,IN_FORMER_AREA
42527051,former-area|ho-chi-minh|quan-10,IN_FORMER_AREA
44140279,former-area|ho-chi-minh|quan-10,IN_FORMER_AREA
43931812,former-area|ho-chi-minh|quan-1,IN_FORMER_AREA
43376549,former-area|ho-chi-minh|quan-3,IN_FORMER_AREA
44825135,former-area|ho-chi-minh|quan-1,IN_FORMER_AREA
44819746,former-area|ho-chi-minh|quan-5,IN_FORMER_AREA
43598350,former-area|ho-chi-minh|quan-10,IN_FORMER_AREA
45231497,former-area|ho-chi-minh|quan-phu-nhuan,IN_FORMER_AREA
45253348,former-area|ho-chi-minh|quan-go-vap,IN_FORMER_AREA
44810753,former-area|ho-chi-minh|quan-9,IN_FORMER_AREA
44865186,former-area|ho-chi-minh|quan-binh-tan,IN_FORMER_AREA
44773630,former-area|ho-chi-minh|quan-1,IN_FORMER_AREA
43122633,former-area|ba-ria-vung-tau|thanh-pho-vung-tau,IN_FORMER_AREA
45241403,former-area|ho-chi-minh|quan-7,IN_FORMER_AREA
45120025,former-area|ho-chi-minh|quan-12,IN_FORMER_AREA
45076045,former-area|ho-chi-minh|quan-1,IN_FORMER_AREA
45261455,former-area|ho-chi-minh|quan-tan-binh,IN_FORMER_AREA
45261537,former-area|ho-chi-minh|quan-phu-nhuan,IN_FORMER_AREA
45144378,former-area|ho-chi-minh|quan-9,IN_FORMER_AREA
44089093,former-area|ho-chi-minh|huyen-nha-be,IN_FORMER_AREA
43452916,former-area|ho-chi-minh|quan-10,IN_FORMER_AREA
45240198,former-area|ho-chi-minh|quan-phu-nhuan,IN_FORMER_AREA
44734340,former-area|ho-chi-minh|quan-4,IN_FORMER_AREA
44790560,former-area|ho-chi-minh|quan-12,IN_FORMER_AREA
43419296,former-area|ho-chi-minh|quan-3,IN_FORMER_AREA
45252887,former-area|ho-chi-minh|quan-7,IN_FORMER_AREA
45251312,former-area|ho-chi-minh|quan-12,IN_FORMER_AREA
45038437,former-area|ho-chi-minh|quan-9,IN_FORMER_AREA
44522452,former-area|ho-chi-minh|huyen-nha-be,IN_FORMER_AREA
44593189,former-area|ho-chi-minh|huyen-nha-be,IN_FORMER_AREA
45071210,former-area|ho-chi-minh|quan-12,IN_FORMER_AREA
45270087,former-area|ho-chi-minh|quan-5,IN_FORMER_AREA
45097287,former-area|ho-chi-minh|thanh-pho-thu-uc,IN_FORMER_AREA
45260967,former-area|ho-chi-minh|quan-tan-binh,IN_FORMER_AREA
43786316,former-area|ho-chi-minh|quan-tan-binh,IN_FORMER_AREA
45189282,former-area|ho-chi-minh|quan-2,IN_FORMER_AREA
44958409,former-area|ba-ria-vung-tau|thanh-pho-vung-tau,IN_FORMER_AREA
45249483,former-area|ba-ria-vung-tau|thanh-pho-vung-tau,IN_FORMER_AREA
45189864,former-area|ho-chi-minh|quan-phu-nhuan,IN_FORMER_AREA
41753098,former-area|ho-chi-minh|quan-7,IN_FORMER_AREA
44618700,former-area|ho-chi-minh|quan-phu-nhuan,IN_FORMER_AREA
42045091,former-area|ho-chi-minh|quan-tan-binh,IN_FORMER_AREA
45138568,former-area|ho-chi-minh|quan-7,IN_FORMER_AREA
42666931,former-area|ho-chi-minh|quan-2,IN_FORMER_AREA
44945238,former-area|ho-chi-minh|huyen-nha-be,IN_FORMER_AREA
45246198,former-area|ho-chi-minh|quan-binh-tan,IN_FORMER_AREA
45238136,former-area|ho-chi-minh|quan-3,IN_FORMER_AREA
45256356,former-area|ho-chi-minh|quan-go-vap,IN_FORMER_AREA
45262999,former-area|ho-chi-minh|quan-7,IN_FORMER_AREA
44763347,former-area|ho-chi-minh|quan-binh-tan,IN_FORMER_AREA
45247385,former-area|ho-chi-minh|thanh-pho-thu-uc,IN_FORMER_AREA
45220146,former-area|ho-chi-minh|thanh-pho-thu-uc,IN_FORMER_AREA
45220153,former-area|ho-chi-minh|thanh-pho-thu-uc,IN_FORMER_AREA
45189051,former-area|ho-chi-minh|thanh-pho-thu-uc,IN_FORMER_AREA
43398089,former-area|ho-chi-minh|quan-go-vap,IN_FORMER_AREA
45265594,former-area|ho-chi-minh|quan-12,IN_FORMER_AREA
44962033,former-area|ho-chi-minh|quan-binh-tan,IN_FORMER_AREA
44871367,former-area|ho-chi-minh|quan-7,IN_FORMER_AREA
44018332,former-area|ho-chi-minh|quan-5,IN_FORMER_AREA
43789474,former-area|ho-chi-minh|quan-7,IN_FORMER_AREA
44931890,former-area|ba-ria-vung-tau|thanh-pho-vung-tau,IN_FORMER_AREA
44772974,former-area|ba-ria-vung-tau|thanh-pho-vung-tau,IN_FORMER_AREA
45251495,former-area|ho-chi-minh|quan-binh-tan,IN_FORMER_AREA
45265586,former-area|ho-chi-minh|quan-8,IN_FORMER_AREA
45229877,former-area|binh-duong|thanh-pho-ben-cat,IN_FORMER_AREA
45228729,former-area|binh-duong|thanh-pho-ben-cat,IN_FORMER_AREA
45224442,former-area|binh-duong|thanh-pho-ben-cat,IN_FORMER_AREA
44893195,former-area|ba-ria-vung-tau|thanh-pho-vung-tau,IN_FORMER_AREA
44823131,former-area|ho-chi-minh|quan-1,IN_FORMER_AREA
43900696,former-area|ho-chi-minh|quan-3,IN_FORMER_AREA
43517731,former-area|ho-chi-minh|quan-10,IN_FORMER_AREA
44960399,former-area|ho-chi-minh|quan-7,IN_FORMER_AREA
44634511,former-area|ho-chi-minh|quan-10,IN_FORMER_AREA
44826909,former-area|ho-chi-minh|quan-1,IN_FORMER_AREA
45178137,former-area|ho-chi-minh|quan-binh-tan,IN_FORMER_AREA
45270308,former-area|binh-duong|thanh-pho-ben-cat,IN_FORMER_AREA
44877964,former-area|ho-chi-minh|quan-binh-tan,IN_FORMER_AREA
45223747,former-area|ho-chi-minh|quan-tan-binh,IN_FORMER_AREA
45251169,former-area|ba-ria-vung-tau|thanh-pho-vung-tau,IN_FORMER_AREA
45243923,former-area|ho-chi-minh|quan-binh-thanh,IN_FORMER_AREA
45206703,former-area|ho-chi-minh|quan-tan-binh,IN_FORMER_AREA
45206360,former-area|ho-chi-minh|quan-tan-binh,IN_FORMER_AREA
45263608,former-area|ho-chi-minh|quan-10,IN_FORMER_AREA
44829409,former-area|ho-chi-minh|huyen-nha-be,IN_FORMER_AREA
44687572,former-area|ho-chi-minh|quan-3,IN_FORMER_AREA
45007564,former-area|ho-chi-minh|quan-binh-tan,IN_FORMER_AREA
44046412,former-area|ho-chi-minh|quan-7,IN_FORMER_AREA
44751278,former-area|ho-chi-minh|quan-3,IN_FORMER_AREA
45191822,former-area|ho-chi-minh|quan-go-vap,IN_FORMER_AREA
45259017,former-area|ho-chi-minh|quan-phu-nhuan,IN_FORMER_AREA
45155867,former-area|ho-chi-minh|quan-go-vap,IN_FORMER_AREA
45260350,former-area|ho-chi-minh|quan-tan-binh,IN_FORMER_AREA
45252083,former-area|ho-chi-minh|quan-3,IN_FORMER_AREA
44837428,former-area|ho-chi-minh|quan-7,IN_FORMER_AREA
44812725,former-area|ho-chi-minh|quan-binh-tan,IN_FORMER_AREA
45247851,former-area|ba-ria-vung-tau|thanh-pho-vung-tau,IN_FORMER_AREA
45265219,former-area|ho-chi-minh|quan-12,IN_FORMER_AREA
41002296,former-area|ho-chi-minh|quan-3,IN_FORMER_AREA
45167074,former-area|ho-chi-minh|quan-binh-tan,IN_FORMER_AREA
44963337,former-area|ho-chi-minh|thanh-pho-thu-uc,IN_FORMER_AREA
40484691,former-area|ho-chi-minh|huyen-binh-chanh,IN_FORMER_AREA
45266745,former-area|ho-chi-minh|quan-12,IN_FORMER_AREA
45265897,former-area|ho-chi-minh|quan-phu-nhuan,IN_FORMER_AREA
45257827,former-area|ho-chi-minh|quan-1,IN_FORMER_AREA
42886620,former-area|ho-chi-minh|quan-8,IN_FORMER_AREA
45140058,former-area|ho-chi-minh|quan-9,IN_FORMER_AREA
44718946,former-area|ho-chi-minh|quan-go-vap,IN_FORMER_AREA
45051736,former-area|ho-chi-minh|quan-9,IN_FORMER_AREA
44964591,former-area|ho-chi-minh|quan-7,IN_FORMER_AREA
45075183,former-area|ho-chi-minh|quan-phu-nhuan,IN_FORMER_AREA
45181136,former-area|ho-chi-minh|thanh-pho-thu-uc,IN_FORMER_AREA
44468892,former-area|ba-ria-vung-tau|thanh-pho-vung-tau,IN_FORMER_AREA
41212871,former-area|ba-ria-vung-tau|huyen-xuyen-moc,IN_FORMER_AREA
45259507,former-area|ho-chi-minh|quan-phu-nhuan,IN_FORMER_AREA
44226284,former-area|ho-chi-minh|huyen-nha-be,IN_FORMER_AREA
45255987,former-area|binh-duong|thanh-pho-ben-cat,IN_FORMER_AREA
45259007,former-area|ho-chi-minh|quan-phu-nhuan,IN_FORMER_AREA
44935139,former-area|ho-chi-minh|thanh-pho-thu-uc,IN_FORMER_AREA
45134992,former-area|ho-chi-minh|quan-7,IN_FORMER_AREA
44261451,former-area|ho-chi-minh|huyen-nha-be,IN_FORMER_AREA
45148623,former-area|ba-ria-vung-tau|thanh-pho-vung-tau,IN_FORMER_AREA
45065540,former-area|ho-chi-minh|thanh-pho-thu-uc,IN_FORMER_AREA
43821501,former-area|ho-chi-minh|huyen-nha-be,IN_FORMER_AREA
44712145,former-area|ho-chi-minh|quan-2,IN_FORMER_AREA
45264215,former-area|ho-chi-minh|quan-9,IN_FORMER_AREA
45096611,former-area|ho-chi-minh|thanh-pho-thu-uc,IN_FORMER_AREA
45269471,former-area|ho-chi-minh|quan-tan-phu,IN_FORMER_AREA
44756621,former-area|ho-chi-minh|quan-tan-binh,IN_FORMER_AREA
45197239,former-area|ho-chi-minh|quan-7,IN_FORMER_AREA
45253524,former-area|ho-chi-minh|thanh-pho-thu-uc,IN_FORMER_AREA
44448600,former-area|ho-chi-minh|quan-10,IN_FORMER_AREA
44838709,former-area|ho-chi-minh|quan-10,IN_FORMER_AREA
42298790,former-area|ho-chi-minh|quan-3,IN_FORMER_AREA
45052349,former-area|ho-chi-minh|quan-1,IN_FORMER_AREA
42539528,former-area|ba-ria-vung-tau|thanh-pho-vung-tau,IN_FORMER_AREA
45260718,former-area|ho-chi-minh|quan-7,IN_FORMER_AREA
45269276,former-area|ho-chi-minh|quan-8,IN_FORMER_AREA
45265683,former-area|ho-chi-minh|quan-tan-phu,IN_FORMER_AREA
44909045,former-area|ho-chi-minh|quan-10,IN_FORMER_AREA
45268965,former-area|ho-chi-minh|huyen-nha-be,IN_FORMER_AREA
43115714,former-area|ho-chi-minh|huyen-hoc-mon,IN_FORMER_AREA
45198685,former-area|ho-chi-minh|quan-10,IN_FORMER_AREA
45054263,former-area|ho-chi-minh|huyen-nha-be,IN_FORMER_AREA
39387596,former-area|ho-chi-minh|quan-9,IN_FORMER_AREA
45125918,former-area|ho-chi-minh|quan-2,IN_FORMER_AREA
44241399,former-area|ho-chi-minh|quan-binh-tan,IN_FORMER_AREA
44477261,former-area|ho-chi-minh|quan-9,IN_FORMER_AREA
44597730,former-area|ho-chi-minh|huyen-nha-be,IN_FORMER_AREA
45050256,former-area|ho-chi-minh|quan-go-vap,IN_FORMER_AREA
44570832,former-area|ho-chi-minh|huyen-nha-be,IN_FORMER_AREA
45082533,former-area|ho-chi-minh|quan-phu-nhuan,IN_FORMER_AREA
44871874,former-area|ho-chi-minh|quan-binh-thanh,IN_FORMER_AREA
45187163,former-area|ba-ria-vung-tau|thanh-pho-vung-tau,IN_FORMER_AREA
45201015,former-area|ho-chi-minh|huyen-nha-be,IN_FORMER_AREA
45159575,former-area|ho-chi-minh|huyen-nha-be,IN_FORMER_AREA
44936128,former-area|ho-chi-minh|thanh-pho-thu-uc,IN_FORMER_AREA
45036689,former-area|ho-chi-minh|quan-phu-nhuan,IN_FORMER_AREA
44939112,former-area|ho-chi-minh|quan-phu-nhuan,IN_FORMER_AREA
44798297,former-area|ho-chi-minh|quan-binh-tan,IN_FORMER_AREA
44242335,former-area|ho-chi-minh|quan-10,IN_FORMER_AREA
44053901,former-area|ho-chi-minh|quan-5,IN_FORMER_AREA
43459744,former-area|ho-chi-minh|quan-3,IN_FORMER_AREA
43152347,former-area|ho-chi-minh|quan-9,IN_FORMER_AREA
43258837,former-area|ho-chi-minh|quan-3,IN_FORMER_AREA
45237993,former-area|ho-chi-minh|quan-1,IN_FORMER_AREA
43110040,former-area|ho-chi-minh|quan-binh-tan,IN_FORMER_AREA
44966803,former-area|ho-chi-minh|quan-binh-tan,IN_FORMER_AREA
44867301,former-area|ho-chi-minh|quan-binh-thanh,IN_FORMER_AREA
45157460,former-area|ho-chi-minh|thanh-pho-thu-uc,IN_FORMER_AREA
44952277,former-area|ho-chi-minh|quan-tan-phu,IN_FORMER_AREA
45251488,former-area|ba-ria-vung-tau|thanh-pho-vung-tau,IN_FORMER_AREA
45128578,former-area|ho-chi-minh|huyen-nha-be,IN_FORMER_AREA
45070876,former-area|ho-chi-minh|thanh-pho-thu-uc,IN_FORMER_AREA
45253987,former-area|ho-chi-minh|quan-9,IN_FORMER_AREA
44810953,former-area|ho-chi-minh|huyen-hoc-mon,IN_FORMER_AREA
44914549,former-area|ba-ria-vung-tau|thanh-pho-vung-tau,IN_FORMER_AREA
45251420,former-area|ba-ria-vung-tau|thanh-pho-vung-tau,IN_FORMER_AREA
45077787,former-area|ho-chi-minh|quan-tan-phu,IN_FORMER_AREA
43544584,former-area|ho-chi-minh|quan-binh-thanh,IN_FORMER_AREA
44976353,former-area|ho-chi-minh|quan-12,IN_FORMER_AREA
43612771,former-area|ho-chi-minh|quan-tan-binh,IN_FORMER_AREA
45237440,former-area|binh-duong|thanh-pho-thuan-an,IN_FORMER_AREA
45139147,former-area|ho-chi-minh|quan-tan-phu,IN_FORMER_AREA
45256975,former-area|ho-chi-minh|quan-go-vap,IN_FORMER_AREA
45141560,former-area|ho-chi-minh|quan-binh-tan,IN_FORMER_AREA
45154817,former-area|ho-chi-minh|quan-tan-phu,IN_FORMER_AREA
44953962,former-area|ho-chi-minh|quan-9,IN_FORMER_AREA
44469361,former-area|ho-chi-minh|quan-9,IN_FORMER_AREA
44994255,former-area|ho-chi-minh|quan-phu-nhuan,IN_FORMER_AREA
45264351,former-area|ho-chi-minh|quan-phu-nhuan,IN_FORMER_AREA
45259731,former-area|ho-chi-minh|thanh-pho-thu-uc,IN_FORMER_AREA
45183606,former-area|ho-chi-minh|quan-9,IN_FORMER_AREA
45265156,former-area|ho-chi-minh|thanh-pho-thu-uc,IN_FORMER_AREA
45056721,former-area|ho-chi-minh|quan-tan-phu,IN_FORMER_AREA
44334211,former-area|ho-chi-minh|huyen-nha-be,IN_FORMER_AREA
45162550,former-area|ba-ria-vung-tau|thanh-pho-vung-tau,IN_FORMER_AREA
45222776,former-area|ba-ria-vung-tau|thanh-pho-vung-tau,IN_FORMER_AREA
45268380,former-area|ho-chi-minh|quan-7,IN_FORMER_AREA
45125514,former-area|ho-chi-minh|huyen-nha-be,IN_FORMER_AREA
45090623,former-area|ho-chi-minh|quan-binh-thanh,IN_FORMER_AREA
44998731,former-area|ho-chi-minh|quan-binh-thanh,IN_FORMER_AREA
45256036,former-area|ho-chi-minh|huyen-nha-be,IN_FORMER_AREA
44101006,former-area|ho-chi-minh|quan-phu-nhuan,IN_FORMER_AREA
44826933,former-area|ho-chi-minh|quan-2,IN_FORMER_AREA
45253260,former-area|ho-chi-minh|huyen-nha-be,IN_FORMER_AREA
44871995,former-area|ho-chi-minh|quan-binh-thanh,IN_FORMER_AREA
45267919,former-area|ho-chi-minh|quan-7,IN_FORMER_AREA
45256662,former-area|ho-chi-minh|huyen-nha-be,IN_FORMER_AREA
45249214,former-area|ho-chi-minh|quan-4,IN_FORMER_AREA
45264890,former-area|ho-chi-minh|quan-binh-tan,IN_FORMER_AREA
43411719,former-area|ho-chi-minh|quan-binh-thanh,IN_FORMER_AREA
44952474,former-area|ho-chi-minh|quan-8,IN_FORMER_AREA
45266718,former-area|ho-chi-minh|quan-phu-nhuan,IN_FORMER_AREA
45269042,former-area|ho-chi-minh|quan-go-vap,IN_FORMER_AREA
44974281,former-area|ho-chi-minh|quan-7,IN_FORMER_AREA
45201395,former-area|ho-chi-minh|huyen-nha-be,IN_FORMER_AREA
44146411,former-area|ba-ria-vung-tau|thanh-pho-vung-tau,IN_FORMER_AREA
45266757,former-area|ho-chi-minh|quan-phu-nhuan,IN_FORMER_AREA
45259366,former-area|ho-chi-minh|huyen-nha-be,IN_FORMER_AREA
43136703,former-area|ho-chi-minh|quan-7,IN_FORMER_AREA
44908692,former-area|ho-chi-minh|quan-7,IN_FORMER_AREA
44490870,former-area|ho-chi-minh|quan-tan-binh,IN_FORMER_AREA
44930313,former-area|ho-chi-minh|quan-10,IN_FORMER_AREA
45269189,former-area|ho-chi-minh|quan-binh-tan,IN_FORMER_AREA
45058103,former-area|ho-chi-minh|thanh-pho-thu-uc,IN_FORMER_AREA
45263200,former-area|ho-chi-minh|thanh-pho-thu-uc,IN_FORMER_AREA
45166701,former-area|ho-chi-minh|quan-9,IN_FORMER_AREA
45137052,former-area|ba-ria-vung-tau|huyen-long-at,IN_FORMER_AREA
45131129,former-area|ho-chi-minh|quan-8,IN_FORMER_AREA
45126932,former-area|ho-chi-minh|quan-7,IN_FORMER_AREA
45243290,former-area|ho-chi-minh|quan-9,IN_FORMER_AREA
44925164,former-area|ho-chi-minh|quan-6,IN_FORMER_AREA
45269300,former-area|ho-chi-minh|quan-binh-tan,IN_FORMER_AREA
43662693,former-area|ho-chi-minh|quan-8,IN_FORMER_AREA
45169945,former-area|ho-chi-minh|quan-8,IN_FORMER_AREA
44867307,former-area|ho-chi-minh|quan-phu-nhuan,IN_FORMER_AREA
45142630,former-area|ho-chi-minh|quan-8,IN_FORMER_AREA
44971549,former-area|ho-chi-minh|quan-2,IN_FORMER_AREA
45253141,former-area|ho-chi-minh|huyen-nha-be,IN_FORMER_AREA
45253417,former-area|ho-chi-minh|huyen-nha-be,IN_FORMER_AREA
45257227,former-area|ho-chi-minh|quan-9,IN_FORMER_AREA
45245534,former-area|ho-chi-minh|quan-7,IN_FORMER_AREA
45232260,former-area|ho-chi-minh|quan-binh-thanh,IN_FORMER_AREA
45246980,former-area|ho-chi-minh|quan-binh-thanh,IN_FORMER_AREA
41340827,former-area|ho-chi-minh|quan-7,IN_FORMER_AREA
41851869,former-area|ho-chi-minh|quan-7,IN_FORMER_AREA
42006475,former-area|ho-chi-minh|quan-7,IN_FORMER_AREA
43554175,former-area|ho-chi-minh|huyen-nha-be,IN_FORMER_AREA
44420531,former-area|ho-chi-minh|huyen-nha-be,IN_FORMER_AREA
44175755,former-area|ho-chi-minh|huyen-nha-be,IN_FORMER_AREA
45108824,former-area|ho-chi-minh|quan-1,IN_FORMER_AREA
44959043,former-area|ho-chi-minh|quan-1,IN_FORMER_AREA
44588604,former-area|ho-chi-minh|quan-tan-binh,IN_FORMER_AREA
44872005,former-area|ho-chi-minh|quan-1,IN_FORMER_AREA
43734431,former-area|ho-chi-minh|huyen-binh-chanh,IN_FORMER_AREA
43471444,former-area|ho-chi-minh|quan-1,IN_FORMER_AREA
43683976,former-area|ho-chi-minh|quan-3,IN_FORMER_AREA
45186591,former-area|ho-chi-minh|quan-tan-phu,IN_FORMER_AREA
43684191,former-area|ho-chi-minh|quan-10,IN_FORMER_AREA
42764854,former-area|ho-chi-minh|quan-10,IN_FORMER_AREA
43676269,former-area|ho-chi-minh|quan-3,IN_FORMER_AREA
44218641,former-area|ho-chi-minh|quan-tan-phu,IN_FORMER_AREA
45265794,former-area|ho-chi-minh|quan-binh-thanh,IN_FORMER_AREA
39919262,former-area|ho-chi-minh|quan-10,IN_FORMER_AREA
45025327,former-area|ho-chi-minh|quan-phu-nhuan,IN_FORMER_AREA
45025194,former-area|ho-chi-minh|quan-phu-nhuan,IN_FORMER_AREA
45024824,former-area|ho-chi-minh|quan-phu-nhuan,IN_FORMER_AREA
45021580,former-area|ho-chi-minh|quan-phu-nhuan,IN_FORMER_AREA
45016800,former-area|ho-chi-minh|quan-phu-nhuan,IN_FORMER_AREA
43161586,former-area|ho-chi-minh|quan-11,IN_FORMER_AREA
45250656,former-area|ho-chi-minh|quan-binh-tan,IN_FORMER_AREA
45268404,former-area|ho-chi-minh|quan-7,IN_FORMER_AREA
45074852,former-area|ho-chi-minh|quan-4,IN_FORMER_AREA
45054302,former-area|ho-chi-minh|quan-8,IN_FORMER_AREA
45263838,former-area|ho-chi-minh|quan-binh-tan,IN_FORMER_AREA
45088221,former-area|ho-chi-minh|quan-9,IN_FORMER_AREA
45267558,former-area|ho-chi-minh|quan-phu-nhuan,IN_FORMER_AREA
44418681,former-area|ho-chi-minh|quan-tan-binh,IN_FORMER_AREA
44538130,former-area|ho-chi-minh|quan-binh-thanh,IN_FORMER_AREA
42807823,former-area|ba-ria-vung-tau|thanh-pho-vung-tau,IN_FORMER_AREA
45256146,former-area|ho-chi-minh|quan-binh-tan,IN_FORMER_AREA
43317208,former-area|ho-chi-minh|quan-10,IN_FORMER_AREA
45256237,former-area|ho-chi-minh|quan-binh-tan,IN_FORMER_AREA
44877579,former-area|ho-chi-minh|huyen-nha-be,IN_FORMER_AREA
45211803,former-area|ho-chi-minh|quan-10,IN_FORMER_AREA
45249921,former-area|ho-chi-minh|quan-1,IN_FORMER_AREA
45203010,former-area|ho-chi-minh|quan-go-vap,IN_FORMER_AREA
45158046,former-area|ho-chi-minh|quan-go-vap,IN_FORMER_AREA
44732090,former-area|ho-chi-minh|quan-7,IN_FORMER_AREA
45078115,former-area|ho-chi-minh|quan-10,IN_FORMER_AREA
45144247,former-area|ho-chi-minh|quan-go-vap,IN_FORMER_AREA
45231927,former-area|ho-chi-minh|quan-7,IN_FORMER_AREA
44506557,former-area|ho-chi-minh|quan-tan-binh,IN_FORMER_AREA
44597054,former-area|ho-chi-minh|quan-10,IN_FORMER_AREA
45266775,former-area|ho-chi-minh|quan-phu-nhuan,IN_FORMER_AREA
42155983,former-area|ho-chi-minh|quan-tan-binh,IN_FORMER_AREA
44125126,former-area|ho-chi-minh|huyen-nha-be,IN_FORMER_AREA
45237769,former-area|ho-chi-minh|quan-1,IN_FORMER_AREA
45266517,former-area|ho-chi-minh|thanh-pho-thu-uc,IN_FORMER_AREA
45267284,former-area|ho-chi-minh|quan-11,IN_FORMER_AREA
45215573,former-area|ho-chi-minh|quan-9,IN_FORMER_AREA
44743670,former-area|ho-chi-minh|quan-binh-tan,IN_FORMER_AREA
44650774,former-area|ho-chi-minh|huyen-nha-be,IN_FORMER_AREA
44947505,former-area|ho-chi-minh|huyen-nha-be,IN_FORMER_AREA
44962142,former-area|ho-chi-minh|huyen-nha-be,IN_FORMER_AREA
45241427,former-area|ho-chi-minh|huyen-nha-be,IN_FORMER_AREA
44798739,former-area|ho-chi-minh|quan-7,IN_FORMER_AREA
45234228,former-area|ho-chi-minh|huyen-nha-be,IN_FORMER_AREA
45240961,former-area|ho-chi-minh|huyen-nha-be,IN_FORMER_AREA
45054497,former-area|ho-chi-minh|huyen-nha-be,IN_FORMER_AREA
40691400,former-area|ho-chi-minh|quan-11,IN_FORMER_AREA
44477502,former-area|ho-chi-minh|huyen-nha-be,IN_FORMER_AREA
44783756,former-area|ho-chi-minh|huyen-nha-be,IN_FORMER_AREA
44068847,former-area|ho-chi-minh|huyen-nha-be,IN_FORMER_AREA
44870671,former-area|ho-chi-minh|huyen-nha-be,IN_FORMER_AREA
44955264,former-area|ho-chi-minh|huyen-nha-be,IN_FORMER_AREA
45173815,former-area|ho-chi-minh|quan-7,IN_FORMER_AREA
45256244,former-area|ho-chi-minh|quan-tan-binh,IN_FORMER_AREA
45257726,former-area|ho-chi-minh|quan-8,IN_FORMER_AREA
45256250,former-area|ho-chi-minh|quan-binh-tan,IN_FORMER_AREA
45255223,former-area|ho-chi-minh|quan-10,IN_FORMER_AREA
44745637,former-area|ho-chi-minh|quan-3,IN_FORMER_AREA
45067608,former-area|ho-chi-minh|quan-1,IN_FORMER_AREA
44807125,former-area|ho-chi-minh|quan-1,IN_FORMER_AREA
45183992,former-area|ho-chi-minh|quan-9,IN_FORMER_AREA
45257346,former-area|ho-chi-minh|quan-12,IN_FORMER_AREA
44578203,former-area|ho-chi-minh|quan-7,IN_FORMER_AREA
45241057,former-area|ho-chi-minh|quan-7,IN_FORMER_AREA
45128273,former-area|ho-chi-minh|quan-7,IN_FORMER_AREA
45233537,former-area|ho-chi-minh|quan-7,IN_FORMER_AREA
45088537,former-area|ho-chi-minh|quan-7,IN_FORMER_AREA
44837561,former-area|ho-chi-minh|quan-7,IN_FORMER_AREA
44958250,former-area|ho-chi-minh|quan-7,IN_FORMER_AREA
41315903,former-area|ho-chi-minh|quan-7,IN_FORMER_AREA
45263812,former-area|ho-chi-minh|quan-2,IN_FORMER_AREA
44475272,former-area|ho-chi-minh|quan-9,IN_FORMER_AREA
45257711,former-area|ho-chi-minh|quan-binh-tan,IN_FORMER_AREA
45216160,former-area|ho-chi-minh|quan-1,IN_FORMER_AREA
44958480,former-area|ho-chi-minh|quan-7,IN_FORMER_AREA
45255630,former-area|ho-chi-minh|quan-tan-phu,IN_FORMER_AREA
45255392,former-area|ho-chi-minh|quan-tan-phu,IN_FORMER_AREA
45258179,former-area|ho-chi-minh|quan-8,IN_FORMER_AREA
44385645,former-area|ho-chi-minh|huyen-nha-be,IN_FORMER_AREA
45268305,former-area|ho-chi-minh|quan-tan-phu,IN_FORMER_AREA
45268290,former-area|ho-chi-minh|quan-tan-phu,IN_FORMER_AREA
44673778,former-area|ho-chi-minh|quan-4,IN_FORMER_AREA
45267186,former-area|ho-chi-minh|quan-tan-phu,IN_FORMER_AREA
44971187,former-area|ho-chi-minh|huyen-nha-be,IN_FORMER_AREA
45255012,former-area|ho-chi-minh|quan-12,IN_FORMER_AREA
44466877,former-area|ho-chi-minh|quan-tan-binh,IN_FORMER_AREA
45213093,former-area|ho-chi-minh|huyen-nha-be,IN_FORMER_AREA
45260759,former-area|ho-chi-minh|quan-tan-phu,IN_FORMER_AREA
44620727,former-area|ho-chi-minh|huyen-binh-chanh,IN_FORMER_AREA
45207563,former-area|ho-chi-minh|quan-9,IN_FORMER_AREA
44895620,former-area|ho-chi-minh|quan-binh-thanh,IN_FORMER_AREA
43634809,former-area|ho-chi-minh|quan-8,IN_FORMER_AREA
44112412,former-area|ho-chi-minh|quan-1,IN_FORMER_AREA
44421523,former-area|ho-chi-minh|quan-tan-binh,IN_FORMER_AREA
43981027,former-area|ho-chi-minh|quan-tan-phu,IN_FORMER_AREA
45267976,former-area|ho-chi-minh|quan-go-vap,IN_FORMER_AREA
45068527,former-area|ho-chi-minh|quan-7,IN_FORMER_AREA
44430840,former-area|ho-chi-minh|quan-1,IN_FORMER_AREA
44550792,former-area|ho-chi-minh|huyen-nha-be,IN_FORMER_AREA
45166768,former-area|ho-chi-minh|quan-9,IN_FORMER_AREA
44635628,former-area|ho-chi-minh|huyen-nha-be,IN_FORMER_AREA
44826298,former-area|ho-chi-minh|quan-12,IN_FORMER_AREA
45232601,former-area|ho-chi-minh|quan-go-vap,IN_FORMER_AREA
45255721,former-area|ho-chi-minh|quan-tan-phu,IN_FORMER_AREA
45256231,former-area|ho-chi-minh|quan-binh-tan,IN_FORMER_AREA
44378630,former-area|ho-chi-minh|huyen-nha-be,IN_FORMER_AREA
45267208,former-area|ho-chi-minh|quan-go-vap,IN_FORMER_AREA
45016734,former-area|ho-chi-minh|quan-12,IN_FORMER_AREA
44772828,former-area|ho-chi-minh|quan-12,IN_FORMER_AREA
44870510,former-area|ho-chi-minh|quan-10,IN_FORMER_AREA
45210970,former-area|ho-chi-minh|quan-9,IN_FORMER_AREA
42587414,former-area|ho-chi-minh|huyen-nha-be,IN_FORMER_AREA
44572247,former-area|ho-chi-minh|huyen-nha-be,IN_FORMER_AREA
45263889,former-area|ba-ria-vung-tau|thanh-pho-vung-tau,IN_FORMER_AREA
45065899,former-area|ho-chi-minh|quan-9,IN_FORMER_AREA
45054228,former-area|ho-chi-minh|huyen-nha-be,IN_FORMER_AREA
44755193,former-area|ho-chi-minh|quan-10,IN_FORMER_AREA
45250288,former-area|ho-chi-minh|quan-1,IN_FORMER_AREA
45263618,former-area|ho-chi-minh|quan-tan-phu,IN_FORMER_AREA
44714166,former-area|ho-chi-minh|quan-4,IN_FORMER_AREA
44393683,former-area|ho-chi-minh|quan-tan-binh,IN_FORMER_AREA
45176415,former-area|ho-chi-minh|quan-1,IN_FORMER_AREA
45200975,former-area|ho-chi-minh|huyen-nha-be,IN_FORMER_AREA
44023375,former-area|ho-chi-minh|huyen-nha-be,IN_FORMER_AREA
45169295,former-area|ho-chi-minh|huyen-nha-be,IN_FORMER_AREA
44739249,former-area|ho-chi-minh|huyen-nha-be,IN_FORMER_AREA
44432789,former-area|ho-chi-minh|quan-tan-binh,IN_FORMER_AREA
43705497,former-area|ho-chi-minh|quan-1,IN_FORMER_AREA
45132834,former-area|ho-chi-minh|quan-binh-tan,IN_FORMER_AREA
44986073,former-area|ho-chi-minh|quan-9,IN_FORMER_AREA
44738219,former-area|ho-chi-minh|huyen-nha-be,IN_FORMER_AREA
44558312,former-area|ho-chi-minh|quan-7,IN_FORMER_AREA
44558218,former-area|ho-chi-minh|quan-7,IN_FORMER_AREA
44523302,former-area|ho-chi-minh|quan-7,IN_FORMER_AREA
44014149,former-area|ho-chi-minh|huyen-nha-be,IN_FORMER_AREA
45007922,former-area|ho-chi-minh|quan-9,IN_FORMER_AREA
44940395,former-area|ho-chi-minh|huyen-nha-be,IN_FORMER_AREA
45248809,former-area|ho-chi-minh|quan-tan-binh,IN_FORMER_AREA
45255784,former-area|ho-chi-minh|quan-tan-phu,IN_FORMER_AREA
40513465,former-area|ho-chi-minh|huyen-nha-be,IN_FORMER_AREA
45052563,former-area|ho-chi-minh|quan-2,IN_FORMER_AREA
44961052,former-area|ho-chi-minh|quan-binh-tan,IN_FORMER_AREA
45267089,former-area|ho-chi-minh|quan-go-vap,IN_FORMER_AREA
44455660,former-area|ho-chi-minh|thanh-pho-thu-uc,IN_FORMER_AREA
45252189,former-area|ho-chi-minh|quan-go-vap,IN_FORMER_AREA
44745552,former-area|ho-chi-minh|quan-3,IN_FORMER_AREA
45264249,former-area|ho-chi-minh|quan-7,IN_FORMER_AREA
45258521,former-area|ho-chi-minh|quan-binh-thanh,IN_FORMER_AREA
45251031,former-area|ho-chi-minh|quan-go-vap,IN_FORMER_AREA
44717979,former-area|ho-chi-minh|quan-tan-binh,IN_FORMER_AREA
45268387,former-area|ho-chi-minh|quan-binh-thanh,IN_FORMER_AREA
43232221,former-area|ho-chi-minh|thanh-pho-thu-uc,IN_FORMER_AREA
44920655,former-area|ho-chi-minh|quan-3,IN_FORMER_AREA
45143438,former-area|ho-chi-minh|quan-7,IN_FORMER_AREA
45117201,former-area|ho-chi-minh|quan-9,IN_FORMER_AREA
45148338,former-area|ho-chi-minh|quan-9,IN_FORMER_AREA
45177268,former-area|ho-chi-minh|thanh-pho-thu-uc,IN_FORMER_AREA
45205679,former-area|ho-chi-minh|quan-4,IN_FORMER_AREA
45250379,former-area|ho-chi-minh|quan-tan-binh,IN_FORMER_AREA
45137354,former-area|ho-chi-minh|quan-go-vap,IN_FORMER_AREA
45109121,former-area|ho-chi-minh|quan-12,IN_FORMER_AREA
42177453,former-area|ba-ria-vung-tau|thanh-pho-vung-tau,IN_FORMER_AREA
45230396,former-area|ho-chi-minh|quan-2,IN_FORMER_AREA
43357553,former-area|ho-chi-minh|quan-phu-nhuan,IN_FORMER_AREA
45158956,former-area|ho-chi-minh|quan-phu-nhuan,IN_FORMER_AREA
45158802,former-area|ho-chi-minh|quan-phu-nhuan,IN_FORMER_AREA
45184555,former-area|ho-chi-minh|quan-phu-nhuan,IN_FORMER_AREA
45184505,former-area|ho-chi-minh|quan-binh-thanh,IN_FORMER_AREA
45184445,former-area|ho-chi-minh|quan-go-vap,IN_FORMER_AREA
45025690,former-area|ho-chi-minh|quan-binh-thanh,IN_FORMER_AREA
45159585,former-area|ho-chi-minh|quan-go-vap,IN_FORMER_AREA
45025539,former-area|ho-chi-minh|quan-binh-thanh,IN_FORMER_AREA
44735546,former-area|ho-chi-minh|quan-9,IN_FORMER_AREA
45196397,former-area|ba-ria-vung-tau|thanh-pho-vung-tau,IN_FORMER_AREA
43989563,former-area|ho-chi-minh|quan-binh-thanh,IN_FORMER_AREA
44488372,former-area|ho-chi-minh|quan-9,IN_FORMER_AREA
45101997,former-area|ho-chi-minh|quan-2,IN_FORMER_AREA
45102022,former-area|ho-chi-minh|quan-go-vap,IN_FORMER_AREA
45137798,former-area|ho-chi-minh|quan-binh-tan,IN_FORMER_AREA
44348441,former-area|ho-chi-minh|thanh-pho-thu-uc,IN_FORMER_AREA
45183034,former-area|ho-chi-minh|quan-phu-nhuan,IN_FORMER_AREA
45177900,former-area|ho-chi-minh|quan-go-vap,IN_FORMER_AREA
44558909,former-area|ho-chi-minh|quan-tan-binh,IN_FORMER_AREA
45128308,former-area|ho-chi-minh|quan-7,IN_FORMER_AREA
44909325,former-area|ho-chi-minh|quan-7,IN_FORMER_AREA
44087696,former-area|ho-chi-minh|quan-7,IN_FORMER_AREA
43229879,former-area|ho-chi-minh|quan-tan-binh,IN_FORMER_AREA
43817305,former-area|ho-chi-minh|quan-tan-binh,IN_FORMER_AREA
45152695,former-area|ho-chi-minh|quan-1,IN_FORMER_AREA
40503409,former-area|ho-chi-minh|quan-tan-binh,IN_FORMER_AREA
43686285,former-area|ho-chi-minh|quan-tan-binh,IN_FORMER_AREA
45191212,former-area|ho-chi-minh|huyen-nha-be,IN_FORMER_AREA
44599657,former-area|ho-chi-minh|quan-tan-binh,IN_FORMER_AREA
44326273,former-area|ho-chi-minh|quan-8,IN_FORMER_AREA
45235052,former-area|ho-chi-minh|quan-binh-tan,IN_FORMER_AREA
45233151,former-area|ho-chi-minh|quan-go-vap,IN_FORMER_AREA
45246054,former-area|ho-chi-minh|thanh-pho-thu-uc,IN_FORMER_AREA
44947883,former-area|ho-chi-minh|quan-phu-nhuan,IN_FORMER_AREA
44635188,former-area|ho-chi-minh|quan-3,IN_FORMER_AREA
45117835,former-area|ho-chi-minh|quan-binh-tan,IN_FORMER_AREA
45213691,former-area|ho-chi-minh|quan-binh-tan,IN_FORMER_AREA
44233616,former-area|ho-chi-minh|quan-10,IN_FORMER_AREA
44797709,former-area|ho-chi-minh|huyen-nha-be,IN_FORMER_AREA
41770473,former-area|ho-chi-minh|quan-7,IN_FORMER_AREA
44797734,former-area|ho-chi-minh|huyen-nha-be,IN_FORMER_AREA
43697094,former-area|ho-chi-minh|huyen-nha-be,IN_FORMER_AREA
43197023,former-area|ho-chi-minh|huyen-nha-be,IN_FORMER_AREA
45119935,former-area|ho-chi-minh|quan-go-vap,IN_FORMER_AREA
44487580,former-area|binh-duong|thanh-pho-di-an,IN_FORMER_AREA
44901153,former-area|ho-chi-minh|quan-3,IN_FORMER_AREA
43732616,former-area|ho-chi-minh|quan-10,IN_FORMER_AREA
45114829,former-area|ho-chi-minh|quan-10,IN_FORMER_AREA
44959314,former-area|ho-chi-minh|quan-2,IN_FORMER_AREA
44059773,former-area|ho-chi-minh|quan-10,IN_FORMER_AREA
45232122,former-area|ho-chi-minh|quan-go-vap,IN_FORMER_AREA
45128667,former-area|ho-chi-minh|quan-8,IN_FORMER_AREA
44819431,former-area|ho-chi-minh|quan-8,IN_FORMER_AREA
44872041,former-area|ho-chi-minh|quan-go-vap,IN_FORMER_AREA
45047881,former-area|ho-chi-minh|quan-binh-tan,IN_FORMER_AREA
44713249,former-area|ho-chi-minh|quan-10,IN_FORMER_AREA
44345057,former-area|ho-chi-minh|quan-1,IN_FORMER_AREA
44965275,former-area|ho-chi-minh|quan-10,IN_FORMER_AREA
44966659,former-area|ho-chi-minh|quan-phu-nhuan,IN_FORMER_AREA
44620331,former-area|binh-duong|huyen-bau-bang,IN_FORMER_AREA
44690439,former-area|binh-duong|huyen-bau-bang,IN_FORMER_AREA
45162192,former-area|binh-duong|thanh-pho-di-an,IN_FORMER_AREA
44829093,former-area|ho-chi-minh|quan-5,IN_FORMER_AREA
45157462,former-area|ho-chi-minh|quan-1,IN_FORMER_AREA
44913725,former-area|ho-chi-minh|quan-5,IN_FORMER_AREA
44445558,former-area|ho-chi-minh|quan-tan-binh,IN_FORMER_AREA
44727477,former-area|ho-chi-minh|thanh-pho-thu-uc,IN_FORMER_AREA
44585936,former-area|ho-chi-minh|quan-binh-tan,IN_FORMER_AREA
45141155,former-area|ho-chi-minh|quan-8,IN_FORMER_AREA
44879590,former-area|ho-chi-minh|quan-8,IN_FORMER_AREA
45101515,former-area|ho-chi-minh|quan-4,IN_FORMER_AREA
44793585,former-area|ho-chi-minh|quan-tan-binh,IN_FORMER_AREA
45141065,former-area|ho-chi-minh|huyen-nha-be,IN_FORMER_AREA
43887600,former-area|ho-chi-minh|quan-7,IN_FORMER_AREA
44582802,former-area|ho-chi-minh|quan-7,IN_FORMER_AREA
45056889,former-area|ho-chi-minh|quan-binh-thanh,IN_FORMER_AREA
44756981,former-area|ho-chi-minh|quan-tan-binh,IN_FORMER_AREA
44059221,former-area|ho-chi-minh|quan-10,IN_FORMER_AREA
43713934,former-area|ho-chi-minh|quan-11,IN_FORMER_AREA
44372316,former-area|ho-chi-minh|quan-7,IN_FORMER_AREA
45127270,former-area|ho-chi-minh|quan-12,IN_FORMER_AREA
44773246,former-area|ho-chi-minh|quan-tan-binh,IN_FORMER_AREA
43973754,former-area|ho-chi-minh|quan-tan-binh,IN_FORMER_AREA
44531779,former-area|ho-chi-minh|thanh-pho-thu-uc,IN_FORMER_AREA
45130115,former-area|ho-chi-minh|quan-4,IN_FORMER_AREA
45093806,former-area|ho-chi-minh|quan-1,IN_FORMER_AREA
45237772,former-area|ho-chi-minh|quan-tan-binh,IN_FORMER_AREA
45239592,former-area|ho-chi-minh|quan-binh-thanh,IN_FORMER_AREA
42972398,former-area|ho-chi-minh|quan-binh-tan,IN_FORMER_AREA
43824759,former-area|ho-chi-minh|quan-binh-thanh,IN_FORMER_AREA
44884865,former-area|ho-chi-minh|quan-10,IN_FORMER_AREA
44059695,former-area|ho-chi-minh|quan-10,IN_FORMER_AREA
43017696,former-area|ho-chi-minh|quan-10,IN_FORMER_AREA
44854900,former-area|ho-chi-minh|quan-7,IN_FORMER_AREA
44905790,former-area|ho-chi-minh|quan-7,IN_FORMER_AREA
45019913,former-area|ho-chi-minh|quan-binh-tan,IN_FORMER_AREA
45025478,former-area|ho-chi-minh|quan-6,IN_FORMER_AREA
45264187,former-area|ho-chi-minh|quan-binh-thanh,IN_FORMER_AREA
45160107,former-area|ho-chi-minh|quan-tan-binh,IN_FORMER_AREA
44390382,former-area|ho-chi-minh|quan-12,IN_FORMER_AREA
44596070,former-area|ho-chi-minh|quan-binh-thanh,IN_FORMER_AREA
44098771,former-area|ho-chi-minh|quan-10,IN_FORMER_AREA
45088511,former-area|ho-chi-minh|quan-tan-phu,IN_FORMER_AREA
44161504,former-area|ho-chi-minh|quan-2,IN_FORMER_AREA
44984143,former-area|ho-chi-minh|quan-8,IN_FORMER_AREA
45186557,former-area|ho-chi-minh|quan-binh-tan,IN_FORMER_AREA
41019599,former-area|ba-ria-vung-tau|thanh-pho-vung-tau,IN_FORMER_AREA
44784242,former-area|ho-chi-minh|quan-phu-nhuan,IN_FORMER_AREA
44487371,former-area|ho-chi-minh|quan-7,IN_FORMER_AREA
45010087,former-area|ho-chi-minh|quan-binh-thanh,IN_FORMER_AREA
44460227,former-area|ho-chi-minh|quan-binh-thanh,IN_FORMER_AREA
44971134,former-area|ho-chi-minh|quan-binh-thanh,IN_FORMER_AREA
44884297,former-area|ho-chi-minh|quan-7,IN_FORMER_AREA
44425728,former-area|binh-duong|thanh-pho-ben-cat,IN_FORMER_AREA
44754807,former-area|ho-chi-minh|quan-1,IN_FORMER_AREA
45114937,former-area|ho-chi-minh|thanh-pho-thu-uc,IN_FORMER_AREA
44992813,former-area|ho-chi-minh|quan-binh-thanh,IN_FORMER_AREA
45137965,former-area|ho-chi-minh|quan-tan-phu,IN_FORMER_AREA
44833225,former-area|ho-chi-minh|quan-3,IN_FORMER_AREA
45105861,former-area|ho-chi-minh|quan-1,IN_FORMER_AREA
45155379,former-area|ho-chi-minh|quan-2,IN_FORMER_AREA
45149575,former-area|ho-chi-minh|quan-2,IN_FORMER_AREA
44963047,former-area|ho-chi-minh|huyen-binh-chanh,IN_FORMER_AREA
45140583,former-area|ho-chi-minh|huyen-nha-be,IN_FORMER_AREA
45250023,former-area|ho-chi-minh|quan-binh-tan,IN_FORMER_AREA
45254655,former-area|ho-chi-minh|quan-binh-thanh,IN_FORMER_AREA
45247769,former-area|ho-chi-minh|huyen-binh-chanh,IN_FORMER_AREA
44995869,former-area|ho-chi-minh|huyen-nha-be,IN_FORMER_AREA
44652527,former-area|ho-chi-minh|quan-binh-tan,IN_FORMER_AREA
45212157,former-area|ho-chi-minh|quan-go-vap,IN_FORMER_AREA
44389301,former-area|ho-chi-minh|quan-3,IN_FORMER_AREA
43928437,former-area|ho-chi-minh|quan-1,IN_FORMER_AREA
45011234,former-area|ho-chi-minh|quan-go-vap,IN_FORMER_AREA
45005393,former-area|ho-chi-minh|quan-go-vap,IN_FORMER_AREA
43585255,former-area|ho-chi-minh|quan-10,IN_FORMER_AREA
44885592,former-area|ho-chi-minh|huyen-nha-be,IN_FORMER_AREA
45248570,former-area|ho-chi-minh|quan-binh-tan,IN_FORMER_AREA
44812705,former-area|ho-chi-minh|quan-binh-tan,IN_FORMER_AREA
45106540,former-area|ho-chi-minh|quan-7,IN_FORMER_AREA
45250342,former-area|ho-chi-minh|quan-binh-tan,IN_FORMER_AREA
45254675,former-area|ho-chi-minh|quan-binh-tan,IN_FORMER_AREA
45132591,former-area|ho-chi-minh|quan-go-vap,IN_FORMER_AREA
45248004,former-area|ho-chi-minh|quan-binh-tan,IN_FORMER_AREA
44857911,former-area|ho-chi-minh|quan-7,IN_FORMER_AREA
44125406,former-area|ho-chi-minh|quan-binh-thanh,IN_FORMER_AREA
45227685,former-area|ho-chi-minh|quan-binh-thanh,IN_FORMER_AREA
44973672,former-area|ho-chi-minh|quan-binh-thanh,IN_FORMER_AREA
45237438,former-area|ho-chi-minh|quan-go-vap,IN_FORMER_AREA
45059567,former-area|ho-chi-minh|quan-10,IN_FORMER_AREA
44926293,former-area|ho-chi-minh|quan-3,IN_FORMER_AREA
44888767,former-area|ho-chi-minh|quan-10,IN_FORMER_AREA
45047879,former-area|ho-chi-minh|quan-11,IN_FORMER_AREA
44959298,former-area|ho-chi-minh|quan-10,IN_FORMER_AREA
43900905,former-area|ho-chi-minh|quan-10,IN_FORMER_AREA
44807149,former-area|ho-chi-minh|quan-binh-thanh,IN_FORMER_AREA
44827098,former-area|ho-chi-minh|quan-1,IN_FORMER_AREA
45025878,former-area|ho-chi-minh|quan-binh-thanh,IN_FORMER_AREA
44653894,former-area|ho-chi-minh|quan-binh-thanh,IN_FORMER_AREA
44823393,former-area|ho-chi-minh|quan-1,IN_FORMER_AREA
44495738,former-area|ba-ria-vung-tau|thanh-pho-vung-tau,IN_FORMER_AREA
43727121,former-area|ho-chi-minh|quan-binh-thanh,IN_FORMER_AREA
44619715,former-area|ho-chi-minh|quan-12,IN_FORMER_AREA
45250648,former-area|ho-chi-minh|quan-go-vap,IN_FORMER_AREA
44713426,former-area|ho-chi-minh|quan-3,IN_FORMER_AREA
43899485,former-area|ho-chi-minh|quan-1,IN_FORMER_AREA
44689369,former-area|ho-chi-minh|quan-10,IN_FORMER_AREA
44452047,former-area|ho-chi-minh|quan-binh-thanh,IN_FORMER_AREA
43578966,former-area|ho-chi-minh|quan-3,IN_FORMER_AREA
44605207,former-area|ho-chi-minh|quan-11,IN_FORMER_AREA
45106137,former-area|ho-chi-minh|quan-go-vap,IN_FORMER_AREA
45252017,former-area|ho-chi-minh|quan-go-vap,IN_FORMER_AREA
43637784,former-area|ho-chi-minh|quan-5,IN_FORMER_AREA
43698050,former-area|ho-chi-minh|quan-3,IN_FORMER_AREA
45124968,former-area|ho-chi-minh|quan-binh-thanh,IN_FORMER_AREA
44156207,former-area|ho-chi-minh|quan-binh-thanh,IN_FORMER_AREA
44818736,former-area|ho-chi-minh|quan-binh-thanh,IN_FORMER_AREA
44935288,former-area|ho-chi-minh|quan-binh-thanh,IN_FORMER_AREA
44645993,former-area|ho-chi-minh|quan-3,IN_FORMER_AREA
44334707,former-area|ho-chi-minh|quan-3,IN_FORMER_AREA
45252025,former-area|ho-chi-minh|quan-go-vap,IN_FORMER_AREA
43937421,former-area|ho-chi-minh|quan-1,IN_FORMER_AREA
43588872,former-area|ho-chi-minh|quan-tan-binh,IN_FORMER_AREA
43857274,former-area|ho-chi-minh|quan-tan-binh,IN_FORMER_AREA
44488972,former-area|ho-chi-minh|quan-go-vap,IN_FORMER_AREA
44790683,former-area|ho-chi-minh|quan-go-vap,IN_FORMER_AREA
45252225,former-area|ho-chi-minh|quan-tan-binh,IN_FORMER_AREA
45229849,former-area|ho-chi-minh|quan-go-vap,IN_FORMER_AREA
45141247,former-area|ho-chi-minh|quan-go-vap,IN_FORMER_AREA
45063348,former-area|ho-chi-minh|quan-go-vap,IN_FORMER_AREA
45109178,former-area|ho-chi-minh|thanh-pho-thu-uc,IN_FORMER_AREA
44290797,former-area|ho-chi-minh|quan-binh-thanh,IN_FORMER_AREA
44997313,former-area|ho-chi-minh|quan-tan-binh,IN_FORMER_AREA
45249096,former-area|ho-chi-minh|quan-tan-binh,IN_FORMER_AREA
45253098,former-area|ho-chi-minh|thanh-pho-thu-uc,IN_FORMER_AREA
44596675,former-area|ho-chi-minh|quan-go-vap,IN_FORMER_AREA
44996895,former-area|ho-chi-minh|quan-8,IN_FORMER_AREA
45102762,former-area|ho-chi-minh|quan-binh-tan,IN_FORMER_AREA
44187043,former-area|ho-chi-minh|quan-2,IN_FORMER_AREA
45204859,former-area|ho-chi-minh|quan-tan-binh,IN_FORMER_AREA
42991175,former-area|ho-chi-minh|quan-12,IN_FORMER_AREA
44957835,former-area|ho-chi-minh|quan-go-vap,IN_FORMER_AREA
45055915,former-area|ho-chi-minh|quan-phu-nhuan,IN_FORMER_AREA
45144108,former-area|ho-chi-minh|quan-phu-nhuan,IN_FORMER_AREA
45140720,former-area|ho-chi-minh|quan-tan-binh,IN_FORMER_AREA
45118442,former-area|ho-chi-minh|quan-3,IN_FORMER_AREA
45055816,former-area|ho-chi-minh|quan-binh-thanh,IN_FORMER_AREA
44508062,former-area|ho-chi-minh|quan-2,IN_FORMER_AREA
45178550,former-area|ho-chi-minh|quan-2,IN_FORMER_AREA
45232121,former-area|ho-chi-minh|thanh-pho-thu-uc,IN_FORMER_AREA
44666611,former-area|ho-chi-minh|quan-binh-tan,IN_FORMER_AREA
44821134,former-area|ho-chi-minh|quan-9,IN_FORMER_AREA
45009349,former-area|ho-chi-minh|quan-9,IN_FORMER_AREA
45008472,former-area|ho-chi-minh|quan-9,IN_FORMER_AREA
45246455,former-area|ho-chi-minh|quan-tan-binh,IN_FORMER_AREA
43572906,former-area|ho-chi-minh|quan-12,IN_FORMER_AREA
44880471,former-area|ho-chi-minh|quan-12,IN_FORMER_AREA
45144416,former-area|ho-chi-minh|quan-phu-nhuan,IN_FORMER_AREA
44235703,former-area|ho-chi-minh|quan-tan-binh,IN_FORMER_AREA
44733927,former-area|ho-chi-minh|huyen-nha-be,IN_FORMER_AREA
45097499,former-area|ho-chi-minh|quan-tan-binh,IN_FORMER_AREA
42513639,former-area|ba-ria-vung-tau|thanh-pho-vung-tau,IN_FORMER_AREA
44859306,former-area|ho-chi-minh|quan-10,IN_FORMER_AREA
44887265,former-area|ho-chi-minh|quan-7,IN_FORMER_AREA
44102172,former-area|ho-chi-minh|quan-go-vap,IN_FORMER_AREA
45159325,former-area|ho-chi-minh|quan-binh-thanh,IN_FORMER_AREA
45151807,former-area|ho-chi-minh|huyen-binh-chanh,IN_FORMER_AREA
45152244,former-area|ho-chi-minh|huyen-binh-chanh,IN_FORMER_AREA
45095939,former-area|ho-chi-minh|huyen-binh-chanh,IN_FORMER_AREA
45154419,former-area|ho-chi-minh|huyen-binh-chanh,IN_FORMER_AREA
45084742,former-area|ho-chi-minh|huyen-binh-chanh,IN_FORMER_AREA
45101930,former-area|ho-chi-minh|huyen-binh-chanh,IN_FORMER_AREA
45152823,former-area|ho-chi-minh|huyen-binh-chanh,IN_FORMER_AREA
44971824,former-area|ho-chi-minh|huyen-binh-chanh,IN_FORMER_AREA
44960061,former-area|ho-chi-minh|huyen-binh-chanh,IN_FORMER_AREA
44996009,former-area|ho-chi-minh|quan-binh-tan,IN_FORMER_AREA
44998073,former-area|ho-chi-minh|quan-binh-tan,IN_FORMER_AREA
43503286,former-area|ho-chi-minh|quan-go-vap,IN_FORMER_AREA
45248754,former-area|ho-chi-minh|huyen-hoc-mon,IN_FORMER_AREA
44855737,former-area|ho-chi-minh|quan-tan-phu,IN_FORMER_AREA
45249634,former-area|ho-chi-minh|quan-tan-phu,IN_FORMER_AREA
45143569,former-area|ho-chi-minh|quan-phu-nhuan,IN_FORMER_AREA
45151295,former-area|ho-chi-minh|quan-phu-nhuan,IN_FORMER_AREA
45020016,former-area|ho-chi-minh|quan-phu-nhuan,IN_FORMER_AREA
45155645,former-area|ho-chi-minh|quan-phu-nhuan,IN_FORMER_AREA
45164175,former-area|ho-chi-minh|quan-phu-nhuan,IN_FORMER_AREA
45054905,former-area|ho-chi-minh|quan-7,IN_FORMER_AREA
44441867,former-area|ho-chi-minh|quan-7,IN_FORMER_AREA
45156037,former-area|ho-chi-minh|quan-7,IN_FORMER_AREA
45128189,former-area|ho-chi-minh|quan-7,IN_FORMER_AREA
45136662,former-area|ho-chi-minh|huyen-nha-be,IN_FORMER_AREA
45075295,former-area|ho-chi-minh|quan-7,IN_FORMER_AREA
44009956,former-area|ho-chi-minh|quan-binh-thanh,IN_FORMER_AREA
44489869,former-area|ho-chi-minh|huyen-nha-be,IN_FORMER_AREA
44010041,former-area|ho-chi-minh|quan-3,IN_FORMER_AREA
44832652,former-area|ho-chi-minh|quan-4,IN_FORMER_AREA
44899155,former-area|ho-chi-minh|quan-tan-binh,IN_FORMER_AREA
43900461,former-area|ho-chi-minh|quan-tan-binh,IN_FORMER_AREA
44156256,former-area|ho-chi-minh|huyen-nha-be,IN_FORMER_AREA
44340134,former-area|ho-chi-minh|huyen-nha-be,IN_FORMER_AREA
44790440,former-area|ho-chi-minh|quan-1,IN_FORMER_AREA
44714315,former-area|ho-chi-minh|quan-4,IN_FORMER_AREA
44954044,former-area|ho-chi-minh|quan-7,IN_FORMER_AREA
43900366,former-area|ho-chi-minh|quan-9,IN_FORMER_AREA
43496938,former-area|ho-chi-minh|quan-9,IN_FORMER_AREA
45196417,former-area|ho-chi-minh|quan-phu-nhuan,IN_FORMER_AREA
44359769,former-area|ho-chi-minh|quan-7,IN_FORMER_AREA
45197057,former-area|ho-chi-minh|quan-3,IN_FORMER_AREA
43873781,former-area|ho-chi-minh|quan-binh-tan,IN_FORMER_AREA
45197430,former-area|ho-chi-minh|quan-binh-tan,IN_FORMER_AREA
45178935,former-area|ho-chi-minh|quan-binh-tan,IN_FORMER_AREA
44995879,former-area|ho-chi-minh|quan-binh-tan,IN_FORMER_AREA
43942031,former-area|ho-chi-minh|quan-phu-nhuan,IN_FORMER_AREA
45107836,former-area|ba-ria-vung-tau|thanh-pho-vung-tau,IN_FORMER_AREA
44923306,former-area|ho-chi-minh|quan-go-vap,IN_FORMER_AREA
45097170,former-area|ho-chi-minh|quan-tan-binh,IN_FORMER_AREA
45125769,former-area|ho-chi-minh|quan-binh-thanh,IN_FORMER_AREA
44529715,former-area|ho-chi-minh|quan-tan-phu,IN_FORMER_AREA
45023000,former-area|ho-chi-minh|quan-3,IN_FORMER_AREA
45142553,former-area|ho-chi-minh|quan-10,IN_FORMER_AREA
45189213,former-area|ho-chi-minh|thanh-pho-thu-uc,IN_FORMER_AREA
45238334,former-area|ho-chi-minh|quan-11,IN_FORMER_AREA
44629805,former-area|ho-chi-minh|thanh-pho-thu-uc,IN_FORMER_AREA
44786778,former-area|ho-chi-minh|quan-phu-nhuan,IN_FORMER_AREA
44742848,former-area|ho-chi-minh|quan-3,IN_FORMER_AREA
44786880,former-area|ho-chi-minh|quan-phu-nhuan,IN_FORMER_AREA
45130272,former-area|ho-chi-minh|thanh-pho-thu-uc,IN_FORMER_AREA
45240894,former-area|ho-chi-minh|quan-12,IN_FORMER_AREA
45101549,former-area|ho-chi-minh|thanh-pho-thu-uc,IN_FORMER_AREA
45074990,former-area|ho-chi-minh|quan-binh-tan,IN_FORMER_AREA
45101591,former-area|ho-chi-minh|thanh-pho-thu-uc,IN_FORMER_AREA
44526452,former-area|ho-chi-minh|thanh-pho-thu-uc,IN_FORMER_AREA
45202806,former-area|ho-chi-minh|thanh-pho-thu-uc,IN_FORMER_AREA
40489660,former-area|ho-chi-minh|thanh-pho-thu-uc,IN_FORMER_AREA
44616036,former-area|ho-chi-minh|thanh-pho-thu-uc,IN_FORMER_AREA
44624437,former-area|ho-chi-minh|thanh-pho-thu-uc,IN_FORMER_AREA
45104256,former-area|ba-ria-vung-tau|thanh-pho-vung-tau,IN_FORMER_AREA
44840966,former-area|ho-chi-minh|quan-tan-binh,IN_FORMER_AREA
45204788,former-area|ho-chi-minh|quan-7,IN_FORMER_AREA
45093376,former-area|ho-chi-minh|quan-5,IN_FORMER_AREA
45229984,former-area|ho-chi-minh|quan-7,IN_FORMER_AREA
44440058,former-area|ho-chi-minh|quan-7,IN_FORMER_AREA
45233856,former-area|ho-chi-minh|quan-3,IN_FORMER_AREA
44186994,former-area|ho-chi-minh|quan-7,IN_FORMER_AREA
45232672,former-area|ho-chi-minh|quan-7,IN_FORMER_AREA
45088361,former-area|ho-chi-minh|thanh-pho-thu-uc,IN_FORMER_AREA
44511198,former-area|ho-chi-minh|quan-7,IN_FORMER_AREA
44438384,former-area|ho-chi-minh|quan-7,IN_FORMER_AREA
43813634,former-area|ho-chi-minh|quan-7,IN_FORMER_AREA
43113947,former-area|ho-chi-minh|quan-7,IN_FORMER_AREA
45144302,former-area|ho-chi-minh|quan-10,IN_FORMER_AREA
45246442,former-area|ho-chi-minh|quan-go-vap,IN_FORMER_AREA
45247355,former-area|ho-chi-minh|quan-binh-tan,IN_FORMER_AREA
45237954,former-area|ho-chi-minh|huyen-binh-chanh,IN_FORMER_AREA
45247316,former-area|ho-chi-minh|quan-go-vap,IN_FORMER_AREA
45220098,former-area|ho-chi-minh|quan-12,IN_FORMER_AREA
45171086,former-area|ho-chi-minh|quan-binh-thanh,IN_FORMER_AREA
45230039,former-area|ho-chi-minh|quan-4,IN_FORMER_AREA
45082473,former-area|ho-chi-minh|quan-7,IN_FORMER_AREA
45204910,former-area|ho-chi-minh|quan-1,IN_FORMER_AREA
45247172,former-area|ho-chi-minh|quan-go-vap,IN_FORMER_AREA
44740495,former-area|ho-chi-minh|quan-go-vap,IN_FORMER_AREA
44418456,former-area|ho-chi-minh|quan-12,IN_FORMER_AREA
44910264__2,former-area|ho-chi-minh|quan-7,IN_FORMER_AREA
44397207,former-area|ho-chi-minh|quan-12,IN_FORMER_AREA
45121026,former-area|ho-chi-minh|quan-go-vap,IN_FORMER_AREA
45144226,former-area|ho-chi-minh|quan-go-vap,IN_FORMER_AREA
43499957,former-area|ho-chi-minh|quan-go-vap,IN_FORMER_AREA
44995636,former-area|ho-chi-minh|quan-9,IN_FORMER_AREA
44990536,former-area|ho-chi-minh|quan-9,IN_FORMER_AREA
44954094,former-area|ho-chi-minh|quan-binh-tan,IN_FORMER_AREA
45108854,former-area|ho-chi-minh|quan-tan-binh,IN_FORMER_AREA
44066576,former-area|ho-chi-minh|huyen-nha-be,IN_FORMER_AREA
45244387,former-area|ho-chi-minh|quan-binh-thanh,IN_FORMER_AREA
44886954,former-area|ho-chi-minh|quan-binh-tan,IN_FORMER_AREA
45247040,former-area|ho-chi-minh|quan-12,IN_FORMER_AREA
45133836,former-area|ho-chi-minh|quan-phu-nhuan,IN_FORMER_AREA
44315816__2,former-area|ho-chi-minh|huyen-nha-be,IN_FORMER_AREA
42180154,former-area|ho-chi-minh|huyen-binh-chanh,IN_FORMER_AREA
45247303,former-area|ho-chi-minh|huyen-nha-be,IN_FORMER_AREA
45219816,former-area|ho-chi-minh|thanh-pho-thu-uc,IN_FORMER_AREA
44954267,former-area|ho-chi-minh|quan-3,IN_FORMER_AREA
44621409,former-area|ho-chi-minh|quan-7,IN_FORMER_AREA
45088499,former-area|ho-chi-minh|huyen-nha-be,IN_FORMER_AREA
44348188,former-area|ho-chi-minh|huyen-nha-be,IN_FORMER_AREA
44640984,former-area|binh-duong|huyen-bau-bang,IN_FORMER_AREA
45246086,former-area|ho-chi-minh|thanh-pho-thu-uc,IN_FORMER_AREA
45093839,former-area|ho-chi-minh|quan-phu-nhuan,IN_FORMER_AREA
44881508,former-area|ho-chi-minh|quan-phu-nhuan,IN_FORMER_AREA
45245678,former-area|ho-chi-minh|quan-7,IN_FORMER_AREA
45118036,former-area|ho-chi-minh|quan-phu-nhuan,IN_FORMER_AREA
44732699,former-area|ho-chi-minh|quan-3,IN_FORMER_AREA
45246006,former-area|ho-chi-minh|thanh-pho-thu-uc,IN_FORMER_AREA
44842280,former-area|ho-chi-minh|quan-go-vap,IN_FORMER_AREA
42235197,former-area|ho-chi-minh|quan-7,IN_FORMER_AREA
44694186,former-area|ho-chi-minh|quan-10,IN_FORMER_AREA
45245743,former-area|ho-chi-minh|quan-8,IN_FORMER_AREA
44426090,former-area|ho-chi-minh|quan-binh-thanh,IN_FORMER_AREA
45065862,former-area|ba-ria-vung-tau|thanh-pho-vung-tau,IN_FORMER_AREA
44732057,former-area|ho-chi-minh|quan-3,IN_FORMER_AREA
45246152,former-area|ho-chi-minh|thanh-pho-thu-uc,IN_FORMER_AREA
45240187__2,former-area|ho-chi-minh|quan-tan-binh,IN_FORMER_AREA
44881518,former-area|ho-chi-minh|quan-10,IN_FORMER_AREA
44543331,former-area|ho-chi-minh|quan-phu-nhuan,IN_FORMER_AREA
45118041,former-area|ho-chi-minh|quan-3,IN_FORMER_AREA
45205916,former-area|ho-chi-minh|thanh-pho-thu-uc,IN_FORMER_AREA
45242102,former-area|ho-chi-minh|quan-1,IN_FORMER_AREA
45093729,former-area|ho-chi-minh|quan-1,IN_FORMER_AREA
44994529,former-area|ho-chi-minh|quan-go-vap,IN_FORMER_AREA
45246268,former-area|ba-ria-vung-tau|thanh-pho-vung-tau,IN_FORMER_AREA
44730405,former-area|ho-chi-minh|quan-2,IN_FORMER_AREA
45243471,former-area|ho-chi-minh|quan-3,IN_FORMER_AREA
45244632,former-area|ho-chi-minh|quan-tan-binh,IN_FORMER_AREA
45243957,former-area|ho-chi-minh|thanh-pho-thu-uc,IN_FORMER_AREA
45240083,former-area|ho-chi-minh|quan-tan-binh,IN_FORMER_AREA
44538856,former-area|ho-chi-minh|quan-tan-binh,IN_FORMER_AREA
41641818,former-area|ho-chi-minh|quan-tan-binh,IN_FORMER_AREA
45152520,former-area|ho-chi-minh|quan-binh-thanh,IN_FORMER_AREA
45245900,former-area|ho-chi-minh|quan-binh-thanh,IN_FORMER_AREA
45244754,former-area|ho-chi-minh|quan-go-vap,IN_FORMER_AREA
45240240,former-area|ho-chi-minh|quan-go-vap,IN_FORMER_AREA
43955966,former-area|ho-chi-minh|quan-2,IN_FORMER_AREA
45174323,former-area|ho-chi-minh|quan-2,IN_FORMER_AREA
45020835,former-area|ho-chi-minh|quan-7,IN_FORMER_AREA
45245437,former-area|ho-chi-minh|quan-3,IN_FORMER_AREA
45111083,former-area|ho-chi-minh|quan-3,IN_FORMER_AREA
45190792,former-area|ho-chi-minh|quan-binh-tan,IN_FORMER_AREA
45244640,former-area|ho-chi-minh|quan-3,IN_FORMER_AREA
45245193,former-area|ho-chi-minh|quan-go-vap,IN_FORMER_AREA
45174425,former-area|ho-chi-minh|quan-12,IN_FORMER_AREA
45195213,former-area|ho-chi-minh|thanh-pho-thu-uc,IN_FORMER_AREA
45161542,former-area|ho-chi-minh|quan-7,IN_FORMER_AREA
45240385,former-area|ho-chi-minh|thanh-pho-thu-uc,IN_FORMER_AREA
44833424,former-area|binh-duong|thanh-pho-thu-dau-mot,IN_FORMER_AREA
45005604,former-area|ho-chi-minh|quan-binh-tan,IN_FORMER_AREA
45236756,former-area|ho-chi-minh|thanh-pho-thu-uc,IN_FORMER_AREA
45231699,former-area|ho-chi-minh|quan-binh-thanh,IN_FORMER_AREA
45242353,former-area|ho-chi-minh|quan-binh-tan,IN_FORMER_AREA
45140536,former-area|ho-chi-minh|quan-binh-tan,IN_FORMER_AREA
44668641,former-area|ho-chi-minh|quan-1,IN_FORMER_AREA
44932247,former-area|ho-chi-minh|thanh-pho-thu-uc,IN_FORMER_AREA
45241889,former-area|ho-chi-minh|quan-9,IN_FORMER_AREA
40626546,former-area|ho-chi-minh|quan-10,IN_FORMER_AREA
45242724,former-area|ho-chi-minh|quan-9,IN_FORMER_AREA
44244182,former-area|binh-duong|thanh-pho-ben-cat,IN_FORMER_AREA
43173312,former-area|ho-chi-minh|quan-2,IN_FORMER_AREA
45026281,former-area|ho-chi-minh|thanh-pho-thu-uc,IN_FORMER_AREA
45058266,former-area|ho-chi-minh|thanh-pho-thu-uc,IN_FORMER_AREA
45235440,former-area|ho-chi-minh|quan-10,IN_FORMER_AREA
45244241,former-area|binh-duong|thanh-pho-ben-cat,IN_FORMER_AREA
44890833,former-area|ba-ria-vung-tau|thanh-pho-vung-tau,IN_FORMER_AREA
45215996,former-area|ho-chi-minh|quan-tan-binh,IN_FORMER_AREA
45243708,former-area|ho-chi-minh|quan-12,IN_FORMER_AREA
44648582,former-area|ho-chi-minh|thanh-pho-thu-uc,IN_FORMER_AREA
43153771,former-area|ho-chi-minh|quan-2,IN_FORMER_AREA
45160018,former-area|ho-chi-minh|quan-1,IN_FORMER_AREA
44428066,former-area|ho-chi-minh|quan-1,IN_FORMER_AREA
41358196,former-area|ho-chi-minh|quan-3,IN_FORMER_AREA
45237780,former-area|ho-chi-minh|quan-8,IN_FORMER_AREA
45240363,former-area|ho-chi-minh|quan-go-vap,IN_FORMER_AREA
45242594,former-area|ho-chi-minh|quan-3,IN_FORMER_AREA
45207820,former-area|ho-chi-minh|quan-phu-nhuan,IN_FORMER_AREA
44296142,former-area|ho-chi-minh|quan-3,IN_FORMER_AREA
44459429,former-area|ho-chi-minh|quan-11,IN_FORMER_AREA
45231780,former-area|ho-chi-minh|quan-8,IN_FORMER_AREA
45222961,former-area|ho-chi-minh|quan-go-vap,IN_FORMER_AREA
44487231,former-area|ho-chi-minh|quan-binh-thanh,IN_FORMER_AREA
45239656,former-area|ho-chi-minh|quan-3,IN_FORMER_AREA
45241462,former-area|ho-chi-minh|quan-go-vap,IN_FORMER_AREA
42156226,former-area|ba-ria-vung-tau|thanh-pho-vung-tau,IN_FORMER_AREA
45242428,former-area|ho-chi-minh|quan-phu-nhuan,IN_FORMER_AREA
44887491,former-area|ho-chi-minh|quan-binh-tan,IN_FORMER_AREA
44263973,former-area|ho-chi-minh|thanh-pho-thu-uc,IN_FORMER_AREA
45241974,former-area|ho-chi-minh|quan-11,IN_FORMER_AREA
45239681,former-area|ho-chi-minh|quan-tan-phu,IN_FORMER_AREA
45230659,former-area|ho-chi-minh|quan-7,IN_FORMER_AREA
45223417,former-area|ho-chi-minh|quan-binh-thanh,IN_FORMER_AREA
44127135,former-area|ho-chi-minh|thanh-pho-thu-uc,IN_FORMER_AREA
38237735,former-area|ho-chi-minh|huyen-nha-be,IN_FORMER_AREA
45054518,former-area|ho-chi-minh|huyen-nha-be,IN_FORMER_AREA
36834013,former-area|ho-chi-minh|huyen-nha-be,IN_FORMER_AREA
37178168,former-area|ho-chi-minh|huyen-nha-be,IN_FORMER_AREA
45066832,former-area|ho-chi-minh|thanh-pho-thu-uc,IN_FORMER_AREA
43751182,former-area|ho-chi-minh|thanh-pho-thu-uc,IN_FORMER_AREA
44648382,former-area|ho-chi-minh|thanh-pho-thu-uc,IN_FORMER_AREA
44417445,former-area|ho-chi-minh|thanh-pho-thu-uc,IN_FORMER_AREA
44655376,former-area|ho-chi-minh|thanh-pho-thu-uc,IN_FORMER_AREA
45076615,former-area|ho-chi-minh|quan-3,IN_FORMER_AREA
44382702,former-area|ho-chi-minh|huyen-nha-be,IN_FORMER_AREA
43015737,former-area|ho-chi-minh|thanh-pho-thu-uc,IN_FORMER_AREA
44091096,former-area|ho-chi-minh|quan-9,IN_FORMER_AREA
44786304,former-area|ho-chi-minh|quan-12,IN_FORMER_AREA
42159430,former-area|ho-chi-minh|quan-10,IN_FORMER_AREA
44965090,former-area|ho-chi-minh|quan-tan-binh,IN_FORMER_AREA
44351675,former-area|ho-chi-minh|huyen-hoc-mon,IN_FORMER_AREA
43716412,former-area|ho-chi-minh|quan-10,IN_FORMER_AREA
45104556,former-area|ho-chi-minh|quan-2,IN_FORMER_AREA
44897311,former-area|ho-chi-minh|quan-4,IN_FORMER_AREA
42956794,former-area|ho-chi-minh|quan-1,IN_FORMER_AREA
44368428,former-area|ho-chi-minh|quan-3,IN_FORMER_AREA
43377808,former-area|ho-chi-minh|quan-10,IN_FORMER_AREA
44827162,former-area|ho-chi-minh|quan-1,IN_FORMER_AREA
42850213,former-area|ho-chi-minh|quan-1,IN_FORMER_AREA
44041170,former-area|ho-chi-minh|quan-10,IN_FORMER_AREA
44733999,former-area|ho-chi-minh|huyen-nha-be,IN_FORMER_AREA
40018547,former-area|ho-chi-minh|quan-10,IN_FORMER_AREA
42687922,former-area|ho-chi-minh|quan-10,IN_FORMER_AREA
44905888,former-area|ho-chi-minh|quan-go-vap,IN_FORMER_AREA
44041264,former-area|ho-chi-minh|quan-12,IN_FORMER_AREA
45206386,former-area|ho-chi-minh|huyen-hoc-mon,IN_FORMER_AREA
44716797,former-area|ho-chi-minh|quan-go-vap,IN_FORMER_AREA
45176450,former-area|ho-chi-minh|quan-tan-phu,IN_FORMER_AREA
45144435,former-area|ho-chi-minh|quan-tan-phu,IN_FORMER_AREA
44615822,former-area|ho-chi-minh|quan-1,IN_FORMER_AREA
44669242,former-area|ho-chi-minh|quan-8,IN_FORMER_AREA
44915368,former-area|ho-chi-minh|quan-phu-nhuan,IN_FORMER_AREA
45112879,former-area|ho-chi-minh|quan-phu-nhuan,IN_FORMER_AREA
45125747,former-area|ho-chi-minh|quan-3,IN_FORMER_AREA
44624881,former-area|ho-chi-minh|quan-8,IN_FORMER_AREA
44915344,former-area|ho-chi-minh|quan-phu-nhuan,IN_FORMER_AREA
43100236,former-area|ho-chi-minh|quan-10,IN_FORMER_AREA
45143281,former-area|ho-chi-minh|thanh-pho-thu-uc,IN_FORMER_AREA
45206027,former-area|ho-chi-minh|quan-phu-nhuan,IN_FORMER_AREA
45087480,former-area|ho-chi-minh|quan-go-vap,IN_FORMER_AREA
45157388,former-area|ho-chi-minh|quan-7,IN_FORMER_AREA
45077780,former-area|ho-chi-minh|huyen-binh-chanh,IN_FORMER_AREA
45081886,former-area|ho-chi-minh|huyen-binh-chanh,IN_FORMER_AREA
45128056,former-area|ho-chi-minh|thanh-pho-thu-uc,IN_FORMER_AREA
45146527,former-area|ho-chi-minh|quan-binh-thanh,IN_FORMER_AREA
45229568,former-area|ho-chi-minh|thanh-pho-thu-uc,IN_FORMER_AREA
45059852,former-area|ho-chi-minh|quan-11,IN_FORMER_AREA
44775591,former-area|ho-chi-minh|quan-10,IN_FORMER_AREA
44620918,former-area|ho-chi-minh|huyen-hoc-mon,IN_FORMER_AREA
45210238,former-area|ho-chi-minh|quan-8,IN_FORMER_AREA
45201082,former-area|ho-chi-minh|quan-8,IN_FORMER_AREA
44820662,former-area|ho-chi-minh|quan-7,IN_FORMER_AREA
45102993,former-area|ho-chi-minh|quan-6,IN_FORMER_AREA
44945981,former-area|ho-chi-minh|quan-12,IN_FORMER_AREA
45104283,former-area|ho-chi-minh|quan-2,IN_FORMER_AREA
45160333,former-area|ho-chi-minh|quan-go-vap,IN_FORMER_AREA
45157309,former-area|ho-chi-minh|quan-go-vap,IN_FORMER_AREA
44398073,former-area|ho-chi-minh|quan-go-vap,IN_FORMER_AREA
44804549,former-area|ho-chi-minh|quan-12,IN_FORMER_AREA
44830541,former-area|ho-chi-minh|quan-tan-binh,IN_FORMER_AREA
45114495,former-area|ho-chi-minh|thanh-pho-thu-uc,IN_FORMER_AREA
45154879,former-area|ho-chi-minh|quan-8,IN_FORMER_AREA
44746209,former-area|ho-chi-minh|quan-7,IN_FORMER_AREA
44891727,former-area|ho-chi-minh|quan-binh-tan,IN_FORMER_AREA
44959037,former-area|ho-chi-minh|quan-go-vap,IN_FORMER_AREA
44878017,former-area|ho-chi-minh|quan-12,IN_FORMER_AREA
42182617,former-area|binh-duong|huyen-bau-bang,IN_FORMER_AREA
45005790,former-area|binh-duong|huyen-bau-bang,IN_FORMER_AREA
44942882,former-area|ho-chi-minh|quan-12,IN_FORMER_AREA
45240681,former-area|ho-chi-minh|quan-12,IN_FORMER_AREA
45163698,former-area|ho-chi-minh|quan-binh-tan,IN_FORMER_AREA
44835622,former-area|ho-chi-minh|quan-1,IN_FORMER_AREA
45085966,former-area|ho-chi-minh|quan-tan-phu,IN_FORMER_AREA
45043941,former-area|ho-chi-minh|quan-tan-binh,IN_FORMER_AREA
45238048,former-area|ho-chi-minh|quan-7,IN_FORMER_AREA
45236792,former-area|ho-chi-minh|quan-12,IN_FORMER_AREA
45104084,former-area|ho-chi-minh|quan-binh-tan,IN_FORMER_AREA
45240745,former-area|ho-chi-minh|quan-3,IN_FORMER_AREA
45221402,former-area|ho-chi-minh|quan-12,IN_FORMER_AREA
45233688,former-area|ho-chi-minh|quan-phu-nhuan,IN_FORMER_AREA
45202146,former-area|ho-chi-minh|quan-12,IN_FORMER_AREA
44841956,former-area|ho-chi-minh|huyen-nha-be,IN_FORMER_AREA
44912644,former-area|ho-chi-minh|quan-7,IN_FORMER_AREA
44857859,former-area|ho-chi-minh|huyen-nha-be,IN_FORMER_AREA
45157792,former-area|ho-chi-minh|huyen-nha-be,IN_FORMER_AREA
45010057,former-area|ho-chi-minh|huyen-nha-be,IN_FORMER_AREA
44990934,former-area|ho-chi-minh|quan-7,IN_FORMER_AREA
45056553,former-area|ho-chi-minh|huyen-nha-be,IN_FORMER_AREA
44854998,former-area|ho-chi-minh|quan-7,IN_FORMER_AREA
45215331,former-area|ho-chi-minh|quan-7,IN_FORMER_AREA
44881676,former-area|ho-chi-minh|quan-7,IN_FORMER_AREA
44907937,former-area|ho-chi-minh|quan-7,IN_FORMER_AREA
45035345,former-area|ho-chi-minh|quan-binh-thanh,IN_FORMER_AREA
44922460,former-area|ho-chi-minh|huyen-nha-be,IN_FORMER_AREA
45222316,former-area|ho-chi-minh|quan-binh-thanh,IN_FORMER_AREA
45025939,former-area|ho-chi-minh|quan-tan-binh,IN_FORMER_AREA
44233376,former-area|ho-chi-minh|quan-tan-binh,IN_FORMER_AREA
43903476,former-area|binh-duong|huyen-bau-bang,IN_FORMER_AREA
45204163,former-area|ho-chi-minh|quan-tan-phu,IN_FORMER_AREA
45240090,former-area|ho-chi-minh|quan-10,IN_FORMER_AREA
45215597,former-area|ho-chi-minh|quan-3,IN_FORMER_AREA
45104897,former-area|ho-chi-minh|quan-7,IN_FORMER_AREA
45239064,former-area|ba-ria-vung-tau|thanh-pho-vung-tau,IN_FORMER_AREA
45239402,former-area|ho-chi-minh|quan-binh-thanh,IN_FORMER_AREA
44515581,former-area|ho-chi-minh|quan-tan-binh,IN_FORMER_AREA
45163492,former-area|ho-chi-minh|quan-go-vap,IN_FORMER_AREA
43216915,former-area|ho-chi-minh|quan-binh-thanh,IN_FORMER_AREA
45016818,former-area|ho-chi-minh|quan-binh-thanh,IN_FORMER_AREA
45047466,former-area|ho-chi-minh|quan-binh-thanh,IN_FORMER_AREA
45128479,former-area|ho-chi-minh|quan-go-vap,IN_FORMER_AREA
41491999,former-area|ho-chi-minh|quan-tan-binh,IN_FORMER_AREA
44554063,former-area|ho-chi-minh|quan-tan-binh,IN_FORMER_AREA
45194730,former-area|ho-chi-minh|quan-tan-binh,IN_FORMER_AREA
45239247,former-area|ho-chi-minh|quan-10,IN_FORMER_AREA
44766246,former-area|ba-ria-vung-tau|thanh-pho-vung-tau,IN_FORMER_AREA
45238719,former-area|ho-chi-minh|quan-10,IN_FORMER_AREA
45099519,former-area|ho-chi-minh|quan-8,IN_FORMER_AREA
44346982,former-area|ho-chi-minh|quan-5,IN_FORMER_AREA
44943702,former-area|ho-chi-minh|quan-tan-binh,IN_FORMER_AREA
45195267,former-area|ho-chi-minh|quan-tan-binh,IN_FORMER_AREA
45152166,former-area|ho-chi-minh|quan-tan-binh,IN_FORMER_AREA
45155061,former-area|ho-chi-minh|quan-tan-binh,IN_FORMER_AREA
45207213,former-area|ho-chi-minh|quan-tan-binh,IN_FORMER_AREA
43771765,former-area|ho-chi-minh|quan-tan-binh,IN_FORMER_AREA
45156507,former-area|ho-chi-minh|quan-go-vap,IN_FORMER_AREA
45236908,former-area|ho-chi-minh|quan-6,IN_FORMER_AREA
45238149,former-area|ho-chi-minh|quan-go-vap,IN_FORMER_AREA
45126351,former-area|ho-chi-minh|quan-tan-binh,IN_FORMER_AREA
45234835,former-area|binh-duong|thanh-pho-thu-dau-mot,IN_FORMER_AREA
44593731,former-area|ho-chi-minh|huyen-hoc-mon,IN_FORMER_AREA
45099850,former-area|ho-chi-minh|quan-tan-binh,IN_FORMER_AREA
44271574,former-area|ho-chi-minh|quan-10,IN_FORMER_AREA
45237139,former-area|ho-chi-minh|quan-3,IN_FORMER_AREA
45237701,former-area|ho-chi-minh|quan-10,IN_FORMER_AREA
45046681,former-area|ho-chi-minh|quan-go-vap,IN_FORMER_AREA
43714148,former-area|ho-chi-minh|quan-5,IN_FORMER_AREA
43899935,former-area|ho-chi-minh|quan-10,IN_FORMER_AREA
44890363,former-area|ho-chi-minh|quan-12,IN_FORMER_AREA
45139954,former-area|ho-chi-minh|quan-9,IN_FORMER_AREA
45237121,former-area|ho-chi-minh|quan-phu-nhuan,IN_FORMER_AREA
45239086,former-area|ho-chi-minh|quan-3,IN_FORMER_AREA
43937374,former-area|ho-chi-minh|quan-10,IN_FORMER_AREA
44106429,former-area|ho-chi-minh|quan-10,IN_FORMER_AREA
44408705,former-area|ho-chi-minh|quan-1,IN_FORMER_AREA
44997886,former-area|ho-chi-minh|huyen-nha-be,IN_FORMER_AREA
45039548,former-area|ho-chi-minh|quan-phu-nhuan,IN_FORMER_AREA
44842530,former-area|ho-chi-minh|thanh-pho-thu-uc,IN_FORMER_AREA
45200981,former-area|ho-chi-minh|quan-7,IN_FORMER_AREA
44928352,former-area|ho-chi-minh|quan-10,IN_FORMER_AREA
42585581,former-area|ho-chi-minh|quan-tan-binh,IN_FORMER_AREA
44669387,former-area|ho-chi-minh|thanh-pho-thu-uc,IN_FORMER_AREA
44723754,former-area|ho-chi-minh|quan-10,IN_FORMER_AREA
43482908,former-area|ho-chi-minh|quan-12,IN_FORMER_AREA
44953993,former-area|ho-chi-minh|quan-9,IN_FORMER_AREA
45236705,former-area|ho-chi-minh|huyen-nha-be,IN_FORMER_AREA
44544650,former-area|ho-chi-minh|quan-9,IN_FORMER_AREA
44496308,former-area|ho-chi-minh|quan-5,IN_FORMER_AREA
43485499,former-area|ho-chi-minh|quan-5,IN_FORMER_AREA
43684811,former-area|ho-chi-minh|quan-binh-thanh,IN_FORMER_AREA
44566903,former-area|ho-chi-minh|quan-binh-thanh,IN_FORMER_AREA
45237543,former-area|ho-chi-minh|quan-2,IN_FORMER_AREA
44855726,former-area|ho-chi-minh|quan-phu-nhuan,IN_FORMER_AREA
45201565,former-area|binh-duong|huyen-bau-bang,IN_FORMER_AREA
45124957,former-area|ho-chi-minh|quan-go-vap,IN_FORMER_AREA
44723894,former-area|ho-chi-minh|quan-10,IN_FORMER_AREA
44956234,former-area|ho-chi-minh|huyen-binh-chanh,IN_FORMER_AREA
44587740,former-area|ho-chi-minh|huyen-nha-be,IN_FORMER_AREA
45182811,former-area|ho-chi-minh|quan-phu-nhuan,IN_FORMER_AREA
45237194,former-area|ho-chi-minh|quan-tan-phu,IN_FORMER_AREA
45197066,former-area|ho-chi-minh|quan-binh-thanh,IN_FORMER_AREA
45236592,former-area|ho-chi-minh|quan-12,IN_FORMER_AREA
45237270,former-area|ho-chi-minh|quan-binh-thanh,IN_FORMER_AREA
45163490,former-area|ho-chi-minh|thanh-pho-thu-uc,IN_FORMER_AREA
45094268,former-area|ho-chi-minh|quan-phu-nhuan,IN_FORMER_AREA
45230780,former-area|ho-chi-minh|quan-binh-thanh,IN_FORMER_AREA
45161284,former-area|ho-chi-minh|quan-7,IN_FORMER_AREA
45236774,former-area|ho-chi-minh|quan-12,IN_FORMER_AREA
44492641,former-area|ho-chi-minh|quan-8,IN_FORMER_AREA
45204924,former-area|ho-chi-minh|thanh-pho-thu-uc,IN_FORMER_AREA
45236333,former-area|binh-duong|thanh-pho-di-an,IN_FORMER_AREA
45235509,former-area|ho-chi-minh|quan-12,IN_FORMER_AREA
45233717,former-area|ho-chi-minh|quan-tan-phu,IN_FORMER_AREA
45197030,former-area|ba-ria-vung-tau|thanh-pho-vung-tau,IN_FORMER_AREA
43552850,former-area|ho-chi-minh|quan-5,IN_FORMER_AREA
45236404,former-area|ho-chi-minh|quan-go-vap,IN_FORMER_AREA
45046696,former-area|ho-chi-minh|quan-go-vap,IN_FORMER_AREA
44243423,former-area|ho-chi-minh|quan-tan-binh,IN_FORMER_AREA
45234974,former-area|ho-chi-minh|quan-tan-binh,IN_FORMER_AREA
44717765,former-area|ho-chi-minh|quan-tan-binh,IN_FORMER_AREA
45231828,former-area|ho-chi-minh|quan-8,IN_FORMER_AREA
45235999,former-area|ho-chi-minh|quan-12,IN_FORMER_AREA
43552729,former-area|ho-chi-minh|quan-1,IN_FORMER_AREA
45004644,former-area|ba-ria-vung-tau|thanh-pho-vung-tau,IN_FORMER_AREA
45011337,former-area|ho-chi-minh|quan-2,IN_FORMER_AREA
44607260,former-area|ho-chi-minh|quan-2,IN_FORMER_AREA
45233273,former-area|ho-chi-minh|quan-binh-tan,IN_FORMER_AREA
45226530,former-area|ho-chi-minh|quan-12,IN_FORMER_AREA
44955433,former-area|ho-chi-minh|quan-binh-tan,IN_FORMER_AREA
45231990,former-area|ho-chi-minh|quan-7,IN_FORMER_AREA
45233147,former-area|ho-chi-minh|quan-binh-tan,IN_FORMER_AREA
45231422,former-area|ho-chi-minh|quan-12,IN_FORMER_AREA
45231197,former-area|ho-chi-minh|quan-6,IN_FORMER_AREA
45232540,former-area|ho-chi-minh|quan-binh-tan,IN_FORMER_AREA
45233939,former-area|ho-chi-minh|quan-7,IN_FORMER_AREA
45130372,former-area|ba-ria-vung-tau|thanh-pho-vung-tau,IN_FORMER_AREA
45230738,former-area|ho-chi-minh|quan-binh-thanh,IN_FORMER_AREA
45233559,former-area|ho-chi-minh|quan-10,IN_FORMER_AREA
45000212,former-area|ho-chi-minh|quan-tan-binh,IN_FORMER_AREA
45225926,former-area|ho-chi-minh|quan-6,IN_FORMER_AREA
41316802,former-area|ho-chi-minh|thanh-pho-thu-uc,IN_FORMER_AREA
44627527,former-area|ho-chi-minh|huyen-nha-be,IN_FORMER_AREA
44902908,former-area|ho-chi-minh|quan-12,IN_FORMER_AREA
45226241,former-area|ho-chi-minh|huyen-nha-be,IN_FORMER_AREA
44637401,former-area|ho-chi-minh|huyen-nha-be,IN_FORMER_AREA
44962250,former-area|ho-chi-minh|quan-12,IN_FORMER_AREA
45002237,former-area|ho-chi-minh|quan-go-vap,IN_FORMER_AREA
45088744,former-area|ho-chi-minh|quan-7,IN_FORMER_AREA
44173180,former-area|ho-chi-minh|quan-7,IN_FORMER_AREA
43632247,former-area|ho-chi-minh|quan-7,IN_FORMER_AREA
44957857,former-area|ho-chi-minh|quan-7,IN_FORMER_AREA
45133082,former-area|ho-chi-minh|quan-3,IN_FORMER_AREA
44927379,former-area|ho-chi-minh|quan-7,IN_FORMER_AREA
44768286,former-area|ho-chi-minh|quan-7,IN_FORMER_AREA
44893598,former-area|ho-chi-minh|huyen-nha-be,IN_FORMER_AREA
44223267,former-area|ho-chi-minh|quan-7,IN_FORMER_AREA
43845241,former-area|ho-chi-minh|quan-7,IN_FORMER_AREA
44815609,former-area|ho-chi-minh|quan-go-vap,IN_FORMER_AREA
45206831,former-area|ho-chi-minh|quan-tan-phu,IN_FORMER_AREA
44896645,former-area|ho-chi-minh|quan-tan-phu,IN_FORMER_AREA
45075070,former-area|ho-chi-minh|huyen-binh-chanh,IN_FORMER_AREA
44030072,former-area|ho-chi-minh|huyen-hoc-mon,IN_FORMER_AREA
44932111,former-area|ho-chi-minh|quan-9,IN_FORMER_AREA
45206785,former-area|ho-chi-minh|quan-tan-binh,IN_FORMER_AREA
45206609,former-area|ho-chi-minh|quan-tan-binh,IN_FORMER_AREA
45211253,former-area|ho-chi-minh|quan-3,IN_FORMER_AREA
45211849,former-area|ho-chi-minh|quan-tan-binh,IN_FORMER_AREA
45174871,former-area|ho-chi-minh|quan-go-vap,IN_FORMER_AREA
44843357,former-area|ho-chi-minh|quan-binh-tan,IN_FORMER_AREA
45147484,former-area|ho-chi-minh|quan-phu-nhuan,IN_FORMER_AREA
44049981,former-area|ho-chi-minh|quan-1,IN_FORMER_AREA
44984569,former-area|ho-chi-minh|quan-3,IN_FORMER_AREA
44826534,former-area|ho-chi-minh|thanh-pho-thu-uc,IN_FORMER_AREA
45113000,former-area|ho-chi-minh|quan-go-vap,IN_FORMER_AREA
45143586,former-area|ho-chi-minh|quan-binh-thanh,IN_FORMER_AREA
42434242,former-area|ho-chi-minh|quan-9,IN_FORMER_AREA
41287063,former-area|ho-chi-minh|quan-9,IN_FORMER_AREA
45143009,former-area|ho-chi-minh|quan-tan-binh,IN_FORMER_AREA
44052208,former-area|ho-chi-minh|quan-3,IN_FORMER_AREA
44881404,former-area|ho-chi-minh|quan-tan-binh,IN_FORMER_AREA
45085834,former-area|ho-chi-minh|quan-8,IN_FORMER_AREA
45075879,former-area|ho-chi-minh|quan-phu-nhuan,IN_FORMER_AREA
45104610,former-area|ho-chi-minh|quan-phu-nhuan,IN_FORMER_AREA
44838922,former-area|ho-chi-minh|quan-1,IN_FORMER_AREA
43400223,former-area|ho-chi-minh|quan-10,IN_FORMER_AREA
44895598,former-area|ho-chi-minh|thanh-pho-thu-uc,IN_FORMER_AREA
44723041,former-area|ho-chi-minh|quan-9,IN_FORMER_AREA
45127331,former-area|ho-chi-minh|quan-5,IN_FORMER_AREA
45119127,former-area|ho-chi-minh|quan-5,IN_FORMER_AREA
45079321,former-area|ho-chi-minh|quan-8,IN_FORMER_AREA
45099576,former-area|ho-chi-minh|quan-8,IN_FORMER_AREA
45054328,former-area|ho-chi-minh|quan-8,IN_FORMER_AREA
45226264,former-area|ho-chi-minh|quan-2,IN_FORMER_AREA
44821503,former-area|ho-chi-minh|thanh-pho-thu-uc,IN_FORMER_AREA
45206352,former-area|ho-chi-minh|quan-phu-nhuan,IN_FORMER_AREA
44621627,former-area|binh-duong|huyen-bau-bang,IN_FORMER_AREA
44366917,former-area|binh-duong|huyen-bau-bang,IN_FORMER_AREA
45215285,former-area|ho-chi-minh|quan-3,IN_FORMER_AREA
45022529,former-area|ho-chi-minh|thanh-pho-thu-uc,IN_FORMER_AREA
44693702,former-area|ho-chi-minh|quan-8,IN_FORMER_AREA
45088747,former-area|ho-chi-minh|quan-7,IN_FORMER_AREA
45150988,former-area|ho-chi-minh|quan-binh-thanh,IN_FORMER_AREA
45230335,former-area|ho-chi-minh|quan-10,IN_FORMER_AREA
45081038,former-area|ho-chi-minh|quan-binh-thanh,IN_FORMER_AREA
45228090,former-area|ho-chi-minh|quan-phu-nhuan,IN_FORMER_AREA
45226656,former-area|ho-chi-minh|quan-tan-binh,IN_FORMER_AREA
44264563,former-area|ho-chi-minh|quan-2,IN_FORMER_AREA
45179313,former-area|ho-chi-minh|quan-tan-phu,IN_FORMER_AREA
45158022,former-area|ho-chi-minh|quan-binh-thanh,IN_FORMER_AREA
45229038,former-area|ho-chi-minh|quan-tan-binh,IN_FORMER_AREA
45230794,former-area|ho-chi-minh|quan-binh-thanh,IN_FORMER_AREA
44973410,former-area|ho-chi-minh|quan-phu-nhuan,IN_FORMER_AREA
45229471,former-area|ho-chi-minh|quan-10,IN_FORMER_AREA
45156333,former-area|ho-chi-minh|quan-binh-thanh,IN_FORMER_AREA
44797875,former-area|ho-chi-minh|huyen-nha-be,IN_FORMER_AREA
43529769,former-area|ho-chi-minh|huyen-nha-be,IN_FORMER_AREA
44350421,former-area|ho-chi-minh|quan-tan-binh,IN_FORMER_AREA
45230960,former-area|ba-ria-vung-tau|thanh-pho-vung-tau,IN_FORMER_AREA
44437606,former-area|ho-chi-minh|quan-go-vap,IN_FORMER_AREA
45160821,former-area|ho-chi-minh|quan-go-vap,IN_FORMER_AREA
44965768,former-area|ho-chi-minh|quan-tan-binh,IN_FORMER_AREA
43717341,former-area|ho-chi-minh|quan-10,IN_FORMER_AREA
45156251,former-area|ho-chi-minh|quan-go-vap,IN_FORMER_AREA
45118404,former-area|ho-chi-minh|quan-binh-thanh,IN_FORMER_AREA
45004927,former-area|ho-chi-minh|quan-12,IN_FORMER_AREA
44974004,former-area|ho-chi-minh|quan-phu-nhuan,IN_FORMER_AREA
45158976,former-area|ho-chi-minh|quan-binh-thanh,IN_FORMER_AREA
45158302,former-area|ho-chi-minh|quan-binh-thanh,IN_FORMER_AREA
45230461,former-area|ho-chi-minh|quan-binh-thanh,IN_FORMER_AREA
43529622,former-area|ho-chi-minh|huyen-nha-be,IN_FORMER_AREA
44732236,former-area|ho-chi-minh|huyen-nha-be,IN_FORMER_AREA
45225478,former-area|ho-chi-minh|quan-8,IN_FORMER_AREA
44442368,former-area|ho-chi-minh|quan-binh-thanh,IN_FORMER_AREA
45215802,former-area|ho-chi-minh|quan-3,IN_FORMER_AREA
45150425,former-area|ho-chi-minh|quan-go-vap,IN_FORMER_AREA
44732427,former-area|ba-ria-vung-tau|thanh-pho-vung-tau,IN_FORMER_AREA
44922562,former-area|ho-chi-minh|quan-tan-phu,IN_FORMER_AREA
45178416,former-area|ho-chi-minh|quan-tan-phu,IN_FORMER_AREA
45215169,former-area|ho-chi-minh|quan-tan-phu,IN_FORMER_AREA
44566729,former-area|ho-chi-minh|quan-tan-binh,IN_FORMER_AREA
41685836__2,former-area|ho-chi-minh|quan-7,IN_FORMER_AREA
45162505,former-area|ho-chi-minh|quan-7,IN_FORMER_AREA
45146010,former-area|ba-ria-vung-tau|thanh-pho-vung-tau,IN_FORMER_AREA
45228207,former-area|binh-duong|thanh-pho-ben-cat,IN_FORMER_AREA
44731452,former-area|ho-chi-minh|quan-10,IN_FORMER_AREA
42953705,former-area|ho-chi-minh|quan-go-vap,IN_FORMER_AREA
45230255,former-area|ho-chi-minh|quan-binh-thanh,IN_FORMER_AREA
45094468,former-area|ho-chi-minh|quan-tan-phu,IN_FORMER_AREA
44929100,former-area|ho-chi-minh|quan-7,IN_FORMER_AREA
44593015,former-area|ho-chi-minh|quan-7,IN_FORMER_AREA
45227842,former-area|ho-chi-minh|quan-tan-binh,IN_FORMER_AREA
44467169,former-area|ho-chi-minh|huyen-nha-be,IN_FORMER_AREA
44845982,former-area|ho-chi-minh|huyen-nha-be,IN_FORMER_AREA
43614651,former-area|ho-chi-minh|huyen-nha-be,IN_FORMER_AREA
44578059,former-area|ho-chi-minh|quan-7,IN_FORMER_AREA
44905121,former-area|ho-chi-minh|huyen-nha-be,IN_FORMER_AREA
45193243,former-area|ho-chi-minh|huyen-nha-be,IN_FORMER_AREA
45088101,former-area|ho-chi-minh|huyen-nha-be,IN_FORMER_AREA
43860470,former-area|ho-chi-minh|quan-7,IN_FORMER_AREA
45186439,former-area|binh-duong|thanh-pho-thuan-an,IN_FORMER_AREA
45228050,former-area|binh-duong|thanh-pho-thuan-an,IN_FORMER_AREA
45229581,former-area|ho-chi-minh|quan-phu-nhuan,IN_FORMER_AREA
45228540,former-area|ho-chi-minh|quan-9,IN_FORMER_AREA
45161952,former-area|ho-chi-minh|huyen-nha-be,IN_FORMER_AREA
43530901,former-area|binh-duong|huyen-bau-bang,IN_FORMER_AREA
43419726,former-area|ho-chi-minh|quan-1,IN_FORMER_AREA
44542346,former-area|ho-chi-minh|quan-tan-binh,IN_FORMER_AREA
45039085,former-area|ho-chi-minh|quan-7,IN_FORMER_AREA
43988683,former-area|ho-chi-minh|huyen-nha-be,IN_FORMER_AREA
44837259,former-area|ho-chi-minh|quan-12,IN_FORMER_AREA
44704691,former-area|ho-chi-minh|quan-9,IN_FORMER_AREA
45183074,former-area|ho-chi-minh|quan-tan-binh,IN_FORMER_AREA
45228388,former-area|ho-chi-minh|quan-10,IN_FORMER_AREA
45025850,former-area|ho-chi-minh|quan-tan-binh,IN_FORMER_AREA
44407311,former-area|ho-chi-minh|thanh-pho-thu-uc,IN_FORMER_AREA
45194032,former-area|ho-chi-minh|quan-12,IN_FORMER_AREA
45211053,former-area|ho-chi-minh|quan-go-vap,IN_FORMER_AREA
45194358,former-area|ho-chi-minh|quan-12,IN_FORMER_AREA
45078935,former-area|ho-chi-minh|huyen-cu-chi,IN_FORMER_AREA
43517747,former-area|ho-chi-minh|quan-tan-binh,IN_FORMER_AREA
45172012,former-area|ho-chi-minh|quan-8,IN_FORMER_AREA
44671246,former-area|ho-chi-minh|quan-9,IN_FORMER_AREA
45224019,former-area|ho-chi-minh|quan-3,IN_FORMER_AREA
44970036,former-area|ho-chi-minh|quan-2,IN_FORMER_AREA
45227552,former-area|ho-chi-minh|quan-9,IN_FORMER_AREA
45226611,former-area|ho-chi-minh|quan-phu-nhuan,IN_FORMER_AREA
45158883,former-area|ho-chi-minh|quan-phu-nhuan,IN_FORMER_AREA
45226878,former-area|ho-chi-minh|quan-phu-nhuan,IN_FORMER_AREA
42777274,former-area|ho-chi-minh|quan-binh-thanh,IN_FORMER_AREA
44670333,former-area|ho-chi-minh|quan-12,IN_FORMER_AREA
45223231,former-area|ho-chi-minh|quan-binh-tan,IN_FORMER_AREA
45018689,former-area|ho-chi-minh|quan-4,IN_FORMER_AREA
45013698,former-area|ho-chi-minh|quan-4,IN_FORMER_AREA
45177905,former-area|ho-chi-minh|huyen-nha-be,IN_FORMER_AREA
45226387,former-area|ho-chi-minh|quan-phu-nhuan,IN_FORMER_AREA
44827360,former-area|ho-chi-minh|quan-12,IN_FORMER_AREA
42928021,former-area|ho-chi-minh|thanh-pho-thu-uc,IN_FORMER_AREA
44977392,former-area|ho-chi-minh|quan-tan-binh,IN_FORMER_AREA
45216200,former-area|ho-chi-minh|quan-go-vap,IN_FORMER_AREA
45224513,former-area|ho-chi-minh|quan-tan-binh,IN_FORMER_AREA
45220203,former-area|ho-chi-minh|quan-tan-binh,IN_FORMER_AREA
44869947,former-area|ba-ria-vung-tau|thanh-pho-vung-tau,IN_FORMER_AREA
45204718,former-area|ho-chi-minh|quan-7,IN_FORMER_AREA
44673808,former-area|ho-chi-minh|thanh-pho-thu-uc,IN_FORMER_AREA
45223119,former-area|ho-chi-minh|quan-7,IN_FORMER_AREA
45196546,former-area|binh-duong|thanh-pho-thuan-an,IN_FORMER_AREA
45224956,former-area|ho-chi-minh|thanh-pho-thu-uc,IN_FORMER_AREA
45224841,former-area|ho-chi-minh|quan-1,IN_FORMER_AREA
45225361,former-area|ho-chi-minh|quan-tan-binh,IN_FORMER_AREA
45224284,former-area|ho-chi-minh|quan-binh-tan,IN_FORMER_AREA
45201374,former-area|ho-chi-minh|quan-2,IN_FORMER_AREA
45223173,former-area|ho-chi-minh|quan-7,IN_FORMER_AREA
45224366,former-area|ho-chi-minh|quan-phu-nhuan,IN_FORMER_AREA
45219566,former-area|ho-chi-minh|quan-go-vap,IN_FORMER_AREA
45223742,former-area|ho-chi-minh|quan-tan-phu,IN_FORMER_AREA
45189911,former-area|ho-chi-minh|quan-phu-nhuan,IN_FORMER_AREA
45223994,former-area|ho-chi-minh|quan-tan-phu,IN_FORMER_AREA
45223899,former-area|ho-chi-minh|quan-tan-phu,IN_FORMER_AREA
45210079,former-area|ho-chi-minh|quan-tan-binh,IN_FORMER_AREA
45222624,former-area|ho-chi-minh|quan-phu-nhuan,IN_FORMER_AREA
45195316,former-area|ho-chi-minh|thanh-pho-thu-uc,IN_FORMER_AREA
45188877,former-area|ho-chi-minh|quan-phu-nhuan,IN_FORMER_AREA
44944990,former-area|ho-chi-minh|quan-binh-tan,IN_FORMER_AREA
45223953,former-area|ho-chi-minh|quan-tan-phu,IN_FORMER_AREA
45222354,former-area|ho-chi-minh|quan-phu-nhuan,IN_FORMER_AREA
45222510,former-area|ho-chi-minh|quan-phu-nhuan,IN_FORMER_AREA
45215261,former-area|ho-chi-minh|thanh-pho-thu-uc,IN_FORMER_AREA
45224328,former-area|ho-chi-minh|quan-binh-thanh,IN_FORMER_AREA
45190535,former-area|ho-chi-minh|quan-8,IN_FORMER_AREA
45224178,former-area|ho-chi-minh|quan-10,IN_FORMER_AREA
45192385,former-area|ho-chi-minh|quan-phu-nhuan,IN_FORMER_AREA
45223466,former-area|ho-chi-minh|quan-tan-phu,IN_FORMER_AREA
45199308,former-area|ho-chi-minh|quan-binh-thanh,IN_FORMER_AREA
44994534,former-area|ho-chi-minh|quan-7,IN_FORMER_AREA
45009771,former-area|ho-chi-minh|quan-1,IN_FORMER_AREA
45223116,former-area|ho-chi-minh|quan-binh-tan,IN_FORMER_AREA
39328171,former-area|ho-chi-minh|huyen-nha-be,IN_FORMER_AREA
45061609,former-area|ho-chi-minh|quan-9,IN_FORMER_AREA
45032097,former-area|ho-chi-minh|quan-phu-nhuan,IN_FORMER_AREA
44126704,former-area|ho-chi-minh|quan-12,IN_FORMER_AREA
43552916,former-area|ho-chi-minh|quan-10,IN_FORMER_AREA
45051102,former-area|ho-chi-minh|thanh-pho-thu-uc,IN_FORMER_AREA
44329060,former-area|ho-chi-minh|huyen-nha-be,IN_FORMER_AREA
42104888,former-area|ho-chi-minh|quan-1,IN_FORMER_AREA
45083827,former-area|ho-chi-minh|quan-12,IN_FORMER_AREA
45149696,former-area|ho-chi-minh|quan-12,IN_FORMER_AREA
44773068,former-area|ho-chi-minh|quan-1,IN_FORMER_AREA
45057882,former-area|ho-chi-minh|quan-12,IN_FORMER_AREA
45184381,former-area|ho-chi-minh|quan-12,IN_FORMER_AREA
45158404,former-area|ho-chi-minh|quan-12,IN_FORMER_AREA
44953675,former-area|ho-chi-minh|quan-12,IN_FORMER_AREA
45199407,former-area|ho-chi-minh|quan-12,IN_FORMER_AREA
45197139,former-area|ho-chi-minh|quan-12,IN_FORMER_AREA
45204762,former-area|ho-chi-minh|quan-12,IN_FORMER_AREA
45202785,former-area|ho-chi-minh|quan-12,IN_FORMER_AREA
45221695,former-area|ho-chi-minh|quan-12,IN_FORMER_AREA
45205027,former-area|ho-chi-minh|quan-12,IN_FORMER_AREA
45192019,former-area|ho-chi-minh|quan-12,IN_FORMER_AREA
45090654,former-area|ho-chi-minh|quan-9,IN_FORMER_AREA
44852119,former-area|ho-chi-minh|huyen-nha-be,IN_FORMER_AREA
45060455,former-area|ho-chi-minh|quan-binh-tan,IN_FORMER_AREA
45146331,former-area|ho-chi-minh|quan-go-vap,IN_FORMER_AREA
44945736,former-area|ho-chi-minh|quan-3,IN_FORMER_AREA
45066979,former-area|ho-chi-minh|quan-9,IN_FORMER_AREA
44745929,former-area|ba-ria-vung-tau|thanh-pho-vung-tau,IN_FORMER_AREA
45158517,former-area|ba-ria-vung-tau|thanh-pho-vung-tau,IN_FORMER_AREA
44815225,former-area|ho-chi-minh|quan-1,IN_FORMER_AREA
44492541,former-area|ho-chi-minh|quan-tan-binh,IN_FORMER_AREA
44730435,former-area|ho-chi-minh|quan-3,IN_FORMER_AREA
45119458,former-area|ho-chi-minh|quan-tan-binh,IN_FORMER_AREA
44886746,former-area|ho-chi-minh|quan-tan-binh,IN_FORMER_AREA
45011708,former-area|ho-chi-minh|quan-tan-binh,IN_FORMER_AREA
45160024,former-area|ba-ria-vung-tau|thanh-pho-vung-tau,IN_FORMER_AREA
45080508,former-area|ba-ria-vung-tau|thanh-pho-vung-tau,IN_FORMER_AREA
44307759,former-area|ho-chi-minh|quan-10,IN_FORMER_AREA
45138486,former-area|ho-chi-minh|quan-binh-tan,IN_FORMER_AREA
43605941,former-area|ho-chi-minh|quan-1,IN_FORMER_AREA
43639251,former-area|ho-chi-minh|quan-5,IN_FORMER_AREA
44939017,former-area|ho-chi-minh|quan-9,IN_FORMER_AREA
43596772,former-area|ho-chi-minh|quan-5,IN_FORMER_AREA
43788665,former-area|ho-chi-minh|quan-5,IN_FORMER_AREA
45072572,former-area|ho-chi-minh|thanh-pho-thu-uc,IN_FORMER_AREA
42583860,former-area|ho-chi-minh|quan-tan-binh,IN_FORMER_AREA
44549064,former-area|ho-chi-minh|quan-tan-binh,IN_FORMER_AREA
44805680,former-area|ho-chi-minh|quan-tan-binh,IN_FORMER_AREA
43272904,former-area|ho-chi-minh|quan-tan-binh,IN_FORMER_AREA
43609282,former-area|ho-chi-minh|quan-tan-binh,IN_FORMER_AREA
44751479,former-area|ho-chi-minh|thanh-pho-thu-uc,IN_FORMER_AREA
45116083,former-area|ho-chi-minh|quan-tan-binh,IN_FORMER_AREA
44626770,former-area|ho-chi-minh|quan-tan-binh,IN_FORMER_AREA
45186272,former-area|ho-chi-minh|quan-12,IN_FORMER_AREA
44890005,former-area|ho-chi-minh|quan-phu-nhuan,IN_FORMER_AREA
44927823,former-area|ho-chi-minh|quan-go-vap,IN_FORMER_AREA
45088684,former-area|ho-chi-minh|quan-go-vap,IN_FORMER_AREA
44532538,former-area|ho-chi-minh|quan-2,IN_FORMER_AREA
44522657,former-area|ho-chi-minh|quan-2,IN_FORMER_AREA
45205943,former-area|ho-chi-minh|quan-binh-thanh,IN_FORMER_AREA
44549533,former-area|ho-chi-minh|quan-2,IN_FORMER_AREA
42700245,former-area|ho-chi-minh|quan-binh-thanh,IN_FORMER_AREA
45210106,former-area|ho-chi-minh|quan-binh-thanh,IN_FORMER_AREA
45163791,former-area|ho-chi-minh|quan-tan-binh,IN_FORMER_AREA
44564031,former-area|ho-chi-minh|huyen-nha-be,IN_FORMER_AREA
44868771,former-area|ho-chi-minh|quan-binh-thanh,IN_FORMER_AREA
45125602,former-area|ho-chi-minh|quan-go-vap,IN_FORMER_AREA
45118111,former-area|ho-chi-minh|quan-9,IN_FORMER_AREA
45221498,former-area|ho-chi-minh|quan-12,IN_FORMER_AREA
44959065,former-area|ho-chi-minh|quan-7,IN_FORMER_AREA
45221343,former-area|ho-chi-minh|quan-9,IN_FORMER_AREA
44502536,former-area|ho-chi-minh|quan-12,IN_FORMER_AREA
45099055,former-area|ho-chi-minh|quan-binh-thanh,IN_FORMER_AREA
44899680,former-area|ho-chi-minh|quan-tan-binh,IN_FORMER_AREA
45194127,former-area|ba-ria-vung-tau|thanh-pho-vung-tau,IN_FORMER_AREA
45220782,former-area|ho-chi-minh|quan-12,IN_FORMER_AREA
44767187,former-area|ho-chi-minh|quan-4,IN_FORMER_AREA
45196522,former-area|ho-chi-minh|quan-phu-nhuan,IN_FORMER_AREA
45220383,former-area|ho-chi-minh|quan-7,IN_FORMER_AREA
44454285,former-area|ho-chi-minh|quan-tan-binh,IN_FORMER_AREA
45217777,former-area|ho-chi-minh|quan-binh-thanh,IN_FORMER_AREA
45221253,former-area|ho-chi-minh|quan-tan-binh,IN_FORMER_AREA
45220106,former-area|ho-chi-minh|quan-phu-nhuan,IN_FORMER_AREA
45096390,former-area|ho-chi-minh|quan-tan-phu,IN_FORMER_AREA
44959929,former-area|ho-chi-minh|quan-tan-binh,IN_FORMER_AREA
45115875,former-area|ho-chi-minh|huyen-nha-be,IN_FORMER_AREA
44456195,former-area|ho-chi-minh|quan-tan-phu,IN_FORMER_AREA
44200919,former-area|ho-chi-minh|huyen-nha-be,IN_FORMER_AREA
44234452,former-area|ba-ria-vung-tau|thanh-pho-vung-tau,IN_FORMER_AREA
43011177,former-area|ba-ria-vung-tau|thanh-pho-vung-tau,IN_FORMER_AREA
43220620,former-area|ho-chi-minh|quan-binh-thanh,IN_FORMER_AREA
45197120,former-area|ba-ria-vung-tau|thanh-pho-vung-tau,IN_FORMER_AREA
42505985,former-area|ho-chi-minh|quan-binh-tan,IN_FORMER_AREA
45194190,former-area|ba-ria-vung-tau|thanh-pho-vung-tau,IN_FORMER_AREA
44777477,former-area|ba-ria-vung-tau|thanh-pho-vung-tau,IN_FORMER_AREA
44992654,former-area|ho-chi-minh|quan-tan-binh,IN_FORMER_AREA
44993942,former-area|ho-chi-minh|quan-binh-thanh,IN_FORMER_AREA
45212387,former-area|ho-chi-minh|quan-tan-binh,IN_FORMER_AREA
45220144,former-area|ho-chi-minh|thanh-pho-thu-uc,IN_FORMER_AREA
44026736,former-area|ho-chi-minh|quan-phu-nhuan,IN_FORMER_AREA
45113537,former-area|ho-chi-minh|quan-tan-phu,IN_FORMER_AREA
45053231,former-area|binh-duong|thanh-pho-di-an,IN_FORMER_AREA
45081815,former-area|ho-chi-minh|quan-12,IN_FORMER_AREA
44113870,former-area|ho-chi-minh|quan-tan-binh,IN_FORMER_AREA
45217136,former-area|ho-chi-minh|quan-12,IN_FORMER_AREA
45215158,former-area|ho-chi-minh|quan-2,IN_FORMER_AREA
45217976,former-area|ho-chi-minh|huyen-nha-be,IN_FORMER_AREA
44147966,former-area|ho-chi-minh|quan-binh-thanh,IN_FORMER_AREA
44493837,former-area|ho-chi-minh|quan-tan-binh,IN_FORMER_AREA
45210343,former-area|ho-chi-minh|quan-binh-thanh,IN_FORMER_AREA
45159288,former-area|ho-chi-minh|quan-binh-thanh,IN_FORMER_AREA
44979694,former-area|ho-chi-minh|quan-phu-nhuan,IN_FORMER_AREA
45218089,former-area|ho-chi-minh|quan-12,IN_FORMER_AREA
44558555,former-area|ho-chi-minh|quan-tan-binh,IN_FORMER_AREA
45029262,former-area|ho-chi-minh|huyen-binh-chanh,IN_FORMER_AREA
44558902,former-area|ho-chi-minh|quan-tan-binh,IN_FORMER_AREA
45218919,former-area|ho-chi-minh|quan-9,IN_FORMER_AREA
45210546,former-area|ho-chi-minh|thanh-pho-thu-uc,IN_FORMER_AREA
45217702,former-area|binh-duong|thanh-pho-thu-dau-mot,IN_FORMER_AREA
44999864,former-area|ho-chi-minh|huyen-binh-chanh,IN_FORMER_AREA
45215592,former-area|ho-chi-minh|quan-9,IN_FORMER_AREA
45216538,former-area|ho-chi-minh|quan-12,IN_FORMER_AREA
45216887,former-area|ho-chi-minh|quan-tan-binh,IN_FORMER_AREA
44900177,former-area|ho-chi-minh|quan-tan-binh,IN_FORMER_AREA
45202884,former-area|ho-chi-minh|quan-go-vap,IN_FORMER_AREA
44216029,former-area|ho-chi-minh|huyen-hoc-mon,IN_FORMER_AREA
44707165,former-area|ho-chi-minh|thanh-pho-thu-uc,IN_FORMER_AREA
44122851,former-area|binh-duong|huyen-bau-bang,IN_FORMER_AREA
45177340,former-area|ho-chi-minh|quan-tan-binh,IN_FORMER_AREA
45218954,former-area|ho-chi-minh|quan-binh-thanh,IN_FORMER_AREA
44609961,former-area|ho-chi-minh|huyen-nha-be,IN_FORMER_AREA
45218235,former-area|ho-chi-minh|quan-5,IN_FORMER_AREA
45218912,former-area|ho-chi-minh|quan-binh-thanh,IN_FORMER_AREA
45217235,former-area|binh-duong|thanh-pho-di-an,IN_FORMER_AREA
45197650,former-area|ho-chi-minh|quan-tan-binh,IN_FORMER_AREA
44538240,former-area|ho-chi-minh|quan-go-vap,IN_FORMER_AREA
44640570,former-area|ho-chi-minh|huyen-nha-be,IN_FORMER_AREA
45207951,former-area|ho-chi-minh|thanh-pho-thu-uc,IN_FORMER_AREA
44607479,former-area|ho-chi-minh|huyen-nha-be,IN_FORMER_AREA
45214116,former-area|ho-chi-minh|quan-6,IN_FORMER_AREA
45214928,former-area|ho-chi-minh|quan-12,IN_FORMER_AREA
44117018,former-area|ho-chi-minh|quan-phu-nhuan,IN_FORMER_AREA
45197627,former-area|ho-chi-minh|quan-go-vap,IN_FORMER_AREA
44889787,former-area|ho-chi-minh|quan-tan-binh,IN_FORMER_AREA
45214926,former-area|ba-ria-vung-tau|thanh-pho-vung-tau,IN_FORMER_AREA
44699370,former-area|ho-chi-minh|quan-binh-thanh,IN_FORMER_AREA
45214777,former-area|ho-chi-minh|quan-binh-tan,IN_FORMER_AREA
44102841,former-area|ho-chi-minh|quan-phu-nhuan,IN_FORMER_AREA
45160758,former-area|ho-chi-minh|quan-phu-nhuan,IN_FORMER_AREA
44969367,former-area|ho-chi-minh|quan-4,IN_FORMER_AREA
45146401,former-area|ho-chi-minh|quan-phu-nhuan,IN_FORMER_AREA
45109536,former-area|ho-chi-minh|quan-phu-nhuan,IN_FORMER_AREA
45182878,former-area|ho-chi-minh|quan-phu-nhuan,IN_FORMER_AREA
45128126,former-area|ho-chi-minh|quan-phu-nhuan,IN_FORMER_AREA
45112753,former-area|ho-chi-minh|quan-phu-nhuan,IN_FORMER_AREA
45154072,former-area|ho-chi-minh|quan-go-vap,IN_FORMER_AREA
45050074,former-area|ho-chi-minh|thanh-pho-thu-uc,IN_FORMER_AREA
44806109,former-area|ho-chi-minh|quan-phu-nhuan,IN_FORMER_AREA
45059651,former-area|ho-chi-minh|quan-go-vap,IN_FORMER_AREA
44920943,former-area|ho-chi-minh|huyen-nha-be,IN_FORMER_AREA
45099274,former-area|ho-chi-minh|quan-phu-nhuan,IN_FORMER_AREA
45207606,former-area|ho-chi-minh|quan-7,IN_FORMER_AREA
44814841,former-area|ho-chi-minh|quan-go-vap,IN_FORMER_AREA
45036065,former-area|ho-chi-minh|quan-go-vap,IN_FORMER_AREA
45105255,former-area|ho-chi-minh|quan-7,IN_FORMER_AREA
44643381,former-area|ho-chi-minh|quan-7,IN_FORMER_AREA
43570256,former-area|ho-chi-minh|quan-tan-binh,IN_FORMER_AREA
44633584,former-area|ho-chi-minh|huyen-nha-be,IN_FORMER_AREA
44646439,former-area|ho-chi-minh|quan-1,IN_FORMER_AREA
44427635,former-area|ho-chi-minh|quan-1,IN_FORMER_AREA
45048496,former-area|ho-chi-minh|huyen-nha-be,IN_FORMER_AREA
44646136,former-area|ho-chi-minh|quan-10,IN_FORMER_AREA
45057486,former-area|ho-chi-minh|quan-phu-nhuan,IN_FORMER_AREA
44979444,former-area|ho-chi-minh|quan-go-vap,IN_FORMER_AREA
44918394,former-area|ho-chi-minh|huyen-nha-be,IN_FORMER_AREA
43829753,former-area|ho-chi-minh|quan-tan-phu,IN_FORMER_AREA
44904491,former-area|ho-chi-minh|thanh-pho-thu-uc,IN_FORMER_AREA
45148125,former-area|ho-chi-minh|quan-phu-nhuan,IN_FORMER_AREA
39078021,former-area|ho-chi-minh|huyen-hoc-mon,IN_FORMER_AREA
45121517,former-area|ho-chi-minh|quan-phu-nhuan,IN_FORMER_AREA
44850188,former-area|ho-chi-minh|quan-binh-thanh,IN_FORMER_AREA
45062729,former-area|ho-chi-minh|quan-9,IN_FORMER_AREA
44995495,former-area|ho-chi-minh|quan-binh-thanh,IN_FORMER_AREA
45157943,former-area|ho-chi-minh|quan-2,IN_FORMER_AREA
44905609,former-area|ho-chi-minh|quan-phu-nhuan,IN_FORMER_AREA
44978120,former-area|ho-chi-minh|quan-go-vap,IN_FORMER_AREA
45110126,former-area|ho-chi-minh|quan-tan-binh,IN_FORMER_AREA
45194196,former-area|ho-chi-minh|thanh-pho-thu-uc,IN_FORMER_AREA
43102591,former-area|ho-chi-minh|quan-10,IN_FORMER_AREA
45019799,former-area|ho-chi-minh|quan-tan-binh,IN_FORMER_AREA
45073914,former-area|ho-chi-minh|thanh-pho-thu-uc,IN_FORMER_AREA
44867479,former-area|ho-chi-minh|quan-phu-nhuan,IN_FORMER_AREA
44779145,former-area|ho-chi-minh|quan-4,IN_FORMER_AREA
45150817,former-area|ho-chi-minh|quan-tan-binh,IN_FORMER_AREA
44934807,former-area|ho-chi-minh|quan-binh-thanh,IN_FORMER_AREA
45143748,former-area|ho-chi-minh|quan-binh-tan,IN_FORMER_AREA
45205124,former-area|ho-chi-minh|quan-12,IN_FORMER_AREA
45021271,former-area|ho-chi-minh|quan-9,IN_FORMER_AREA
44766282,former-area|ho-chi-minh|quan-12,IN_FORMER_AREA
45207948,former-area|ho-chi-minh|quan-10,IN_FORMER_AREA
44858898,former-area|ho-chi-minh|quan-4,IN_FORMER_AREA
45050974,former-area|ho-chi-minh|quan-tan-binh,IN_FORMER_AREA
44886440,former-area|ho-chi-minh|quan-10,IN_FORMER_AREA
45200842,former-area|ho-chi-minh|quan-10,IN_FORMER_AREA
45209564,former-area|ho-chi-minh|quan-10,IN_FORMER_AREA
44372189,former-area|ho-chi-minh|quan-8,IN_FORMER_AREA
44932665,former-area|ho-chi-minh|quan-binh-tan,IN_FORMER_AREA
45181110,former-area|ho-chi-minh|quan-tan-binh,IN_FORMER_AREA
44932544,former-area|ho-chi-minh|quan-tan-phu,IN_FORMER_AREA
44986783,former-area|ho-chi-minh|quan-phu-nhuan,IN_FORMER_AREA
44925166,former-area|ho-chi-minh|huyen-nha-be,IN_FORMER_AREA
45197397,former-area|ho-chi-minh|quan-10,IN_FORMER_AREA
45213268,former-area|ho-chi-minh|quan-12,IN_FORMER_AREA
44611580,former-area|ho-chi-minh|quan-binh-thanh,IN_FORMER_AREA
45161234,former-area|ho-chi-minh|quan-7,IN_FORMER_AREA
45200648,former-area|ho-chi-minh|huyen-nha-be,IN_FORMER_AREA
45213326,former-area|ho-chi-minh|quan-12,IN_FORMER_AREA
43531387,former-area|ho-chi-minh|quan-10,IN_FORMER_AREA
45094868,former-area|ho-chi-minh|quan-2,IN_FORMER_AREA
44315206,former-area|ho-chi-minh|huyen-nha-be,IN_FORMER_AREA
43989783,former-area|ho-chi-minh|huyen-nha-be,IN_FORMER_AREA
45201231,former-area|ho-chi-minh|quan-7,IN_FORMER_AREA
45189941,former-area|ho-chi-minh|quan-7,IN_FORMER_AREA
43377676,former-area|ho-chi-minh|quan-10,IN_FORMER_AREA
44936092,former-area|ho-chi-minh|quan-binh-thanh,IN_FORMER_AREA
45161667,former-area|ho-chi-minh|quan-10,IN_FORMER_AREA
44242606,former-area|ho-chi-minh|quan-10,IN_FORMER_AREA
44222729,former-area|ho-chi-minh|quan-10,IN_FORMER_AREA
45211234,former-area|ho-chi-minh|quan-binh-thanh,IN_FORMER_AREA
45080258,former-area|ho-chi-minh|quan-binh-tan,IN_FORMER_AREA
45172741,former-area|ho-chi-minh|quan-binh-thanh,IN_FORMER_AREA
45211836,former-area|ho-chi-minh|quan-tan-binh,IN_FORMER_AREA
45206999,former-area|ho-chi-minh|huyen-nha-be,IN_FORMER_AREA
44907827,former-area|ho-chi-minh|quan-10,IN_FORMER_AREA
44665507,former-area|ho-chi-minh|quan-4,IN_FORMER_AREA
44907090,former-area|ho-chi-minh|quan-go-vap,IN_FORMER_AREA
44896332,former-area|ho-chi-minh|quan-12,IN_FORMER_AREA
44307723,former-area|ho-chi-minh|quan-10,IN_FORMER_AREA
45122141,former-area|ho-chi-minh|thanh-pho-thu-uc,IN_FORMER_AREA
45211431,former-area|ho-chi-minh|quan-12,IN_FORMER_AREA
44654114,former-area|ba-ria-vung-tau|thanh-pho-vung-tau,IN_FORMER_AREA
45209086,former-area|ho-chi-minh|quan-3,IN_FORMER_AREA
45147698,former-area|ho-chi-minh|quan-binh-thanh,IN_FORMER_AREA
44524721,former-area|ho-chi-minh|thanh-pho-thu-uc,IN_FORMER_AREA
45211771,former-area|ho-chi-minh|quan-binh-tan,IN_FORMER_AREA
45213303,former-area|ho-chi-minh|quan-11,IN_FORMER_AREA
45209973,former-area|ho-chi-minh|quan-3,IN_FORMER_AREA
45200898,former-area|ho-chi-minh|quan-3,IN_FORMER_AREA
45153903,former-area|ho-chi-minh|quan-3,IN_FORMER_AREA
45209835,former-area|ho-chi-minh|quan-5,IN_FORMER_AREA
44548644,former-area|ho-chi-minh|quan-binh-thanh,IN_FORMER_AREA
45205900,former-area|ho-chi-minh|quan-binh-thanh,IN_FORMER_AREA
45061303,former-area|ho-chi-minh|quan-binh-tan,IN_FORMER_AREA
45180105,former-area|ho-chi-minh|quan-phu-nhuan,IN_FORMER_AREA
45175886,former-area|ho-chi-minh|quan-go-vap,IN_FORMER_AREA
45175429,former-area|ho-chi-minh|quan-tan-binh,IN_FORMER_AREA
44637565,former-area|ho-chi-minh|huyen-nha-be,IN_FORMER_AREA
45211536,former-area|ho-chi-minh|quan-7,IN_FORMER_AREA
45212454,former-area|ba-ria-vung-tau|thanh-pho-vung-tau,IN_FORMER_AREA
45021898,former-area|ho-chi-minh|quan-phu-nhuan,IN_FORMER_AREA
45207627,former-area|ho-chi-minh|quan-7,IN_FORMER_AREA
44431816,former-area|ho-chi-minh|huyen-nha-be,IN_FORMER_AREA
45212565,former-area|ho-chi-minh|thanh-pho-thu-uc,IN_FORMER_AREA
45101382,former-area|ho-chi-minh|huyen-nha-be,IN_FORMER_AREA
44973643,former-area|ho-chi-minh|quan-tan-binh,IN_FORMER_AREA
44926521,former-area|ho-chi-minh|quan-tan-binh,IN_FORMER_AREA
45207570,former-area|ho-chi-minh|quan-7,IN_FORMER_AREA
45212198,former-area|ho-chi-minh|quan-8,IN_FORMER_AREA
44909092,former-area|ho-chi-minh|quan-12,IN_FORMER_AREA
45160970,former-area|ho-chi-minh|quan-7,IN_FORMER_AREA
44392855,former-area|ho-chi-minh|quan-binh-thanh,IN_FORMER_AREA
45080935,former-area|ho-chi-minh|quan-go-vap,IN_FORMER_AREA
45204210,former-area|ho-chi-minh|quan-go-vap,IN_FORMER_AREA
45086734,former-area|ho-chi-minh|quan-go-vap,IN_FORMER_AREA
45179980,former-area|ho-chi-minh|quan-12,IN_FORMER_AREA
45211549,former-area|ho-chi-minh|huyen-hoc-mon,IN_FORMER_AREA
45016430,former-area|ho-chi-minh|quan-7,IN_FORMER_AREA
43691212,former-area|ho-chi-minh|quan-binh-thanh,IN_FORMER_AREA
45211035,former-area|ho-chi-minh|quan-go-vap,IN_FORMER_AREA
44506594,former-area|ho-chi-minh|quan-go-vap,IN_FORMER_AREA
45210609,former-area|ho-chi-minh|quan-12,IN_FORMER_AREA
45019081,former-area|ho-chi-minh|quan-go-vap,IN_FORMER_AREA
44945779,former-area|ho-chi-minh|huyen-nha-be,IN_FORMER_AREA
45041250,former-area|ho-chi-minh|quan-go-vap,IN_FORMER_AREA
45025831,former-area|ho-chi-minh|quan-7,IN_FORMER_AREA
42234179,former-area|ba-ria-vung-tau|thanh-pho-vung-tau,IN_FORMER_AREA
43345599,former-area|ho-chi-minh|quan-phu-nhuan,IN_FORMER_AREA
45205881,former-area|ho-chi-minh|quan-12,IN_FORMER_AREA
45207560,former-area|ho-chi-minh|quan-7,IN_FORMER_AREA
45202069,former-area|ho-chi-minh|quan-phu-nhuan,IN_FORMER_AREA
44972785,former-area|binh-duong|thanh-pho-di-an,IN_FORMER_AREA
45209430,former-area|ho-chi-minh|quan-8,IN_FORMER_AREA
45205298,former-area|ho-chi-minh|quan-12,IN_FORMER_AREA
45207388,former-area|binh-duong|thanh-pho-ben-cat,IN_FORMER_AREA
45205834,former-area|binh-duong|thanh-pho-ben-cat,IN_FORMER_AREA
45209045,former-area|ho-chi-minh|quan-binh-tan,IN_FORMER_AREA
45178622,former-area|ho-chi-minh|thanh-pho-thu-uc,IN_FORMER_AREA
45205957,former-area|ho-chi-minh|quan-binh-thanh,IN_FORMER_AREA
45199044,former-area|ho-chi-minh|quan-4,IN_FORMER_AREA
45043691,former-area|ho-chi-minh|quan-binh-thanh,IN_FORMER_AREA
45197649,former-area|ho-chi-minh|quan-binh-tan,IN_FORMER_AREA
44494201,former-area|ho-chi-minh|quan-7,IN_FORMER_AREA
44247860,former-area|ho-chi-minh|quan-binh-tan,IN_FORMER_AREA
45020850,former-area|ho-chi-minh|quan-7,IN_FORMER_AREA
44644396,former-area|ho-chi-minh|quan-7,IN_FORMER_AREA
44234870,former-area|ho-chi-minh|quan-binh-thanh,IN_FORMER_AREA
44866741,former-area|ho-chi-minh|thanh-pho-thu-uc,IN_FORMER_AREA
42418438,former-area|ho-chi-minh|quan-4,IN_FORMER_AREA
45196395,former-area|ho-chi-minh|quan-12,IN_FORMER_AREA
45204741,former-area|ho-chi-minh|quan-12,IN_FORMER_AREA
44432198,former-area|ba-ria-vung-tau|thanh-pho-vung-tau,IN_FORMER_AREA
45200445,former-area|ba-ria-vung-tau|thanh-pho-vung-tau,IN_FORMER_AREA
45207129,former-area|ho-chi-minh|thanh-pho-thu-uc,IN_FORMER_AREA
45159337,former-area|ho-chi-minh|thanh-pho-thu-uc,IN_FORMER_AREA
44942764,former-area|ho-chi-minh|quan-7,IN_FORMER_AREA
45179386,former-area|ba-ria-vung-tau|thanh-pho-vung-tau,IN_FORMER_AREA
44962461,former-area|ba-ria-vung-tau|thanh-pho-vung-tau,IN_FORMER_AREA
45179428,former-area|ho-chi-minh|quan-binh-thanh,IN_FORMER_AREA
45209348,former-area|ho-chi-minh|thanh-pho-thu-uc,IN_FORMER_AREA
45205140,former-area|ho-chi-minh|thanh-pho-thu-uc,IN_FORMER_AREA
45197605,former-area|ba-ria-vung-tau|thanh-pho-vung-tau,IN_FORMER_AREA
45200941,former-area|ho-chi-minh|quan-binh-tan,IN_FORMER_AREA
45201401,former-area|ho-chi-minh|quan-3,IN_FORMER_AREA
45025943,former-area|ho-chi-minh|quan-binh-tan,IN_FORMER_AREA
45205934,former-area|ho-chi-minh|quan-tan-binh,IN_FORMER_AREA
45200912,former-area|ho-chi-minh|quan-binh-tan,IN_FORMER_AREA
45197820,former-area|ho-chi-minh|quan-3,IN_FORMER_AREA
45207858,former-area|ho-chi-minh|quan-3,IN_FORMER_AREA
45200970,former-area|ho-chi-minh|quan-8,IN_FORMER_AREA
45199676,former-area|ho-chi-minh|thanh-pho-thu-uc,IN_FORMER_AREA
44107340,former-area|ho-chi-minh|quan-12,IN_FORMER_AREA
44999155,former-area|ho-chi-minh|quan-8,IN_FORMER_AREA
45197229,former-area|ho-chi-minh|thanh-pho-thu-uc,IN_FORMER_AREA
45203351,former-area|ho-chi-minh|thanh-pho-thu-uc,IN_FORMER_AREA
45204306,former-area|ho-chi-minh|quan-8,IN_FORMER_AREA
45200887,former-area|ho-chi-minh|quan-binh-tan,IN_FORMER_AREA
45025394,former-area|ho-chi-minh|quan-2,IN_FORMER_AREA
45188564,former-area|ho-chi-minh|quan-1,IN_FORMER_AREA
45201686,former-area|ho-chi-minh|huyen-nha-be,IN_FORMER_AREA
45191977,former-area|ho-chi-minh|quan-binh-thanh,IN_FORMER_AREA
45203340,former-area|ho-chi-minh|quan-9,IN_FORMER_AREA
44942519,former-area|ho-chi-minh|quan-go-vap,IN_FORMER_AREA
44872082,former-area|ho-chi-minh|quan-3,IN_FORMER_AREA
45203396,former-area|ho-chi-minh|quan-tan-binh,IN_FORMER_AREA
45037137,former-area|ho-chi-minh|quan-tan-binh,IN_FORMER_AREA
45203198,former-area|ho-chi-minh|quan-binh-thanh,IN_FORMER_AREA
45201332,former-area|ho-chi-minh|huyen-nha-be,IN_FORMER_AREA
45012028,former-area|ho-chi-minh|quan-go-vap,IN_FORMER_AREA
45200102,former-area|ho-chi-minh|quan-2,IN_FORMER_AREA
45204282,former-area|ho-chi-minh|quan-1,IN_FORMER_AREA
45194838,former-area|ho-chi-minh|quan-binh-tan,IN_FORMER_AREA
44871770,former-area|ho-chi-minh|quan-2,IN_FORMER_AREA
45197452,former-area|ho-chi-minh|quan-binh-tan,IN_FORMER_AREA
45200834,former-area|ho-chi-minh|quan-binh-tan,IN_FORMER_AREA
45203152,former-area|ho-chi-minh|quan-9,IN_FORMER_AREA
45191353,former-area|ba-ria-vung-tau|thanh-pho-vung-tau,IN_FORMER_AREA
44991295,former-area|ho-chi-minh|quan-go-vap,IN_FORMER_AREA
44950030,former-area|ho-chi-minh|quan-go-vap,IN_FORMER_AREA
45147655,former-area|ho-chi-minh|quan-3,IN_FORMER_AREA
44598029,former-area|ho-chi-minh|huyen-nha-be,IN_FORMER_AREA
45203517,former-area|ho-chi-minh|huyen-nha-be,IN_FORMER_AREA
45000100,former-area|ho-chi-minh|quan-binh-thanh,IN_FORMER_AREA
45197594,former-area|ho-chi-minh|quan-binh-thanh,IN_FORMER_AREA
44601914,former-area|ho-chi-minh|huyen-nha-be,IN_FORMER_AREA
45188438,former-area|ho-chi-minh|quan-3,IN_FORMER_AREA
45146196,former-area|ho-chi-minh|quan-3,IN_FORMER_AREA
43925266,former-area|ho-chi-minh|quan-phu-nhuan,IN_FORMER_AREA
44198865,former-area|ho-chi-minh|quan-phu-nhuan,IN_FORMER_AREA
44219885,former-area|ho-chi-minh|quan-1,IN_FORMER_AREA
43827731,former-area|ho-chi-minh|quan-tan-binh,IN_FORMER_AREA
44881605,former-area|ho-chi-minh|quan-phu-nhuan,IN_FORMER_AREA
40799444,former-area|ho-chi-minh|quan-tan-binh,IN_FORMER_AREA
44970677,former-area|ho-chi-minh|quan-phu-nhuan,IN_FORMER_AREA
44889916,former-area|ho-chi-minh|quan-phu-nhuan,IN_FORMER_AREA
44864665,former-area|ho-chi-minh|quan-binh-thanh,IN_FORMER_AREA
45198077,former-area|ho-chi-minh|quan-phu-nhuan,IN_FORMER_AREA
45204682,former-area|ho-chi-minh|quan-go-vap,IN_FORMER_AREA
44994985,former-area|ho-chi-minh|quan-phu-nhuan,IN_FORMER_AREA
44925710,former-area|ho-chi-minh|quan-tan-binh,IN_FORMER_AREA
44632687,former-area|ho-chi-minh|quan-binh-thanh,IN_FORMER_AREA
45156404,former-area|ho-chi-minh|quan-phu-nhuan,IN_FORMER_AREA
45200939,former-area|ho-chi-minh|quan-phu-nhuan,IN_FORMER_AREA
44995126,former-area|ho-chi-minh|quan-tan-binh,IN_FORMER_AREA
43847525,former-area|ho-chi-minh|quan-tan-binh,IN_FORMER_AREA
45206256,former-area|ho-chi-minh|quan-go-vap,IN_FORMER_AREA
45203024,former-area|ho-chi-minh|quan-go-vap,IN_FORMER_AREA
44904377,former-area|ho-chi-minh|quan-tan-binh,IN_FORMER_AREA
43550205,former-area|ho-chi-minh|quan-phu-nhuan,IN_FORMER_AREA
44743191,former-area|ho-chi-minh|quan-go-vap,IN_FORMER_AREA
44977592,former-area|ho-chi-minh|quan-go-vap,IN_FORMER_AREA
43158878,former-area|ho-chi-minh|quan-7,IN_FORMER_AREA
44823332,former-area|ho-chi-minh|quan-1,IN_FORMER_AREA
45066544,former-area|ho-chi-minh|quan-binh-tan,IN_FORMER_AREA
45138082,former-area|ho-chi-minh|quan-binh-tan,IN_FORMER_AREA
44106841,former-area|ho-chi-minh|quan-9,IN_FORMER_AREA
45159419,former-area|ho-chi-minh|thanh-pho-thu-uc,IN_FORMER_AREA
44694701,former-area|ho-chi-minh|quan-10,IN_FORMER_AREA
44907913,former-area|ho-chi-minh|quan-phu-nhuan,IN_FORMER_AREA
45093795,former-area|ho-chi-minh|quan-3,IN_FORMER_AREA
45085394,former-area|ho-chi-minh|quan-phu-nhuan,IN_FORMER_AREA
45118395,former-area|ho-chi-minh|quan-phu-nhuan,IN_FORMER_AREA
44455775,former-area|ho-chi-minh|thanh-pho-thu-uc,IN_FORMER_AREA
45188014,former-area|ho-chi-minh|quan-tan-binh,IN_FORMER_AREA
45179449,former-area|ho-chi-minh|quan-12,IN_FORMER_AREA
44957948,former-area|ho-chi-minh|quan-binh-tan,IN_FORMER_AREA
45011206,former-area|ho-chi-minh|quan-binh-tan,IN_FORMER_AREA
44695109,former-area|ho-chi-minh|quan-binh-tan,IN_FORMER_AREA
45029669,former-area|ho-chi-minh|quan-binh-tan,IN_FORMER_AREA
44856748,former-area|ho-chi-minh|huyen-nha-be,IN_FORMER_AREA
42742297,former-area|ho-chi-minh|huyen-nha-be,IN_FORMER_AREA
44807468,former-area|ho-chi-minh|quan-7,IN_FORMER_AREA
45029240,former-area|ho-chi-minh|quan-7,IN_FORMER_AREA
45140831,former-area|ho-chi-minh|thanh-pho-thu-uc,IN_FORMER_AREA
44927947,former-area|ho-chi-minh|quan-go-vap,IN_FORMER_AREA
45065182,former-area|ho-chi-minh|quan-tan-binh,IN_FORMER_AREA
44702970,former-area|ho-chi-minh|quan-binh-tan,IN_FORMER_AREA
44532561,former-area|ho-chi-minh|quan-2,IN_FORMER_AREA
45117695,former-area|ho-chi-minh|quan-go-vap,IN_FORMER_AREA
44646251,former-area|ho-chi-minh|quan-10,IN_FORMER_AREA
44209474,former-area|ho-chi-minh|thanh-pho-thu-uc,IN_FORMER_AREA
39547835,former-area|ho-chi-minh|quan-phu-nhuan,IN_FORMER_AREA
44760660,former-area|ho-chi-minh|quan-1,IN_FORMER_AREA
44110260,former-area|ho-chi-minh|quan-1,IN_FORMER_AREA
44330887,former-area|ho-chi-minh|thanh-pho-thu-uc,IN_FORMER_AREA
45145693,former-area|ho-chi-minh|thanh-pho-thu-uc,IN_FORMER_AREA
45103011,former-area|ho-chi-minh|quan-7,IN_FORMER_AREA
44784446,former-area|ho-chi-minh|quan-4,IN_FORMER_AREA
44994501,former-area|ho-chi-minh|quan-12,IN_FORMER_AREA
40194916,former-area|ho-chi-minh|quan-phu-nhuan,IN_FORMER_AREA
44921476,former-area|ho-chi-minh|quan-phu-nhuan,IN_FORMER_AREA
45136396,former-area|ho-chi-minh|thanh-pho-thu-uc,IN_FORMER_AREA
44518664,former-area|ho-chi-minh|quan-tan-binh,IN_FORMER_AREA
45115035,former-area|ho-chi-minh|quan-go-vap,IN_FORMER_AREA
44998978,former-area|ho-chi-minh|huyen-nha-be,IN_FORMER_AREA
44256277,former-area|ho-chi-minh|quan-4,IN_FORMER_AREA
44775602,former-area|ho-chi-minh|huyen-nha-be,IN_FORMER_AREA
44767653,former-area|ho-chi-minh|huyen-nha-be,IN_FORMER_AREA
44694604,former-area|ho-chi-minh|quan-7,IN_FORMER_AREA
45115514,former-area|ho-chi-minh|quan-go-vap,IN_FORMER_AREA
44779505,former-area|ho-chi-minh|huyen-nha-be,IN_FORMER_AREA
44489969,former-area|ho-chi-minh|quan-2,IN_FORMER_AREA
45113570,former-area|ho-chi-minh|quan-8,IN_FORMER_AREA
44102522,former-area|ho-chi-minh|quan-phu-nhuan,IN_FORMER_AREA
44960320,former-area|ho-chi-minh|quan-go-vap,IN_FORMER_AREA
45019731,former-area|ho-chi-minh|quan-go-vap,IN_FORMER_AREA
44973308,former-area|ho-chi-minh|quan-go-vap,IN_FORMER_AREA
45073001,former-area|ho-chi-minh|thanh-pho-thu-uc,IN_FORMER_AREA
44979748,former-area|ho-chi-minh|quan-go-vap,IN_FORMER_AREA
44778893,former-area|ho-chi-minh|quan-4,IN_FORMER_AREA
44992923,former-area|ho-chi-minh|quan-1,IN_FORMER_AREA
44050057,former-area|ho-chi-minh|quan-10,IN_FORMER_AREA
44951818,former-area|ho-chi-minh|quan-4,IN_FORMER_AREA
44821275,former-area|ho-chi-minh|quan-8,IN_FORMER_AREA
44866587,former-area|ho-chi-minh|huyen-nha-be,IN_FORMER_AREA
44014133,former-area|ho-chi-minh|huyen-nha-be,IN_FORMER_AREA
44243862,former-area|ho-chi-minh|quan-12,IN_FORMER_AREA
43866971,former-area|ho-chi-minh|huyen-nha-be,IN_FORMER_AREA
45046256,former-area|ho-chi-minh|quan-binh-tan,IN_FORMER_AREA
45182464,former-area|ho-chi-minh|quan-tan-binh,IN_FORMER_AREA
45096436,former-area|ho-chi-minh|thanh-pho-thu-uc,IN_FORMER_AREA
44419144,former-area|ho-chi-minh|quan-7,IN_FORMER_AREA
45112027,former-area|ho-chi-minh|huyen-nha-be,IN_FORMER_AREA
44845891,former-area|ho-chi-minh|huyen-nha-be,IN_FORMER_AREA
44857952,former-area|ho-chi-minh|huyen-nha-be,IN_FORMER_AREA
44281973,former-area|ho-chi-minh|quan-7,IN_FORMER_AREA
45074461,former-area|ho-chi-minh|quan-tan-phu,IN_FORMER_AREA
45077279,former-area|ho-chi-minh|thanh-pho-thu-uc,IN_FORMER_AREA
44693153,former-area|binh-duong|thanh-pho-di-an,IN_FORMER_AREA
45059816,former-area|binh-duong|thanh-pho-di-an,IN_FORMER_AREA
44082194,former-area|ho-chi-minh|quan-12,IN_FORMER_AREA
45109123,former-area|ho-chi-minh|quan-binh-tan,IN_FORMER_AREA
45150820,former-area|binh-duong|thanh-pho-di-an,IN_FORMER_AREA
44965051,former-area|ho-chi-minh|quan-binh-thanh,IN_FORMER_AREA
44628735,former-area|binh-duong|thanh-pho-di-an,IN_FORMER_AREA
44870124,former-area|binh-duong|thanh-pho-di-an,IN_FORMER_AREA
45158225,former-area|binh-duong|thanh-pho-di-an,IN_FORMER_AREA
45004726,former-area|ho-chi-minh|quan-2,IN_FORMER_AREA
44094490,former-area|binh-duong|huyen-bau-bang,IN_FORMER_AREA
43504875,former-area|binh-duong|huyen-bau-bang,IN_FORMER_AREA
43381561,former-area|binh-duong|huyen-bau-bang,IN_FORMER_AREA
45107518,former-area|ho-chi-minh|quan-7,IN_FORMER_AREA
45071051,former-area|ho-chi-minh|huyen-binh-chanh,IN_FORMER_AREA
45109871,former-area|ho-chi-minh|quan-binh-tan,IN_FORMER_AREA
45055037,former-area|ho-chi-minh|quan-9,IN_FORMER_AREA
44921021,former-area|ho-chi-minh|quan-4,IN_FORMER_AREA
44178154,former-area|ho-chi-minh|huyen-binh-chanh,IN_FORMER_AREA
44653498,former-area|ho-chi-minh|quan-4,IN_FORMER_AREA
44617350,former-area|ho-chi-minh|quan-3,IN_FORMER_AREA
45005189,former-area|ho-chi-minh|quan-3,IN_FORMER_AREA
44653135,former-area|ba-ria-vung-tau|thanh-pho-vung-tau,IN_FORMER_AREA
45157561,former-area|ho-chi-minh|thanh-pho-thu-uc,IN_FORMER_AREA
44961717,former-area|ho-chi-minh|quan-go-vap,IN_FORMER_AREA
44672339,former-area|ho-chi-minh|quan-binh-tan,IN_FORMER_AREA
44765040,former-area|ba-ria-vung-tau|thanh-pho-vung-tau,IN_FORMER_AREA
45136321,former-area|ho-chi-minh|thanh-pho-thu-uc,IN_FORMER_AREA
45057883,former-area|ba-ria-vung-tau|thanh-pho-vung-tau,IN_FORMER_AREA
44827272,former-area|ho-chi-minh|quan-1,IN_FORMER_AREA
44602658,former-area|ho-chi-minh|thanh-pho-thu-uc,IN_FORMER_AREA
45021961,former-area|ho-chi-minh|quan-binh-tan,IN_FORMER_AREA
44806114,former-area|ho-chi-minh|huyen-nha-be,IN_FORMER_AREA
45086761,former-area|ho-chi-minh|quan-tan-binh,IN_FORMER_AREA
42712261,former-area|ho-chi-minh|quan-6,IN_FORMER_AREA
44874356,former-area|ho-chi-minh|quan-2,IN_FORMER_AREA
45071789,former-area|ho-chi-minh|huyen-nha-be,IN_FORMER_AREA
45046712,former-area|ho-chi-minh|quan-9,IN_FORMER_AREA
45112663,former-area|ho-chi-minh|quan-6,IN_FORMER_AREA
45111527,former-area|ho-chi-minh|quan-8,IN_FORMER_AREA
44803935,former-area|ho-chi-minh|quan-1,IN_FORMER_AREA
44462542,former-area|ho-chi-minh|quan-5,IN_FORMER_AREA
45156885,former-area|ho-chi-minh|huyen-hoc-mon,IN_FORMER_AREA
45144385,former-area|ho-chi-minh|thanh-pho-thu-uc,IN_FORMER_AREA
45145097,former-area|ho-chi-minh|quan-go-vap,IN_FORMER_AREA
45140813,former-area|ho-chi-minh|thanh-pho-thu-uc,IN_FORMER_AREA
43667101,former-area|ho-chi-minh|quan-10,IN_FORMER_AREA
44562367,former-area|ho-chi-minh|quan-go-vap,IN_FORMER_AREA
44812838,former-area|ho-chi-minh|quan-tan-binh,IN_FORMER_AREA
45144414,former-area|ho-chi-minh|thanh-pho-thu-uc,IN_FORMER_AREA
45159379,former-area|ho-chi-minh|quan-binh-thanh,IN_FORMER_AREA
44317577,former-area|ho-chi-minh|quan-12,IN_FORMER_AREA
45061258,former-area|ho-chi-minh|quan-binh-tan,IN_FORMER_AREA
45159535,former-area|ho-chi-minh|quan-tan-binh,IN_FORMER_AREA
45159692,former-area|ho-chi-minh|quan-tan-binh,IN_FORMER_AREA
43427039,former-area|ba-ria-vung-tau|thanh-pho-vung-tau,IN_FORMER_AREA
44653985,former-area|ho-chi-minh|quan-9,IN_FORMER_AREA
44855742,former-area|ho-chi-minh|quan-binh-thanh,IN_FORMER_AREA
44868116,former-area|ho-chi-minh|quan-12,IN_FORMER_AREA
44568685,former-area|ho-chi-minh|quan-1,IN_FORMER_AREA
45135598,former-area|ho-chi-minh|quan-phu-nhuan,IN_FORMER_AREA
45158443,former-area|ho-chi-minh|quan-4,IN_FORMER_AREA
45137755,former-area|ho-chi-minh|quan-1,IN_FORMER_AREA
45102649,former-area|ho-chi-minh|quan-binh-tan,IN_FORMER_AREA
45154603,former-area|ho-chi-minh|quan-4,IN_FORMER_AREA
45039538,former-area|ho-chi-minh|quan-tan-binh,IN_FORMER_AREA
44770103,former-area|ho-chi-minh|quan-9,IN_FORMER_AREA
44359327,former-area|ho-chi-minh|thanh-pho-thu-uc,IN_FORMER_AREA
43182533,former-area|ba-ria-vung-tau|thanh-pho-vung-tau,IN_FORMER_AREA
45038422,former-area|ho-chi-minh|quan-go-vap,IN_FORMER_AREA
41774490,former-area|ho-chi-minh|huyen-nha-be,IN_FORMER_AREA
44604790,former-area|ho-chi-minh|quan-tan-binh,IN_FORMER_AREA
45110527,former-area|ho-chi-minh|quan-go-vap,IN_FORMER_AREA
45158919,former-area|ho-chi-minh|quan-go-vap,IN_FORMER_AREA
44958631,former-area|ho-chi-minh|quan-go-vap,IN_FORMER_AREA
44818037,former-area|ho-chi-minh|quan-12,IN_FORMER_AREA
45124350,former-area|ho-chi-minh|thanh-pho-thu-uc,IN_FORMER_AREA
41866409,former-area|ho-chi-minh|quan-7,IN_FORMER_AREA
43756245,former-area|ho-chi-minh|quan-1,IN_FORMER_AREA
44119225,former-area|ho-chi-minh|huyen-nha-be,IN_FORMER_AREA
43981506,former-area|ho-chi-minh|quan-tan-phu,IN_FORMER_AREA
43667257,former-area|ho-chi-minh|quan-10,IN_FORMER_AREA
44118622,former-area|ho-chi-minh|huyen-nha-be,IN_FORMER_AREA
45115150,former-area|ho-chi-minh|quan-binh-tan,IN_FORMER_AREA
43605274,former-area|ho-chi-minh|huyen-nha-be,IN_FORMER_AREA
44326394,former-area|ho-chi-minh|huyen-nha-be,IN_FORMER_AREA
44244300,former-area|ho-chi-minh|quan-binh-thanh,IN_FORMER_AREA
45028627,former-area|ho-chi-minh|quan-7,IN_FORMER_AREA
45158901,former-area|ho-chi-minh|quan-12,IN_FORMER_AREA
45125647,former-area|ho-chi-minh|quan-binh-tan,IN_FORMER_AREA
44915785,former-area|ho-chi-minh|quan-2,IN_FORMER_AREA
44781986,former-area|ho-chi-minh|quan-12,IN_FORMER_AREA
44887471,former-area|ho-chi-minh|quan-2,IN_FORMER_AREA
44728156,former-area|ho-chi-minh|quan-tan-binh,IN_FORMER_AREA
43851729,former-area|ho-chi-minh|thanh-pho-thu-uc,IN_FORMER_AREA
44554823,former-area|ho-chi-minh|quan-tan-binh,IN_FORMER_AREA
44552530,former-area|ho-chi-minh|huyen-nha-be,IN_FORMER_AREA
43649617,former-area|ho-chi-minh|quan-3,IN_FORMER_AREA
44566005,former-area|ho-chi-minh|quan-3,IN_FORMER_AREA
44687019,former-area|ho-chi-minh|quan-binh-thanh,IN_FORMER_AREA
44596754,former-area|ho-chi-minh|quan-tan-binh,IN_FORMER_AREA
45039093,former-area|ho-chi-minh|quan-binh-tan,IN_FORMER_AREA
45189623,former-area|binh-duong|thanh-pho-thu-dau-mot,IN_FORMER_AREA
45196467,former-area|binh-duong|thanh-pho-di-an,IN_FORMER_AREA
44994010,former-area|ho-chi-minh|quan-go-vap,IN_FORMER_AREA
44995391,former-area|ho-chi-minh|quan-tan-binh,IN_FORMER_AREA
45196514,former-area|ho-chi-minh|quan-10,IN_FORMER_AREA
44732398,former-area|ho-chi-minh|quan-9,IN_FORMER_AREA
43797312,former-area|ho-chi-minh|quan-10,IN_FORMER_AREA
43829084,former-area|ho-chi-minh|quan-10,IN_FORMER_AREA
44869986,former-area|ho-chi-minh|thanh-pho-thu-uc,IN_FORMER_AREA
44965534,former-area|ba-ria-vung-tau|thanh-pho-vung-tau,IN_FORMER_AREA
45196346,former-area|ho-chi-minh|quan-8,IN_FORMER_AREA
45195564,former-area|ho-chi-minh|quan-10,IN_FORMER_AREA
44871072,former-area|ho-chi-minh|quan-10,IN_FORMER_AREA
44278606,former-area|ho-chi-minh|quan-1,IN_FORMER_AREA
45196132,former-area|binh-duong|thanh-pho-di-an,IN_FORMER_AREA
45189133,former-area|ho-chi-minh|quan-8,IN_FORMER_AREA
44983989,former-area|ho-chi-minh|quan-go-vap,IN_FORMER_AREA
45073172,former-area|ho-chi-minh|quan-4,IN_FORMER_AREA
45105953,former-area|ho-chi-minh|quan-8,IN_FORMER_AREA
45005291,former-area|ho-chi-minh|quan-go-vap,IN_FORMER_AREA
45136621,former-area|ho-chi-minh|quan-go-vap,IN_FORMER_AREA
45190029,former-area|ho-chi-minh|quan-go-vap,IN_FORMER_AREA
45158736,former-area|ho-chi-minh|quan-tan-phu,IN_FORMER_AREA
45066800,former-area|ho-chi-minh|quan-12,IN_FORMER_AREA
44972736,former-area|ho-chi-minh|quan-go-vap,IN_FORMER_AREA
45105755,former-area|ho-chi-minh|quan-go-vap,IN_FORMER_AREA
45091598,former-area|ho-chi-minh|quan-8,IN_FORMER_AREA
45154503,former-area|ho-chi-minh|quan-9,IN_FORMER_AREA
45190126,former-area|ho-chi-minh|quan-7,IN_FORMER_AREA
43941044,former-area|ho-chi-minh|quan-tan-phu,IN_FORMER_AREA
44908022,former-area|ho-chi-minh|quan-10,IN_FORMER_AREA
44986327,former-area|ho-chi-minh|quan-4,IN_FORMER_AREA
44908020,former-area|ho-chi-minh|quan-10,IN_FORMER_AREA
44952217,former-area|ho-chi-minh|quan-4,IN_FORMER_AREA
44573847,former-area|ho-chi-minh|quan-tan-binh,IN_FORMER_AREA
45074986,former-area|ho-chi-minh|quan-tan-binh,IN_FORMER_AREA
43493098,former-area|ho-chi-minh|quan-binh-thanh,IN_FORMER_AREA
45100155,former-area|ho-chi-minh|thanh-pho-thu-uc,IN_FORMER_AREA
44233647,former-area|ho-chi-minh|huyen-nha-be,IN_FORMER_AREA
45170269,former-area|ho-chi-minh|quan-7,IN_FORMER_AREA
44639724,former-area|ho-chi-minh|quan-12,IN_FORMER_AREA
44197096,former-area|ho-chi-minh|huyen-nha-be,IN_FORMER_AREA
45193148,former-area|ho-chi-minh|quan-6,IN_FORMER_AREA
45194695,former-area|ho-chi-minh|quan-binh-tan,IN_FORMER_AREA
42034419,former-area|ho-chi-minh|huyen-nha-be,IN_FORMER_AREA
45195095,former-area|ho-chi-minh|quan-binh-tan,IN_FORMER_AREA
45193938,former-area|ho-chi-minh|quan-binh-tan,IN_FORMER_AREA
44229900,former-area|ho-chi-minh|huyen-cu-chi,IN_FORMER_AREA
44755959,former-area|ho-chi-minh|thanh-pho-thu-uc,IN_FORMER_AREA
44519047,former-area|ho-chi-minh|quan-go-vap,IN_FORMER_AREA
45193147,former-area|ho-chi-minh|quan-7,IN_FORMER_AREA
45192813,former-area|ho-chi-minh|quan-binh-thanh,IN_FORMER_AREA
44987007,former-area|ho-chi-minh|quan-binh-tan,IN_FORMER_AREA
45192745,former-area|ho-chi-minh|quan-9,IN_FORMER_AREA
44961499,former-area|ho-chi-minh|quan-go-vap,IN_FORMER_AREA
45173672,former-area|ho-chi-minh|huyen-nha-be,IN_FORMER_AREA
44907969,former-area|ho-chi-minh|quan-phu-nhuan,IN_FORMER_AREA
45193895,former-area|ho-chi-minh|quan-go-vap,IN_FORMER_AREA
44258163,former-area|ho-chi-minh|quan-3,IN_FORMER_AREA
44900702,former-area|ho-chi-minh|quan-2,IN_FORMER_AREA
44317266,former-area|ho-chi-minh|quan-2,IN_FORMER_AREA
44234748,former-area|ho-chi-minh|quan-phu-nhuan,IN_FORMER_AREA
45171095,former-area|ho-chi-minh|quan-11,IN_FORMER_AREA
44574462,former-area|ho-chi-minh|quan-go-vap,IN_FORMER_AREA
44568568,former-area|ho-chi-minh|quan-1,IN_FORMER_AREA
44309039,former-area|ho-chi-minh|huyen-nha-be,IN_FORMER_AREA
45192150,former-area|ho-chi-minh|quan-1,IN_FORMER_AREA
43981188,former-area|ho-chi-minh|quan-tan-phu,IN_FORMER_AREA
44396824,former-area|ho-chi-minh|thanh-pho-thu-uc,IN_FORMER_AREA
44510328,former-area|ho-chi-minh|quan-tan-binh,IN_FORMER_AREA
44357586,former-area|ho-chi-minh|quan-6,IN_FORMER_AREA
43257879,former-area|ho-chi-minh|quan-tan-binh,IN_FORMER_AREA
44903568,former-area|ho-chi-minh|quan-tan-binh,IN_FORMER_AREA
45182658,former-area|binh-duong|thanh-pho-ben-cat,IN_FORMER_AREA
45190121,former-area|ho-chi-minh|quan-binh-tan,IN_FORMER_AREA
44970216,former-area|ho-chi-minh|quan-binh-tan,IN_FORMER_AREA
45189972,former-area|ho-chi-minh|quan-10,IN_FORMER_AREA
45190095,former-area|ho-chi-minh|quan-go-vap,IN_FORMER_AREA
45005046,former-area|ho-chi-minh|quan-7,IN_FORMER_AREA
43248160,former-area|ho-chi-minh|quan-7,IN_FORMER_AREA
44040604,former-area|ho-chi-minh|huyen-nha-be,IN_FORMER_AREA
44974689,former-area|ho-chi-minh|huyen-nha-be,IN_FORMER_AREA
45189879,former-area|ba-ria-vung-tau|thanh-pho-vung-tau,IN_FORMER_AREA
45190196,former-area|ho-chi-minh|huyen-binh-chanh,IN_FORMER_AREA
44962221,former-area|ho-chi-minh|quan-binh-tan,IN_FORMER_AREA
44582359,former-area|ho-chi-minh|huyen-nha-be,IN_FORMER_AREA
45187396,former-area|ho-chi-minh|quan-tan-phu,IN_FORMER_AREA
45189306,former-area|ho-chi-minh|thanh-pho-thu-uc,IN_FORMER_AREA
45027581,former-area|ho-chi-minh|quan-7,IN_FORMER_AREA
44657233,former-area|ba-ria-vung-tau|thanh-pho-vung-tau,IN_FORMER_AREA
45085955,former-area|ho-chi-minh|quan-9,IN_FORMER_AREA
44275170,former-area|ho-chi-minh|quan-7,IN_FORMER_AREA
44741333,former-area|ho-chi-minh|huyen-nha-be,IN_FORMER_AREA
44895602,former-area|ho-chi-minh|quan-8,IN_FORMER_AREA
43864867,former-area|ho-chi-minh|quan-7,IN_FORMER_AREA
44891235,former-area|ho-chi-minh|huyen-nha-be,IN_FORMER_AREA
44855408,former-area|ho-chi-minh|quan-12,IN_FORMER_AREA
44748663,former-area|ho-chi-minh|quan-12,IN_FORMER_AREA
43993246,former-area|ho-chi-minh|quan-7,IN_FORMER_AREA
44911250,former-area|ho-chi-minh|quan-7,IN_FORMER_AREA
42962075,former-area|ho-chi-minh|quan-7,IN_FORMER_AREA
42647679,former-area|ho-chi-minh|huyen-nha-be,IN_FORMER_AREA
45035264,former-area|ho-chi-minh|quan-binh-thanh,IN_FORMER_AREA
44581794,former-area|ho-chi-minh|quan-9,IN_FORMER_AREA
44809050,former-area|ho-chi-minh|quan-3,IN_FORMER_AREA
44809962,former-area|ho-chi-minh|quan-phu-nhuan,IN_FORMER_AREA
44626301,former-area|ho-chi-minh|quan-10,IN_FORMER_AREA
44237400,former-area|ho-chi-minh|thanh-pho-thu-uc,IN_FORMER_AREA
44482212,former-area|ho-chi-minh|quan-2,IN_FORMER_AREA
44437333,former-area|binh-duong|thanh-pho-di-an,IN_FORMER_AREA
45113592,former-area|ho-chi-minh|quan-phu-nhuan,IN_FORMER_AREA
45114950,former-area|ho-chi-minh|quan-phu-nhuan,IN_FORMER_AREA
45175797,former-area|ho-chi-minh|quan-go-vap,IN_FORMER_AREA
45066515,former-area|ho-chi-minh|quan-go-vap,IN_FORMER_AREA
44296343,former-area|ho-chi-minh|quan-9,IN_FORMER_AREA
44635046,former-area|ho-chi-minh|quan-9,IN_FORMER_AREA
45042578,former-area|ho-chi-minh|quan-tan-binh,IN_FORMER_AREA
45147884,former-area|ho-chi-minh|quan-12,IN_FORMER_AREA
44962765,former-area|ho-chi-minh|huyen-nha-be,IN_FORMER_AREA
45182940,former-area|ho-chi-minh|quan-12,IN_FORMER_AREA
45177634,former-area|ho-chi-minh|quan-12,IN_FORMER_AREA
45185315,former-area|ho-chi-minh|quan-12,IN_FORMER_AREA
45180546,former-area|ho-chi-minh|quan-12,IN_FORMER_AREA
43486829,former-area|ho-chi-minh|quan-9,IN_FORMER_AREA
44356263,former-area|ho-chi-minh|quan-7,IN_FORMER_AREA
45064811,former-area|binh-duong|huyen-bau-bang,IN_FORMER_AREA
44407762,former-area|ho-chi-minh|quan-binh-thanh,IN_FORMER_AREA
44804938,former-area|ho-chi-minh|thanh-pho-thu-uc,IN_FORMER_AREA
44761704,former-area|ho-chi-minh|quan-7,IN_FORMER_AREA
45134738,former-area|ho-chi-minh|quan-tan-binh,IN_FORMER_AREA
45028711,former-area|ho-chi-minh|quan-phu-nhuan,IN_FORMER_AREA
44718891,former-area|ho-chi-minh|huyen-nha-be,IN_FORMER_AREA
45187744,former-area|ho-chi-minh|quan-10,IN_FORMER_AREA
44530689,former-area|ho-chi-minh|quan-7,IN_FORMER_AREA
42847003,former-area|ho-chi-minh|quan-3,IN_FORMER_AREA
44795201,former-area|ho-chi-minh|quan-3,IN_FORMER_AREA
44723798,former-area|ho-chi-minh|quan-7,IN_FORMER_AREA
43859732,former-area|ho-chi-minh|quan-tan-binh,IN_FORMER_AREA
44542530,former-area|ho-chi-minh|quan-tan-binh,IN_FORMER_AREA
44202556,former-area|ho-chi-minh|quan-2,IN_FORMER_AREA
44609746,former-area|ho-chi-minh|quan-binh-tan,IN_FORMER_AREA
42255314,former-area|ho-chi-minh|quan-tan-binh,IN_FORMER_AREA
43869611,former-area|ho-chi-minh|thanh-pho-thu-uc,IN_FORMER_AREA
45175540,former-area|ba-ria-vung-tau|thanh-pho-vung-tau,IN_FORMER_AREA
44984666,former-area|ho-chi-minh|quan-3,IN_FORMER_AREA
44809525,former-area|ho-chi-minh|quan-go-vap,IN_FORMER_AREA
44738155,former-area|ho-chi-minh|huyen-hoc-mon,IN_FORMER_AREA
43644920,former-area|ho-chi-minh|quan-9,IN_FORMER_AREA
45184928,former-area|ho-chi-minh|quan-tan-phu,IN_FORMER_AREA
44910730,former-area|ho-chi-minh|quan-9,IN_FORMER_AREA
44836443,former-area|ho-chi-minh|quan-2,IN_FORMER_AREA
43553145,former-area|ho-chi-minh|quan-tan-binh,IN_FORMER_AREA
45147617,former-area|ho-chi-minh|thanh-pho-thu-uc,IN_FORMER_AREA
45137642,former-area|ho-chi-minh|quan-3,IN_FORMER_AREA
44189753,former-area|binh-duong|thanh-pho-thuan-an,IN_FORMER_AREA
44823146,former-area|ho-chi-minh|quan-4,IN_FORMER_AREA
45082646,former-area|ho-chi-minh|huyen-nha-be,IN_FORMER_AREA
45095398,former-area|ho-chi-minh|quan-phu-nhuan,IN_FORMER_AREA
45125181,former-area|ho-chi-minh|quan-10,IN_FORMER_AREA
44623266,former-area|ho-chi-minh|quan-3,IN_FORMER_AREA
45098440,former-area|ho-chi-minh|quan-12,IN_FORMER_AREA
44874488,former-area|ho-chi-minh|quan-2,IN_FORMER_AREA
44440279,former-area|ho-chi-minh|thanh-pho-thu-uc,IN_FORMER_AREA
44882777,former-area|ho-chi-minh|quan-4,IN_FORMER_AREA
44984622,former-area|ho-chi-minh|quan-binh-tan,IN_FORMER_AREA
44986630,former-area|ho-chi-minh|quan-binh-tan,IN_FORMER_AREA
44363864,former-area|ho-chi-minh|quan-binh-thanh,IN_FORMER_AREA
44625052,former-area|ho-chi-minh|quan-8,IN_FORMER_AREA
44668486,former-area|ho-chi-minh|quan-1,IN_FORMER_AREA
43103719,former-area|ho-chi-minh|quan-3,IN_FORMER_AREA
44448048,former-area|ho-chi-minh|thanh-pho-thu-uc,IN_FORMER_AREA
43535889,former-area|ho-chi-minh|quan-binh-thanh,IN_FORMER_AREA
45186326,former-area|ho-chi-minh|quan-9,IN_FORMER_AREA
44667920,former-area|ho-chi-minh|quan-1,IN_FORMER_AREA
44667824,former-area|ho-chi-minh|quan-1,IN_FORMER_AREA
44461404,former-area|ho-chi-minh|quan-5,IN_FORMER_AREA
44989845,former-area|ho-chi-minh|quan-tan-binh,IN_FORMER_AREA
45186080,former-area|binh-duong|thanh-pho-di-an,IN_FORMER_AREA
44464695,former-area|ho-chi-minh|quan-1,IN_FORMER_AREA
45184677,former-area|ho-chi-minh|quan-tan-binh,IN_FORMER_AREA
44983045,former-area|ho-chi-minh|quan-phu-nhuan,IN_FORMER_AREA
45186485,former-area|ho-chi-minh|quan-9,IN_FORMER_AREA
45186794,former-area|ho-chi-minh|quan-tan-phu,IN_FORMER_AREA
44668223,former-area|ho-chi-minh|quan-1,IN_FORMER_AREA
44130060,former-area|ho-chi-minh|quan-10,IN_FORMER_AREA
45183885,former-area|ho-chi-minh|quan-tan-binh,IN_FORMER_AREA
44461338,former-area|ho-chi-minh|quan-10,IN_FORMER_AREA
44755723,former-area|ho-chi-minh|quan-binh-thanh,IN_FORMER_AREA
45186281,former-area|ho-chi-minh|quan-tan-phu,IN_FORMER_AREA
45186061,former-area|ho-chi-minh|quan-binh-tan,IN_FORMER_AREA
45186265,former-area|ho-chi-minh|quan-tan-phu,IN_FORMER_AREA
44973206,former-area|ho-chi-minh|quan-binh-tan,IN_FORMER_AREA
44615797,former-area|ho-chi-minh|quan-1,IN_FORMER_AREA
45186361,former-area|ho-chi-minh|quan-tan-phu,IN_FORMER_AREA
45186062,former-area|ba-ria-vung-tau|thanh-pho-vung-tau,IN_FORMER_AREA
45185949,former-area|ho-chi-minh|quan-binh-tan,IN_FORMER_AREA
43873485,former-area|ho-chi-minh|quan-1,IN_FORMER_AREA
45185441,former-area|ho-chi-minh|quan-binh-tan,IN_FORMER_AREA
45184357,former-area|binh-duong|thanh-pho-thu-dau-mot,IN_FORMER_AREA
45184337,former-area|ba-ria-vung-tau|thanh-pho-vung-tau,IN_FORMER_AREA
44998106,former-area|ho-chi-minh|thanh-pho-thu-uc,IN_FORMER_AREA
42491572,former-area|ho-chi-minh|quan-12,IN_FORMER_AREA
45182579,former-area|ho-chi-minh|quan-tan-phu,IN_FORMER_AREA
44390177,former-area|ho-chi-minh|quan-phu-nhuan,IN_FORMER_AREA
45182521,former-area|ho-chi-minh|quan-tan-phu,IN_FORMER_AREA
45182855,former-area|ho-chi-minh|thanh-pho-thu-uc,IN_FORMER_AREA
45183579,former-area|ho-chi-minh|quan-binh-tan,IN_FORMER_AREA
44900791,former-area|ho-chi-minh|quan-2,IN_FORMER_AREA
45183862,former-area|ho-chi-minh|quan-tan-binh,IN_FORMER_AREA
44928768,former-area|ho-chi-minh|quan-binh-tan,IN_FORMER_AREA
44477523,former-area|ho-chi-minh|quan-9,IN_FORMER_AREA
45182692,former-area|ho-chi-minh|quan-go-vap,IN_FORMER_AREA
44991259,former-area|ho-chi-minh|quan-phu-nhuan,IN_FORMER_AREA
44738732,former-area|ho-chi-minh|thanh-pho-thu-uc,IN_FORMER_AREA
42171811,former-area|ba-ria-vung-tau|thanh-pho-vung-tau,IN_FORMER_AREA
44649013,former-area|ho-chi-minh|thanh-pho-thu-uc,IN_FORMER_AREA
40741946,former-area|ho-chi-minh|huyen-nha-be,IN_FORMER_AREA
45140241,former-area|ho-chi-minh|quan-go-vap,IN_FORMER_AREA
44606125,former-area|ho-chi-minh|thanh-pho-thu-uc,IN_FORMER_AREA
45119799,former-area|ho-chi-minh|quan-12,IN_FORMER_AREA
43685879,former-area|ho-chi-minh|huyen-nha-be,IN_FORMER_AREA
40950675,former-area|ho-chi-minh|huyen-nha-be,IN_FORMER_AREA
45155702,former-area|ho-chi-minh|huyen-nha-be,IN_FORMER_AREA
44127342,former-area|ho-chi-minh|huyen-nha-be,IN_FORMER_AREA
44001072,former-area|ho-chi-minh|huyen-nha-be,IN_FORMER_AREA
45095841,former-area|ho-chi-minh|quan-go-vap,IN_FORMER_AREA
44869367,former-area|ho-chi-minh|quan-binh-thanh,IN_FORMER_AREA
44875078,former-area|ho-chi-minh|huyen-nha-be,IN_FORMER_AREA
45059133,former-area|ba-ria-vung-tau|thanh-pho-vung-tau,IN_FORMER_AREA
45062732,former-area|ba-ria-vung-tau|thanh-pho-vung-tau,IN_FORMER_AREA
45177307,former-area|ho-chi-minh|quan-12,IN_FORMER_AREA
45178705,former-area|ho-chi-minh|quan-12,IN_FORMER_AREA
45180426,former-area|ho-chi-minh|quan-12,IN_FORMER_AREA
44893724,former-area|ho-chi-minh|quan-binh-thanh,IN_FORMER_AREA
44900300,former-area|ho-chi-minh|quan-2,IN_FORMER_AREA
44892290,former-area|ho-chi-minh|quan-binh-tan,IN_FORMER_AREA
44821696,former-area|ho-chi-minh|quan-binh-thanh,IN_FORMER_AREA
44813625,former-area|ho-chi-minh|quan-binh-thanh,IN_FORMER_AREA
45080276,former-area|ho-chi-minh|quan-binh-thanh,IN_FORMER_AREA
45075311,former-area|ho-chi-minh|quan-7,IN_FORMER_AREA
44652093,former-area|ho-chi-minh|quan-12,IN_FORMER_AREA
44419047,former-area|ho-chi-minh|huyen-nha-be,IN_FORMER_AREA
44872978,former-area|ho-chi-minh|thanh-pho-thu-uc,IN_FORMER_AREA
44000659,former-area|ho-chi-minh|huyen-nha-be,IN_FORMER_AREA
45090864,former-area|ho-chi-minh|quan-binh-tan,IN_FORMER_AREA
44810058,former-area|ho-chi-minh|thanh-pho-thu-uc,IN_FORMER_AREA
43286721,former-area|ho-chi-minh|huyen-nha-be,IN_FORMER_AREA
44870565,former-area|ho-chi-minh|quan-binh-tan,IN_FORMER_AREA
44838169,former-area|ho-chi-minh|quan-10,IN_FORMER_AREA
45092572,former-area|ho-chi-minh|quan-binh-tan,IN_FORMER_AREA
45109389,former-area|ho-chi-minh|quan-8,IN_FORMER_AREA
45109943,former-area|ho-chi-minh|quan-8,IN_FORMER_AREA
45019432,former-area|ho-chi-minh|quan-binh-tan,IN_FORMER_AREA
44364238,former-area|ho-chi-minh|quan-12,IN_FORMER_AREA
45108028,former-area|ba-ria-vung-tau|thanh-pho-vung-tau,IN_FORMER_AREA
45113170,former-area|ho-chi-minh|quan-7,IN_FORMER_AREA
45026350,former-area|ho-chi-minh|quan-binh-tan,IN_FORMER_AREA
45175377,former-area|ho-chi-minh|quan-phu-nhuan,IN_FORMER_AREA
45151537,former-area|ho-chi-minh|quan-12,IN_FORMER_AREA
45131288,former-area|ho-chi-minh|quan-12,IN_FORMER_AREA
44269504,former-area|ho-chi-minh|quan-12,IN_FORMER_AREA
45143221,former-area|ho-chi-minh|huyen-nha-be,IN_FORMER_AREA
45127299,former-area|ho-chi-minh|quan-12,IN_FORMER_AREA
45181467,former-area|ho-chi-minh|quan-binh-tan,IN_FORMER_AREA
44561082,former-area|ho-chi-minh|quan-phu-nhuan,IN_FORMER_AREA
45150652,former-area|ho-chi-minh|quan-12,IN_FORMER_AREA
45181336,former-area|ho-chi-minh|quan-binh-tan,IN_FORMER_AREA
45181392,former-area|ho-chi-minh|quan-8,IN_FORMER_AREA
41010971,former-area|ho-chi-minh|quan-7,IN_FORMER_AREA
45025536,former-area|ho-chi-minh|huyen-hoc-mon,IN_FORMER_AREA
45135481,former-area|ho-chi-minh|quan-1,IN_FORMER_AREA
45144292,former-area|ho-chi-minh|quan-8,IN_FORMER_AREA
45181375,former-area|ho-chi-minh|quan-binh-tan,IN_FORMER_AREA
44454746,former-area|ho-chi-minh|quan-phu-nhuan,IN_FORMER_AREA
45103339,former-area|ho-chi-minh|quan-8,IN_FORMER_AREA
45180487,former-area|ho-chi-minh|thanh-pho-thu-uc,IN_FORMER_AREA
45180731,former-area|ho-chi-minh|huyen-nha-be,IN_FORMER_AREA
45180898,former-area|ho-chi-minh|quan-go-vap,IN_FORMER_AREA
45091266,former-area|ho-chi-minh|quan-12,IN_FORMER_AREA
43371877,former-area|ho-chi-minh|quan-10,IN_FORMER_AREA
39124630,former-area|ho-chi-minh|quan-9,IN_FORMER_AREA
45178501,former-area|ho-chi-minh|quan-9,IN_FORMER_AREA
45178659,former-area|ho-chi-minh|quan-binh-tan,IN_FORMER_AREA
45179743,former-area|ho-chi-minh|quan-9,IN_FORMER_AREA
45175447,former-area|ho-chi-minh|quan-8,IN_FORMER_AREA
45179131,former-area|ho-chi-minh|quan-binh-tan,IN_FORMER_AREA
45178730,former-area|ho-chi-minh|quan-11,IN_FORMER_AREA
45178962,former-area|ho-chi-minh|quan-tan-binh,IN_FORMER_AREA
44956282,former-area|ho-chi-minh|quan-12,IN_FORMER_AREA
45177946,former-area|ho-chi-minh|quan-3,IN_FORMER_AREA
44952298,former-area|ho-chi-minh|quan-4,IN_FORMER_AREA
45177579,former-area|ho-chi-minh|thanh-pho-thu-uc,IN_FORMER_AREA
45151240,former-area|ho-chi-minh|quan-tan-binh,IN_FORMER_AREA
45177740,former-area|ho-chi-minh|quan-10,IN_FORMER_AREA
45082255,former-area|ho-chi-minh|thanh-pho-thu-uc,IN_FORMER_AREA
43849808,former-area|ho-chi-minh|huyen-nha-be,IN_FORMER_AREA
45012434,former-area|ho-chi-minh|quan-2,IN_FORMER_AREA
45079310,former-area|ho-chi-minh|quan-3,IN_FORMER_AREA
45124353,former-area|ho-chi-minh|quan-1,IN_FORMER_AREA
45037091,former-area|ho-chi-minh|quan-1,IN_FORMER_AREA
45136082,former-area|ho-chi-minh|quan-phu-nhuan,IN_FORMER_AREA
45094154,former-area|ho-chi-minh|quan-binh-thanh,IN_FORMER_AREA
45146343,former-area|ho-chi-minh|quan-binh-thanh,IN_FORMER_AREA
45148583,former-area|ho-chi-minh|quan-go-vap,IN_FORMER_AREA
45075027,former-area|ho-chi-minh|quan-phu-nhuan,IN_FORMER_AREA
44616457,former-area|ho-chi-minh|thanh-pho-thu-uc,IN_FORMER_AREA
45125907,former-area|ho-chi-minh|quan-binh-thanh,IN_FORMER_AREA
45117378,former-area|ho-chi-minh|quan-go-vap,IN_FORMER_AREA
45054515,former-area|ho-chi-minh|quan-12,IN_FORMER_AREA
45048044,former-area|ho-chi-minh|quan-binh-tan,IN_FORMER_AREA
45116634,former-area|ho-chi-minh|quan-go-vap,IN_FORMER_AREA
45116827,former-area|ho-chi-minh|quan-go-vap,IN_FORMER_AREA
44816274,former-area|ho-chi-minh|quan-12,IN_FORMER_AREA
44888323,former-area|ho-chi-minh|quan-binh-thanh,IN_FORMER_AREA
45071879,former-area|ho-chi-minh|quan-12,IN_FORMER_AREA
45116925,former-area|ho-chi-minh|quan-go-vap,IN_FORMER_AREA
45082489,former-area|ho-chi-minh|quan-tan-phu,IN_FORMER_AREA
45129450,former-area|ho-chi-minh|quan-12,IN_FORMER_AREA
45104177,former-area|ho-chi-minh|huyen-binh-chanh,IN_FORMER_AREA
44155473,former-area|ho-chi-minh|quan-binh-thanh,IN_FORMER_AREA
45091675,former-area|ho-chi-minh|quan-12,IN_FORMER_AREA
45067446,former-area|ho-chi-minh|quan-binh-tan,IN_FORMER_AREA
45129561,former-area|ho-chi-minh|quan-12,IN_FORMER_AREA
45116396,former-area|ho-chi-minh|quan-8,IN_FORMER_AREA
45106450,former-area|ho-chi-minh|quan-go-vap,IN_FORMER_AREA
44604328,former-area|ho-chi-minh|quan-1,IN_FORMER_AREA
45138226,former-area|ho-chi-minh|quan-binh-tan,IN_FORMER_AREA
44636947,former-area|ho-chi-minh|quan-12,IN_FORMER_AREA
44915233,former-area|ho-chi-minh|quan-12,IN_FORMER_AREA
45132220,former-area|ho-chi-minh|quan-phu-nhuan,IN_FORMER_AREA
44875460,former-area|ho-chi-minh|quan-binh-thanh,IN_FORMER_AREA
42818522,former-area|binh-duong|thanh-pho-thuan-an,IN_FORMER_AREA
44816803,former-area|ho-chi-minh|quan-go-vap,IN_FORMER_AREA
44610935,former-area|ho-chi-minh|quan-9,IN_FORMER_AREA
44737883,former-area|ho-chi-minh|huyen-nha-be,IN_FORMER_AREA
44119364,former-area|ho-chi-minh|huyen-nha-be,IN_FORMER_AREA
43406083,former-area|binh-duong|huyen-bau-bang,IN_FORMER_AREA
45177146,former-area|ho-chi-minh|quan-10,IN_FORMER_AREA
45156160,former-area|ho-chi-minh|quan-2,IN_FORMER_AREA
44134283,former-area|ho-chi-minh|huyen-nha-be,IN_FORMER_AREA
45176664__2,former-area|ho-chi-minh|thanh-pho-thu-uc,IN_FORMER_AREA
45004368,former-area|ba-ria-vung-tau|thanh-pho-vung-tau,IN_FORMER_AREA
45099707,former-area|ho-chi-minh|quan-9,IN_FORMER_AREA
45172641,former-area|ho-chi-minh|quan-11,IN_FORMER_AREA
44166950,former-area|ho-chi-minh|quan-binh-thanh,IN_FORMER_AREA
45170988,former-area|ho-chi-minh|quan-12,IN_FORMER_AREA
44881114,former-area|ho-chi-minh|huyen-nha-be,IN_FORMER_AREA
45175383,former-area|ho-chi-minh|quan-go-vap,IN_FORMER_AREA
45174816,former-area|ho-chi-minh|quan-go-vap,IN_FORMER_AREA
45172574,former-area|ho-chi-minh|quan-tan-binh,IN_FORMER_AREA
44141551,former-area|ho-chi-minh|quan-2,IN_FORMER_AREA
43478475,former-area|ho-chi-minh|quan-2,IN_FORMER_AREA
44751866,former-area|ba-ria-vung-tau|thanh-pho-vung-tau,IN_FORMER_AREA
44775919,former-area|ba-ria-vung-tau|thanh-pho-vung-tau,IN_FORMER_AREA
43797911,former-area|ho-chi-minh|quan-9,IN_FORMER_AREA
40032422,former-area|ho-chi-minh|quan-9,IN_FORMER_AREA
44141025,former-area|ho-chi-minh|quan-2,IN_FORMER_AREA
43410630,former-area|ho-chi-minh|quan-binh-thanh,IN_FORMER_AREA
44752707,former-area|ba-ria-vung-tau|thanh-pho-vung-tau,IN_FORMER_AREA
44757276,former-area|ho-chi-minh|quan-phu-nhuan,IN_FORMER_AREA
45173915,former-area|ho-chi-minh|quan-tan-binh,IN_FORMER_AREA
44817009,former-area|ho-chi-minh|quan-4,IN_FORMER_AREA
44057200,former-area|ho-chi-minh|quan-7,IN_FORMER_AREA
45039355,former-area|ho-chi-minh|quan-11,IN_FORMER_AREA
45173410,former-area|ho-chi-minh|quan-go-vap,IN_FORMER_AREA
44565872,former-area|ho-chi-minh|quan-4,IN_FORMER_AREA
45173450,former-area|ho-chi-minh|huyen-nha-be,IN_FORMER_AREA
45086865,former-area|ho-chi-minh|quan-binh-tan,IN_FORMER_AREA
44767648,former-area|ho-chi-minh|quan-binh-thanh,IN_FORMER_AREA
44092867,former-area|ho-chi-minh|thanh-pho-thu-uc,IN_FORMER_AREA
44829678,former-area|ho-chi-minh|thanh-pho-thu-uc,IN_FORMER_AREA
44995325,former-area|ho-chi-minh|quan-tan-phu,IN_FORMER_AREA
44177616,former-area|ho-chi-minh|quan-9,IN_FORMER_AREA
45172315,former-area|ho-chi-minh|quan-binh-thanh,IN_FORMER_AREA
44629864,former-area|ho-chi-minh|thanh-pho-thu-uc,IN_FORMER_AREA
39261101,former-area|ho-chi-minh|huyen-hoc-mon,IN_FORMER_AREA
44995198,former-area|binh-duong|thanh-pho-di-an,IN_FORMER_AREA
45150585,former-area|ho-chi-minh|quan-12,IN_FORMER_AREA
44332350,former-area|ho-chi-minh|quan-binh-thanh,IN_FORMER_AREA
44532610,former-area|ho-chi-minh|huyen-nha-be,IN_FORMER_AREA
44437604,former-area|ho-chi-minh|quan-7,IN_FORMER_AREA
45143212,former-area|ho-chi-minh|quan-7,IN_FORMER_AREA
44448882,former-area|ho-chi-minh|huyen-nha-be,IN_FORMER_AREA
44912815,former-area|ho-chi-minh|quan-2,IN_FORMER_AREA
45170744,former-area|ho-chi-minh|quan-12,IN_FORMER_AREA
45161751,former-area|ba-ria-vung-tau|thanh-pho-vung-tau,IN_FORMER_AREA
44823226,former-area|ho-chi-minh|quan-1,IN_FORMER_AREA
44851752,former-area|ho-chi-minh|quan-1,IN_FORMER_AREA
44851876,former-area|ho-chi-minh|quan-1,IN_FORMER_AREA
43600575,former-area|ho-chi-minh|quan-1,IN_FORMER_AREA
43684090,former-area|ho-chi-minh|quan-1,IN_FORMER_AREA
45046985,former-area|ho-chi-minh|thanh-pho-thu-uc,IN_FORMER_AREA
44274637,former-area|ho-chi-minh|quan-binh-tan,IN_FORMER_AREA
45116282,former-area|ho-chi-minh|quan-binh-tan,IN_FORMER_AREA
44405523,former-area|ho-chi-minh|huyen-hoc-mon,IN_FORMER_AREA
45125863,former-area|ho-chi-minh|quan-binh-tan,IN_FORMER_AREA
45037120,former-area|ho-chi-minh|quan-binh-tan,IN_FORMER_AREA
45104974,former-area|ho-chi-minh|quan-binh-tan,IN_FORMER_AREA
45149886,former-area|ho-chi-minh|quan-binh-tan,IN_FORMER_AREA
44886466,former-area|ho-chi-minh|quan-binh-thanh,IN_FORMER_AREA
45024829,former-area|ho-chi-minh|quan-tan-phu,IN_FORMER_AREA
44851825,former-area|ho-chi-minh|quan-1,IN_FORMER_AREA
44825353,former-area|ho-chi-minh|quan-1,IN_FORMER_AREA
45064603,former-area|ho-chi-minh|quan-2,IN_FORMER_AREA
44139929,former-area|ho-chi-minh|quan-12,IN_FORMER_AREA
45097549,former-area|ho-chi-minh|quan-2,IN_FORMER_AREA
45002768,former-area|ho-chi-minh|quan-2,IN_FORMER_AREA
44026617,former-area|ho-chi-minh|thanh-pho-thu-uc,IN_FORMER_AREA
44351096,former-area|ho-chi-minh|quan-binh-thanh,IN_FORMER_AREA
44200150,former-area|ho-chi-minh|quan-binh-thanh,IN_FORMER_AREA
45143537,former-area|ho-chi-minh|quan-tan-binh,IN_FORMER_AREA
45082887,former-area|ho-chi-minh|quan-go-vap,IN_FORMER_AREA
44800993,former-area|ho-chi-minh|quan-go-vap,IN_FORMER_AREA
45085252,former-area|ho-chi-minh|quan-go-vap,IN_FORMER_AREA
44847215,former-area|ho-chi-minh|quan-phu-nhuan,IN_FORMER_AREA
44714219,former-area|ho-chi-minh|thanh-pho-thu-uc,IN_FORMER_AREA
44886937,former-area|ho-chi-minh|quan-1,IN_FORMER_AREA
44594004,former-area|ho-chi-minh|quan-binh-thanh,IN_FORMER_AREA
45114247,former-area|ho-chi-minh|quan-5,IN_FORMER_AREA
44125552,former-area|ho-chi-minh|quan-5,IN_FORMER_AREA
44940548,former-area|ho-chi-minh|quan-7,IN_FORMER_AREA
45089787,former-area|ho-chi-minh|thanh-pho-thu-uc,IN_FORMER_AREA
45144119,former-area|ho-chi-minh|quan-go-vap,IN_FORMER_AREA
45105664,former-area|ba-ria-vung-tau|thanh-pho-vung-tau,IN_FORMER_AREA
45099245,former-area|ba-ria-vung-tau|thanh-pho-vung-tau,IN_FORMER_AREA
44854473,former-area|ho-chi-minh|thanh-pho-thu-uc,IN_FORMER_AREA
44963403,former-area|ho-chi-minh|huyen-nha-be,IN_FORMER_AREA
41401027,former-area|ho-chi-minh|thanh-pho-thu-uc,IN_FORMER_AREA
44969990,former-area|ho-chi-minh|huyen-nha-be,IN_FORMER_AREA
44259861,former-area|ho-chi-minh|quan-4,IN_FORMER_AREA
44052997,former-area|ho-chi-minh|quan-4,IN_FORMER_AREA
45071993,former-area|ho-chi-minh|quan-4,IN_FORMER_AREA
44039083,former-area|ho-chi-minh|quan-4,IN_FORMER_AREA
44817676,former-area|ho-chi-minh|quan-4,IN_FORMER_AREA
45006538,former-area|ba-ria-vung-tau|thanh-pho-vung-tau,IN_FORMER_AREA
45039846,former-area|ba-ria-vung-tau|thanh-pho-vung-tau,IN_FORMER_AREA
44701389,former-area|ho-chi-minh|quan-phu-nhuan,IN_FORMER_AREA
45138940,former-area|ho-chi-minh|quan-binh-thanh,IN_FORMER_AREA
45139191,former-area|ho-chi-minh|quan-phu-nhuan,IN_FORMER_AREA
45138992,former-area|ho-chi-minh|quan-binh-thanh,IN_FORMER_AREA
45138973,former-area|ho-chi-minh|quan-binh-thanh,IN_FORMER_AREA
45148981,former-area|ho-chi-minh|quan-phu-nhuan,IN_FORMER_AREA
44767620,former-area|ho-chi-minh|quan-binh-thanh,IN_FORMER_AREA
45148958,former-area|ho-chi-minh|quan-binh-thanh,IN_FORMER_AREA
45150945,former-area|ho-chi-minh|quan-binh-thanh,IN_FORMER_AREA
45139127,former-area|ho-chi-minh|quan-binh-thanh,IN_FORMER_AREA
45111637,former-area|ho-chi-minh|quan-8,IN_FORMER_AREA
45116577,former-area|ho-chi-minh|quan-8,IN_FORMER_AREA
45084065,former-area|ho-chi-minh|quan-6,IN_FORMER_AREA
45131161,former-area|ho-chi-minh|quan-11,IN_FORMER_AREA
44903222,former-area|ho-chi-minh|quan-tan-phu,IN_FORMER_AREA
45140183,former-area|ho-chi-minh|quan-10,IN_FORMER_AREA
45133173,former-area|ho-chi-minh|quan-tan-binh,IN_FORMER_AREA
45133258,former-area|ho-chi-minh|quan-phu-nhuan,IN_FORMER_AREA
45054822,former-area|ho-chi-minh|quan-3,IN_FORMER_AREA
45039532,former-area|ho-chi-minh|quan-tan-phu,IN_FORMER_AREA
45053777,former-area|ho-chi-minh|quan-tan-binh,IN_FORMER_AREA
44484378,former-area|ho-chi-minh|thanh-pho-thu-uc,IN_FORMER_AREA
45135583,former-area|ho-chi-minh|quan-tan-binh,IN_FORMER_AREA
44873591,former-area|binh-duong|thanh-pho-thu-dau-mot,IN_FORMER_AREA
43239757,former-area|ho-chi-minh|quan-tan-binh,IN_FORMER_AREA
44004519,former-area|ho-chi-minh|huyen-binh-chanh,IN_FORMER_AREA
44661735,former-area|ho-chi-minh|quan-7,IN_FORMER_AREA
44756781,former-area|ho-chi-minh|quan-1,IN_FORMER_AREA
45042767,former-area|ho-chi-minh|quan-7,IN_FORMER_AREA
45025299,former-area|ho-chi-minh|quan-phu-nhuan,IN_FORMER_AREA
45072202,former-area|ho-chi-minh|quan-3,IN_FORMER_AREA
45079987,former-area|ho-chi-minh|quan-phu-nhuan,IN_FORMER_AREA
44743197,former-area|ho-chi-minh|quan-8,IN_FORMER_AREA
45004615,former-area|ho-chi-minh|quan-12,IN_FORMER_AREA
44864723,former-area|ho-chi-minh|quan-4,IN_FORMER_AREA
44826885,former-area|ho-chi-minh|thanh-pho-thu-uc,IN_FORMER_AREA
44187433,former-area|ho-chi-minh|huyen-nha-be,IN_FORMER_AREA
45058561,former-area|binh-duong|thanh-pho-thu-dau-mot,IN_FORMER_AREA
44980619,former-area|binh-duong|thanh-pho-thu-dau-mot,IN_FORMER_AREA
45142009,former-area|ho-chi-minh|quan-tan-phu,IN_FORMER_AREA
44991650,former-area|ho-chi-minh|quan-tan-phu,IN_FORMER_AREA
43469217,former-area|ba-ria-vung-tau|thanh-pho-vung-tau,IN_FORMER_AREA
44120081,former-area|ho-chi-minh|quan-tan-binh,IN_FORMER_AREA
44210067,former-area|ho-chi-minh|quan-tan-binh,IN_FORMER_AREA
44570461,former-area|binh-duong|thanh-pho-di-an,IN_FORMER_AREA
45151403,former-area|ho-chi-minh|quan-10,IN_FORMER_AREA
44886432,former-area|ho-chi-minh|quan-8,IN_FORMER_AREA
44638795,former-area|ho-chi-minh|quan-3,IN_FORMER_AREA
45144854,former-area|ho-chi-minh|quan-3,IN_FORMER_AREA
44810236,former-area|ho-chi-minh|quan-tan-binh,IN_FORMER_AREA
42981800,former-area|ho-chi-minh|quan-binh-thanh,IN_FORMER_AREA
44843831,former-area|ho-chi-minh|quan-2,IN_FORMER_AREA
44594476,former-area|ho-chi-minh|huyen-binh-chanh,IN_FORMER_AREA
44555827,former-area|ho-chi-minh|quan-8,IN_FORMER_AREA
44873106,former-area|ho-chi-minh|thanh-pho-thu-uc,IN_FORMER_AREA
