:START_ID(Listing),:END_ID(Ward),:TYPE
45222670__1,ward|ho-chi-minh|phuong-long-binh,IN_WARD
41003332,ward|ho-chi-minh|phuong-di-an,IN_WARD
44850086,ward|ho-chi-minh|phuong-an-khanh,IN_WARD
45225431,ward|ho-chi-minh|phuong-sai-gon,IN_WARD
43489295,ward|ho-chi-minh|phuong-phu-thuan,IN_WARD
44335474,ward|ho-chi-minh|phuong-tan-thuan,IN_WARD
45260467,ward|ho-chi-minh|phuong-hoa-hung,IN_WARD
45197258,ward|ho-chi-minh|phuong-xom-chieu,IN_WARD
45059973,ward|ho-chi-minh|phuong-thanh-my-tay,IN_WARD
45229051,ward|ho-chi-minh|xa-binh-hung,IN_WARD
45235016,ward|ho-chi-minh|phuong-ong-hung-thuan,IN_WARD
45232873,ward|ho-chi-minh|phuong-phu-thuan,IN_WARD
44346372,ward|ho-chi-minh|phuong-tan-thuan,IN_WARD
45093850,ward|ho-chi-minh|phuong-ong-hung-thuan,IN_WARD
44622948,ward|ho-chi-minh|phuong-chanh-hung,IN_WARD
44785182,ward|ho-chi-minh|phuong-an-lac,IN_WARD
44107433,ward|ho-chi-minh|phuong-long-truong,IN_WARD
44986524,ward|ho-chi-minh|xa-nha-be,IN_WARD
45102500,ward|ho-chi-minh|phuong-thanh-my-tay,IN_WARD
45189967,ward|ho-chi-minh|phuong-binh-quoi,IN_WARD
44848669,ward|ho-chi-minh|xa-tan-nhut,IN_WARD
43919030,ward|ho-chi-minh|phuong-thu-dau-mot,IN_WARD
45162235,ward|ho-chi-minh|xa-tan-nhut,IN_WARD
44845494,ward|ho-chi-minh|xa-tan-nhut,IN_WARD
44984592,ward|ho-chi-minh|xa-tan-nhut,IN_WARD
45038070,ward|ho-chi-minh|phuong-phu-thuan,IN_WARD
44691569,ward|ho-chi-minh|phuong-thanh-my-tay,IN_WARD
44868190,ward|ho-chi-minh|phuong-ben-thanh,IN_WARD
44063983,ward|ho-chi-minh|phuong-long-binh,IN_WARD
42561310,ward|ho-chi-minh|phuong-an-khanh,IN_WARD
43923505,ward|ho-chi-minh|phuong-binh-tay,IN_WARD
45255963,ward|ho-chi-minh|phuong-hoa-hung,IN_WARD
44742356,ward|ho-chi-minh|phuong-vinh-hoi,IN_WARD
45245173,ward|ho-chi-minh|phuong-sai-gon,IN_WARD
43317425,ward|ho-chi-minh|phuong-long-binh,IN_WARD
44734124,ward|ho-chi-minh|phuong-an-khanh,IN_WARD
44748012,ward|ho-chi-minh|phuong-long-binh,IN_WARD
44107369,ward|ho-chi-minh|phuong-long-truong,IN_WARD
45246753,ward|ho-chi-minh|phuong-phu-thuan,IN_WARD
45161272,ward|ho-chi-minh|phuong-long-binh,IN_WARD
45149520,ward|ho-chi-minh|phuong-thanh-my-tay,IN_WARD
45246430,ward|ho-chi-minh|phuong-phu-thuan,IN_WARD
43241856,ward|ho-chi-minh|phuong-long-binh,IN_WARD
44756510,ward|ho-chi-minh|phuong-long-binh,IN_WARD
39130038,ward|ho-chi-minh|phuong-hiep-binh,IN_WARD
43589492,ward|ho-chi-minh|phuong-long-binh,IN_WARD
45113783,ward|ho-chi-minh|phuong-thanh-my-tay,IN_WARD
44525010,ward|ho-chi-minh|phuong-tan-thuan,IN_WARD
44342167,ward|ho-chi-minh|phuong-phu-thuan,IN_WARD
44333099,ward|ho-chi-minh|phuong-an-khanh,IN_WARD
44860127,ward|ho-chi-minh|phuong-vung-tau,IN_WARD
44282818,ward|ho-chi-minh|phuong-binh-loi-trung,IN_WARD
43960856,ward|ho-chi-minh|phuong-long-binh,IN_WARD
44193699,ward|ho-chi-minh|phuong-long-binh,IN_WARD
45104453,ward|ho-chi-minh|phuong-cau-ong-lanh,IN_WARD
43321672,ward|ho-chi-minh|phuong-long-binh,IN_WARD
44870935,ward|ho-chi-minh|phuong-cau-ong-lanh,IN_WARD
44171872,ward|ho-chi-minh|phuong-xom-chieu,IN_WARD
45027560,ward|ho-chi-minh|phuong-xom-chieu,IN_WARD
45245637,ward|ho-chi-minh|phuong-khanh-hoi,IN_WARD
45266104,ward|ho-chi-minh|phuong-long-binh,IN_WARD
44483330,ward|ho-chi-minh|phuong-cau-ong-lanh,IN_WARD
44708914,ward|ho-chi-minh|phuong-cho-lon,IN_WARD
43797634,ward|ho-chi-minh|phuong-cho-quan,IN_WARD
44590405,ward|ho-chi-minh|phuong-an-khanh,IN_WARD
45014857,ward|ho-chi-minh|phuong-ben-thanh,IN_WARD
43959995,ward|ho-chi-minh|phuong-ben-thanh,IN_WARD
39770672,ward|ho-chi-minh|phuong-an-khanh,IN_WARD
44331203,ward|ho-chi-minh|phuong-vuon-lai,IN_WARD
45244830,ward|ho-chi-minh|phuong-di-an,IN_WARD
43682719,ward|ho-chi-minh|phuong-xuan-hoa,IN_WARD
44133946,ward|ho-chi-minh|phuong-binh-trung,IN_WARD
44526324,ward|ho-chi-minh|phuong-phu-tho-hoa,IN_WARD
45042172,ward|ho-chi-minh|phuong-cau-kieu,IN_WARD
44290256,ward|ho-chi-minh|phuong-thanh-my-tay,IN_WARD
44732031,ward|ho-chi-minh|phuong-tan-binh,IN_WARD
45165004,ward|ho-chi-minh|phuong-an-ong,IN_WARD
45265733,ward|ho-chi-minh|phuong-an-lac,IN_WARD
44468549,ward|ho-chi-minh|phuong-ban-co,IN_WARD
44456588,ward|ho-chi-minh|phuong-khanh-hoi,IN_WARD
45084822,ward|ho-chi-minh|phuong-long-binh,IN_WARD
44730914,ward|ho-chi-minh|phuong-tan-son-nhi,IN_WARD
44888200,ward|ho-chi-minh|phuong-cau-ong-lanh,IN_WARD
43537623,ward|ho-chi-minh|phuong-long-binh,IN_WARD
45254034,ward|ho-chi-minh|phuong-long-truong,IN_WARD
43356438,ward|ho-chi-minh|phuong-an-khanh,IN_WARD
44048727,ward|ho-chi-minh|phuong-long-binh,IN_WARD
45248206,ward|ho-chi-minh|phuong-an-khanh,IN_WARD
45032480,ward|ho-chi-minh|phuong-an-khanh,IN_WARD
45250823,ward|ho-chi-minh|phuong-long-binh,IN_WARD
44713493,ward|ho-chi-minh|phuong-tan-hung,IN_WARD
44397902,ward|ho-chi-minh|phuong-long-binh,IN_WARD
45209742,ward|ho-chi-minh|phuong-an-khanh,IN_WARD
45222670__2,ward|ho-chi-minh|phuong-long-binh,IN_WARD
43247491,ward|ho-chi-minh|phuong-long-truong,IN_WARD
43238060,ward|ho-chi-minh|phuong-long-truong,IN_WARD
41321808,ward|ho-chi-minh|phuong-long-truong,IN_WARD
45248655,ward|ho-chi-minh|phuong-binh-trung,IN_WARD
43436120,ward|ho-chi-minh|phuong-long-binh,IN_WARD
45153972,ward|ho-chi-minh|phuong-an-khanh,IN_WARD
45110391,ward|ho-chi-minh|phuong-khanh-hoi,IN_WARD
44284175,ward|ho-chi-minh|phuong-long-binh,IN_WARD
44350831,ward|ho-chi-minh|phuong-long-binh,IN_WARD
44843875,ward|ho-chi-minh|xa-tan-nhut,IN_WARD
45088647,ward|ho-chi-minh|phuong-tan-hung,IN_WARD
43403469,ward|ho-chi-minh|phuong-thu-dau-mot,IN_WARD
44791321,ward|ho-chi-minh|phuong-cau-ong-lanh,IN_WARD
44286055,ward|ho-chi-minh|phuong-long-binh,IN_WARD
44043317,ward|ho-chi-minh|phuong-an-khanh,IN_WARD
45056277,ward|ho-chi-minh|phuong-thanh-my-tay,IN_WARD
44729361,ward|ho-chi-minh|phuong-long-binh,IN_WARD
44288363,ward|ho-chi-minh|phuong-long-binh,IN_WARD
43883712,ward|ho-chi-minh|phuong-an-khanh,IN_WARD
44283417,ward|ho-chi-minh|phuong-long-binh,IN_WARD
43572439,ward|ho-chi-minh|phuong-long-binh,IN_WARD
45257289,ward|ho-chi-minh|phuong-an-lac,IN_WARD
43716231,ward|ho-chi-minh|phuong-long-binh,IN_WARD
45261874,ward|ho-chi-minh|xa-xuan-thoi-son,IN_WARD
44077565,ward|ho-chi-minh|phuong-long-binh,IN_WARD
43569738,ward|ho-chi-minh|phuong-long-binh,IN_WARD
44034581,ward|ho-chi-minh|phuong-long-binh,IN_WARD
45262776,ward|ho-chi-minh|xa-tan-nhut,IN_WARD
44881140,ward|ho-chi-minh|phuong-cau-ong-lanh,IN_WARD
45263106,ward|ho-chi-minh|phuong-vinh-hoi,IN_WARD
43866123,ward|ho-chi-minh|phuong-long-truong,IN_WARD
45263202,ward|ho-chi-minh|phuong-vinh-hoi,IN_WARD
43492362,ward|ho-chi-minh|phuong-long-binh,IN_WARD
44073845,ward|ho-chi-minh|phuong-long-binh,IN_WARD
43478669,ward|ho-chi-minh|phuong-long-binh,IN_WARD
44872651,ward|ho-chi-minh|phuong-long-binh,IN_WARD
43692251,ward|ho-chi-minh|phuong-long-binh,IN_WARD
43693290,ward|ho-chi-minh|phuong-long-binh,IN_WARD
45081962,ward|ho-chi-minh|phuong-tan-hung,IN_WARD
43284841,ward|ho-chi-minh|phuong-long-binh,IN_WARD
42521719,ward|ho-chi-minh|phuong-thanh-my-tay,IN_WARD
45040477,ward|ho-chi-minh|phuong-an-khanh,IN_WARD
44049181,ward|ho-chi-minh|phuong-thanh-my-tay,IN_WARD
44781792,ward|ho-chi-minh|phuong-binh-trung,IN_WARD
44781667,ward|ho-chi-minh|phuong-binh-trung,IN_WARD
44400867,ward|ho-chi-minh|phuong-cat-lai,IN_WARD
44880200,ward|ho-chi-minh|xa-tan-nhut,IN_WARD
44762845,ward|ho-chi-minh|xa-tan-nhut,IN_WARD
45162231,ward|ho-chi-minh|xa-tan-nhut,IN_WARD
44864335,ward|ho-chi-minh|xa-tan-nhut,IN_WARD
44948688,ward|ho-chi-minh|xa-tan-nhut,IN_WARD
44897223,ward|ho-chi-minh|xa-tan-nhut,IN_WARD
44729464,ward|ho-chi-minh|phuong-binh-trung,IN_WARD
45040570,ward|ho-chi-minh|phuong-an-khanh,IN_WARD
44282741,ward|ho-chi-minh|phuong-long-binh,IN_WARD
44239561,ward|ho-chi-minh|phuong-long-binh,IN_WARD
45148629,ward|ho-chi-minh|phuong-phu-loi,IN_WARD
45237880,ward|ho-chi-minh|phuong-an-hoi-ong,IN_WARD
45165437,ward|ho-chi-minh|phuong-an-ong,IN_WARD
43211541,ward|ho-chi-minh|phuong-tan-thuan,IN_WARD
44210257,ward|ho-chi-minh|phuong-an-khanh,IN_WARD
43452836,ward|ho-chi-minh|phuong-an-khanh,IN_WARD
44273779,ward|ho-chi-minh|phuong-an-khanh,IN_WARD
44484541,ward|ho-chi-minh|phuong-an-khanh,IN_WARD
44657659,ward|ho-chi-minh|phuong-tan-son-nhi,IN_WARD
44656554,ward|ho-chi-minh|phuong-cho-quan,IN_WARD
45199130,ward|ho-chi-minh|phuong-sai-gon,IN_WARD
43927551,ward|ho-chi-minh|phuong-gia-inh,IN_WARD
44586268,ward|ho-chi-minh|phuong-khanh-hoi,IN_WARD
36221753,ward|ho-chi-minh|phuong-thu-dau-mot,IN_WARD
40340780,ward|ho-chi-minh|phuong-phu-loi,IN_WARD
44825273,ward|ho-chi-minh|xa-binh-hung,IN_WARD
43849134,ward|ho-chi-minh|phuong-cat-lai,IN_WARD
44731068,ward|ho-chi-minh|phuong-long-binh,IN_WARD
43344418,ward|ho-chi-minh|phuong-long-binh,IN_WARD
43572792,ward|ho-chi-minh|phuong-long-binh,IN_WARD
44922077,ward|ho-chi-minh|phuong-tam-binh,IN_WARD
44957828,ward|ho-chi-minh|xa-tan-nhut,IN_WARD
43202640,ward|ho-chi-minh|phuong-long-binh,IN_WARD
43696637,ward|ho-chi-minh|phuong-long-binh,IN_WARD
45017137,ward|ho-chi-minh|xa-tan-nhut,IN_WARD
45194899,ward|ho-chi-minh|xa-tan-nhut,IN_WARD
45235813,ward|ho-chi-minh|xa-tan-nhut,IN_WARD
43963943,ward|ho-chi-minh|phuong-binh-ong,IN_WARD
45100589,ward|ho-chi-minh|phuong-tan-thuan,IN_WARD
42218073,ward|ho-chi-minh|phuong-long-truong,IN_WARD
44753361,ward|ho-chi-minh|xa-tan-nhut,IN_WARD
44863961,ward|ho-chi-minh|xa-tan-nhut,IN_WARD
45057652,ward|ho-chi-minh|phuong-cau-ong-lanh,IN_WARD
45186771,ward|ho-chi-minh|phuong-phu-thanh,IN_WARD
44781956,ward|ho-chi-minh|phuong-phu-thuan,IN_WARD
45247231,ward|ho-chi-minh|phuong-phu-thuan,IN_WARD
44596035,ward|ho-chi-minh|phuong-thanh-my-tay,IN_WARD
44729161,ward|ho-chi-minh|phuong-nhieu-loc,IN_WARD
44568353,ward|ho-chi-minh|phuong-khanh-hoi,IN_WARD
44530340,ward|ho-chi-minh|phuong-xom-chieu,IN_WARD
43481818,ward|ho-chi-minh|phuong-ben-thanh,IN_WARD
45245632,ward|ho-chi-minh|phuong-xuan-hoa,IN_WARD
44956559,ward|ho-chi-minh|phuong-vinh-hoi,IN_WARD
45244476,ward|ho-chi-minh|phuong-gia-inh,IN_WARD
45106401,ward|ho-chi-minh|phuong-an-khanh,IN_WARD
43652465,ward|ho-chi-minh|phuong-binh-trung,IN_WARD
44199099,ward|ho-chi-minh|phuong-binh-trung,IN_WARD
45132364,ward|ho-chi-minh|phuong-thanh-my-tay,IN_WARD
44591760,ward|ho-chi-minh|phuong-an-khanh,IN_WARD
45063282,ward|ho-chi-minh|phuong-phu-nhuan,IN_WARD
45244194,ward|ho-chi-minh|phuong-vung-tau,IN_WARD
45240822,ward|ho-chi-minh|phuong-an-khanh,IN_WARD
43605480,ward|ho-chi-minh|phuong-an-ong,IN_WARD
45025864,ward|ho-chi-minh|phuong-phu-tho-hoa,IN_WARD
45240735,ward|ho-chi-minh|phuong-vinh-hoi,IN_WARD
44715266,ward|ho-chi-minh|phuong-vinh-hoi,IN_WARD
44016214,ward|ho-chi-minh|phuong-cho-lon,IN_WARD
44690504,ward|ho-chi-minh|phuong-tan-hung,IN_WARD
44877318,ward|ho-chi-minh|phuong-gia-inh,IN_WARD
44840033,ward|ho-chi-minh|phuong-cau-ong-lanh,IN_WARD
43940956,ward|ho-chi-minh|phuong-ben-thanh,IN_WARD
45173212,ward|ho-chi-minh|phuong-cat-lai,IN_WARD
44130737,ward|ho-chi-minh|phuong-long-binh,IN_WARD
45229622,ward|ho-chi-minh|phuong-cho-lon,IN_WARD
44464667,ward|ho-chi-minh|phuong-long-binh,IN_WARD
44870654,ward|ho-chi-minh|phuong-ben-thanh,IN_WARD
43146761,ward|ho-chi-minh|phuong-thanh-my-tay,IN_WARD
43768536,ward|ho-chi-minh|phuong-long-binh,IN_WARD
43161489,ward|ho-chi-minh|phuong-thanh-my-tay,IN_WARD
45187377,ward|ho-chi-minh|phuong-long-binh,IN_WARD
45240205,ward|ho-chi-minh|phuong-xuan-hoa,IN_WARD
43756300,ward|ho-chi-minh|phuong-thu-dau-mot,IN_WARD
44816319,ward|ho-chi-minh|phuong-thu-dau-mot,IN_WARD
43748419,ward|ho-chi-minh|phuong-thu-dau-mot,IN_WARD
45229939,ward|ho-chi-minh|phuong-an-ong,IN_WARD
43693887,ward|ho-chi-minh|phuong-long-binh,IN_WARD
44700316,ward|ho-chi-minh|phuong-long-truong,IN_WARD
44815299,ward|ho-chi-minh|xa-tan-nhut,IN_WARD
44516802,ward|ho-chi-minh|phuong-an-khanh,IN_WARD
44464713,ward|ho-chi-minh|phuong-an-khanh,IN_WARD
44740670,ward|ho-chi-minh|phuong-long-binh,IN_WARD
44723700,ward|ho-chi-minh|phuong-uc-nhuan,IN_WARD
45032566,ward|ho-chi-minh|phuong-an-khanh,IN_WARD
34061984,ward|ho-chi-minh|phuong-an-khanh,IN_WARD
43203408,ward|ho-chi-minh|phuong-an-khanh,IN_WARD
45014980,ward|ho-chi-minh|phuong-cho-lon,IN_WARD
45016308,ward|ho-chi-minh|phuong-tan-son-nhi,IN_WARD
44659061,ward|ho-chi-minh|phuong-thanh-my-tay,IN_WARD
45235201,ward|ho-chi-minh|phuong-long-binh,IN_WARD
45236710,ward|ho-chi-minh|xa-tan-nhut,IN_WARD
45236270,ward|ho-chi-minh|xa-tan-nhut,IN_WARD
43548457,ward|ho-chi-minh|phuong-tan-thuan,IN_WARD
45234636,ward|ho-chi-minh|phuong-an-ong,IN_WARD
45234641,ward|ho-chi-minh|phuong-ong-hung-thuan,IN_WARD
43228481,ward|ho-chi-minh|phuong-binh-hoa,IN_WARD
40990762,ward|ho-chi-minh|phuong-an-khanh,IN_WARD
45196185,ward|ho-chi-minh|phuong-minh-phung,IN_WARD
45155260,ward|ho-chi-minh|phuong-minh-phung,IN_WARD
45222811,ward|ho-chi-minh|phuong-cho-lon,IN_WARD
44902020,ward|ho-chi-minh|phuong-an-khanh,IN_WARD
44887604,ward|ho-chi-minh|xa-nha-be,IN_WARD
43779678,ward|ho-chi-minh|phuong-long-binh,IN_WARD
44143992,ward|ho-chi-minh|phuong-long-binh,IN_WARD
45010170,ward|ho-chi-minh|xa-tan-nhut,IN_WARD
44532012,ward|ho-chi-minh|phuong-long-binh,IN_WARD
43863458,ward|ho-chi-minh|phuong-long-binh,IN_WARD
43874379,ward|ho-chi-minh|phuong-long-binh,IN_WARD
45039157,ward|ho-chi-minh|phuong-long-binh,IN_WARD
43725380,ward|ho-chi-minh|phuong-long-binh,IN_WARD
44531634,ward|ho-chi-minh|phuong-tang-nhon-phu,IN_WARD
44241249,ward|ho-chi-minh|phuong-long-binh,IN_WARD
45229457,ward|ho-chi-minh|xa-tan-nhut,IN_WARD
45151230,ward|ho-chi-minh|phuong-tan-thuan,IN_WARD
44841772,ward|ho-chi-minh|xa-tan-nhut,IN_WARD
44845848,ward|ho-chi-minh|xa-tan-nhut,IN_WARD
45197810,ward|ho-chi-minh|phuong-go-vap,IN_WARD
45081807,ward|ho-chi-minh|phuong-tan-hung,IN_WARD
45210622,ward|ho-chi-minh|phuong-an-lac,IN_WARD
45228435,ward|ho-chi-minh|phuong-long-binh,IN_WARD
44450031,ward|ho-chi-minh|phuong-an-khanh,IN_WARD
44612137,ward|ho-chi-minh|phuong-an-khanh,IN_WARD
44596902,ward|ho-chi-minh|phuong-phu-thuan,IN_WARD
43284831,ward|ho-chi-minh|phuong-long-binh,IN_WARD
45138926,ward|ho-chi-minh|phuong-long-binh,IN_WARD
45057690,ward|ho-chi-minh|phuong-long-binh,IN_WARD
44482148,ward|ho-chi-minh|phuong-ban-co,IN_WARD
45227501,ward|ho-chi-minh|phuong-phu-thuan,IN_WARD
44137008,ward|ho-chi-minh|phuong-an-khanh,IN_WARD
42091112,ward|ho-chi-minh|phuong-an-khanh,IN_WARD
44714707,ward|ho-chi-minh|phuong-long-binh,IN_WARD
45223376,ward|ho-chi-minh|phuong-phu-lam,IN_WARD
45202954,ward|ho-chi-minh|phuong-phu-thuan,IN_WARD
44894510,ward|ho-chi-minh|phuong-tan-phu,IN_WARD
45202949,ward|ho-chi-minh|phuong-phu-thuan,IN_WARD
44552020,ward|ho-chi-minh|phuong-an-khanh,IN_WARD
45202945,ward|ho-chi-minh|phuong-phu-thuan,IN_WARD
44849133,ward|ho-chi-minh|xa-tan-nhut,IN_WARD
45175379,ward|ho-chi-minh|phuong-sai-gon,IN_WARD
44150180,ward|ho-chi-minh|phuong-long-truong,IN_WARD
43845012,ward|ho-chi-minh|phuong-long-binh,IN_WARD
44967290,ward|ho-chi-minh|phuong-tang-nhon-phu,IN_WARD
43513035,ward|ho-chi-minh|phuong-long-truong,IN_WARD
45059343,ward|ho-chi-minh|phuong-phu-thuan,IN_WARD
44404341,ward|ho-chi-minh|phuong-long-binh,IN_WARD
44404628,ward|ho-chi-minh|phuong-long-binh,IN_WARD
44697172,ward|ho-chi-minh|phuong-an-lac,IN_WARD
44406217,ward|ho-chi-minh|phuong-long-binh,IN_WARD
44404468,ward|ho-chi-minh|phuong-long-binh,IN_WARD
45019830,ward|ho-chi-minh|phuong-ong-hung-thuan,IN_WARD
44403119,ward|ho-chi-minh|phuong-long-binh,IN_WARD
45189689,ward|ho-chi-minh|phuong-sai-gon,IN_WARD
45220208,ward|ho-chi-minh|phuong-binh-phu,IN_WARD
41811080,ward|ho-chi-minh|phuong-an-khanh,IN_WARD
45135899,ward|ho-chi-minh|phuong-ong-hoa,IN_WARD
45007050,ward|ho-chi-minh|phuong-cho-lon,IN_WARD
44742649,ward|ho-chi-minh|phuong-sai-gon,IN_WARD
42578626,ward|ho-chi-minh|phuong-an-khanh,IN_WARD
44466821,ward|ho-chi-minh|phuong-phu-nhuan,IN_WARD
44709669,ward|ho-chi-minh|phuong-thanh-my-tay,IN_WARD
45137809,ward|ho-chi-minh|phuong-ong-hoa,IN_WARD
44256714,ward|ho-chi-minh|phuong-binh-thanh,IN_WARD
43827262,ward|ho-chi-minh|phuong-tan-inh,IN_WARD
44186833,ward|ho-chi-minh|phuong-vinh-hoi,IN_WARD
45110563,ward|ho-chi-minh|phuong-thanh-my-tay,IN_WARD
44416135,ward|ho-chi-minh|phuong-ben-thanh,IN_WARD
44742828,ward|ho-chi-minh|phuong-sai-gon,IN_WARD
43284851,ward|ho-chi-minh|phuong-long-binh,IN_WARD
43825788,ward|ho-chi-minh|phuong-long-binh,IN_WARD
45219753,ward|ho-chi-minh|phuong-long-binh,IN_WARD
45219725,ward|ho-chi-minh|phuong-long-binh,IN_WARD
45219182,ward|ho-chi-minh|phuong-long-binh,IN_WARD
43839734,ward|ho-chi-minh|phuong-di-an,IN_WARD
45217838,ward|ho-chi-minh|xa-tan-nhut,IN_WARD
44018090,ward|ho-chi-minh|phuong-thanh-my-tay,IN_WARD
45216684,ward|ho-chi-minh|phuong-binh-trung,IN_WARD
45217453,ward|ho-chi-minh|phuong-binh-trung,IN_WARD
45209882,ward|ho-chi-minh|phuong-cat-lai,IN_WARD
44794760,ward|ho-chi-minh|phuong-tan-my,IN_WARD
43999966,ward|ho-chi-minh|phuong-long-binh,IN_WARD
44416443,ward|ho-chi-minh|phuong-sai-gon,IN_WARD
44400338,ward|ho-chi-minh|phuong-cat-lai,IN_WARD
45080633,ward|ho-chi-minh|xa-binh-chanh,IN_WARD
43688714,ward|ho-chi-minh|phuong-binh-trung,IN_WARD
45073124,ward|ho-chi-minh|xa-xuan-thoi-son,IN_WARD
45042196,ward|ho-chi-minh|phuong-tan-inh,IN_WARD
44432528,ward|ho-chi-minh|phuong-ban-co,IN_WARD
43733254,ward|ho-chi-minh|phuong-long-binh,IN_WARD
44287640,ward|ho-chi-minh|phuong-vuon-lai,IN_WARD
44398352,ward|ho-chi-minh|phuong-cho-lon,IN_WARD
45212694,ward|ho-chi-minh|phuong-long-binh,IN_WARD
44085752,ward|ho-chi-minh|phuong-hoa-hung,IN_WARD
44682333,ward|ho-chi-minh|phuong-vuon-lai,IN_WARD
44992114,ward|ho-chi-minh|phuong-gia-inh,IN_WARD
45209379,ward|ho-chi-minh|phuong-cho-lon,IN_WARD
45212351,ward|ho-chi-minh|phuong-binh-ong,IN_WARD
44878181,ward|ho-chi-minh|phuong-binh-trung,IN_WARD
45211123,ward|ho-chi-minh|xa-tan-nhut,IN_WARD
45211193,ward|ho-chi-minh|xa-tan-nhut,IN_WARD
45040159,ward|ho-chi-minh|phuong-an-khanh,IN_WARD
45040121,ward|ho-chi-minh|phuong-an-khanh,IN_WARD
45210408,ward|ho-chi-minh|xa-tan-nhut,IN_WARD
45043852,ward|ho-chi-minh|phuong-xom-chieu,IN_WARD
45040043,ward|ho-chi-minh|phuong-an-khanh,IN_WARD
43880424,ward|ho-chi-minh|phuong-long-binh,IN_WARD
44986315,ward|ho-chi-minh|phuong-di-an,IN_WARD
44186979,ward|ho-chi-minh|phuong-ben-thanh,IN_WARD
45210229,ward|ho-chi-minh|xa-tan-nhut,IN_WARD
44976878,ward|ho-chi-minh|phuong-cau-ong-lanh,IN_WARD
43349917,ward|ho-chi-minh|phuong-tang-nhon-phu,IN_WARD
43776876,ward|ho-chi-minh|phuong-an-khanh,IN_WARD
44466982,ward|ho-chi-minh|phuong-thanh-my-tay,IN_WARD
45206979,ward|ho-chi-minh|phuong-an-ong,IN_WARD
45207061,ward|ho-chi-minh|phuong-cho-lon,IN_WARD
44673234,ward|ho-chi-minh|phuong-thanh-my-tay,IN_WARD
44482077,ward|ho-chi-minh|phuong-thanh-my-tay,IN_WARD
45183463,ward|ho-chi-minh|phuong-go-vap,IN_WARD
44939217,ward|ho-chi-minh|phuong-nhieu-loc,IN_WARD
45189772,ward|ho-chi-minh|phuong-cat-lai,IN_WARD
43830855,ward|ho-chi-minh|xa-nha-be,IN_WARD
45197190,ward|ho-chi-minh|phuong-phu-tho-hoa,IN_WARD
44786591,ward|ho-chi-minh|phuong-tan-phu,IN_WARD
44757351,ward|ho-chi-minh|phuong-gia-inh,IN_WARD
44202944,ward|ho-chi-minh|phuong-binh-thanh,IN_WARD
44984489,ward|ho-chi-minh|phuong-cau-kieu,IN_WARD
44910889,ward|ho-chi-minh|phuong-gia-inh,IN_WARD
45023942,ward|ho-chi-minh|phuong-long-binh,IN_WARD
44634121,ward|ho-chi-minh|phuong-gia-inh,IN_WARD
43537036,ward|ho-chi-minh|phuong-tang-nhon-phu,IN_WARD
45184650,ward|ho-chi-minh|xa-binh-hung,IN_WARD
44077990,ward|ho-chi-minh|phuong-di-an,IN_WARD
45070787,ward|ho-chi-minh|phuong-ong-hung-thuan,IN_WARD
44834862,ward|ho-chi-minh|phuong-thanh-my-tay,IN_WARD
44796007,ward|ho-chi-minh|phuong-tang-nhon-phu,IN_WARD
44957726,ward|ho-chi-minh|phuong-an-khanh,IN_WARD
44238591,ward|ho-chi-minh|phuong-long-binh,IN_WARD
44482740,ward|ho-chi-minh|phuong-ben-thanh,IN_WARD
44755067,ward|ho-chi-minh|phuong-long-binh,IN_WARD
42023574,ward|ho-chi-minh|phuong-thu-dau-mot,IN_WARD
40503273,ward|ho-chi-minh|phuong-thu-dau-mot,IN_WARD
44006156,ward|ho-chi-minh|phuong-long-binh,IN_WARD
45153043,ward|ho-chi-minh|phuong-ong-hung-thuan,IN_WARD
43927670,ward|ho-chi-minh|phuong-cau-ong-lanh,IN_WARD
45067704,ward|ho-chi-minh|phuong-gia-inh,IN_WARD
44770429,ward|ho-chi-minh|phuong-cau-kieu,IN_WARD
42616372,ward|ho-chi-minh|phuong-an-khanh,IN_WARD
45195327,ward|ho-chi-minh|phuong-phu-thanh,IN_WARD
44783081,ward|ho-chi-minh|xa-tan-nhut,IN_WARD
44880023,ward|ho-chi-minh|xa-tan-nhut,IN_WARD
45186016,ward|ho-chi-minh|phuong-binh-ong,IN_WARD
45058996,ward|ho-chi-minh|phuong-an-khanh,IN_WARD
44623291,ward|ho-chi-minh|phuong-an-lac,IN_WARD
44985017,ward|ho-chi-minh|xa-tan-nhut,IN_WARD
45017298,ward|ho-chi-minh|xa-tan-nhut,IN_WARD
45015767,ward|ho-chi-minh|phuong-tan-son-nhi,IN_WARD
44897529,ward|ho-chi-minh|xa-tan-nhut,IN_WARD
44957970,ward|ho-chi-minh|xa-tan-nhut,IN_WARD
45112600,ward|ho-chi-minh|phuong-sai-gon,IN_WARD
45011469,ward|ho-chi-minh|phuong-cat-lai,IN_WARD
45188961,ward|ho-chi-minh|phuong-binh-phu,IN_WARD
44557949,ward|ho-chi-minh|phuong-an-khanh,IN_WARD
44375534,ward|ho-chi-minh|phuong-an-khanh,IN_WARD
45148799,ward|ho-chi-minh|phuong-di-an,IN_WARD
45055698,ward|ho-chi-minh|phuong-cau-ong-lanh,IN_WARD
44136516,ward|ho-chi-minh|phuong-binh-trung,IN_WARD
44617962,ward|ho-chi-minh|phuong-cho-lon,IN_WARD
45077493,ward|ho-chi-minh|phuong-binh-phu,IN_WARD
45157429,ward|ho-chi-minh|phuong-long-binh,IN_WARD
43339881,ward|ho-chi-minh|phuong-long-binh,IN_WARD
45100152,ward|ho-chi-minh|phuong-ong-hoa,IN_WARD
45060924,ward|ho-chi-minh|phuong-cho-lon,IN_WARD
45100513,ward|ho-chi-minh|phuong-tan-binh,IN_WARD
45100628,ward|ho-chi-minh|phuong-phu-tho-hoa,IN_WARD
45096630,ward|ho-chi-minh|phuong-an-ong,IN_WARD
45056608,ward|ho-chi-minh|phuong-phu-tho-hoa,IN_WARD
45102262,ward|ho-chi-minh|phuong-thanh-my-tay,IN_WARD
44805963,ward|ho-chi-minh|phuong-cau-kieu,IN_WARD
45084852,ward|ho-chi-minh|phuong-ong-hung-thuan,IN_WARD
44464018,ward|ho-chi-minh|phuong-long-binh,IN_WARD
44719109,ward|ho-chi-minh|phuong-long-binh,IN_WARD
44632413,ward|ho-chi-minh|phuong-long-binh,IN_WARD
45186848,ward|ho-chi-minh|phuong-ong-hung-thuan,IN_WARD
44224180,ward|ho-chi-minh|phuong-thanh-my-tay,IN_WARD
44456711,ward|ho-chi-minh|phuong-bay-hien,IN_WARD
44050394,ward|ho-chi-minh|phuong-thanh-my-tay,IN_WARD
45155376,ward|ho-chi-minh|phuong-binh-phu,IN_WARD
45078531,ward|ho-chi-minh|xa-xuan-thoi-son,IN_WARD
43716508,ward|ho-chi-minh|phuong-long-binh,IN_WARD
43411750,ward|ho-chi-minh|phuong-binh-trung,IN_WARD
44626653,ward|ho-chi-minh|phuong-tang-nhon-phu,IN_WARD
45179775,ward|ho-chi-minh|phuong-ong-hung-thuan,IN_WARD
45175567,ward|ho-chi-minh|phuong-minh-phung,IN_WARD
45177611,ward|ho-chi-minh|phuong-minh-phung,IN_WARD
44847526,ward|ho-chi-minh|phuong-long-binh,IN_WARD
44424655,ward|ho-chi-minh|phuong-binh-trung,IN_WARD
44762062,ward|ho-chi-minh|phuong-long-truong,IN_WARD
45133806,ward|ho-chi-minh|phuong-phu-thuan,IN_WARD
45133822,ward|ho-chi-minh|phuong-phu-thuan,IN_WARD
45017788,ward|ho-chi-minh|phuong-tan-son-nhi,IN_WARD
44585453,ward|ho-chi-minh|phuong-long-binh,IN_WARD
44453924,ward|ho-chi-minh|phuong-long-binh,IN_WARD
43926137,ward|ho-chi-minh|phuong-di-an,IN_WARD
45172791,ward|ho-chi-minh|phuong-minh-phung,IN_WARD
44892271,ward|ho-chi-minh|phuong-long-truong,IN_WARD
45102937,ward|ho-chi-minh|phuong-phu-tho-hoa,IN_WARD
45095425,ward|ho-chi-minh|phuong-an-lac,IN_WARD
45095507,ward|ho-chi-minh|phuong-an-lac,IN_WARD
44706860,ward|ho-chi-minh|phuong-dien-hong,IN_WARD
45171887,ward|ho-chi-minh|phuong-go-vap,IN_WARD
45172117,ward|ho-chi-minh|phuong-an-ong,IN_WARD
45171910,ward|ho-chi-minh|phuong-minh-phung,IN_WARD
45171934,ward|ho-chi-minh|phuong-minh-phung,IN_WARD
44631355,ward|ho-chi-minh|phuong-long-binh,IN_WARD
43715977,ward|ho-chi-minh|phuong-long-binh,IN_WARD
45055545,ward|ho-chi-minh|phuong-phu-thuan,IN_WARD
44427897,ward|ho-chi-minh|phuong-an-khanh,IN_WARD
44422861,ward|ho-chi-minh|phuong-tang-nhon-phu,IN_WARD
44046077,ward|ho-chi-minh|phuong-tang-nhon-phu,IN_WARD
43551199,ward|ho-chi-minh|phuong-long-binh,IN_WARD
45084721,ward|ho-chi-minh|phuong-long-binh,IN_WARD
44463660,ward|ho-chi-minh|phuong-long-binh,IN_WARD
43679734,ward|ho-chi-minh|phuong-long-binh,IN_WARD
43847718,ward|ho-chi-minh|phuong-long-binh,IN_WARD
44562715,ward|ho-chi-minh|phuong-di-an,IN_WARD
44023941,ward|ho-chi-minh|phuong-long-binh,IN_WARD
44988147,ward|ho-chi-minh|phuong-long-binh,IN_WARD
44843130,ward|ho-chi-minh|phuong-xuan-hoa,IN_WARD
44904039,ward|ho-chi-minh|phuong-tan-phu,IN_WARD
44945503,ward|ho-chi-minh|phuong-phu-tho-hoa,IN_WARD
45052937,ward|ho-chi-minh|phuong-phu-tho-hoa,IN_WARD
44988313,ward|ho-chi-minh|phuong-long-binh,IN_WARD
45062392,ward|ho-chi-minh|phuong-an-ong,IN_WARD
44945217,ward|ho-chi-minh|phuong-phu-tho-hoa,IN_WARD
45072815,ward|ho-chi-minh|phuong-binh-phu,IN_WARD
45061945,ward|ho-chi-minh|phuong-cho-lon,IN_WARD
44050164,ward|ho-chi-minh|phuong-thanh-my-tay,IN_WARD
44860566,ward|ho-chi-minh|xa-tan-nhut,IN_WARD
43345644,ward|ho-chi-minh|phuong-long-binh,IN_WARD
45158878,ward|ho-chi-minh|phuong-binh-hoa,IN_WARD
45024916,ward|ho-chi-minh|phuong-xom-chieu,IN_WARD
45260658__1,ward|ho-chi-minh|phuong-thuan-giao,IN_WARD
44910264__1,ward|ho-chi-minh|phuong-tan-hung,IN_WARD
44315816__1,ward|ho-chi-minh|xa-nha-be,IN_WARD
45240187__1,ward|ho-chi-minh|phuong-tan-binh,IN_WARD
41685836__1,ward|ho-chi-minh|phuong-phu-thuan,IN_WARD
45176664__1,ward|ho-chi-minh|phuong-long-binh,IN_WARD
45257389,ward|ho-chi-minh|phuong-tan-son,IN_WARD
45260073,ward|ho-chi-minh|phuong-ong-hung-thuan,IN_WARD
45221822,ward|ho-chi-minh|phuong-tan-tao,IN_WARD
45118179,ward|ho-chi-minh|phuong-binh-tan,IN_WARD
45109833,ward|ho-chi-minh|phuong-hanh-thong,IN_WARD
44762633,ward|ho-chi-minh|xa-hoc-mon,IN_WARD
45139928,ward|ho-chi-minh|phuong-hoa-binh,IN_WARD
45170694,ward|ho-chi-minh|phuong-tan-thoi-hiep,IN_WARD
37920615,ward|ho-chi-minh|phuong-chanh-phu-hoa,IN_WARD
45214509,ward|ho-chi-minh|phuong-ban-co,IN_WARD
45218797,ward|ho-chi-minh|phuong-hiep-binh,IN_WARD
45188401,ward|ho-chi-minh|phuong-thoi-hoa,IN_WARD
45027406,ward|ho-chi-minh|phuong-cau-kieu,IN_WARD
42599412,ward|ho-chi-minh|phuong-tan-hung,IN_WARD
45245657,ward|ho-chi-minh|phuong-thoi-an,IN_WARD
45266012,ward|ho-chi-minh|phuong-thanh-my-tay,IN_WARD
45266829,ward|ho-chi-minh|phuong-tan-my,IN_WARD
45171748,ward|ho-chi-minh|phuong-tan-inh,IN_WARD
45234494,ward|ho-chi-minh|phuong-trung-my-tay,IN_WARD
45251894,ward|ho-chi-minh|phuong-tang-nhon-phu,IN_WARD
45138363,ward|ho-chi-minh|phuong-tan-son,IN_WARD
45221020,ward|ho-chi-minh|phuong-hanh-thong,IN_WARD
45164769,ward|ho-chi-minh|phuong-tan-thuan,IN_WARD
44586946,ward|ho-chi-minh|phuong-ban-co,IN_WARD
43695382,ward|ho-chi-minh|phuong-tan-my,IN_WARD
45246408,ward|ho-chi-minh|phuong-binh-thanh,IN_WARD
42423444,ward|ho-chi-minh|phuong-an-hoi-ong,IN_WARD
45164575,ward|ho-chi-minh|phuong-long-huong,IN_WARD
45233274,ward|ho-chi-minh|phuong-binh-tan,IN_WARD
44945202,ward|ho-chi-minh|phuong-cat-lai,IN_WARD
45233008,ward|ho-chi-minh|phuong-cho-lon,IN_WARD
45170798,ward|ho-chi-minh|phuong-thanh-my-tay,IN_WARD
45209347,ward|ho-chi-minh|phuong-tang-nhon-phu,IN_WARD
45232003,ward|ho-chi-minh|phuong-binh-thanh,IN_WARD
45191674,ward|ho-chi-minh|xa-hiep-phuoc,IN_WARD
44960303,ward|ho-chi-minh|phuong-vuon-lai,IN_WARD
45227137,ward|ho-chi-minh|phuong-tan-son-nhat,IN_WARD
44285831,ward|ho-chi-minh|phuong-hanh-thong,IN_WARD
45176118,ward|ho-chi-minh|phuong-binh-tan,IN_WARD
44708079,ward|ho-chi-minh|phuong-cat-lai,IN_WARD
44869380,ward|ho-chi-minh|phuong-tan-thoi-hiep,IN_WARD
45215745,ward|ho-chi-minh|phuong-thoi-hoa,IN_WARD
44490909,ward|ho-chi-minh|phuong-cho-quan,IN_WARD
45195893,ward|ho-chi-minh|phuong-hoa-hung,IN_WARD
44085270,ward|ho-chi-minh|phuong-thanh-my-tay,IN_WARD
45188258,ward|ho-chi-minh|phuong-thuan-giao,IN_WARD
45179572,ward|ho-chi-minh|phuong-phuoc-thang,IN_WARD
44391654,ward|ho-chi-minh|phuong-cau-ong-lanh,IN_WARD
43684389,ward|ho-chi-minh|phuong-phu-thuan,IN_WARD
45263166,ward|ho-chi-minh|phuong-phu-nhuan,IN_WARD
45255723,ward|ho-chi-minh|phuong-uc-nhuan,IN_WARD
43684138,ward|ho-chi-minh|phuong-dien-hong,IN_WARD
45138441,ward|ho-chi-minh|phuong-thu-uc,IN_WARD
45180580,ward|ho-chi-minh|xa-hoc-mon,IN_WARD
45266795,ward|ho-chi-minh|phuong-gia-inh,IN_WARD
44604418,ward|ho-chi-minh|phuong-an-ong,IN_WARD
45132003,ward|ho-chi-minh|xa-nha-be,IN_WARD
44041038,ward|ho-chi-minh|phuong-ben-thanh,IN_WARD
45271919,ward|ho-chi-minh|phuong-tan-my,IN_WARD
45268389,ward|ho-chi-minh|phuong-tan-inh,IN_WARD
45250947,ward|ho-chi-minh|phuong-an-phu-ong,IN_WARD
45147770,ward|ho-chi-minh|phuong-hanh-thong,IN_WARD
45060998,ward|ho-chi-minh|phuong-binh-trung,IN_WARD
45257856,ward|ho-chi-minh|phuong-uc-nhuan,IN_WARD
45260658__2,ward|ho-chi-minh|phuong-thuan-giao,IN_WARD
44559172,ward|ho-chi-minh|phuong-chanh-hung,IN_WARD
44817698,ward|ho-chi-minh|phuong-tan-my,IN_WARD
44066956,ward|ho-chi-minh|phuong-tan-my,IN_WARD
45236779,ward|ho-chi-minh|phuong-tan-son-nhat,IN_WARD
44838130,ward|ho-chi-minh|phuong-ben-thanh,IN_WARD
44624983,ward|ho-chi-minh|phuong-chanh-hung,IN_WARD
45075817,ward|ho-chi-minh|phuong-an-hoi-tay,IN_WARD
45075802,ward|ho-chi-minh|phuong-go-vap,IN_WARD
45019732,ward|ho-chi-minh|phuong-an-hoi-tay,IN_WARD
44562429,ward|ho-chi-minh|phuong-chanh-hung,IN_WARD
45072577,ward|ho-chi-minh|phuong-phu-thuan,IN_WARD
45255747,ward|ho-chi-minh|phuong-an-hoi-tay,IN_WARD
45236207,ward|ho-chi-minh|phuong-an-phu-ong,IN_WARD
45071367,ward|ho-chi-minh|phuong-an-hoi-tay,IN_WARD
44753008,ward|ho-chi-minh|phuong-cau-ong-lanh,IN_WARD
45231504,ward|ho-chi-minh|phuong-cau-kieu,IN_WARD
44106049,ward|ho-chi-minh|phuong-hoa-hung,IN_WARD
45252747,ward|ho-chi-minh|phuong-cau-kieu,IN_WARD
43698090,ward|ho-chi-minh|phuong-ben-thanh,IN_WARD
43775385,ward|ho-chi-minh|phuong-phu-nhuan,IN_WARD
44574182,ward|ho-chi-minh|phuong-tan-thuan,IN_WARD
44949894,ward|ho-chi-minh|xa-nha-be,IN_WARD
45256206,ward|ho-chi-minh|phuong-thong-tay-hoi,IN_WARD
45124344,ward|ho-chi-minh|phuong-binh-tri-ong,IN_WARD
44522419,ward|ho-chi-minh|phuong-chanh-hung,IN_WARD
44014157,ward|ho-chi-minh|xa-nha-be,IN_WARD
44963713,ward|ho-chi-minh|xa-nha-be,IN_WARD
45091488,ward|ho-chi-minh|phuong-tan-hung,IN_WARD
45069226,ward|ho-chi-minh|xa-nha-be,IN_WARD
43533970,ward|ho-chi-minh|phuong-tan-thuan,IN_WARD
45214659,ward|ho-chi-minh|phuong-phu-nhuan,IN_WARD
44427695,ward|ho-chi-minh|phuong-vuon-lai,IN_WARD
44934839,ward|ho-chi-minh|phuong-cau-kieu,IN_WARD
45085092,ward|ho-chi-minh|phuong-an-hoi-tay,IN_WARD
44577814,ward|ho-chi-minh|phuong-chanh-hung,IN_WARD
44935352,ward|ho-chi-minh|xa-tan-nhut,IN_WARD
45240798,ward|ho-chi-minh|phuong-binh-hung-hoa,IN_WARD
45111612,ward|ho-chi-minh|phuong-thoi-an,IN_WARD
44623799,ward|ho-chi-minh|phuong-gia-inh,IN_WARD
45261802,ward|ho-chi-minh|phuong-an-hoi-ong,IN_WARD
40679443,ward|ho-chi-minh|phuong-long-truong,IN_WARD
44818877,ward|ho-chi-minh|phuong-chanh-hung,IN_WARD
41078865,ward|ho-chi-minh|phuong-hoa-hung,IN_WARD
45143889,ward|ho-chi-minh|xa-nha-be,IN_WARD
39465019,ward|ho-chi-minh|xa-nha-be,IN_WARD
45256332,ward|ho-chi-minh|phuong-ben-thanh,IN_WARD
43862357,ward|ho-chi-minh|xa-nha-be,IN_WARD
45252566,ward|ho-chi-minh|phuong-uc-nhuan,IN_WARD
45255230,ward|ho-chi-minh|phuong-thong-tay-hoi,IN_WARD
44598931,ward|ho-chi-minh|xa-nha-be,IN_WARD
45263425,ward|ho-chi-minh|phuong-an-hoi-ong,IN_WARD
44854353,ward|ho-chi-minh|xa-nha-be,IN_WARD
44953673,ward|ho-chi-minh|phuong-tan-thuan,IN_WARD
44341133,ward|ho-chi-minh|phuong-tan-hung,IN_WARD
43469104,ward|ho-chi-minh|xa-nha-be,IN_WARD
44759145,ward|ho-chi-minh|phuong-chanh-hung,IN_WARD
45189288,ward|ho-chi-minh|phuong-tan-hung,IN_WARD
45222094,ward|ho-chi-minh|phuong-phu-thuan,IN_WARD
45193853,ward|ho-chi-minh|phuong-bay-hien,IN_WARD
44684469,ward|ho-chi-minh|phuong-go-vap,IN_WARD
45272297,ward|ho-chi-minh|phuong-cau-kieu,IN_WARD
45198154,ward|ho-chi-minh|xa-tru-van-tho,IN_WARD
45005416,ward|ho-chi-minh|phuong-tan-hung,IN_WARD
45246125,ward|ho-chi-minh|phuong-phu-nhuan,IN_WARD
45103700,ward|ho-chi-minh|phuong-binh-trung,IN_WARD
44615878,ward|ho-chi-minh|xa-binh-hung,IN_WARD
40970351,ward|ho-chi-minh|phuong-hiep-binh,IN_WARD
45124613,ward|ho-chi-minh|phuong-go-vap,IN_WARD
44832555,ward|ho-chi-minh|phuong-cho-quan,IN_WARD
45190193,ward|ho-chi-minh|phuong-hanh-thong,IN_WARD
45190237,ward|ho-chi-minh|phuong-an-hoi-tay,IN_WARD
45190476,ward|ho-chi-minh|phuong-thanh-my-tay,IN_WARD
45266627,ward|ho-chi-minh|phuong-an-hoi-tay,IN_WARD
44432931,ward|ho-chi-minh|phuong-phu-lam,IN_WARD
44532175,ward|ho-chi-minh|phuong-phuoc-long,IN_WARD
45265868,ward|ho-chi-minh|phuong-thong-tay-hoi,IN_WARD
45257511,ward|ho-chi-minh|phuong-binh-ong,IN_WARD
45267874,ward|ho-chi-minh|phuong-tan-thuan,IN_WARD
43472386,ward|ho-chi-minh|phuong-trung-my-tay,IN_WARD
45261598,ward|ho-chi-minh|xa-hiep-phuoc,IN_WARD
45271863,ward|ho-chi-minh|phuong-thanh-my-tay,IN_WARD
42188831,ward|ho-chi-minh|phuong-long-truong,IN_WARD
45262674,ward|ho-chi-minh|phuong-linh-xuan,IN_WARD
45239181,ward|ho-chi-minh|phuong-cau-kieu,IN_WARD
43888979,ward|ho-chi-minh|phuong-an-ong,IN_WARD
44066039,ward|ho-chi-minh|phuong-long-truong,IN_WARD
45050264,ward|ho-chi-minh|phuong-tan-tao,IN_WARD
44990569,ward|ho-chi-minh|phuong-binh-ong,IN_WARD
45251079,ward|ho-chi-minh|phuong-thoi-hoa,IN_WARD
45235483,ward|ho-chi-minh|phuong-tan-thoi-hiep,IN_WARD
45267067,ward|ho-chi-minh|phuong-linh-xuan,IN_WARD
45261487,ward|ho-chi-minh|phuong-go-vap,IN_WARD
43593699,ward|ho-chi-minh|phuong-hoa-hung,IN_WARD
44784199,ward|ho-chi-minh|phuong-an-lac,IN_WARD
44744909,ward|ho-chi-minh|phuong-an-lac,IN_WARD
45271541,ward|ho-chi-minh|xa-nha-be,IN_WARD
45007611,ward|ho-chi-minh|phuong-an-lac,IN_WARD
45083934,ward|ho-chi-minh|phuong-an-lac,IN_WARD
45189695,ward|ho-chi-minh|phuong-thu-uc,IN_WARD
45270893,ward|ho-chi-minh|xa-nha-be,IN_WARD
45261561,ward|ho-chi-minh|phuong-binh-thanh,IN_WARD
45016136,ward|ho-chi-minh|phuong-an-phu-ong,IN_WARD
45128430,ward|ho-chi-minh|phuong-ban-co,IN_WARD
45151591,ward|ho-chi-minh|phuong-cau-kieu,IN_WARD
42379055,ward|ho-chi-minh|phuong-tam-binh,IN_WARD
45190446,ward|ho-chi-minh|phuong-cau-ong-lanh,IN_WARD
45146834,ward|ho-chi-minh|phuong-an-hoi-ong,IN_WARD
45261209,ward|ho-chi-minh|phuong-tan-binh,IN_WARD
44443389,ward|ho-chi-minh|phuong-tan-son-nhi,IN_WARD
45054943,ward|ho-chi-minh|phuong-tan-my,IN_WARD
45159682,ward|ho-chi-minh|phuong-tan-thuan,IN_WARD
43906503,ward|ho-chi-minh|phuong-tan-son-nhat,IN_WARD
45270265,ward|ho-chi-minh|phuong-binh-tri-ong,IN_WARD
44150181,ward|ho-chi-minh|phuong-binh-loi-trung,IN_WARD
45004899,ward|ho-chi-minh|phuong-phu-thuan,IN_WARD
45089167,ward|ho-chi-minh|phuong-tan-inh,IN_WARD
44153316,ward|ho-chi-minh|phuong-linh-xuan,IN_WARD
45261902,ward|ho-chi-minh|phuong-phuoc-long,IN_WARD
44435880,ward|ho-chi-minh|phuong-phu-thuan,IN_WARD
43981180,ward|ho-chi-minh|phuong-nhieu-loc,IN_WARD
44951460,ward|ho-chi-minh|phuong-hiep-binh,IN_WARD
44942944,ward|ho-chi-minh|phuong-tan-hung,IN_WARD
45258990,ward|ho-chi-minh|phuong-an-hoi-tay,IN_WARD
45232770,ward|ho-chi-minh|phuong-cau-ong-lanh,IN_WARD
43832511,ward|ho-chi-minh|phuong-phu-thuan,IN_WARD
45262066,ward|ho-chi-minh|phuong-binh-loi-trung,IN_WARD
45064702,ward|ho-chi-minh|phuong-binh-hung-hoa,IN_WARD
44335025,ward|ho-chi-minh|phuong-ban-co,IN_WARD
43775873,ward|ho-chi-minh|phuong-an-ong,IN_WARD
44965701,ward|ho-chi-minh|phuong-dien-hong,IN_WARD
43172287,ward|ho-chi-minh|phuong-cho-quan,IN_WARD
44222475,ward|ho-chi-minh|phuong-nhieu-loc,IN_WARD
42806581,ward|ho-chi-minh|phuong-phu-nhuan,IN_WARD
43467650,ward|ho-chi-minh|phuong-cat-lai,IN_WARD
43903589,ward|ho-chi-minh|phuong-hoa-hung,IN_WARD
43720201,ward|ho-chi-minh|phuong-long-truong,IN_WARD
40901271,ward|ho-chi-minh|phuong-dien-hong,IN_WARD
45083831,ward|ho-chi-minh|phuong-an-lac,IN_WARD
45247724,ward|ho-chi-minh|phuong-tan-my,IN_WARD
43238341,ward|ho-chi-minh|phuong-hoa-hung,IN_WARD
42527051,ward|ho-chi-minh|phuong-dien-hong,IN_WARD
44140279,ward|ho-chi-minh|phuong-hoa-hung,IN_WARD
43931812,ward|ho-chi-minh|phuong-tan-inh,IN_WARD
43376549,ward|ho-chi-minh|phuong-ban-co,IN_WARD
44825135,ward|ho-chi-minh|phuong-ben-thanh,IN_WARD
44819746,ward|ho-chi-minh|phuong-cho-quan,IN_WARD
43598350,ward|ho-chi-minh|phuong-hoa-hung,IN_WARD
45231497,ward|ho-chi-minh|phuong-uc-nhuan,IN_WARD
45253348,ward|ho-chi-minh|phuong-go-vap,IN_WARD
44810753,ward|ho-chi-minh|phuong-long-truong,IN_WARD
44865186,ward|ho-chi-minh|phuong-binh-tri-ong,IN_WARD
44773630,ward|ho-chi-minh|phuong-tan-inh,IN_WARD
43122633,ward|ho-chi-minh|phuong-vung-tau,IN_WARD
45241403,ward|ho-chi-minh|phuong-phu-thuan,IN_WARD
45120025,ward|ho-chi-minh|phuong-an-phu-ong,IN_WARD
45076045,ward|ho-chi-minh|phuong-tan-inh,IN_WARD
45261455,ward|ho-chi-minh|phuong-bay-hien,IN_WARD
45261537,ward|ho-chi-minh|phuong-phu-nhuan,IN_WARD
45144378,ward|ho-chi-minh|phuong-long-binh,IN_WARD
44089093,ward|ho-chi-minh|xa-hiep-phuoc,IN_WARD
43452916,ward|ho-chi-minh|phuong-vuon-lai,IN_WARD
45240198,ward|ho-chi-minh|phuong-uc-nhuan,IN_WARD
44734340,ward|ho-chi-minh|phuong-xom-chieu,IN_WARD
44790560,ward|ho-chi-minh|phuong-thoi-an,IN_WARD
43419296,ward|ho-chi-minh|phuong-xuan-hoa,IN_WARD
45252887,ward|ho-chi-minh|phuong-tan-hung,IN_WARD
45251312,ward|ho-chi-minh|phuong-thoi-an,IN_WARD
45038437,ward|ho-chi-minh|phuong-long-truong,IN_WARD
44522452,ward|ho-chi-minh|xa-hiep-phuoc,IN_WARD
44593189,ward|ho-chi-minh|xa-hiep-phuoc,IN_WARD
45071210,ward|ho-chi-minh|phuong-an-phu-ong,IN_WARD
45270087,ward|ho-chi-minh|phuong-cho-quan,IN_WARD
45097287,ward|ho-chi-minh|phuong-hiep-binh,IN_WARD
45260967,ward|ho-chi-minh|phuong-bay-hien,IN_WARD
43786316,ward|ho-chi-minh|phuong-tan-binh,IN_WARD
45189282,ward|ho-chi-minh|phuong-binh-trung,IN_WARD
44958409,ward|ho-chi-minh|phuong-vung-tau,IN_WARD
45249483,ward|ho-chi-minh|phuong-vung-tau,IN_WARD
45189864,ward|ho-chi-minh|phuong-phu-nhuan,IN_WARD
41753098,ward|ho-chi-minh|phuong-phu-thuan,IN_WARD
44618700,ward|ho-chi-minh|phuong-uc-nhuan,IN_WARD
42045091,ward|ho-chi-minh|phuong-tan-son-hoa,IN_WARD
45138568,ward|ho-chi-minh|phuong-phu-thuan,IN_WARD
42666931,ward|ho-chi-minh|phuong-binh-trung,IN_WARD
44945238,ward|ho-chi-minh|xa-nha-be,IN_WARD
45246198,ward|ho-chi-minh|phuong-an-lac,IN_WARD
45238136,ward|ho-chi-minh|phuong-ban-co,IN_WARD
45256356,ward|ho-chi-minh|phuong-thong-tay-hoi,IN_WARD
45262999,ward|ho-chi-minh|phuong-tan-hung,IN_WARD
44763347,ward|ho-chi-minh|phuong-an-lac,IN_WARD
45247385,ward|ho-chi-minh|phuong-thu-uc,IN_WARD
45220146,ward|ho-chi-minh|phuong-thu-uc,IN_WARD
45220153,ward|ho-chi-minh|phuong-thu-uc,IN_WARD
45189051,ward|ho-chi-minh|phuong-thu-uc,IN_WARD
43398089,ward|ho-chi-minh|phuong-an-hoi-tay,IN_WARD
45265594,ward|ho-chi-minh|phuong-ong-hung-thuan,IN_WARD
44962033,ward|ho-chi-minh|phuong-an-lac,IN_WARD
44871367,ward|ho-chi-minh|phuong-tan-hung,IN_WARD
44018332,ward|ho-chi-minh|phuong-cho-quan,IN_WARD
43789474,ward|ho-chi-minh|phuong-tan-hung,IN_WARD
44931890,ward|ho-chi-minh|phuong-vung-tau,IN_WARD
44772974,ward|ho-chi-minh|phuong-tam-thang,IN_WARD
45251495,ward|ho-chi-minh|phuong-binh-tri-ong,IN_WARD
45265586,ward|ho-chi-minh|phuong-binh-phu,IN_WARD
45229877,ward|ho-chi-minh|phuong-thoi-hoa,IN_WARD
45228729,ward|ho-chi-minh|phuong-thoi-hoa,IN_WARD
45224442,ward|ho-chi-minh|phuong-thoi-hoa,IN_WARD
44893195,ward|ho-chi-minh|phuong-rach-dua,IN_WARD
44823131,ward|ho-chi-minh|phuong-ben-thanh,IN_WARD
43900696,ward|ho-chi-minh|phuong-ban-co,IN_WARD
43517731,ward|ho-chi-minh|phuong-hoa-hung,IN_WARD
44960399,ward|ho-chi-minh|phuong-phu-thuan,IN_WARD
44634511,ward|ho-chi-minh|phuong-vuon-lai,IN_WARD
44826909,ward|ho-chi-minh|phuong-cau-ong-lanh,IN_WARD
45178137,ward|ho-chi-minh|phuong-an-lac,IN_WARD
45270308,ward|ho-chi-minh|phuong-thoi-hoa,IN_WARD
44877964,ward|ho-chi-minh|phuong-tan-tao,IN_WARD
45223747,ward|ho-chi-minh|phuong-bay-hien,IN_WARD
45251169,ward|ho-chi-minh|phuong-vung-tau,IN_WARD
45243923,ward|ho-chi-minh|phuong-binh-loi-trung,IN_WARD
45206703,ward|ho-chi-minh|phuong-tan-son-nhat,IN_WARD
45206360,ward|ho-chi-minh|phuong-tan-son-nhat,IN_WARD
45263608,ward|ho-chi-minh|phuong-hoa-hung,IN_WARD
44829409,ward|ho-chi-minh|xa-nha-be,IN_WARD
44687572,ward|ho-chi-minh|phuong-nhieu-loc,IN_WARD
45007564,ward|ho-chi-minh|phuong-binh-tan,IN_WARD
44046412,ward|ho-chi-minh|phuong-tan-my,IN_WARD
44751278,ward|ho-chi-minh|phuong-xuan-hoa,IN_WARD
45191822,ward|ho-chi-minh|phuong-an-hoi-tay,IN_WARD
45259017,ward|ho-chi-minh|phuong-cau-kieu,IN_WARD
45155867,ward|ho-chi-minh|phuong-an-hoi-tay,IN_WARD
45260350,ward|ho-chi-minh|phuong-tan-son-hoa,IN_WARD
45252083,ward|ho-chi-minh|phuong-nhieu-loc,IN_WARD
44837428,ward|ho-chi-minh|phuong-phu-thuan,IN_WARD
44812725,ward|ho-chi-minh|phuong-an-lac,IN_WARD
45247851,ward|ho-chi-minh|phuong-vung-tau,IN_WARD
45265219,ward|ho-chi-minh|phuong-thoi-an,IN_WARD
41002296,ward|ho-chi-minh|phuong-ban-co,IN_WARD
45167074,ward|ho-chi-minh|phuong-an-lac,IN_WARD
44963337,ward|ho-chi-minh|phuong-hiep-binh,IN_WARD
40484691,ward|ho-chi-minh|xa-binh-hung,IN_WARD
45266745,ward|ho-chi-minh|phuong-thoi-an,IN_WARD
45265897,ward|ho-chi-minh|phuong-cau-kieu,IN_WARD
45257827,ward|ho-chi-minh|phuong-cau-ong-lanh,IN_WARD
42886620,ward|ho-chi-minh|phuong-phu-inh,IN_WARD
45140058,ward|ho-chi-minh|phuong-tang-nhon-phu,IN_WARD
44718946,ward|ho-chi-minh|phuong-an-hoi-ong,IN_WARD
45051736,ward|ho-chi-minh|phuong-phuoc-long,IN_WARD
44964591,ward|ho-chi-minh|phuong-phu-thuan,IN_WARD
45075183,ward|ho-chi-minh|phuong-uc-nhuan,IN_WARD
45181136,ward|ho-chi-minh|phuong-hiep-binh,IN_WARD
44468892,ward|ho-chi-minh|phuong-phuoc-thang,IN_WARD
41212871,ward|ho-chi-minh|xa-ho-tram,IN_WARD
45259507,ward|ho-chi-minh|phuong-uc-nhuan,IN_WARD
44226284,ward|ho-chi-minh|xa-hiep-phuoc,IN_WARD
45255987,ward|ho-chi-minh|phuong-thoi-hoa,IN_WARD
45259007,ward|ho-chi-minh|phuong-uc-nhuan,IN_WARD
44935139,ward|ho-chi-minh|phuong-linh-xuan,IN_WARD
45134992,ward|ho-chi-minh|phuong-tan-hung,IN_WARD
44261451,ward|ho-chi-minh|xa-hiep-phuoc,IN_WARD
45148623,ward|ho-chi-minh|phuong-vung-tau,IN_WARD
45065540,ward|ho-chi-minh|phuong-hiep-binh,IN_WARD
43821501,ward|ho-chi-minh|xa-hiep-phuoc,IN_WARD
44712145,ward|ho-chi-minh|phuong-binh-trung,IN_WARD
45264215,ward|ho-chi-minh|phuong-phuoc-long,IN_WARD
45096611,ward|ho-chi-minh|phuong-hiep-binh,IN_WARD
45269471,ward|ho-chi-minh|phuong-phu-thanh,IN_WARD
44756621,ward|ho-chi-minh|phuong-tan-son-hoa,IN_WARD
45197239,ward|ho-chi-minh|phuong-tan-my,IN_WARD
45253524,ward|ho-chi-minh|phuong-linh-xuan,IN_WARD
44448600,ward|ho-chi-minh|phuong-dien-hong,IN_WARD
44838709,ward|ho-chi-minh|phuong-vuon-lai,IN_WARD
42298790,ward|ho-chi-minh|phuong-xuan-hoa,IN_WARD
45052349,ward|ho-chi-minh|phuong-cau-ong-lanh,IN_WARD
42539528,ward|ho-chi-minh|phuong-vung-tau,IN_WARD
45260718,ward|ho-chi-minh|phuong-phu-thuan,IN_WARD
45269276,ward|ho-chi-minh|phuong-phu-inh,IN_WARD
45265683,ward|ho-chi-minh|phuong-phu-tho-hoa,IN_WARD
44909045,ward|ho-chi-minh|phuong-vuon-lai,IN_WARD
45268965,ward|ho-chi-minh|xa-nha-be,IN_WARD
43115714,ward|ho-chi-minh|xa-ba-iem,IN_WARD
45198685,ward|ho-chi-minh|phuong-vuon-lai,IN_WARD
45054263,ward|ho-chi-minh|xa-nha-be,IN_WARD
39387596,ward|ho-chi-minh|phuong-long-phuoc,IN_WARD
45125918,ward|ho-chi-minh|phuong-binh-trung,IN_WARD
44241399,ward|ho-chi-minh|phuong-an-lac,IN_WARD
44477261,ward|ho-chi-minh|phuong-long-truong,IN_WARD
44597730,ward|ho-chi-minh|xa-hiep-phuoc,IN_WARD
45050256,ward|ho-chi-minh|phuong-go-vap,IN_WARD
44570832,ward|ho-chi-minh|xa-hiep-phuoc,IN_WARD
45082533,ward|ho-chi-minh|phuong-uc-nhuan,IN_WARD
44871874,ward|ho-chi-minh|phuong-binh-loi-trung,IN_WARD
45187163,ward|ho-chi-minh|phuong-vung-tau,IN_WARD
45201015,ward|ho-chi-minh|xa-nha-be,IN_WARD
45159575,ward|ho-chi-minh|xa-nha-be,IN_WARD
44936128,ward|ho-chi-minh|phuong-thu-uc,IN_WARD
45036689,ward|ho-chi-minh|phuong-phu-nhuan,IN_WARD
44939112,ward|ho-chi-minh|phuong-phu-nhuan,IN_WARD
44798297,ward|ho-chi-minh|phuong-an-lac,IN_WARD
44242335,ward|ho-chi-minh|phuong-dien-hong,IN_WARD
44053901,ward|ho-chi-minh|phuong-cho-quan,IN_WARD
43459744,ward|ho-chi-minh|phuong-nhieu-loc,IN_WARD
43152347,ward|ho-chi-minh|phuong-phuoc-long,IN_WARD
43258837,ward|ho-chi-minh|phuong-ban-co,IN_WARD
45237993,ward|ho-chi-minh|phuong-tan-inh,IN_WARD
43110040,ward|ho-chi-minh|phuong-an-lac,IN_WARD
44966803,ward|ho-chi-minh|phuong-an-lac,IN_WARD
44867301,ward|ho-chi-minh|phuong-binh-loi-trung,IN_WARD
45157460,ward|ho-chi-minh|phuong-thu-uc,IN_WARD
44952277,ward|ho-chi-minh|phuong-tay-thanh,IN_WARD
45251488,ward|ho-chi-minh|phuong-rach-dua,IN_WARD
45128578,ward|ho-chi-minh|xa-nha-be,IN_WARD
45070876,ward|ho-chi-minh|phuong-linh-xuan,IN_WARD
45253987,ward|ho-chi-minh|phuong-phuoc-long,IN_WARD
44810953,ward|ho-chi-minh|xa-ba-iem,IN_WARD
44914549,ward|ho-chi-minh|phuong-tam-thang,IN_WARD
45251420,ward|ho-chi-minh|phuong-tam-thang,IN_WARD
45077787,ward|ho-chi-minh|phuong-phu-thanh,IN_WARD
43544584,ward|ho-chi-minh|phuong-binh-thanh,IN_WARD
44976353,ward|ho-chi-minh|phuong-thoi-an,IN_WARD
43612771,ward|ho-chi-minh|phuong-tan-binh,IN_WARD
45237440,ward|ho-chi-minh|phuong-thuan-giao,IN_WARD
45139147,ward|ho-chi-minh|phuong-tan-son-nhi,IN_WARD
45256975,ward|ho-chi-minh|phuong-an-hoi-tay,IN_WARD
45141560,ward|ho-chi-minh|phuong-an-lac,IN_WARD
45154817,ward|ho-chi-minh|phuong-phu-thanh,IN_WARD
44953962,ward|ho-chi-minh|phuong-tang-nhon-phu,IN_WARD
44469361,ward|ho-chi-minh|phuong-long-binh,IN_WARD
44994255,ward|ho-chi-minh|phuong-cau-kieu,IN_WARD
45264351,ward|ho-chi-minh|phuong-uc-nhuan,IN_WARD
45259731,ward|ho-chi-minh|phuong-thu-uc,IN_WARD
45183606,ward|ho-chi-minh|phuong-tang-nhon-phu,IN_WARD
45265156,ward|ho-chi-minh|phuong-long-truong,IN_WARD
45056721,ward|ho-chi-minh|phuong-tan-son-nhi,IN_WARD
44334211,ward|ho-chi-minh|xa-nha-be,IN_WARD
45162550,ward|ho-chi-minh|phuong-tam-thang,IN_WARD
45222776,ward|ho-chi-minh|phuong-tam-thang,IN_WARD
45268380,ward|ho-chi-minh|phuong-tan-thuan,IN_WARD
45125514,ward|ho-chi-minh|xa-nha-be,IN_WARD
45090623,ward|ho-chi-minh|phuong-binh-thanh,IN_WARD
44998731,ward|ho-chi-minh|phuong-thanh-my-tay,IN_WARD
45256036,ward|ho-chi-minh|xa-nha-be,IN_WARD
44101006,ward|ho-chi-minh|phuong-uc-nhuan,IN_WARD
44826933,ward|ho-chi-minh|phuong-binh-trung,IN_WARD
45253260,ward|ho-chi-minh|xa-nha-be,IN_WARD
44871995,ward|ho-chi-minh|phuong-gia-inh,IN_WARD
45267919,ward|ho-chi-minh|phuong-tan-thuan,IN_WARD
45256662,ward|ho-chi-minh|xa-nha-be,IN_WARD
45249214,ward|ho-chi-minh|phuong-khanh-hoi,IN_WARD
45264890,ward|ho-chi-minh|phuong-binh-tri-ong,IN_WARD
43411719,ward|ho-chi-minh|phuong-gia-inh,IN_WARD
44952474,ward|ho-chi-minh|phuong-binh-phu,IN_WARD
45266718,ward|ho-chi-minh|phuong-cau-kieu,IN_WARD
45269042,ward|ho-chi-minh|phuong-thong-tay-hoi,IN_WARD
44974281,ward|ho-chi-minh|phuong-tan-hung,IN_WARD
45201395,ward|ho-chi-minh|xa-hiep-phuoc,IN_WARD
44146411,ward|ho-chi-minh|phuong-tam-thang,IN_WARD
45266757,ward|ho-chi-minh|phuong-uc-nhuan,IN_WARD
45259366,ward|ho-chi-minh|xa-nha-be,IN_WARD
43136703,ward|ho-chi-minh|phuong-phu-thuan,IN_WARD
44908692,ward|ho-chi-minh|phuong-tan-hung,IN_WARD
44490870,ward|ho-chi-minh|phuong-tan-son-nhat,IN_WARD
44930313,ward|ho-chi-minh|phuong-vuon-lai,IN_WARD
45269189,ward|ho-chi-minh|phuong-binh-tri-ong,IN_WARD
45058103,ward|ho-chi-minh|phuong-thu-uc,IN_WARD
45263200,ward|ho-chi-minh|phuong-tang-nhon-phu,IN_WARD
45166701,ward|ho-chi-minh|phuong-tang-nhon-phu,IN_WARD
45137052,ward|ho-chi-minh|xa-at-o,IN_WARD
45131129,ward|ho-chi-minh|phuong-phu-inh,IN_WARD
45126932,ward|ho-chi-minh|phuong-phu-thuan,IN_WARD
45243290,ward|ho-chi-minh|phuong-tang-nhon-phu,IN_WARD
44925164,ward|ho-chi-minh|phuong-phu-lam,IN_WARD
45269300,ward|ho-chi-minh|phuong-binh-tan,IN_WARD
43662693,ward|ho-chi-minh|phuong-phu-inh,IN_WARD
45169945,ward|ho-chi-minh|phuong-phu-inh,IN_WARD
44867307,ward|ho-chi-minh|phuong-uc-nhuan,IN_WARD
45142630,ward|ho-chi-minh|phuong-binh-phu,IN_WARD
44971549,ward|ho-chi-minh|phuong-cat-lai,IN_WARD
45253141,ward|ho-chi-minh|xa-nha-be,IN_WARD
45253417,ward|ho-chi-minh|xa-nha-be,IN_WARD
45257227,ward|ho-chi-minh|phuong-phuoc-long,IN_WARD
45245534,ward|ho-chi-minh|phuong-tan-thuan,IN_WARD
45232260,ward|ho-chi-minh|phuong-binh-thanh,IN_WARD
45246980,ward|ho-chi-minh|phuong-thanh-my-tay,IN_WARD
41340827,ward|ho-chi-minh|phuong-phu-thuan,IN_WARD
41851869,ward|ho-chi-minh|phuong-phu-thuan,IN_WARD
42006475,ward|ho-chi-minh|phuong-phu-thuan,IN_WARD
43554175,ward|ho-chi-minh|xa-nha-be,IN_WARD
44420531,ward|ho-chi-minh|xa-nha-be,IN_WARD
44175755,ward|ho-chi-minh|xa-nha-be,IN_WARD
45108824,ward|ho-chi-minh|phuong-cau-ong-lanh,IN_WARD
44959043,ward|ho-chi-minh|phuong-cau-ong-lanh,IN_WARD
44588604,ward|ho-chi-minh|phuong-tan-son-nhat,IN_WARD
44872005,ward|ho-chi-minh|phuong-cau-ong-lanh,IN_WARD
43734431,ward|ho-chi-minh|xa-tan-nhut,IN_WARD
43471444,ward|ho-chi-minh|phuong-cau-ong-lanh,IN_WARD
43683976,ward|ho-chi-minh|phuong-nhieu-loc,IN_WARD
45186591,ward|ho-chi-minh|phuong-tay-thanh,IN_WARD
43684191,ward|ho-chi-minh|phuong-dien-hong,IN_WARD
42764854,ward|ho-chi-minh|phuong-hoa-hung,IN_WARD
43676269,ward|ho-chi-minh|phuong-nhieu-loc,IN_WARD
44218641,ward|ho-chi-minh|phuong-tan-son-nhi,IN_WARD
45265794,ward|ho-chi-minh|phuong-binh-loi-trung,IN_WARD
39919262,ward|ho-chi-minh|phuong-hoa-hung,IN_WARD
45025327,ward|ho-chi-minh|phuong-cau-kieu,IN_WARD
45025194,ward|ho-chi-minh|phuong-phu-nhuan,IN_WARD
45024824,ward|ho-chi-minh|phuong-uc-nhuan,IN_WARD
45021580,ward|ho-chi-minh|phuong-cau-kieu,IN_WARD
45016800,ward|ho-chi-minh|phuong-uc-nhuan,IN_WARD
43161586,ward|ho-chi-minh|phuong-hoa-binh,IN_WARD
45250656,ward|ho-chi-minh|phuong-binh-tri-ong,IN_WARD
45268404,ward|ho-chi-minh|phuong-phu-thuan,IN_WARD
45074852,ward|ho-chi-minh|phuong-khanh-hoi,IN_WARD
45054302,ward|ho-chi-minh|phuong-binh-ong,IN_WARD
45263838,ward|ho-chi-minh|phuong-an-lac,IN_WARD
45088221,ward|ho-chi-minh|phuong-long-truong,IN_WARD
45267558,ward|ho-chi-minh|phuong-phu-nhuan,IN_WARD
44418681,ward|ho-chi-minh|phuong-tan-son-nhat,IN_WARD
44538130,ward|ho-chi-minh|phuong-binh-loi-trung,IN_WARD
42807823,ward|ho-chi-minh|phuong-vung-tau,IN_WARD
45256146,ward|ho-chi-minh|phuong-binh-tri-ong,IN_WARD
43317208,ward|ho-chi-minh|phuong-dien-hong,IN_WARD
45256237,ward|ho-chi-minh|phuong-binh-hung-hoa,IN_WARD
44877579,ward|ho-chi-minh|xa-nha-be,IN_WARD
45211803,ward|ho-chi-minh|phuong-dien-hong,IN_WARD
45249921,ward|ho-chi-minh|phuong-sai-gon,IN_WARD
45203010,ward|ho-chi-minh|phuong-an-hoi-tay,IN_WARD
45158046,ward|ho-chi-minh|phuong-an-hoi-tay,IN_WARD
44732090,ward|ho-chi-minh|phuong-phu-thuan,IN_WARD
45078115,ward|ho-chi-minh|phuong-hoa-hung,IN_WARD
45144247,ward|ho-chi-minh|phuong-thong-tay-hoi,IN_WARD
45231927,ward|ho-chi-minh|phuong-phu-thuan,IN_WARD
44506557,ward|ho-chi-minh|phuong-tan-binh,IN_WARD
44597054,ward|ho-chi-minh|phuong-vuon-lai,IN_WARD
45266775,ward|ho-chi-minh|phuong-uc-nhuan,IN_WARD
42155983,ward|ho-chi-minh|phuong-tan-son-nhat,IN_WARD
44125126,ward|ho-chi-minh|xa-hiep-phuoc,IN_WARD
45237769,ward|ho-chi-minh|phuong-tan-inh,IN_WARD
45266517,ward|ho-chi-minh|phuong-phuoc-long,IN_WARD
45267284,ward|ho-chi-minh|phuong-hoa-binh,IN_WARD
45215573,ward|ho-chi-minh|phuong-tang-nhon-phu,IN_WARD
44743670,ward|ho-chi-minh|phuong-an-lac,IN_WARD
44650774,ward|ho-chi-minh|xa-nha-be,IN_WARD
44947505,ward|ho-chi-minh|xa-nha-be,IN_WARD
44962142,ward|ho-chi-minh|xa-nha-be,IN_WARD
45241427,ward|ho-chi-minh|xa-nha-be,IN_WARD
44798739,ward|ho-chi-minh|phuong-tan-hung,IN_WARD
45234228,ward|ho-chi-minh|xa-nha-be,IN_WARD
45240961,ward|ho-chi-minh|xa-nha-be,IN_WARD
45054497,ward|ho-chi-minh|xa-nha-be,IN_WARD
40691400,ward|ho-chi-minh|phuong-phu-tho,IN_WARD
44477502,ward|ho-chi-minh|xa-nha-be,IN_WARD
44783756,ward|ho-chi-minh|xa-nha-be,IN_WARD
44068847,ward|ho-chi-minh|xa-nha-be,IN_WARD
44870671,ward|ho-chi-minh|xa-nha-be,IN_WARD
44955264,ward|ho-chi-minh|xa-nha-be,IN_WARD
45173815,ward|ho-chi-minh|phuong-tan-hung,IN_WARD
45256244,ward|ho-chi-minh|phuong-tan-son-nhat,IN_WARD
45257726,ward|ho-chi-minh|phuong-chanh-hung,IN_WARD
45256250,ward|ho-chi-minh|phuong-binh-tri-ong,IN_WARD
45255223,ward|ho-chi-minh|phuong-hoa-hung,IN_WARD
44745637,ward|ho-chi-minh|phuong-xuan-hoa,IN_WARD
45067608,ward|ho-chi-minh|phuong-tan-inh,IN_WARD
44807125,ward|ho-chi-minh|phuong-ben-thanh,IN_WARD
45183992,ward|ho-chi-minh|phuong-tang-nhon-phu,IN_WARD
45257346,ward|ho-chi-minh|phuong-thoi-an,IN_WARD
44578203,ward|ho-chi-minh|phuong-phu-thuan,IN_WARD
45241057,ward|ho-chi-minh|phuong-tan-my,IN_WARD
45128273,ward|ho-chi-minh|phuong-tan-hung,IN_WARD
45233537,ward|ho-chi-minh|phuong-phu-thuan,IN_WARD
45088537,ward|ho-chi-minh|phuong-phu-thuan,IN_WARD
44837561,ward|ho-chi-minh|phuong-tan-hung,IN_WARD
44958250,ward|ho-chi-minh|phuong-phu-thuan,IN_WARD
41315903,ward|ho-chi-minh|phuong-phu-thuan,IN_WARD
45263812,ward|ho-chi-minh|phuong-binh-trung,IN_WARD
44475272,ward|ho-chi-minh|phuong-long-binh,IN_WARD
45257711,ward|ho-chi-minh|phuong-binh-tri-ong,IN_WARD
45216160,ward|ho-chi-minh|phuong-ben-thanh,IN_WARD
44958480,ward|ho-chi-minh|phuong-tan-hung,IN_WARD
45255630,ward|ho-chi-minh|phuong-phu-tho-hoa,IN_WARD
45255392,ward|ho-chi-minh|phuong-phu-tho-hoa,IN_WARD
45258179,ward|ho-chi-minh|phuong-binh-ong,IN_WARD
44385645,ward|ho-chi-minh|xa-hiep-phuoc,IN_WARD
45268305,ward|ho-chi-minh|phuong-phu-thanh,IN_WARD
45268290,ward|ho-chi-minh|phuong-tan-son-nhi,IN_WARD
44673778,ward|ho-chi-minh|phuong-khanh-hoi,IN_WARD
45267186,ward|ho-chi-minh|phuong-tan-son-nhi,IN_WARD
44971187,ward|ho-chi-minh|xa-hiep-phuoc,IN_WARD
45255012,ward|ho-chi-minh|phuong-thoi-an,IN_WARD
44466877,ward|ho-chi-minh|phuong-tan-son,IN_WARD
45213093,ward|ho-chi-minh|xa-nha-be,IN_WARD
45260759,ward|ho-chi-minh|phuong-tay-thanh,IN_WARD
44620727,ward|ho-chi-minh|xa-binh-loi,IN_WARD
45207563,ward|ho-chi-minh|phuong-tang-nhon-phu,IN_WARD
44895620,ward|ho-chi-minh|phuong-gia-inh,IN_WARD
43634809,ward|ho-chi-minh|phuong-phu-inh,IN_WARD
44112412,ward|ho-chi-minh|phuong-ben-thanh,IN_WARD
44421523,ward|ho-chi-minh|phuong-tan-son,IN_WARD
43981027,ward|ho-chi-minh|phuong-phu-tho-hoa,IN_WARD
45267976,ward|ho-chi-minh|phuong-an-hoi-ong,IN_WARD
45068527,ward|ho-chi-minh|phuong-tan-hung,IN_WARD
44430840,ward|ho-chi-minh|phuong-tan-inh,IN_WARD
44550792,ward|ho-chi-minh|xa-hiep-phuoc,IN_WARD
45166768,ward|ho-chi-minh|phuong-tang-nhon-phu,IN_WARD
44635628,ward|ho-chi-minh|xa-hiep-phuoc,IN_WARD
44826298,ward|ho-chi-minh|phuong-ong-hung-thuan,IN_WARD
45232601,ward|ho-chi-minh|phuong-thong-tay-hoi,IN_WARD
45255721,ward|ho-chi-minh|phuong-phu-thanh,IN_WARD
45256231,ward|ho-chi-minh|phuong-binh-tri-ong,IN_WARD
44378630,ward|ho-chi-minh|xa-hiep-phuoc,IN_WARD
45267208,ward|ho-chi-minh|phuong-an-hoi-ong,IN_WARD
45016734,ward|ho-chi-minh|phuong-an-phu-ong,IN_WARD
44772828,ward|ho-chi-minh|phuong-ong-hung-thuan,IN_WARD
44870510,ward|ho-chi-minh|phuong-vuon-lai,IN_WARD
45210970,ward|ho-chi-minh|phuong-long-binh,IN_WARD
42587414,ward|ho-chi-minh|xa-nha-be,IN_WARD
44572247,ward|ho-chi-minh|xa-hiep-phuoc,IN_WARD
45263889,ward|ho-chi-minh|phuong-tam-thang,IN_WARD
45065899,ward|ho-chi-minh|phuong-long-binh,IN_WARD
45054228,ward|ho-chi-minh|xa-nha-be,IN_WARD
44755193,ward|ho-chi-minh|phuong-hoa-hung,IN_WARD
45250288,ward|ho-chi-minh|phuong-ben-thanh,IN_WARD
45263618,ward|ho-chi-minh|phuong-phu-thanh,IN_WARD
44714166,ward|ho-chi-minh|phuong-xom-chieu,IN_WARD
44393683,ward|ho-chi-minh|phuong-tan-son,IN_WARD
45176415,ward|ho-chi-minh|phuong-tan-inh,IN_WARD
45200975,ward|ho-chi-minh|xa-nha-be,IN_WARD
44023375,ward|ho-chi-minh|xa-nha-be,IN_WARD
45169295,ward|ho-chi-minh|xa-nha-be,IN_WARD
44739249,ward|ho-chi-minh|xa-nha-be,IN_WARD
44432789,ward|ho-chi-minh|phuong-tan-son-hoa,IN_WARD
43705497,ward|ho-chi-minh|phuong-tan-inh,IN_WARD
45132834,ward|ho-chi-minh|phuong-an-lac,IN_WARD
44986073,ward|ho-chi-minh|phuong-phuoc-long,IN_WARD
44738219,ward|ho-chi-minh|xa-nha-be,IN_WARD
44558312,ward|ho-chi-minh|phuong-tan-thuan,IN_WARD
44558218,ward|ho-chi-minh|phuong-tan-thuan,IN_WARD
44523302,ward|ho-chi-minh|phuong-tan-hung,IN_WARD
44014149,ward|ho-chi-minh|xa-nha-be,IN_WARD
45007922,ward|ho-chi-minh|phuong-tang-nhon-phu,IN_WARD
44940395,ward|ho-chi-minh|xa-hiep-phuoc,IN_WARD
45248809,ward|ho-chi-minh|phuong-tan-son,IN_WARD
45255784,ward|ho-chi-minh|phuong-phu-thanh,IN_WARD
40513465,ward|ho-chi-minh|xa-nha-be,IN_WARD
45052563,ward|ho-chi-minh|phuong-an-khanh,IN_WARD
44961052,ward|ho-chi-minh|phuong-an-lac,IN_WARD
45267089,ward|ho-chi-minh|phuong-an-hoi-tay,IN_WARD
44455660,ward|ho-chi-minh|phuong-tam-binh,IN_WARD
45252189,ward|ho-chi-minh|phuong-an-hoi-ong,IN_WARD
44745552,ward|ho-chi-minh|phuong-xuan-hoa,IN_WARD
45264249,ward|ho-chi-minh|phuong-phu-thuan,IN_WARD
45258521,ward|ho-chi-minh|phuong-thanh-my-tay,IN_WARD
45251031,ward|ho-chi-minh|phuong-an-hoi-tay,IN_WARD
44717979,ward|ho-chi-minh|phuong-tan-binh,IN_WARD
45268387,ward|ho-chi-minh|phuong-thanh-my-tay,IN_WARD
43232221,ward|ho-chi-minh|phuong-hiep-binh,IN_WARD
44920655,ward|ho-chi-minh|phuong-ban-co,IN_WARD
45143438,ward|ho-chi-minh|phuong-tan-thuan,IN_WARD
45117201,ward|ho-chi-minh|phuong-tang-nhon-phu,IN_WARD
45148338,ward|ho-chi-minh|phuong-tang-nhon-phu,IN_WARD
45177268,ward|ho-chi-minh|phuong-binh-trung,IN_WARD
45205679,ward|ho-chi-minh|phuong-vinh-hoi,IN_WARD
45250379,ward|ho-chi-minh|phuong-bay-hien,IN_WARD
45137354,ward|ho-chi-minh|phuong-an-hoi-tay,IN_WARD
45109121,ward|ho-chi-minh|phuong-thoi-an,IN_WARD
42177453,ward|ho-chi-minh|phuong-phuoc-thang,IN_WARD
45230396,ward|ho-chi-minh|phuong-binh-trung,IN_WARD
43357553,ward|ho-chi-minh|phuong-cau-kieu,IN_WARD
45158956,ward|ho-chi-minh|phuong-phu-nhuan,IN_WARD
45158802,ward|ho-chi-minh|phuong-cau-kieu,IN_WARD
45184555,ward|ho-chi-minh|phuong-cau-kieu,IN_WARD
45184505,ward|ho-chi-minh|phuong-binh-thanh,IN_WARD
45184445,ward|ho-chi-minh|phuong-hanh-thong,IN_WARD
45025690,ward|ho-chi-minh|phuong-thanh-my-tay,IN_WARD
45159585,ward|ho-chi-minh|phuong-hanh-thong,IN_WARD
45025539,ward|ho-chi-minh|phuong-binh-loi-trung,IN_WARD
44735546,ward|ho-chi-minh|phuong-long-phuoc,IN_WARD
45196397,ward|ho-chi-minh|phuong-vung-tau,IN_WARD
43989563,ward|ho-chi-minh|phuong-gia-inh,IN_WARD
44488372,ward|ho-chi-minh|phuong-phuoc-long,IN_WARD
45101997,ward|ho-chi-minh|phuong-binh-trung,IN_WARD
45102022,ward|ho-chi-minh|phuong-an-hoi-tay,IN_WARD
45137798,ward|ho-chi-minh|phuong-tan-tao,IN_WARD
44348441,ward|ho-chi-minh|phuong-hiep-binh,IN_WARD
45183034,ward|ho-chi-minh|phuong-cau-kieu,IN_WARD
45177900,ward|ho-chi-minh|phuong-hanh-thong,IN_WARD
44558909,ward|ho-chi-minh|phuong-tan-binh,IN_WARD
45128308,ward|ho-chi-minh|phuong-tan-thuan,IN_WARD
44909325,ward|ho-chi-minh|phuong-tan-thuan,IN_WARD
44087696,ward|ho-chi-minh|phuong-tan-thuan,IN_WARD
43229879,ward|ho-chi-minh|phuong-tan-binh,IN_WARD
43817305,ward|ho-chi-minh|phuong-bay-hien,IN_WARD
45152695,ward|ho-chi-minh|phuong-tan-inh,IN_WARD
40503409,ward|ho-chi-minh|phuong-tan-son-nhat,IN_WARD
43686285,ward|ho-chi-minh|phuong-tan-son-nhat,IN_WARD
45191212,ward|ho-chi-minh|xa-hiep-phuoc,IN_WARD
44599657,ward|ho-chi-minh|phuong-tan-hoa,IN_WARD
44326273,ward|ho-chi-minh|phuong-phu-inh,IN_WARD
45235052,ward|ho-chi-minh|phuong-an-lac,IN_WARD
45233151,ward|ho-chi-minh|phuong-hanh-thong,IN_WARD
45246054,ward|ho-chi-minh|phuong-linh-xuan,IN_WARD
44947883,ward|ho-chi-minh|phuong-cau-kieu,IN_WARD
44635188,ward|ho-chi-minh|phuong-xuan-hoa,IN_WARD
45117835,ward|ho-chi-minh|phuong-binh-hung-hoa,IN_WARD
45213691,ward|ho-chi-minh|phuong-binh-hung-hoa,IN_WARD
44233616,ward|ho-chi-minh|phuong-hoa-hung,IN_WARD
44797709,ward|ho-chi-minh|xa-nha-be,IN_WARD
41770473,ward|ho-chi-minh|phuong-phu-thuan,IN_WARD
44797734,ward|ho-chi-minh|xa-nha-be,IN_WARD
43697094,ward|ho-chi-minh|xa-nha-be,IN_WARD
43197023,ward|ho-chi-minh|xa-nha-be,IN_WARD
45119935,ward|ho-chi-minh|phuong-go-vap,IN_WARD
44487580,ward|ho-chi-minh|phuong-ong-hoa,IN_WARD
44901153,ward|ho-chi-minh|phuong-nhieu-loc,IN_WARD
43732616,ward|ho-chi-minh|phuong-dien-hong,IN_WARD
45114829,ward|ho-chi-minh|phuong-hoa-hung,IN_WARD
44959314,ward|ho-chi-minh|phuong-an-khanh,IN_WARD
44059773,ward|ho-chi-minh|phuong-hoa-hung,IN_WARD
45232122,ward|ho-chi-minh|phuong-thong-tay-hoi,IN_WARD
45128667,ward|ho-chi-minh|phuong-phu-inh,IN_WARD
44819431,ward|ho-chi-minh|phuong-phu-inh,IN_WARD
44872041,ward|ho-chi-minh|phuong-go-vap,IN_WARD
45047881,ward|ho-chi-minh|phuong-tan-tao,IN_WARD
44713249,ward|ho-chi-minh|phuong-dien-hong,IN_WARD
44345057,ward|ho-chi-minh|phuong-ben-thanh,IN_WARD
44965275,ward|ho-chi-minh|phuong-hoa-hung,IN_WARD
44966659,ward|ho-chi-minh|phuong-cau-kieu,IN_WARD
44620331,ward|ho-chi-minh|xa-tru-van-tho,IN_WARD
44690439,ward|ho-chi-minh|xa-tru-van-tho,IN_WARD
45162192,ward|ho-chi-minh|phuong-ong-hoa,IN_WARD
44829093,ward|ho-chi-minh|phuong-cho-quan,IN_WARD
45157462,ward|ho-chi-minh|phuong-tan-inh,IN_WARD
44913725,ward|ho-chi-minh|phuong-cho-quan,IN_WARD
44445558,ward|ho-chi-minh|phuong-tan-son-hoa,IN_WARD
44727477,ward|ho-chi-minh|phuong-linh-xuan,IN_WARD
44585936,ward|ho-chi-minh|phuong-binh-hung-hoa,IN_WARD
45141155,ward|ho-chi-minh|phuong-phu-inh,IN_WARD
44879590,ward|ho-chi-minh|phuong-phu-inh,IN_WARD
45101515,ward|ho-chi-minh|phuong-xom-chieu,IN_WARD
44793585,ward|ho-chi-minh|phuong-tan-son-hoa,IN_WARD
45141065,ward|ho-chi-minh|xa-hiep-phuoc,IN_WARD
43887600,ward|ho-chi-minh|phuong-phu-thuan,IN_WARD
44582802,ward|ho-chi-minh|phuong-phu-thuan,IN_WARD
45056889,ward|ho-chi-minh|phuong-gia-inh,IN_WARD
44756981,ward|ho-chi-minh|phuong-tan-son,IN_WARD
44059221,ward|ho-chi-minh|phuong-hoa-hung,IN_WARD
43713934,ward|ho-chi-minh|phuong-phu-tho,IN_WARD
44372316,ward|ho-chi-minh|phuong-tan-thuan,IN_WARD
45127270,ward|ho-chi-minh|phuong-an-phu-ong,IN_WARD
44773246,ward|ho-chi-minh|phuong-tan-son-nhat,IN_WARD
43973754,ward|ho-chi-minh|phuong-tan-hoa,IN_WARD
44531779,ward|ho-chi-minh|phuong-hiep-binh,IN_WARD
45130115,ward|ho-chi-minh|phuong-khanh-hoi,IN_WARD
45093806,ward|ho-chi-minh|phuong-tan-inh,IN_WARD
45237772,ward|ho-chi-minh|phuong-tan-son-nhat,IN_WARD
45239592,ward|ho-chi-minh|phuong-binh-loi-trung,IN_WARD
42972398,ward|ho-chi-minh|phuong-an-lac,IN_WARD
43824759,ward|ho-chi-minh|phuong-binh-thanh,IN_WARD
44884865,ward|ho-chi-minh|phuong-vuon-lai,IN_WARD
44059695,ward|ho-chi-minh|phuong-hoa-hung,IN_WARD
43017696,ward|ho-chi-minh|phuong-hoa-hung,IN_WARD
44854900,ward|ho-chi-minh|phuong-tan-hung,IN_WARD
44905790,ward|ho-chi-minh|phuong-tan-hung,IN_WARD
45019913,ward|ho-chi-minh|phuong-an-lac,IN_WARD
45025478,ward|ho-chi-minh|phuong-binh-phu,IN_WARD
45264187,ward|ho-chi-minh|phuong-binh-loi-trung,IN_WARD
45160107,ward|ho-chi-minh|phuong-tan-son-hoa,IN_WARD
44390382,ward|ho-chi-minh|phuong-an-phu-ong,IN_WARD
44596070,ward|ho-chi-minh|phuong-binh-thanh,IN_WARD
44098771,ward|ho-chi-minh|phuong-hoa-hung,IN_WARD
45088511,ward|ho-chi-minh|phuong-tan-son-nhi,IN_WARD
44161504,ward|ho-chi-minh|phuong-an-khanh,IN_WARD
44984143,ward|ho-chi-minh|phuong-chanh-hung,IN_WARD
45186557,ward|ho-chi-minh|phuong-an-lac,IN_WARD
41019599,ward|ho-chi-minh|phuong-phuoc-thang,IN_WARD
44784242,ward|ho-chi-minh|phuong-phu-nhuan,IN_WARD
44487371,ward|ho-chi-minh|phuong-tan-thuan,IN_WARD
45010087,ward|ho-chi-minh|phuong-binh-thanh,IN_WARD
44460227,ward|ho-chi-minh|phuong-binh-thanh,IN_WARD
44971134,ward|ho-chi-minh|phuong-thanh-my-tay,IN_WARD
44884297,ward|ho-chi-minh|phuong-tan-hung,IN_WARD
44425728,ward|ho-chi-minh|phuong-thoi-hoa,IN_WARD
44754807,ward|ho-chi-minh|phuong-tan-inh,IN_WARD
45114937,ward|ho-chi-minh|phuong-thu-uc,IN_WARD
44992813,ward|ho-chi-minh|phuong-gia-inh,IN_WARD
45137965,ward|ho-chi-minh|phuong-tan-son-nhi,IN_WARD
44833225,ward|ho-chi-minh|phuong-xuan-hoa,IN_WARD
45105861,ward|ho-chi-minh|phuong-tan-inh,IN_WARD
45155379,ward|ho-chi-minh|phuong-cat-lai,IN_WARD
45149575,ward|ho-chi-minh|phuong-cat-lai,IN_WARD
44963047,ward|ho-chi-minh|xa-tan-vinh-loc,IN_WARD
45140583,ward|ho-chi-minh|xa-nha-be,IN_WARD
45250023,ward|ho-chi-minh|phuong-an-lac,IN_WARD
45254655,ward|ho-chi-minh|phuong-gia-inh,IN_WARD
45247769,ward|ho-chi-minh|xa-vinh-loc,IN_WARD
44995869,ward|ho-chi-minh|xa-nha-be,IN_WARD
44652527,ward|ho-chi-minh|phuong-binh-tri-ong,IN_WARD
45212157,ward|ho-chi-minh|phuong-thong-tay-hoi,IN_WARD
44389301,ward|ho-chi-minh|phuong-ban-co,IN_WARD
43928437,ward|ho-chi-minh|phuong-tan-inh,IN_WARD
45011234,ward|ho-chi-minh|phuong-thong-tay-hoi,IN_WARD
45005393,ward|ho-chi-minh|phuong-hanh-thong,IN_WARD
43585255,ward|ho-chi-minh|phuong-dien-hong,IN_WARD
44885592,ward|ho-chi-minh|xa-nha-be,IN_WARD
45248570,ward|ho-chi-minh|phuong-tan-tao,IN_WARD
44812705,ward|ho-chi-minh|phuong-an-lac,IN_WARD
45106540,ward|ho-chi-minh|phuong-phu-thuan,IN_WARD
45250342,ward|ho-chi-minh|phuong-binh-tri-ong,IN_WARD
45254675,ward|ho-chi-minh|phuong-tan-tao,IN_WARD
45132591,ward|ho-chi-minh|phuong-thong-tay-hoi,IN_WARD
45248004,ward|ho-chi-minh|phuong-tan-tao,IN_WARD
44857911,ward|ho-chi-minh|phuong-phu-thuan,IN_WARD
44125406,ward|ho-chi-minh|phuong-binh-thanh,IN_WARD
45227685,ward|ho-chi-minh|phuong-binh-loi-trung,IN_WARD
44973672,ward|ho-chi-minh|phuong-binh-thanh,IN_WARD
45237438,ward|ho-chi-minh|phuong-go-vap,IN_WARD
45059567,ward|ho-chi-minh|phuong-dien-hong,IN_WARD
44926293,ward|ho-chi-minh|phuong-ban-co,IN_WARD
44888767,ward|ho-chi-minh|phuong-hoa-hung,IN_WARD
45047879,ward|ho-chi-minh|phuong-phu-tho,IN_WARD
44959298,ward|ho-chi-minh|phuong-hoa-hung,IN_WARD
43900905,ward|ho-chi-minh|phuong-hoa-hung,IN_WARD
44807149,ward|ho-chi-minh|phuong-gia-inh,IN_WARD
44827098,ward|ho-chi-minh|phuong-cau-ong-lanh,IN_WARD
45025878,ward|ho-chi-minh|phuong-gia-inh,IN_WARD
44653894,ward|ho-chi-minh|phuong-binh-loi-trung,IN_WARD
44823393,ward|ho-chi-minh|phuong-ben-thanh,IN_WARD
44495738,ward|ho-chi-minh|phuong-rach-dua,IN_WARD
43727121,ward|ho-chi-minh|phuong-thanh-my-tay,IN_WARD
44619715,ward|ho-chi-minh|phuong-an-phu-ong,IN_WARD
45250648,ward|ho-chi-minh|phuong-go-vap,IN_WARD
44713426,ward|ho-chi-minh|phuong-ban-co,IN_WARD
43899485,ward|ho-chi-minh|phuong-cau-ong-lanh,IN_WARD
44689369,ward|ho-chi-minh|phuong-dien-hong,IN_WARD
44452047,ward|ho-chi-minh|phuong-gia-inh,IN_WARD
43578966,ward|ho-chi-minh|phuong-xuan-hoa,IN_WARD
44605207,ward|ho-chi-minh|phuong-phu-tho,IN_WARD
45106137,ward|ho-chi-minh|phuong-thong-tay-hoi,IN_WARD
45252017,ward|ho-chi-minh|phuong-thong-tay-hoi,IN_WARD
43637784,ward|ho-chi-minh|phuong-cho-quan,IN_WARD
43698050,ward|ho-chi-minh|phuong-ban-co,IN_WARD
45124968,ward|ho-chi-minh|phuong-binh-thanh,IN_WARD
44156207,ward|ho-chi-minh|phuong-binh-loi-trung,IN_WARD
44818736,ward|ho-chi-minh|phuong-binh-loi-trung,IN_WARD
44935288,ward|ho-chi-minh|phuong-thanh-my-tay,IN_WARD
44645993,ward|ho-chi-minh|phuong-ban-co,IN_WARD
44334707,ward|ho-chi-minh|phuong-ban-co,IN_WARD
45252025,ward|ho-chi-minh|phuong-thong-tay-hoi,IN_WARD
43937421,ward|ho-chi-minh|phuong-tan-inh,IN_WARD
43588872,ward|ho-chi-minh|phuong-bay-hien,IN_WARD
43857274,ward|ho-chi-minh|phuong-tan-binh,IN_WARD
44488972,ward|ho-chi-minh|phuong-an-hoi-tay,IN_WARD
44790683,ward|ho-chi-minh|phuong-thong-tay-hoi,IN_WARD
45252225,ward|ho-chi-minh|phuong-tan-son-nhat,IN_WARD
45229849,ward|ho-chi-minh|phuong-an-hoi-tay,IN_WARD
45141247,ward|ho-chi-minh|phuong-an-hoi-ong,IN_WARD
45063348,ward|ho-chi-minh|phuong-go-vap,IN_WARD
45109178,ward|ho-chi-minh|phuong-thu-uc,IN_WARD
44290797,ward|ho-chi-minh|phuong-thanh-my-tay,IN_WARD
44997313,ward|ho-chi-minh|phuong-bay-hien,IN_WARD
45249096,ward|ho-chi-minh|phuong-tan-son,IN_WARD
45253098,ward|ho-chi-minh|phuong-tam-binh,IN_WARD
44596675,ward|ho-chi-minh|phuong-thong-tay-hoi,IN_WARD
44996895,ward|ho-chi-minh|phuong-phu-inh,IN_WARD
45102762,ward|ho-chi-minh|phuong-an-lac,IN_WARD
44187043,ward|ho-chi-minh|phuong-an-khanh,IN_WARD
45204859,ward|ho-chi-minh|phuong-bay-hien,IN_WARD
42991175,ward|ho-chi-minh|phuong-tan-thoi-hiep,IN_WARD
44957835,ward|ho-chi-minh|phuong-an-hoi-ong,IN_WARD
45055915,ward|ho-chi-minh|phuong-cau-kieu,IN_WARD
45144108,ward|ho-chi-minh|phuong-uc-nhuan,IN_WARD
45140720,ward|ho-chi-minh|phuong-tan-son-nhat,IN_WARD
45118442,ward|ho-chi-minh|phuong-nhieu-loc,IN_WARD
45055816,ward|ho-chi-minh|phuong-binh-thanh,IN_WARD
44508062,ward|ho-chi-minh|phuong-an-khanh,IN_WARD
45178550,ward|ho-chi-minh|phuong-an-khanh,IN_WARD
45232121,ward|ho-chi-minh|phuong-hiep-binh,IN_WARD
44666611,ward|ho-chi-minh|phuong-binh-tri-ong,IN_WARD
44821134,ward|ho-chi-minh|phuong-tang-nhon-phu,IN_WARD
45009349,ward|ho-chi-minh|phuong-tang-nhon-phu,IN_WARD
45008472,ward|ho-chi-minh|phuong-phuoc-long,IN_WARD
45246455,ward|ho-chi-minh|phuong-tan-son-hoa,IN_WARD
43572906,ward|ho-chi-minh|phuong-ong-hung-thuan,IN_WARD
44880471,ward|ho-chi-minh|phuong-ong-hung-thuan,IN_WARD
45144416,ward|ho-chi-minh|phuong-cau-kieu,IN_WARD
44235703,ward|ho-chi-minh|phuong-bay-hien,IN_WARD
44733927,ward|ho-chi-minh|xa-hiep-phuoc,IN_WARD
45097499,ward|ho-chi-minh|phuong-tan-son,IN_WARD
42513639,ward|ho-chi-minh|phuong-phuoc-thang,IN_WARD
44859306,ward|ho-chi-minh|phuong-hoa-hung,IN_WARD
44887265,ward|ho-chi-minh|phuong-phu-thuan,IN_WARD
44102172,ward|ho-chi-minh|phuong-an-hoi-tay,IN_WARD
45159325,ward|ho-chi-minh|phuong-binh-loi-trung,IN_WARD
45151807,ward|ho-chi-minh|xa-tan-nhut,IN_WARD
45152244,ward|ho-chi-minh|xa-binh-loi,IN_WARD
45095939,ward|ho-chi-minh|xa-binh-chanh,IN_WARD
45154419,ward|ho-chi-minh|xa-binh-loi,IN_WARD
45084742,ward|ho-chi-minh|xa-tan-nhut,IN_WARD
45101930,ward|ho-chi-minh|xa-tan-nhut,IN_WARD
45152823,ward|ho-chi-minh|xa-tan-nhut,IN_WARD
44971824,ward|ho-chi-minh|xa-binh-loi,IN_WARD
44960061,ward|ho-chi-minh|xa-binh-chanh,IN_WARD
44996009,ward|ho-chi-minh|phuong-tan-tao,IN_WARD
44998073,ward|ho-chi-minh|phuong-tan-tao,IN_WARD
43503286,ward|ho-chi-minh|phuong-thong-tay-hoi,IN_WARD
45248754,ward|ho-chi-minh|xa-hoc-mon,IN_WARD
44855737,ward|ho-chi-minh|phuong-phu-tho-hoa,IN_WARD
45249634,ward|ho-chi-minh|phuong-phu-tho-hoa,IN_WARD
45143569,ward|ho-chi-minh|phuong-phu-nhuan,IN_WARD
45151295,ward|ho-chi-minh|phuong-uc-nhuan,IN_WARD
45020016,ward|ho-chi-minh|phuong-cau-kieu,IN_WARD
45155645,ward|ho-chi-minh|phuong-uc-nhuan,IN_WARD
45164175,ward|ho-chi-minh|phuong-cau-kieu,IN_WARD
45054905,ward|ho-chi-minh|phuong-tan-hung,IN_WARD
44441867,ward|ho-chi-minh|phuong-tan-hung,IN_WARD
45156037,ward|ho-chi-minh|phuong-tan-hung,IN_WARD
45128189,ward|ho-chi-minh|phuong-tan-hung,IN_WARD
45136662,ward|ho-chi-minh|xa-nha-be,IN_WARD
45075295,ward|ho-chi-minh|phuong-phu-thuan,IN_WARD
44009956,ward|ho-chi-minh|phuong-thanh-my-tay,IN_WARD
44489869,ward|ho-chi-minh|xa-nha-be,IN_WARD
44010041,ward|ho-chi-minh|phuong-xuan-hoa,IN_WARD
44832652,ward|ho-chi-minh|phuong-vinh-hoi,IN_WARD
44899155,ward|ho-chi-minh|phuong-tan-binh,IN_WARD
43900461,ward|ho-chi-minh|phuong-tan-binh,IN_WARD
44156256,ward|ho-chi-minh|xa-nha-be,IN_WARD
44340134,ward|ho-chi-minh|xa-nha-be,IN_WARD
44790440,ward|ho-chi-minh|phuong-cau-ong-lanh,IN_WARD
44714315,ward|ho-chi-minh|phuong-vinh-hoi,IN_WARD
44954044,ward|ho-chi-minh|phuong-tan-hung,IN_WARD
43900366,ward|ho-chi-minh|phuong-long-binh,IN_WARD
43496938,ward|ho-chi-minh|phuong-long-binh,IN_WARD
45196417,ward|ho-chi-minh|phuong-cau-kieu,IN_WARD
44359769,ward|ho-chi-minh|phuong-tan-hung,IN_WARD
45197057,ward|ho-chi-minh|phuong-ban-co,IN_WARD
43873781,ward|ho-chi-minh|phuong-tan-tao,IN_WARD
45197430,ward|ho-chi-minh|phuong-an-lac,IN_WARD
45178935,ward|ho-chi-minh|phuong-binh-hung-hoa,IN_WARD
44995879,ward|ho-chi-minh|phuong-binh-tri-ong,IN_WARD
43942031,ward|ho-chi-minh|phuong-phu-nhuan,IN_WARD
45107836,ward|ho-chi-minh|phuong-vung-tau,IN_WARD
44923306,ward|ho-chi-minh|phuong-an-nhon,IN_WARD
45097170,ward|ho-chi-minh|phuong-bay-hien,IN_WARD
45125769,ward|ho-chi-minh|phuong-thanh-my-tay,IN_WARD
44529715,ward|ho-chi-minh|phuong-tan-son-nhi,IN_WARD
45023000,ward|ho-chi-minh|phuong-xuan-hoa,IN_WARD
45142553,ward|ho-chi-minh|phuong-vuon-lai,IN_WARD
45189213,ward|ho-chi-minh|phuong-thu-uc,IN_WARD
45238334,ward|ho-chi-minh|phuong-binh-thoi,IN_WARD
44629805,ward|ho-chi-minh|phuong-hiep-binh,IN_WARD
44786778,ward|ho-chi-minh|phuong-phu-nhuan,IN_WARD
44742848,ward|ho-chi-minh|phuong-nhieu-loc,IN_WARD
44786880,ward|ho-chi-minh|phuong-phu-nhuan,IN_WARD
45130272,ward|ho-chi-minh|phuong-hiep-binh,IN_WARD
45240894,ward|ho-chi-minh|phuong-an-phu-ong,IN_WARD
45101549,ward|ho-chi-minh|phuong-hiep-binh,IN_WARD
45074990,ward|ho-chi-minh|phuong-binh-tan,IN_WARD
45101591,ward|ho-chi-minh|phuong-hiep-binh,IN_WARD
44526452,ward|ho-chi-minh|phuong-hiep-binh,IN_WARD
45202806,ward|ho-chi-minh|phuong-thu-uc,IN_WARD
40489660,ward|ho-chi-minh|phuong-hiep-binh,IN_WARD
44616036,ward|ho-chi-minh|phuong-thu-uc,IN_WARD
44624437,ward|ho-chi-minh|phuong-tam-binh,IN_WARD
45104256,ward|ho-chi-minh|phuong-vung-tau,IN_WARD
44840966,ward|ho-chi-minh|phuong-tan-son-nhat,IN_WARD
45204788,ward|ho-chi-minh|phuong-tan-hung,IN_WARD
45093376,ward|ho-chi-minh|phuong-cho-quan,IN_WARD
45229984,ward|ho-chi-minh|phuong-phu-thuan,IN_WARD
44440058,ward|ho-chi-minh|phuong-tan-thuan,IN_WARD
45233856,ward|ho-chi-minh|phuong-ban-co,IN_WARD
44186994,ward|ho-chi-minh|phuong-tan-thuan,IN_WARD
45232672,ward|ho-chi-minh|phuong-tan-hung,IN_WARD
45088361,ward|ho-chi-minh|phuong-tang-nhon-phu,IN_WARD
44511198,ward|ho-chi-minh|phuong-tan-hung,IN_WARD
44438384,ward|ho-chi-minh|phuong-phu-thuan,IN_WARD
43813634,ward|ho-chi-minh|phuong-phu-thuan,IN_WARD
43113947,ward|ho-chi-minh|phuong-tan-my,IN_WARD
45144302,ward|ho-chi-minh|phuong-hoa-hung,IN_WARD
45246442,ward|ho-chi-minh|phuong-an-hoi-tay,IN_WARD
45247355,ward|ho-chi-minh|phuong-binh-hung-hoa,IN_WARD
45237954,ward|ho-chi-minh|xa-binh-hung,IN_WARD
45247316,ward|ho-chi-minh|phuong-an-hoi-tay,IN_WARD
45220098,ward|ho-chi-minh|phuong-an-phu-ong,IN_WARD
45171086,ward|ho-chi-minh|phuong-gia-inh,IN_WARD
45230039,ward|ho-chi-minh|phuong-xom-chieu,IN_WARD
45082473,ward|ho-chi-minh|phuong-phu-thuan,IN_WARD
45204910,ward|ho-chi-minh|phuong-cau-ong-lanh,IN_WARD
45247172,ward|ho-chi-minh|phuong-an-hoi-tay,IN_WARD
44740495,ward|ho-chi-minh|phuong-an-hoi-ong,IN_WARD
44418456,ward|ho-chi-minh|phuong-tan-thoi-hiep,IN_WARD
44910264__2,ward|ho-chi-minh|phuong-tan-hung,IN_WARD
44397207,ward|ho-chi-minh|phuong-trung-my-tay,IN_WARD
45121026,ward|ho-chi-minh|phuong-thong-tay-hoi,IN_WARD
45144226,ward|ho-chi-minh|phuong-hanh-thong,IN_WARD
43499957,ward|ho-chi-minh|phuong-an-hoi-tay,IN_WARD
44995636,ward|ho-chi-minh|phuong-long-truong,IN_WARD
44990536,ward|ho-chi-minh|phuong-long-truong,IN_WARD
44954094,ward|ho-chi-minh|phuong-binh-tri-ong,IN_WARD
45108854,ward|ho-chi-minh|phuong-tan-son-hoa,IN_WARD
44066576,ward|ho-chi-minh|xa-nha-be,IN_WARD
45244387,ward|ho-chi-minh|phuong-gia-inh,IN_WARD
44886954,ward|ho-chi-minh|phuong-an-lac,IN_WARD
45247040,ward|ho-chi-minh|phuong-trung-my-tay,IN_WARD
45133836,ward|ho-chi-minh|phuong-uc-nhuan,IN_WARD
44315816__2,ward|ho-chi-minh|xa-nha-be,IN_WARD
42180154,ward|ho-chi-minh|xa-hung-long,IN_WARD
45247303,ward|ho-chi-minh|xa-nha-be,IN_WARD
45219816,ward|ho-chi-minh|phuong-hiep-binh,IN_WARD
44954267,ward|ho-chi-minh|phuong-nhieu-loc,IN_WARD
44621409,ward|ho-chi-minh|phuong-tan-thuan,IN_WARD
45088499,ward|ho-chi-minh|xa-nha-be,IN_WARD
44348188,ward|ho-chi-minh|xa-nha-be,IN_WARD
44640984,ward|ho-chi-minh|xa-tru-van-tho,IN_WARD
45246086,ward|ho-chi-minh|phuong-linh-xuan,IN_WARD
45093839,ward|ho-chi-minh|phuong-cau-kieu,IN_WARD
44881508,ward|ho-chi-minh|phuong-phu-nhuan,IN_WARD
45245678,ward|ho-chi-minh|phuong-tan-hung,IN_WARD
45118036,ward|ho-chi-minh|phuong-uc-nhuan,IN_WARD
44732699,ward|ho-chi-minh|phuong-ban-co,IN_WARD
45246006,ward|ho-chi-minh|phuong-linh-xuan,IN_WARD
44842280,ward|ho-chi-minh|phuong-thong-tay-hoi,IN_WARD
42235197,ward|ho-chi-minh|phuong-phu-thuan,IN_WARD
44694186,ward|ho-chi-minh|phuong-vuon-lai,IN_WARD
45245743,ward|ho-chi-minh|phuong-chanh-hung,IN_WARD
44426090,ward|ho-chi-minh|phuong-gia-inh,IN_WARD
45065862,ward|ho-chi-minh|phuong-vung-tau,IN_WARD
44732057,ward|ho-chi-minh|phuong-nhieu-loc,IN_WARD
45246152,ward|ho-chi-minh|phuong-phuoc-long,IN_WARD
45240187__2,ward|ho-chi-minh|phuong-tan-binh,IN_WARD
44881518,ward|ho-chi-minh|phuong-vuon-lai,IN_WARD
44543331,ward|ho-chi-minh|phuong-cau-kieu,IN_WARD
45118041,ward|ho-chi-minh|phuong-nhieu-loc,IN_WARD
45205916,ward|ho-chi-minh|phuong-thu-uc,IN_WARD
45242102,ward|ho-chi-minh|phuong-sai-gon,IN_WARD
45093729,ward|ho-chi-minh|phuong-tan-inh,IN_WARD
44994529,ward|ho-chi-minh|phuong-go-vap,IN_WARD
45246268,ward|ho-chi-minh|phuong-tam-thang,IN_WARD
44730405,ward|ho-chi-minh|phuong-binh-trung,IN_WARD
45243471,ward|ho-chi-minh|phuong-ban-co,IN_WARD
45244632,ward|ho-chi-minh|phuong-bay-hien,IN_WARD
45243957,ward|ho-chi-minh|phuong-thu-uc,IN_WARD
45240083,ward|ho-chi-minh|phuong-tan-hoa,IN_WARD
44538856,ward|ho-chi-minh|phuong-tan-son-hoa,IN_WARD
41641818,ward|ho-chi-minh|phuong-tan-son-nhat,IN_WARD
45152520,ward|ho-chi-minh|phuong-binh-loi-trung,IN_WARD
45245900,ward|ho-chi-minh|phuong-binh-loi-trung,IN_WARD
45244754,ward|ho-chi-minh|phuong-an-hoi-tay,IN_WARD
45240240,ward|ho-chi-minh|phuong-thong-tay-hoi,IN_WARD
43955966,ward|ho-chi-minh|phuong-an-khanh,IN_WARD
45174323,ward|ho-chi-minh|phuong-an-khanh,IN_WARD
45020835,ward|ho-chi-minh|phuong-tan-hung,IN_WARD
45245437,ward|ho-chi-minh|phuong-ban-co,IN_WARD
45111083,ward|ho-chi-minh|phuong-ban-co,IN_WARD
45190792,ward|ho-chi-minh|phuong-binh-tri-ong,IN_WARD
45244640,ward|ho-chi-minh|phuong-ban-co,IN_WARD
45245193,ward|ho-chi-minh|phuong-an-hoi-tay,IN_WARD
45174425,ward|ho-chi-minh|phuong-trung-my-tay,IN_WARD
45195213,ward|ho-chi-minh|phuong-thu-uc,IN_WARD
45161542,ward|ho-chi-minh|phuong-tan-thuan,IN_WARD
45240385,ward|ho-chi-minh|phuong-linh-xuan,IN_WARD
44833424,ward|ho-chi-minh|phuong-phu-loi,IN_WARD
45005604,ward|ho-chi-minh|phuong-an-lac,IN_WARD
45236756,ward|ho-chi-minh|phuong-thu-uc,IN_WARD
45231699,ward|ho-chi-minh|phuong-gia-inh,IN_WARD
45242353,ward|ho-chi-minh|phuong-binh-tan,IN_WARD
45140536,ward|ho-chi-minh|phuong-an-lac,IN_WARD
44668641,ward|ho-chi-minh|phuong-cau-ong-lanh,IN_WARD
44932247,ward|ho-chi-minh|phuong-hiep-binh,IN_WARD
45241889,ward|ho-chi-minh|phuong-long-phuoc,IN_WARD
40626546,ward|ho-chi-minh|phuong-hoa-hung,IN_WARD
45242724,ward|ho-chi-minh|phuong-tang-nhon-phu,IN_WARD
44244182,ward|ho-chi-minh|phuong-thoi-hoa,IN_WARD
43173312,ward|ho-chi-minh|phuong-binh-trung,IN_WARD
45026281,ward|ho-chi-minh|phuong-thu-uc,IN_WARD
45058266,ward|ho-chi-minh|phuong-thu-uc,IN_WARD
45235440,ward|ho-chi-minh|phuong-hoa-hung,IN_WARD
45244241,ward|ho-chi-minh|phuong-thoi-hoa,IN_WARD
44890833,ward|ho-chi-minh|phuong-tam-thang,IN_WARD
45215996,ward|ho-chi-minh|phuong-bay-hien,IN_WARD
45243708,ward|ho-chi-minh|phuong-thoi-an,IN_WARD
44648582,ward|ho-chi-minh|phuong-hiep-binh,IN_WARD
43153771,ward|ho-chi-minh|phuong-binh-trung,IN_WARD
45160018,ward|ho-chi-minh|phuong-tan-inh,IN_WARD
44428066,ward|ho-chi-minh|phuong-cau-ong-lanh,IN_WARD
41358196,ward|ho-chi-minh|phuong-nhieu-loc,IN_WARD
45237780,ward|ho-chi-minh|phuong-phu-inh,IN_WARD
45240363,ward|ho-chi-minh|phuong-thong-tay-hoi,IN_WARD
45242594,ward|ho-chi-minh|phuong-nhieu-loc,IN_WARD
45207820,ward|ho-chi-minh|phuong-uc-nhuan,IN_WARD
44296142,ward|ho-chi-minh|phuong-ban-co,IN_WARD
44459429,ward|ho-chi-minh|phuong-phu-tho,IN_WARD
45231780,ward|ho-chi-minh|phuong-chanh-hung,IN_WARD
45222961,ward|ho-chi-minh|phuong-an-hoi-ong,IN_WARD
44487231,ward|ho-chi-minh|phuong-binh-loi-trung,IN_WARD
45239656,ward|ho-chi-minh|phuong-nhieu-loc,IN_WARD
45241462,ward|ho-chi-minh|phuong-an-hoi-tay,IN_WARD
42156226,ward|ho-chi-minh|phuong-vung-tau,IN_WARD
45242428,ward|ho-chi-minh|phuong-uc-nhuan,IN_WARD
44887491,ward|ho-chi-minh|phuong-an-lac,IN_WARD
44263973,ward|ho-chi-minh|phuong-thu-uc,IN_WARD
45241974,ward|ho-chi-minh|phuong-binh-thoi,IN_WARD
45239681,ward|ho-chi-minh|phuong-phu-tho-hoa,IN_WARD
45230659,ward|ho-chi-minh|phuong-phu-thuan,IN_WARD
45223417,ward|ho-chi-minh|phuong-binh-thanh,IN_WARD
44127135,ward|ho-chi-minh|phuong-linh-xuan,IN_WARD
38237735,ward|ho-chi-minh|xa-nha-be,IN_WARD
45054518,ward|ho-chi-minh|xa-nha-be,IN_WARD
36834013,ward|ho-chi-minh|xa-nha-be,IN_WARD
37178168,ward|ho-chi-minh|xa-nha-be,IN_WARD
45066832,ward|ho-chi-minh|phuong-long-truong,IN_WARD
43751182,ward|ho-chi-minh|phuong-hiep-binh,IN_WARD
44648382,ward|ho-chi-minh|phuong-hiep-binh,IN_WARD
44417445,ward|ho-chi-minh|phuong-thu-uc,IN_WARD
44655376,ward|ho-chi-minh|phuong-long-phuoc,IN_WARD
45076615,ward|ho-chi-minh|phuong-ban-co,IN_WARD
44382702,ward|ho-chi-minh|xa-nha-be,IN_WARD
43015737,ward|ho-chi-minh|phuong-thu-uc,IN_WARD
44091096,ward|ho-chi-minh|phuong-long-binh,IN_WARD
44786304,ward|ho-chi-minh|phuong-an-phu-ong,IN_WARD
42159430,ward|ho-chi-minh|phuong-hoa-hung,IN_WARD
44965090,ward|ho-chi-minh|phuong-tan-son-nhat,IN_WARD
44351675,ward|ho-chi-minh|xa-ba-iem,IN_WARD
43716412,ward|ho-chi-minh|phuong-vuon-lai,IN_WARD
45104556,ward|ho-chi-minh|phuong-binh-trung,IN_WARD
44897311,ward|ho-chi-minh|phuong-xom-chieu,IN_WARD
42956794,ward|ho-chi-minh|phuong-ben-thanh,IN_WARD
44368428,ward|ho-chi-minh|phuong-nhieu-loc,IN_WARD
43377808,ward|ho-chi-minh|phuong-hoa-hung,IN_WARD
44827162,ward|ho-chi-minh|phuong-cau-ong-lanh,IN_WARD
42850213,ward|ho-chi-minh|phuong-sai-gon,IN_WARD
44041170,ward|ho-chi-minh|phuong-vuon-lai,IN_WARD
44733999,ward|ho-chi-minh|xa-hiep-phuoc,IN_WARD
40018547,ward|ho-chi-minh|phuong-hoa-hung,IN_WARD
42687922,ward|ho-chi-minh|phuong-hoa-hung,IN_WARD
44905888,ward|ho-chi-minh|phuong-thong-tay-hoi,IN_WARD
44041264,ward|ho-chi-minh|phuong-tan-thoi-hiep,IN_WARD
45206386,ward|ho-chi-minh|xa-hoc-mon,IN_WARD
44716797,ward|ho-chi-minh|phuong-an-hoi-tay,IN_WARD
45176450,ward|ho-chi-minh|phuong-phu-thanh,IN_WARD
45144435,ward|ho-chi-minh|phuong-phu-thanh,IN_WARD
44615822,ward|ho-chi-minh|phuong-cau-ong-lanh,IN_WARD
44669242,ward|ho-chi-minh|phuong-chanh-hung,IN_WARD
44915368,ward|ho-chi-minh|phuong-cau-kieu,IN_WARD
45112879,ward|ho-chi-minh|phuong-uc-nhuan,IN_WARD
45125747,ward|ho-chi-minh|phuong-nhieu-loc,IN_WARD
44624881,ward|ho-chi-minh|phuong-chanh-hung,IN_WARD
44915344,ward|ho-chi-minh|phuong-phu-nhuan,IN_WARD
43100236,ward|ho-chi-minh|phuong-hoa-hung,IN_WARD
45143281,ward|ho-chi-minh|phuong-hiep-binh,IN_WARD
45206027,ward|ho-chi-minh|phuong-phu-nhuan,IN_WARD
45087480,ward|ho-chi-minh|phuong-an-nhon,IN_WARD
45157388,ward|ho-chi-minh|phuong-phu-thuan,IN_WARD
45077780,ward|ho-chi-minh|xa-tan-vinh-loc,IN_WARD
45081886,ward|ho-chi-minh|xa-binh-loi,IN_WARD
45128056,ward|ho-chi-minh|phuong-linh-xuan,IN_WARD
45146527,ward|ho-chi-minh|phuong-binh-loi-trung,IN_WARD
45229568,ward|ho-chi-minh|phuong-thu-uc,IN_WARD
45059852,ward|ho-chi-minh|phuong-phu-tho,IN_WARD
44775591,ward|ho-chi-minh|phuong-dien-hong,IN_WARD
44620918,ward|ho-chi-minh|xa-hoc-mon,IN_WARD
45210238,ward|ho-chi-minh|phuong-chanh-hung,IN_WARD
45201082,ward|ho-chi-minh|phuong-chanh-hung,IN_WARD
44820662,ward|ho-chi-minh|phuong-phu-thuan,IN_WARD
45102993,ward|ho-chi-minh|phuong-binh-tay,IN_WARD
44945981,ward|ho-chi-minh|phuong-thoi-an,IN_WARD
45104283,ward|ho-chi-minh|phuong-binh-trung,IN_WARD
45160333,ward|ho-chi-minh|phuong-thong-tay-hoi,IN_WARD
45157309,ward|ho-chi-minh|phuong-thong-tay-hoi,IN_WARD
44398073,ward|ho-chi-minh|phuong-an-nhon,IN_WARD
44804549,ward|ho-chi-minh|phuong-ong-hung-thuan,IN_WARD
44830541,ward|ho-chi-minh|phuong-tan-son-hoa,IN_WARD
45114495,ward|ho-chi-minh|phuong-thu-uc,IN_WARD
45154879,ward|ho-chi-minh|phuong-phu-inh,IN_WARD
44746209,ward|ho-chi-minh|phuong-phu-thuan,IN_WARD
44891727,ward|ho-chi-minh|phuong-an-lac,IN_WARD
44959037,ward|ho-chi-minh|phuong-an-hoi-tay,IN_WARD
44878017,ward|ho-chi-minh|phuong-tan-thoi-hiep,IN_WARD
42182617,ward|ho-chi-minh|xa-tru-van-tho,IN_WARD
45005790,ward|ho-chi-minh|xa-tru-van-tho,IN_WARD
44942882,ward|ho-chi-minh|phuong-thoi-an,IN_WARD
45240681,ward|ho-chi-minh|phuong-an-phu-ong,IN_WARD
45163698,ward|ho-chi-minh|phuong-an-lac,IN_WARD
44835622,ward|ho-chi-minh|phuong-sai-gon,IN_WARD
45085966,ward|ho-chi-minh|phuong-tan-son-nhi,IN_WARD
45043941,ward|ho-chi-minh|phuong-tan-son,IN_WARD
45238048,ward|ho-chi-minh|phuong-tan-hung,IN_WARD
45236792,ward|ho-chi-minh|phuong-thoi-an,IN_WARD
45104084,ward|ho-chi-minh|phuong-binh-hung-hoa,IN_WARD
45240745,ward|ho-chi-minh|phuong-ban-co,IN_WARD
45221402,ward|ho-chi-minh|phuong-tan-thoi-hiep,IN_WARD
45233688,ward|ho-chi-minh|phuong-cau-kieu,IN_WARD
45202146,ward|ho-chi-minh|phuong-thoi-an,IN_WARD
44841956,ward|ho-chi-minh|xa-nha-be,IN_WARD
44912644,ward|ho-chi-minh|phuong-phu-thuan,IN_WARD
44857859,ward|ho-chi-minh|xa-nha-be,IN_WARD
45157792,ward|ho-chi-minh|xa-nha-be,IN_WARD
45010057,ward|ho-chi-minh|xa-nha-be,IN_WARD
44990934,ward|ho-chi-minh|phuong-tan-thuan,IN_WARD
45056553,ward|ho-chi-minh|xa-nha-be,IN_WARD
44854998,ward|ho-chi-minh|phuong-phu-thuan,IN_WARD
45215331,ward|ho-chi-minh|phuong-tan-hung,IN_WARD
44881676,ward|ho-chi-minh|phuong-phu-thuan,IN_WARD
44907937,ward|ho-chi-minh|phuong-phu-thuan,IN_WARD
45035345,ward|ho-chi-minh|phuong-binh-loi-trung,IN_WARD
44922460,ward|ho-chi-minh|xa-nha-be,IN_WARD
45222316,ward|ho-chi-minh|phuong-binh-loi-trung,IN_WARD
45025939,ward|ho-chi-minh|phuong-tan-binh,IN_WARD
44233376,ward|ho-chi-minh|phuong-tan-son-hoa,IN_WARD
43903476,ward|ho-chi-minh|xa-tru-van-tho,IN_WARD
45204163,ward|ho-chi-minh|phuong-phu-thanh,IN_WARD
45240090,ward|ho-chi-minh|phuong-hoa-hung,IN_WARD
45215597,ward|ho-chi-minh|phuong-nhieu-loc,IN_WARD
45104897,ward|ho-chi-minh|phuong-phu-thuan,IN_WARD
45239064,ward|ho-chi-minh|phuong-tam-thang,IN_WARD
45239402,ward|ho-chi-minh|phuong-gia-inh,IN_WARD
44515581,ward|ho-chi-minh|phuong-tan-binh,IN_WARD
45163492,ward|ho-chi-minh|phuong-thong-tay-hoi,IN_WARD
43216915,ward|ho-chi-minh|phuong-binh-loi-trung,IN_WARD
45016818,ward|ho-chi-minh|phuong-binh-loi-trung,IN_WARD
45047466,ward|ho-chi-minh|phuong-binh-loi-trung,IN_WARD
45128479,ward|ho-chi-minh|phuong-an-hoi-tay,IN_WARD
41491999,ward|ho-chi-minh|phuong-tan-son-nhat,IN_WARD
44554063,ward|ho-chi-minh|phuong-tan-binh,IN_WARD
45194730,ward|ho-chi-minh|phuong-tan-binh,IN_WARD
45239247,ward|ho-chi-minh|phuong-dien-hong,IN_WARD
44766246,ward|ho-chi-minh|phuong-tam-thang,IN_WARD
45238719,ward|ho-chi-minh|phuong-hoa-hung,IN_WARD
45099519,ward|ho-chi-minh|phuong-phu-inh,IN_WARD
44346982,ward|ho-chi-minh|phuong-an-ong,IN_WARD
44943702,ward|ho-chi-minh|phuong-bay-hien,IN_WARD
45195267,ward|ho-chi-minh|phuong-tan-binh,IN_WARD
45152166,ward|ho-chi-minh|phuong-tan-son-nhat,IN_WARD
45155061,ward|ho-chi-minh|phuong-bay-hien,IN_WARD
45207213,ward|ho-chi-minh|phuong-tan-son-hoa,IN_WARD
43771765,ward|ho-chi-minh|phuong-bay-hien,IN_WARD
45156507,ward|ho-chi-minh|phuong-an-hoi-ong,IN_WARD
45236908,ward|ho-chi-minh|phuong-binh-phu,IN_WARD
45238149,ward|ho-chi-minh|phuong-go-vap,IN_WARD
45126351,ward|ho-chi-minh|phuong-bay-hien,IN_WARD
45234835,ward|ho-chi-minh|phuong-binh-duong,IN_WARD
44593731,ward|ho-chi-minh|xa-ba-iem,IN_WARD
45099850,ward|ho-chi-minh|phuong-tan-son-hoa,IN_WARD
44271574,ward|ho-chi-minh|phuong-hoa-hung,IN_WARD
45237139,ward|ho-chi-minh|phuong-ban-co,IN_WARD
45237701,ward|ho-chi-minh|phuong-vuon-lai,IN_WARD
45046681,ward|ho-chi-minh|phuong-thong-tay-hoi,IN_WARD
43714148,ward|ho-chi-minh|phuong-an-ong,IN_WARD
43899935,ward|ho-chi-minh|phuong-hoa-hung,IN_WARD
44890363,ward|ho-chi-minh|phuong-thoi-an,IN_WARD
45139954,ward|ho-chi-minh|phuong-tang-nhon-phu,IN_WARD
45237121,ward|ho-chi-minh|phuong-cau-kieu,IN_WARD
45239086,ward|ho-chi-minh|phuong-xuan-hoa,IN_WARD
43937374,ward|ho-chi-minh|phuong-hoa-hung,IN_WARD
44106429,ward|ho-chi-minh|phuong-hoa-hung,IN_WARD
44408705,ward|ho-chi-minh|phuong-sai-gon,IN_WARD
44997886,ward|ho-chi-minh|xa-nha-be,IN_WARD
45039548,ward|ho-chi-minh|phuong-cau-kieu,IN_WARD
44842530,ward|ho-chi-minh|phuong-hiep-binh,IN_WARD
45200981,ward|ho-chi-minh|phuong-phu-thuan,IN_WARD
44928352,ward|ho-chi-minh|phuong-hoa-hung,IN_WARD
42585581,ward|ho-chi-minh|phuong-tan-binh,IN_WARD
44669387,ward|ho-chi-minh|phuong-hiep-binh,IN_WARD
44723754,ward|ho-chi-minh|phuong-dien-hong,IN_WARD
43482908,ward|ho-chi-minh|phuong-ong-hung-thuan,IN_WARD
44953993,ward|ho-chi-minh|phuong-tang-nhon-phu,IN_WARD
45236705,ward|ho-chi-minh|xa-nha-be,IN_WARD
44544650,ward|ho-chi-minh|phuong-tang-nhon-phu,IN_WARD
44496308,ward|ho-chi-minh|phuong-cho-quan,IN_WARD
43485499,ward|ho-chi-minh|phuong-an-ong,IN_WARD
43684811,ward|ho-chi-minh|phuong-gia-inh,IN_WARD
44566903,ward|ho-chi-minh|phuong-binh-loi-trung,IN_WARD
45237543,ward|ho-chi-minh|phuong-cat-lai,IN_WARD
44855726,ward|ho-chi-minh|phuong-uc-nhuan,IN_WARD
45201565,ward|ho-chi-minh|xa-tru-van-tho,IN_WARD
45124957,ward|ho-chi-minh|phuong-an-hoi-ong,IN_WARD
44723894,ward|ho-chi-minh|phuong-dien-hong,IN_WARD
44956234,ward|ho-chi-minh|xa-binh-chanh,IN_WARD
44587740,ward|ho-chi-minh|xa-hiep-phuoc,IN_WARD
45182811,ward|ho-chi-minh|phuong-cau-kieu,IN_WARD
45237194,ward|ho-chi-minh|phuong-phu-tho-hoa,IN_WARD
45197066,ward|ho-chi-minh|phuong-gia-inh,IN_WARD
45236592,ward|ho-chi-minh|phuong-thoi-an,IN_WARD
45237270,ward|ho-chi-minh|phuong-binh-thanh,IN_WARD
45163490,ward|ho-chi-minh|phuong-hiep-binh,IN_WARD
45094268,ward|ho-chi-minh|phuong-cau-kieu,IN_WARD
45230780,ward|ho-chi-minh|phuong-binh-thanh,IN_WARD
45161284,ward|ho-chi-minh|phuong-phu-thuan,IN_WARD
45236774,ward|ho-chi-minh|phuong-thoi-an,IN_WARD
44492641,ward|ho-chi-minh|phuong-phu-inh,IN_WARD
45204924,ward|ho-chi-minh|phuong-thu-uc,IN_WARD
45236333,ward|ho-chi-minh|phuong-tan-ong-hiep,IN_WARD
45235509,ward|ho-chi-minh|phuong-an-phu-ong,IN_WARD
45233717,ward|ho-chi-minh|phuong-phu-tho-hoa,IN_WARD
45197030,ward|ho-chi-minh|phuong-vung-tau,IN_WARD
43552850,ward|ho-chi-minh|phuong-cho-quan,IN_WARD
45236404,ward|ho-chi-minh|phuong-an-hoi-tay,IN_WARD
45046696,ward|ho-chi-minh|phuong-thong-tay-hoi,IN_WARD
44243423,ward|ho-chi-minh|phuong-tan-son-nhat,IN_WARD
45234974,ward|ho-chi-minh|phuong-tan-son,IN_WARD
44717765,ward|ho-chi-minh|phuong-tan-son-hoa,IN_WARD
45231828,ward|ho-chi-minh|phuong-phu-inh,IN_WARD
45235999,ward|ho-chi-minh|phuong-thoi-an,IN_WARD
43552729,ward|ho-chi-minh|phuong-cau-ong-lanh,IN_WARD
45004644,ward|ho-chi-minh|phuong-tam-thang,IN_WARD
45011337,ward|ho-chi-minh|phuong-an-khanh,IN_WARD
44607260,ward|ho-chi-minh|phuong-cat-lai,IN_WARD
45233273,ward|ho-chi-minh|phuong-an-lac,IN_WARD
45226530,ward|ho-chi-minh|phuong-an-phu-ong,IN_WARD
44955433,ward|ho-chi-minh|phuong-an-lac,IN_WARD
45231990,ward|ho-chi-minh|phuong-tan-my,IN_WARD
45233147,ward|ho-chi-minh|phuong-binh-tri-ong,IN_WARD
45231422,ward|ho-chi-minh|phuong-thoi-an,IN_WARD
45231197,ward|ho-chi-minh|phuong-binh-tay,IN_WARD
45232540,ward|ho-chi-minh|phuong-binh-tan,IN_WARD
45233939,ward|ho-chi-minh|phuong-tan-my,IN_WARD
45130372,ward|ho-chi-minh|phuong-tam-thang,IN_WARD
45230738,ward|ho-chi-minh|phuong-binh-thanh,IN_WARD
45233559,ward|ho-chi-minh|phuong-dien-hong,IN_WARD
45000212,ward|ho-chi-minh|phuong-tan-son-hoa,IN_WARD
45225926,ward|ho-chi-minh|phuong-binh-tay,IN_WARD
41316802,ward|ho-chi-minh|phuong-hiep-binh,IN_WARD
44627527,ward|ho-chi-minh|xa-hiep-phuoc,IN_WARD
44902908,ward|ho-chi-minh|phuong-thoi-an,IN_WARD
45226241,ward|ho-chi-minh|xa-hiep-phuoc,IN_WARD
44637401,ward|ho-chi-minh|xa-nha-be,IN_WARD
44962250,ward|ho-chi-minh|phuong-thoi-an,IN_WARD
45002237,ward|ho-chi-minh|phuong-thong-tay-hoi,IN_WARD
45088744,ward|ho-chi-minh|phuong-tan-thuan,IN_WARD
44173180,ward|ho-chi-minh|phuong-tan-thuan,IN_WARD
43632247,ward|ho-chi-minh|phuong-tan-thuan,IN_WARD
44957857,ward|ho-chi-minh|phuong-phu-thuan,IN_WARD
45133082,ward|ho-chi-minh|phuong-nhieu-loc,IN_WARD
44927379,ward|ho-chi-minh|phuong-phu-thuan,IN_WARD
44768286,ward|ho-chi-minh|phuong-tan-hung,IN_WARD
44893598,ward|ho-chi-minh|xa-nha-be,IN_WARD
44223267,ward|ho-chi-minh|phuong-phu-thuan,IN_WARD
43845241,ward|ho-chi-minh|phuong-tan-thuan,IN_WARD
44815609,ward|ho-chi-minh|phuong-thong-tay-hoi,IN_WARD
45206831,ward|ho-chi-minh|phuong-tay-thanh,IN_WARD
44896645,ward|ho-chi-minh|phuong-tan-son-nhi,IN_WARD
45075070,ward|ho-chi-minh|xa-tan-nhut,IN_WARD
44030072,ward|ho-chi-minh|xa-ba-iem,IN_WARD
44932111,ward|ho-chi-minh|phuong-tang-nhon-phu,IN_WARD
45206785,ward|ho-chi-minh|phuong-bay-hien,IN_WARD
45206609,ward|ho-chi-minh|phuong-bay-hien,IN_WARD
45211253,ward|ho-chi-minh|phuong-nhieu-loc,IN_WARD
45211849,ward|ho-chi-minh|phuong-tan-hoa,IN_WARD
45174871,ward|ho-chi-minh|phuong-thong-tay-hoi,IN_WARD
44843357,ward|ho-chi-minh|phuong-an-lac,IN_WARD
45147484,ward|ho-chi-minh|phuong-cau-kieu,IN_WARD
44049981,ward|ho-chi-minh|phuong-cau-ong-lanh,IN_WARD
44984569,ward|ho-chi-minh|phuong-xuan-hoa,IN_WARD
44826534,ward|ho-chi-minh|phuong-hiep-binh,IN_WARD
45113000,ward|ho-chi-minh|phuong-an-hoi-ong,IN_WARD
45143586,ward|ho-chi-minh|phuong-binh-loi-trung,IN_WARD
42434242,ward|ho-chi-minh|phuong-long-truong,IN_WARD
41287063,ward|ho-chi-minh|phuong-long-phuoc,IN_WARD
45143009,ward|ho-chi-minh|phuong-tan-son,IN_WARD
44052208,ward|ho-chi-minh|phuong-nhieu-loc,IN_WARD
44881404,ward|ho-chi-minh|phuong-tan-hoa,IN_WARD
45085834,ward|ho-chi-minh|phuong-phu-inh,IN_WARD
45075879,ward|ho-chi-minh|phuong-cau-kieu,IN_WARD
45104610,ward|ho-chi-minh|phuong-cau-kieu,IN_WARD
44838922,ward|ho-chi-minh|phuong-cau-ong-lanh,IN_WARD
43400223,ward|ho-chi-minh|phuong-vuon-lai,IN_WARD
44895598,ward|ho-chi-minh|phuong-linh-xuan,IN_WARD
44723041,ward|ho-chi-minh|phuong-tang-nhon-phu,IN_WARD
45127331,ward|ho-chi-minh|phuong-cho-quan,IN_WARD
45119127,ward|ho-chi-minh|phuong-cho-quan,IN_WARD
45079321,ward|ho-chi-minh|phuong-phu-inh,IN_WARD
45099576,ward|ho-chi-minh|phuong-chanh-hung,IN_WARD
45054328,ward|ho-chi-minh|phuong-phu-inh,IN_WARD
45226264,ward|ho-chi-minh|phuong-cat-lai,IN_WARD
44821503,ward|ho-chi-minh|phuong-hiep-binh,IN_WARD
45206352,ward|ho-chi-minh|phuong-phu-nhuan,IN_WARD
44621627,ward|ho-chi-minh|xa-bau-bang,IN_WARD
44366917,ward|ho-chi-minh|xa-bau-bang,IN_WARD
45215285,ward|ho-chi-minh|phuong-nhieu-loc,IN_WARD
45022529,ward|ho-chi-minh|phuong-thu-uc,IN_WARD
44693702,ward|ho-chi-minh|phuong-phu-inh,IN_WARD
45088747,ward|ho-chi-minh|phuong-tan-hung,IN_WARD
45150988,ward|ho-chi-minh|phuong-binh-thanh,IN_WARD
45230335,ward|ho-chi-minh|phuong-hoa-hung,IN_WARD
45081038,ward|ho-chi-minh|phuong-binh-loi-trung,IN_WARD
45228090,ward|ho-chi-minh|phuong-cau-kieu,IN_WARD
45226656,ward|ho-chi-minh|phuong-tan-son-nhat,IN_WARD
44264563,ward|ho-chi-minh|phuong-binh-trung,IN_WARD
45179313,ward|ho-chi-minh|phuong-tan-son-nhi,IN_WARD
45158022,ward|ho-chi-minh|phuong-binh-thanh,IN_WARD
45229038,ward|ho-chi-minh|phuong-tan-son,IN_WARD
45230794,ward|ho-chi-minh|phuong-binh-thanh,IN_WARD
44973410,ward|ho-chi-minh|phuong-uc-nhuan,IN_WARD
45229471,ward|ho-chi-minh|phuong-hoa-hung,IN_WARD
45156333,ward|ho-chi-minh|phuong-binh-thanh,IN_WARD
44797875,ward|ho-chi-minh|xa-nha-be,IN_WARD
43529769,ward|ho-chi-minh|xa-nha-be,IN_WARD
44350421,ward|ho-chi-minh|phuong-bay-hien,IN_WARD
45230960,ward|ho-chi-minh|phuong-rach-dua,IN_WARD
44437606,ward|ho-chi-minh|phuong-an-hoi-tay,IN_WARD
45160821,ward|ho-chi-minh|phuong-an-hoi-tay,IN_WARD
44965768,ward|ho-chi-minh|phuong-bay-hien,IN_WARD
43717341,ward|ho-chi-minh|phuong-dien-hong,IN_WARD
45156251,ward|ho-chi-minh|phuong-an-nhon,IN_WARD
45118404,ward|ho-chi-minh|phuong-gia-inh,IN_WARD
45004927,ward|ho-chi-minh|phuong-an-phu-ong,IN_WARD
44974004,ward|ho-chi-minh|phuong-phu-nhuan,IN_WARD
45158976,ward|ho-chi-minh|phuong-binh-loi-trung,IN_WARD
45158302,ward|ho-chi-minh|phuong-binh-thanh,IN_WARD
45230461,ward|ho-chi-minh|phuong-binh-loi-trung,IN_WARD
43529622,ward|ho-chi-minh|xa-nha-be,IN_WARD
44732236,ward|ho-chi-minh|xa-nha-be,IN_WARD
45225478,ward|ho-chi-minh|phuong-phu-inh,IN_WARD
44442368,ward|ho-chi-minh|phuong-gia-inh,IN_WARD
45215802,ward|ho-chi-minh|phuong-nhieu-loc,IN_WARD
45150425,ward|ho-chi-minh|phuong-go-vap,IN_WARD
44732427,ward|ho-chi-minh|phuong-phuoc-thang,IN_WARD
44922562,ward|ho-chi-minh|phuong-tay-thanh,IN_WARD
45178416,ward|ho-chi-minh|phuong-tan-son-nhi,IN_WARD
45215169,ward|ho-chi-minh|phuong-tay-thanh,IN_WARD
44566729,ward|ho-chi-minh|phuong-bay-hien,IN_WARD
41685836__2,ward|ho-chi-minh|phuong-phu-thuan,IN_WARD
45162505,ward|ho-chi-minh|phuong-tan-thuan,IN_WARD
45146010,ward|ho-chi-minh|phuong-phuoc-thang,IN_WARD
45228207,ward|ho-chi-minh|phuong-thoi-hoa,IN_WARD
44731452,ward|ho-chi-minh|phuong-vuon-lai,IN_WARD
42953705,ward|ho-chi-minh|phuong-hanh-thong,IN_WARD
45230255,ward|ho-chi-minh|phuong-binh-loi-trung,IN_WARD
45094468,ward|ho-chi-minh|phuong-tan-phu,IN_WARD
44929100,ward|ho-chi-minh|phuong-tan-hung,IN_WARD
44593015,ward|ho-chi-minh|phuong-tan-thuan,IN_WARD
45227842,ward|ho-chi-minh|phuong-tan-son-nhat,IN_WARD
44467169,ward|ho-chi-minh|xa-nha-be,IN_WARD
44845982,ward|ho-chi-minh|xa-nha-be,IN_WARD
43614651,ward|ho-chi-minh|xa-nha-be,IN_WARD
44578059,ward|ho-chi-minh|phuong-phu-thuan,IN_WARD
44905121,ward|ho-chi-minh|xa-nha-be,IN_WARD
45193243,ward|ho-chi-minh|xa-nha-be,IN_WARD
45088101,ward|ho-chi-minh|xa-nha-be,IN_WARD
43860470,ward|ho-chi-minh|phuong-phu-thuan,IN_WARD
45186439,ward|ho-chi-minh|phuong-binh-hoa,IN_WARD
45228050,ward|ho-chi-minh|phuong-binh-hoa,IN_WARD
45229581,ward|ho-chi-minh|phuong-cau-kieu,IN_WARD
45228540,ward|ho-chi-minh|phuong-tang-nhon-phu,IN_WARD
45161952,ward|ho-chi-minh|xa-nha-be,IN_WARD
43530901,ward|ho-chi-minh|xa-tru-van-tho,IN_WARD
43419726,ward|ho-chi-minh|phuong-tan-inh,IN_WARD
44542346,ward|ho-chi-minh|phuong-tan-son-hoa,IN_WARD
45039085,ward|ho-chi-minh|phuong-phu-thuan,IN_WARD
43988683,ward|ho-chi-minh|xa-nha-be,IN_WARD
44837259,ward|ho-chi-minh|phuong-thoi-an,IN_WARD
44704691,ward|ho-chi-minh|phuong-tang-nhon-phu,IN_WARD
45183074,ward|ho-chi-minh|phuong-tan-son,IN_WARD
45228388,ward|ho-chi-minh|phuong-hoa-hung,IN_WARD
45025850,ward|ho-chi-minh|phuong-tan-son,IN_WARD
44407311,ward|ho-chi-minh|phuong-hiep-binh,IN_WARD
45194032,ward|ho-chi-minh|phuong-an-phu-ong,IN_WARD
45211053,ward|ho-chi-minh|phuong-an-hoi-tay,IN_WARD
45194358,ward|ho-chi-minh|phuong-an-phu-ong,IN_WARD
45078935,ward|ho-chi-minh|xa-tan-an-hoi,IN_WARD
43517747,ward|ho-chi-minh|phuong-tan-son,IN_WARD
45172012,ward|ho-chi-minh|phuong-chanh-hung,IN_WARD
44671246,ward|ho-chi-minh|phuong-long-phuoc,IN_WARD
45224019,ward|ho-chi-minh|phuong-ban-co,IN_WARD
44970036,ward|ho-chi-minh|phuong-binh-trung,IN_WARD
45227552,ward|ho-chi-minh|phuong-phuoc-long,IN_WARD
45226611,ward|ho-chi-minh|phuong-phu-nhuan,IN_WARD
45158883,ward|ho-chi-minh|phuong-cau-kieu,IN_WARD
45226878,ward|ho-chi-minh|phuong-phu-nhuan,IN_WARD
42777274,ward|ho-chi-minh|phuong-binh-thanh,IN_WARD
44670333,ward|ho-chi-minh|phuong-an-phu-ong,IN_WARD
45223231,ward|ho-chi-minh|phuong-binh-hung-hoa,IN_WARD
45018689,ward|ho-chi-minh|phuong-vinh-hoi,IN_WARD
45013698,ward|ho-chi-minh|phuong-vinh-hoi,IN_WARD
45177905,ward|ho-chi-minh|xa-nha-be,IN_WARD
45226387,ward|ho-chi-minh|phuong-cau-kieu,IN_WARD
44827360,ward|ho-chi-minh|phuong-an-phu-ong,IN_WARD
42928021,ward|ho-chi-minh|phuong-hiep-binh,IN_WARD
44977392,ward|ho-chi-minh|phuong-bay-hien,IN_WARD
45216200,ward|ho-chi-minh|phuong-an-hoi-tay,IN_WARD
45224513,ward|ho-chi-minh|phuong-tan-son-hoa,IN_WARD
45220203,ward|ho-chi-minh|phuong-tan-binh,IN_WARD
44869947,ward|ho-chi-minh|phuong-vung-tau,IN_WARD
45204718,ward|ho-chi-minh|phuong-tan-hung,IN_WARD
44673808,ward|ho-chi-minh|phuong-thu-uc,IN_WARD
45223119,ward|ho-chi-minh|phuong-tan-hung,IN_WARD
45196546,ward|ho-chi-minh|phuong-thuan-giao,IN_WARD
45224956,ward|ho-chi-minh|phuong-tam-binh,IN_WARD
45224841,ward|ho-chi-minh|phuong-cau-ong-lanh,IN_WARD
45225361,ward|ho-chi-minh|phuong-tan-binh,IN_WARD
45224284,ward|ho-chi-minh|phuong-binh-tri-ong,IN_WARD
45201374,ward|ho-chi-minh|phuong-cat-lai,IN_WARD
45223173,ward|ho-chi-minh|phuong-tan-thuan,IN_WARD
45224366,ward|ho-chi-minh|phuong-uc-nhuan,IN_WARD
45219566,ward|ho-chi-minh|phuong-go-vap,IN_WARD
45223742,ward|ho-chi-minh|phuong-phu-thanh,IN_WARD
45189911,ward|ho-chi-minh|phuong-phu-nhuan,IN_WARD
45223994,ward|ho-chi-minh|phuong-tan-phu,IN_WARD
45223899,ward|ho-chi-minh|phuong-tan-son-nhi,IN_WARD
45210079,ward|ho-chi-minh|phuong-tan-son-hoa,IN_WARD
45222624,ward|ho-chi-minh|phuong-phu-nhuan,IN_WARD
45195316,ward|ho-chi-minh|phuong-thu-uc,IN_WARD
45188877,ward|ho-chi-minh|phuong-cau-kieu,IN_WARD
44944990,ward|ho-chi-minh|phuong-binh-hung-hoa,IN_WARD
45223953,ward|ho-chi-minh|phuong-tan-son-nhi,IN_WARD
45222354,ward|ho-chi-minh|phuong-cau-kieu,IN_WARD
45222510,ward|ho-chi-minh|phuong-phu-nhuan,IN_WARD
45215261,ward|ho-chi-minh|phuong-linh-xuan,IN_WARD
45224328,ward|ho-chi-minh|phuong-binh-loi-trung,IN_WARD
45190535,ward|ho-chi-minh|phuong-chanh-hung,IN_WARD
45224178,ward|ho-chi-minh|phuong-hoa-hung,IN_WARD
45192385,ward|ho-chi-minh|phuong-uc-nhuan,IN_WARD
45223466,ward|ho-chi-minh|phuong-tan-son-nhi,IN_WARD
45199308,ward|ho-chi-minh|phuong-binh-loi-trung,IN_WARD
44994534,ward|ho-chi-minh|phuong-tan-thuan,IN_WARD
45009771,ward|ho-chi-minh|phuong-cau-ong-lanh,IN_WARD
45223116,ward|ho-chi-minh|phuong-binh-tri-ong,IN_WARD
39328171,ward|ho-chi-minh|xa-nha-be,IN_WARD
45061609,ward|ho-chi-minh|phuong-long-truong,IN_WARD
45032097,ward|ho-chi-minh|phuong-uc-nhuan,IN_WARD
44126704,ward|ho-chi-minh|phuong-an-phu-ong,IN_WARD
43552916,ward|ho-chi-minh|phuong-vuon-lai,IN_WARD
45051102,ward|ho-chi-minh|phuong-long-phuoc,IN_WARD
44329060,ward|ho-chi-minh|xa-hiep-phuoc,IN_WARD
42104888,ward|ho-chi-minh|phuong-cau-ong-lanh,IN_WARD
45083827,ward|ho-chi-minh|phuong-an-phu-ong,IN_WARD
45149696,ward|ho-chi-minh|phuong-thoi-an,IN_WARD
44773068,ward|ho-chi-minh|phuong-cau-ong-lanh,IN_WARD
45057882,ward|ho-chi-minh|phuong-an-phu-ong,IN_WARD
45184381,ward|ho-chi-minh|phuong-an-phu-ong,IN_WARD
45158404,ward|ho-chi-minh|phuong-an-phu-ong,IN_WARD
44953675,ward|ho-chi-minh|phuong-thoi-an,IN_WARD
45199407,ward|ho-chi-minh|phuong-an-phu-ong,IN_WARD
45197139,ward|ho-chi-minh|phuong-an-phu-ong,IN_WARD
45204762,ward|ho-chi-minh|phuong-thoi-an,IN_WARD
45202785,ward|ho-chi-minh|phuong-thoi-an,IN_WARD
45221695,ward|ho-chi-minh|phuong-an-phu-ong,IN_WARD
45205027,ward|ho-chi-minh|phuong-an-phu-ong,IN_WARD
45192019,ward|ho-chi-minh|phuong-an-phu-ong,IN_WARD
45090654,ward|ho-chi-minh|phuong-long-truong,IN_WARD
44852119,ward|ho-chi-minh|xa-nha-be,IN_WARD
45060455,ward|ho-chi-minh|phuong-tan-tao,IN_WARD
45146331,ward|ho-chi-minh|phuong-go-vap,IN_WARD
44945736,ward|ho-chi-minh|phuong-nhieu-loc,IN_WARD
45066979,ward|ho-chi-minh|phuong-long-truong,IN_WARD
44745929,ward|ho-chi-minh|phuong-tam-thang,IN_WARD
45158517,ward|ho-chi-minh|phuong-tam-thang,IN_WARD
44815225,ward|ho-chi-minh|phuong-sai-gon,IN_WARD
44492541,ward|ho-chi-minh|phuong-tan-binh,IN_WARD
44730435,ward|ho-chi-minh|phuong-nhieu-loc,IN_WARD
45119458,ward|ho-chi-minh|phuong-tan-son-nhat,IN_WARD
44886746,ward|ho-chi-minh|phuong-tan-son-hoa,IN_WARD
45011708,ward|ho-chi-minh|phuong-tan-son-nhat,IN_WARD
45160024,ward|ho-chi-minh|phuong-tam-thang,IN_WARD
45080508,ward|ho-chi-minh|phuong-tam-thang,IN_WARD
44307759,ward|ho-chi-minh|phuong-vuon-lai,IN_WARD
45138486,ward|ho-chi-minh|phuong-an-lac,IN_WARD
43605941,ward|ho-chi-minh|phuong-sai-gon,IN_WARD
43639251,ward|ho-chi-minh|phuong-an-ong,IN_WARD
44939017,ward|ho-chi-minh|phuong-phuoc-long,IN_WARD
43596772,ward|ho-chi-minh|phuong-an-ong,IN_WARD
43788665,ward|ho-chi-minh|phuong-cho-quan,IN_WARD
45072572,ward|ho-chi-minh|phuong-thu-uc,IN_WARD
42583860,ward|ho-chi-minh|phuong-tan-son-nhat,IN_WARD
44549064,ward|ho-chi-minh|phuong-tan-son-nhat,IN_WARD
44805680,ward|ho-chi-minh|phuong-tan-binh,IN_WARD
43272904,ward|ho-chi-minh|phuong-tan-binh,IN_WARD
43609282,ward|ho-chi-minh|phuong-tan-son-hoa,IN_WARD
44751479,ward|ho-chi-minh|phuong-hiep-binh,IN_WARD
45116083,ward|ho-chi-minh|phuong-tan-son-hoa,IN_WARD
44626770,ward|ho-chi-minh|phuong-tan-son-nhat,IN_WARD
45186272,ward|ho-chi-minh|phuong-thoi-an,IN_WARD
44890005,ward|ho-chi-minh|phuong-phu-nhuan,IN_WARD
44927823,ward|ho-chi-minh|phuong-an-hoi-ong,IN_WARD
45088684,ward|ho-chi-minh|phuong-thong-tay-hoi,IN_WARD
44532538,ward|ho-chi-minh|phuong-an-khanh,IN_WARD
44522657,ward|ho-chi-minh|phuong-an-khanh,IN_WARD
45205943,ward|ho-chi-minh|phuong-gia-inh,IN_WARD
44549533,ward|ho-chi-minh|phuong-an-khanh,IN_WARD
42700245,ward|ho-chi-minh|phuong-thanh-my-tay,IN_WARD
45210106,ward|ho-chi-minh|phuong-binh-loi-trung,IN_WARD
45163791,ward|ho-chi-minh|phuong-tan-son-hoa,IN_WARD
44564031,ward|ho-chi-minh|xa-hiep-phuoc,IN_WARD
44868771,ward|ho-chi-minh|phuong-thanh-my-tay,IN_WARD
45125602,ward|ho-chi-minh|phuong-thong-tay-hoi,IN_WARD
45118111,ward|ho-chi-minh|phuong-tang-nhon-phu,IN_WARD
45221498,ward|ho-chi-minh|phuong-thoi-an,IN_WARD
44959065,ward|ho-chi-minh|phuong-tan-thuan,IN_WARD
45221343,ward|ho-chi-minh|phuong-long-truong,IN_WARD
44502536,ward|ho-chi-minh|phuong-an-phu-ong,IN_WARD
45099055,ward|ho-chi-minh|phuong-binh-loi-trung,IN_WARD
44899680,ward|ho-chi-minh|phuong-tan-binh,IN_WARD
45194127,ward|ho-chi-minh|phuong-vung-tau,IN_WARD
45220782,ward|ho-chi-minh|phuong-tan-thoi-hiep,IN_WARD
44767187,ward|ho-chi-minh|phuong-vinh-hoi,IN_WARD
45196522,ward|ho-chi-minh|phuong-cau-kieu,IN_WARD
45220383,ward|ho-chi-minh|phuong-tan-hung,IN_WARD
44454285,ward|ho-chi-minh|phuong-tan-son-hoa,IN_WARD
45217777,ward|ho-chi-minh|phuong-binh-loi-trung,IN_WARD
45221253,ward|ho-chi-minh|phuong-bay-hien,IN_WARD
45220106,ward|ho-chi-minh|phuong-phu-nhuan,IN_WARD
45096390,ward|ho-chi-minh|phuong-tan-phu,IN_WARD
44959929,ward|ho-chi-minh|phuong-tan-binh,IN_WARD
45115875,ward|ho-chi-minh|xa-nha-be,IN_WARD
44456195,ward|ho-chi-minh|phuong-phu-thanh,IN_WARD
44200919,ward|ho-chi-minh|xa-hiep-phuoc,IN_WARD
44234452,ward|ho-chi-minh|phuong-vung-tau,IN_WARD
43011177,ward|ho-chi-minh|phuong-tam-thang,IN_WARD
43220620,ward|ho-chi-minh|phuong-gia-inh,IN_WARD
45197120,ward|ho-chi-minh|phuong-tam-thang,IN_WARD
42505985,ward|ho-chi-minh|phuong-an-lac,IN_WARD
45194190,ward|ho-chi-minh|phuong-tam-thang,IN_WARD
44777477,ward|ho-chi-minh|phuong-tam-thang,IN_WARD
44992654,ward|ho-chi-minh|phuong-tan-son-nhat,IN_WARD
44993942,ward|ho-chi-minh|phuong-gia-inh,IN_WARD
45212387,ward|ho-chi-minh|phuong-tan-son,IN_WARD
45220144,ward|ho-chi-minh|phuong-thu-uc,IN_WARD
44026736,ward|ho-chi-minh|phuong-phu-nhuan,IN_WARD
45113537,ward|ho-chi-minh|phuong-tan-son-nhi,IN_WARD
45053231,ward|ho-chi-minh|phuong-di-an,IN_WARD
45081815,ward|ho-chi-minh|phuong-thoi-an,IN_WARD
44113870,ward|ho-chi-minh|phuong-bay-hien,IN_WARD
45217136,ward|ho-chi-minh|phuong-trung-my-tay,IN_WARD
45215158,ward|ho-chi-minh|phuong-cat-lai,IN_WARD
45217976,ward|ho-chi-minh|xa-hiep-phuoc,IN_WARD
44147966,ward|ho-chi-minh|phuong-binh-thanh,IN_WARD
44493837,ward|ho-chi-minh|phuong-tan-son-nhat,IN_WARD
45210343,ward|ho-chi-minh|phuong-binh-loi-trung,IN_WARD
45159288,ward|ho-chi-minh|phuong-thanh-my-tay,IN_WARD
44979694,ward|ho-chi-minh|phuong-uc-nhuan,IN_WARD
45218089,ward|ho-chi-minh|phuong-trung-my-tay,IN_WARD
44558555,ward|ho-chi-minh|phuong-tan-binh,IN_WARD
45029262,ward|ho-chi-minh|xa-binh-loi,IN_WARD
44558902,ward|ho-chi-minh|phuong-bay-hien,IN_WARD
45218919,ward|ho-chi-minh|phuong-tang-nhon-phu,IN_WARD
45210546,ward|ho-chi-minh|phuong-tam-binh,IN_WARD
45217702,ward|ho-chi-minh|phuong-binh-duong,IN_WARD
44999864,ward|ho-chi-minh|xa-binh-chanh,IN_WARD
45215592,ward|ho-chi-minh|phuong-tang-nhon-phu,IN_WARD
45216538,ward|ho-chi-minh|phuong-trung-my-tay,IN_WARD
45216887,ward|ho-chi-minh|phuong-tan-hoa,IN_WARD
44900177,ward|ho-chi-minh|phuong-tan-son-hoa,IN_WARD
45202884,ward|ho-chi-minh|phuong-an-hoi-tay,IN_WARD
44216029,ward|ho-chi-minh|xa-ba-iem,IN_WARD
44707165,ward|ho-chi-minh|phuong-long-binh,IN_WARD
44122851,ward|ho-chi-minh|xa-tru-van-tho,IN_WARD
45177340,ward|ho-chi-minh|phuong-tan-son,IN_WARD
45218954,ward|ho-chi-minh|phuong-binh-thanh,IN_WARD
44609961,ward|ho-chi-minh|xa-nha-be,IN_WARD
45218235,ward|ho-chi-minh|phuong-cho-quan,IN_WARD
45218912,ward|ho-chi-minh|phuong-binh-thanh,IN_WARD
45217235,ward|ho-chi-minh|phuong-di-an,IN_WARD
45197650,ward|ho-chi-minh|phuong-tan-hoa,IN_WARD
44538240,ward|ho-chi-minh|phuong-an-hoi-ong,IN_WARD
44640570,ward|ho-chi-minh|xa-nha-be,IN_WARD
45207951,ward|ho-chi-minh|phuong-thu-uc,IN_WARD
44607479,ward|ho-chi-minh|xa-hiep-phuoc,IN_WARD
45214116,ward|ho-chi-minh|phuong-binh-tay,IN_WARD
45214928,ward|ho-chi-minh|phuong-thoi-an,IN_WARD
44117018,ward|ho-chi-minh|phuong-cau-kieu,IN_WARD
45197627,ward|ho-chi-minh|phuong-hanh-thong,IN_WARD
44889787,ward|ho-chi-minh|phuong-tan-binh,IN_WARD
45214926,ward|ho-chi-minh|phuong-vung-tau,IN_WARD
44699370,ward|ho-chi-minh|phuong-gia-inh,IN_WARD
45214777,ward|ho-chi-minh|phuong-binh-tri-ong,IN_WARD
44102841,ward|ho-chi-minh|phuong-uc-nhuan,IN_WARD
45160758,ward|ho-chi-minh|phuong-uc-nhuan,IN_WARD
44969367,ward|ho-chi-minh|phuong-khanh-hoi,IN_WARD
45146401,ward|ho-chi-minh|phuong-phu-nhuan,IN_WARD
45109536,ward|ho-chi-minh|phuong-phu-nhuan,IN_WARD
45182878,ward|ho-chi-minh|phuong-phu-nhuan,IN_WARD
45128126,ward|ho-chi-minh|phuong-cau-kieu,IN_WARD
45112753,ward|ho-chi-minh|phuong-uc-nhuan,IN_WARD
45154072,ward|ho-chi-minh|phuong-an-hoi-tay,IN_WARD
45050074,ward|ho-chi-minh|phuong-thu-uc,IN_WARD
44806109,ward|ho-chi-minh|phuong-cau-kieu,IN_WARD
45059651,ward|ho-chi-minh|phuong-go-vap,IN_WARD
44920943,ward|ho-chi-minh|xa-nha-be,IN_WARD
45099274,ward|ho-chi-minh|phuong-uc-nhuan,IN_WARD
45207606,ward|ho-chi-minh|phuong-phu-thuan,IN_WARD
44814841,ward|ho-chi-minh|phuong-an-hoi-tay,IN_WARD
45036065,ward|ho-chi-minh|phuong-an-hoi-tay,IN_WARD
45105255,ward|ho-chi-minh|phuong-phu-thuan,IN_WARD
44643381,ward|ho-chi-minh|phuong-tan-thuan,IN_WARD
43570256,ward|ho-chi-minh|phuong-tan-son,IN_WARD
44633584,ward|ho-chi-minh|xa-nha-be,IN_WARD
44646439,ward|ho-chi-minh|phuong-ben-thanh,IN_WARD
44427635,ward|ho-chi-minh|phuong-ben-thanh,IN_WARD
45048496,ward|ho-chi-minh|xa-nha-be,IN_WARD
44646136,ward|ho-chi-minh|phuong-hoa-hung,IN_WARD
45057486,ward|ho-chi-minh|phuong-phu-nhuan,IN_WARD
44979444,ward|ho-chi-minh|phuong-thong-tay-hoi,IN_WARD
44918394,ward|ho-chi-minh|xa-nha-be,IN_WARD
43829753,ward|ho-chi-minh|phuong-tay-thanh,IN_WARD
44904491,ward|ho-chi-minh|phuong-thu-uc,IN_WARD
45148125,ward|ho-chi-minh|phuong-phu-nhuan,IN_WARD
39078021,ward|ho-chi-minh|xa-ba-iem,IN_WARD
45121517,ward|ho-chi-minh|phuong-cau-kieu,IN_WARD
44850188,ward|ho-chi-minh|phuong-thanh-my-tay,IN_WARD
45062729,ward|ho-chi-minh|phuong-long-phuoc,IN_WARD
44995495,ward|ho-chi-minh|phuong-binh-thanh,IN_WARD
45157943,ward|ho-chi-minh|phuong-cat-lai,IN_WARD
44905609,ward|ho-chi-minh|phuong-uc-nhuan,IN_WARD
44978120,ward|ho-chi-minh|phuong-an-hoi-tay,IN_WARD
45110126,ward|ho-chi-minh|phuong-tan-son,IN_WARD
45194196,ward|ho-chi-minh|phuong-hiep-binh,IN_WARD
43102591,ward|ho-chi-minh|phuong-dien-hong,IN_WARD
45019799,ward|ho-chi-minh|phuong-tan-son-hoa,IN_WARD
45073914,ward|ho-chi-minh|phuong-hiep-binh,IN_WARD
44867479,ward|ho-chi-minh|phuong-phu-nhuan,IN_WARD
44779145,ward|ho-chi-minh|phuong-khanh-hoi,IN_WARD
45150817,ward|ho-chi-minh|phuong-tan-son,IN_WARD
44934807,ward|ho-chi-minh|phuong-binh-thanh,IN_WARD
45143748,ward|ho-chi-minh|phuong-an-lac,IN_WARD
45205124,ward|ho-chi-minh|phuong-thoi-an,IN_WARD
45021271,ward|ho-chi-minh|phuong-long-truong,IN_WARD
44766282,ward|ho-chi-minh|phuong-ong-hung-thuan,IN_WARD
45207948,ward|ho-chi-minh|phuong-vuon-lai,IN_WARD
44858898,ward|ho-chi-minh|phuong-khanh-hoi,IN_WARD
45050974,ward|ho-chi-minh|phuong-tan-binh,IN_WARD
44886440,ward|ho-chi-minh|phuong-vuon-lai,IN_WARD
45200842,ward|ho-chi-minh|phuong-hoa-hung,IN_WARD
45209564,ward|ho-chi-minh|phuong-dien-hong,IN_WARD
44372189,ward|ho-chi-minh|phuong-phu-inh,IN_WARD
44932665,ward|ho-chi-minh|phuong-tan-tao,IN_WARD
45181110,ward|ho-chi-minh|phuong-tan-son-hoa,IN_WARD
44932544,ward|ho-chi-minh|phuong-tan-phu,IN_WARD
44986783,ward|ho-chi-minh|phuong-cau-kieu,IN_WARD
44925166,ward|ho-chi-minh|xa-nha-be,IN_WARD
45197397,ward|ho-chi-minh|phuong-hoa-hung,IN_WARD
45213268,ward|ho-chi-minh|phuong-thoi-an,IN_WARD
44611580,ward|ho-chi-minh|phuong-binh-thanh,IN_WARD
45161234,ward|ho-chi-minh|phuong-tan-hung,IN_WARD
45200648,ward|ho-chi-minh|xa-nha-be,IN_WARD
45213326,ward|ho-chi-minh|phuong-thoi-an,IN_WARD
43531387,ward|ho-chi-minh|phuong-vuon-lai,IN_WARD
45094868,ward|ho-chi-minh|phuong-cat-lai,IN_WARD
44315206,ward|ho-chi-minh|xa-nha-be,IN_WARD
43989783,ward|ho-chi-minh|xa-nha-be,IN_WARD
45201231,ward|ho-chi-minh|phuong-phu-thuan,IN_WARD
45189941,ward|ho-chi-minh|phuong-tan-thuan,IN_WARD
43377676,ward|ho-chi-minh|phuong-hoa-hung,IN_WARD
44936092,ward|ho-chi-minh|phuong-gia-inh,IN_WARD
45161667,ward|ho-chi-minh|phuong-hoa-hung,IN_WARD
44242606,ward|ho-chi-minh|phuong-hoa-hung,IN_WARD
44222729,ward|ho-chi-minh|phuong-dien-hong,IN_WARD
45211234,ward|ho-chi-minh|phuong-binh-thanh,IN_WARD
45080258,ward|ho-chi-minh|phuong-binh-tan,IN_WARD
45172741,ward|ho-chi-minh|phuong-thanh-my-tay,IN_WARD
45211836,ward|ho-chi-minh|phuong-tan-son,IN_WARD
45206999,ward|ho-chi-minh|xa-nha-be,IN_WARD
44907827,ward|ho-chi-minh|phuong-hoa-hung,IN_WARD
44665507,ward|ho-chi-minh|phuong-khanh-hoi,IN_WARD
44907090,ward|ho-chi-minh|phuong-an-hoi-tay,IN_WARD
44896332,ward|ho-chi-minh|phuong-trung-my-tay,IN_WARD
44307723,ward|ho-chi-minh|phuong-hoa-hung,IN_WARD
45122141,ward|ho-chi-minh|phuong-thu-uc,IN_WARD
45211431,ward|ho-chi-minh|phuong-thoi-an,IN_WARD
44654114,ward|ho-chi-minh|phuong-tam-thang,IN_WARD
45209086,ward|ho-chi-minh|phuong-xuan-hoa,IN_WARD
45147698,ward|ho-chi-minh|phuong-binh-thanh,IN_WARD
44524721,ward|ho-chi-minh|phuong-thu-uc,IN_WARD
45211771,ward|ho-chi-minh|phuong-an-lac,IN_WARD
45213303,ward|ho-chi-minh|phuong-binh-thoi,IN_WARD
45209973,ward|ho-chi-minh|phuong-ban-co,IN_WARD
45200898,ward|ho-chi-minh|phuong-xuan-hoa,IN_WARD
45153903,ward|ho-chi-minh|phuong-nhieu-loc,IN_WARD
45209835,ward|ho-chi-minh|phuong-cho-quan,IN_WARD
44548644,ward|ho-chi-minh|phuong-binh-loi-trung,IN_WARD
45205900,ward|ho-chi-minh|phuong-binh-loi-trung,IN_WARD
45061303,ward|ho-chi-minh|phuong-binh-tri-ong,IN_WARD
45180105,ward|ho-chi-minh|phuong-uc-nhuan,IN_WARD
45175886,ward|ho-chi-minh|phuong-hanh-thong,IN_WARD
45175429,ward|ho-chi-minh|phuong-tan-son-nhat,IN_WARD
44637565,ward|ho-chi-minh|xa-nha-be,IN_WARD
45211536,ward|ho-chi-minh|phuong-phu-thuan,IN_WARD
45212454,ward|ho-chi-minh|phuong-vung-tau,IN_WARD
45021898,ward|ho-chi-minh|phuong-uc-nhuan,IN_WARD
45207627,ward|ho-chi-minh|phuong-phu-thuan,IN_WARD
44431816,ward|ho-chi-minh|xa-hiep-phuoc,IN_WARD
45212565,ward|ho-chi-minh|phuong-thu-uc,IN_WARD
45101382,ward|ho-chi-minh|xa-nha-be,IN_WARD
44973643,ward|ho-chi-minh|phuong-tan-binh,IN_WARD
44926521,ward|ho-chi-minh|phuong-tan-son-hoa,IN_WARD
45207570,ward|ho-chi-minh|phuong-tan-hung,IN_WARD
45212198,ward|ho-chi-minh|phuong-binh-ong,IN_WARD
44909092,ward|ho-chi-minh|phuong-an-phu-ong,IN_WARD
45160970,ward|ho-chi-minh|phuong-tan-hung,IN_WARD
44392855,ward|ho-chi-minh|phuong-binh-loi-trung,IN_WARD
45080935,ward|ho-chi-minh|phuong-thong-tay-hoi,IN_WARD
45204210,ward|ho-chi-minh|phuong-go-vap,IN_WARD
45086734,ward|ho-chi-minh|phuong-an-hoi-tay,IN_WARD
45179980,ward|ho-chi-minh|phuong-an-phu-ong,IN_WARD
45211549,ward|ho-chi-minh|xa-xuan-thoi-son,IN_WARD
45016430,ward|ho-chi-minh|phuong-tan-hung,IN_WARD
43691212,ward|ho-chi-minh|phuong-gia-inh,IN_WARD
45211035,ward|ho-chi-minh|phuong-go-vap,IN_WARD
44506594,ward|ho-chi-minh|phuong-thong-tay-hoi,IN_WARD
45210609,ward|ho-chi-minh|phuong-tan-thoi-hiep,IN_WARD
45019081,ward|ho-chi-minh|phuong-thong-tay-hoi,IN_WARD
44945779,ward|ho-chi-minh|xa-hiep-phuoc,IN_WARD
45041250,ward|ho-chi-minh|phuong-an-hoi-ong,IN_WARD
45025831,ward|ho-chi-minh|phuong-tan-hung,IN_WARD
42234179,ward|ho-chi-minh|phuong-vung-tau,IN_WARD
43345599,ward|ho-chi-minh|phuong-uc-nhuan,IN_WARD
45205881,ward|ho-chi-minh|phuong-thoi-an,IN_WARD
45207560,ward|ho-chi-minh|phuong-tan-hung,IN_WARD
45202069,ward|ho-chi-minh|phuong-uc-nhuan,IN_WARD
44972785,ward|ho-chi-minh|phuong-ong-hoa,IN_WARD
45209430,ward|ho-chi-minh|phuong-binh-ong,IN_WARD
45205298,ward|ho-chi-minh|phuong-an-phu-ong,IN_WARD
45207388,ward|ho-chi-minh|phuong-thoi-hoa,IN_WARD
45205834,ward|ho-chi-minh|phuong-thoi-hoa,IN_WARD
45209045,ward|ho-chi-minh|phuong-an-lac,IN_WARD
45178622,ward|ho-chi-minh|phuong-tam-binh,IN_WARD
45205957,ward|ho-chi-minh|phuong-binh-thanh,IN_WARD
45199044,ward|ho-chi-minh|phuong-khanh-hoi,IN_WARD
45043691,ward|ho-chi-minh|phuong-binh-thanh,IN_WARD
45197649,ward|ho-chi-minh|phuong-binh-hung-hoa,IN_WARD
44494201,ward|ho-chi-minh|phuong-tan-my,IN_WARD
44247860,ward|ho-chi-minh|phuong-tan-tao,IN_WARD
45020850,ward|ho-chi-minh|phuong-tan-hung,IN_WARD
44644396,ward|ho-chi-minh|phuong-tan-thuan,IN_WARD
44234870,ward|ho-chi-minh|phuong-binh-thanh,IN_WARD
44866741,ward|ho-chi-minh|phuong-hiep-binh,IN_WARD
42418438,ward|ho-chi-minh|phuong-xom-chieu,IN_WARD
45196395,ward|ho-chi-minh|phuong-an-phu-ong,IN_WARD
45204741,ward|ho-chi-minh|phuong-an-phu-ong,IN_WARD
44432198,ward|ho-chi-minh|phuong-vung-tau,IN_WARD
45200445,ward|ho-chi-minh|phuong-tam-thang,IN_WARD
45207129,ward|ho-chi-minh|phuong-thu-uc,IN_WARD
45159337,ward|ho-chi-minh|phuong-long-truong,IN_WARD
44942764,ward|ho-chi-minh|phuong-tan-thuan,IN_WARD
45179386,ward|ho-chi-minh|phuong-tam-thang,IN_WARD
44962461,ward|ho-chi-minh|phuong-tam-thang,IN_WARD
45179428,ward|ho-chi-minh|phuong-binh-loi-trung,IN_WARD
45209348,ward|ho-chi-minh|phuong-hiep-binh,IN_WARD
45205140,ward|ho-chi-minh|phuong-thu-uc,IN_WARD
45197605,ward|ho-chi-minh|phuong-tam-thang,IN_WARD
45200941,ward|ho-chi-minh|phuong-binh-tan,IN_WARD
45201401,ward|ho-chi-minh|phuong-nhieu-loc,IN_WARD
45025943,ward|ho-chi-minh|phuong-binh-hung-hoa,IN_WARD
45205934,ward|ho-chi-minh|phuong-tan-son-hoa,IN_WARD
45200912,ward|ho-chi-minh|phuong-binh-hung-hoa,IN_WARD
45197820,ward|ho-chi-minh|phuong-ban-co,IN_WARD
45207858,ward|ho-chi-minh|phuong-ban-co,IN_WARD
45200970,ward|ho-chi-minh|phuong-chanh-hung,IN_WARD
45199676,ward|ho-chi-minh|phuong-thu-uc,IN_WARD
44107340,ward|ho-chi-minh|phuong-an-phu-ong,IN_WARD
44999155,ward|ho-chi-minh|phuong-chanh-hung,IN_WARD
45197229,ward|ho-chi-minh|phuong-thu-uc,IN_WARD
45203351,ward|ho-chi-minh|phuong-tang-nhon-phu,IN_WARD
45204306,ward|ho-chi-minh|phuong-binh-ong,IN_WARD
45200887,ward|ho-chi-minh|phuong-binh-hung-hoa,IN_WARD
45025394,ward|ho-chi-minh|phuong-binh-trung,IN_WARD
45188564,ward|ho-chi-minh|phuong-cau-ong-lanh,IN_WARD
45201686,ward|ho-chi-minh|xa-hiep-phuoc,IN_WARD
45191977,ward|ho-chi-minh|phuong-binh-loi-trung,IN_WARD
45203340,ward|ho-chi-minh|phuong-long-binh,IN_WARD
44942519,ward|ho-chi-minh|phuong-hanh-thong,IN_WARD
44872082,ward|ho-chi-minh|phuong-nhieu-loc,IN_WARD
45203396,ward|ho-chi-minh|phuong-tan-son,IN_WARD
45037137,ward|ho-chi-minh|phuong-tan-son-hoa,IN_WARD
45203198,ward|ho-chi-minh|phuong-binh-loi-trung,IN_WARD
45201332,ward|ho-chi-minh|xa-nha-be,IN_WARD
45012028,ward|ho-chi-minh|phuong-thong-tay-hoi,IN_WARD
45200102,ward|ho-chi-minh|phuong-cat-lai,IN_WARD
45204282,ward|ho-chi-minh|phuong-tan-inh,IN_WARD
45194838,ward|ho-chi-minh|phuong-binh-tri-ong,IN_WARD
44871770,ward|ho-chi-minh|phuong-binh-trung,IN_WARD
45197452,ward|ho-chi-minh|phuong-binh-tri-ong,IN_WARD
45200834,ward|ho-chi-minh|phuong-binh-hung-hoa,IN_WARD
45203152,ward|ho-chi-minh|phuong-phuoc-long,IN_WARD
45191353,ward|ho-chi-minh|phuong-vung-tau,IN_WARD
44991295,ward|ho-chi-minh|phuong-hanh-thong,IN_WARD
44950030,ward|ho-chi-minh|phuong-an-hoi-tay,IN_WARD
45147655,ward|ho-chi-minh|phuong-nhieu-loc,IN_WARD
44598029,ward|ho-chi-minh|xa-hiep-phuoc,IN_WARD
45203517,ward|ho-chi-minh|xa-nha-be,IN_WARD
45000100,ward|ho-chi-minh|phuong-binh-loi-trung,IN_WARD
45197594,ward|ho-chi-minh|phuong-binh-loi-trung,IN_WARD
44601914,ward|ho-chi-minh|xa-nha-be,IN_WARD
45188438,ward|ho-chi-minh|phuong-ban-co,IN_WARD
45146196,ward|ho-chi-minh|phuong-xuan-hoa,IN_WARD
43925266,ward|ho-chi-minh|phuong-uc-nhuan,IN_WARD
44198865,ward|ho-chi-minh|phuong-uc-nhuan,IN_WARD
44219885,ward|ho-chi-minh|phuong-ben-thanh,IN_WARD
43827731,ward|ho-chi-minh|phuong-tan-binh,IN_WARD
44881605,ward|ho-chi-minh|phuong-cau-kieu,IN_WARD
40799444,ward|ho-chi-minh|phuong-tan-son-nhat,IN_WARD
44970677,ward|ho-chi-minh|phuong-cau-kieu,IN_WARD
44889916,ward|ho-chi-minh|phuong-phu-nhuan,IN_WARD
44864665,ward|ho-chi-minh|phuong-binh-loi-trung,IN_WARD
45198077,ward|ho-chi-minh|phuong-uc-nhuan,IN_WARD
45204682,ward|ho-chi-minh|phuong-an-hoi-tay,IN_WARD
44994985,ward|ho-chi-minh|phuong-phu-nhuan,IN_WARD
44925710,ward|ho-chi-minh|phuong-bay-hien,IN_WARD
44632687,ward|ho-chi-minh|phuong-thanh-my-tay,IN_WARD
45156404,ward|ho-chi-minh|phuong-cau-kieu,IN_WARD
45200939,ward|ho-chi-minh|phuong-uc-nhuan,IN_WARD
44995126,ward|ho-chi-minh|phuong-tan-son-hoa,IN_WARD
43847525,ward|ho-chi-minh|phuong-bay-hien,IN_WARD
45206256,ward|ho-chi-minh|phuong-an-hoi-tay,IN_WARD
45203024,ward|ho-chi-minh|phuong-an-hoi-tay,IN_WARD
44904377,ward|ho-chi-minh|phuong-tan-son-nhat,IN_WARD
43550205,ward|ho-chi-minh|phuong-uc-nhuan,IN_WARD
44743191,ward|ho-chi-minh|phuong-thong-tay-hoi,IN_WARD
44977592,ward|ho-chi-minh|phuong-an-hoi-tay,IN_WARD
43158878,ward|ho-chi-minh|phuong-phu-thuan,IN_WARD
44823332,ward|ho-chi-minh|phuong-tan-inh,IN_WARD
45066544,ward|ho-chi-minh|phuong-binh-tan,IN_WARD
45138082,ward|ho-chi-minh|phuong-binh-tan,IN_WARD
44106841,ward|ho-chi-minh|phuong-tang-nhon-phu,IN_WARD
45159419,ward|ho-chi-minh|phuong-tang-nhon-phu,IN_WARD
44694701,ward|ho-chi-minh|phuong-vuon-lai,IN_WARD
44907913,ward|ho-chi-minh|phuong-phu-nhuan,IN_WARD
45093795,ward|ho-chi-minh|phuong-nhieu-loc,IN_WARD
45085394,ward|ho-chi-minh|phuong-cau-kieu,IN_WARD
45118395,ward|ho-chi-minh|phuong-cau-kieu,IN_WARD
44455775,ward|ho-chi-minh|phuong-hiep-binh,IN_WARD
45188014,ward|ho-chi-minh|phuong-tan-binh,IN_WARD
45179449,ward|ho-chi-minh|phuong-thoi-an,IN_WARD
44957948,ward|ho-chi-minh|phuong-binh-hung-hoa,IN_WARD
45011206,ward|ho-chi-minh|phuong-binh-hung-hoa,IN_WARD
44695109,ward|ho-chi-minh|phuong-binh-hung-hoa,IN_WARD
45029669,ward|ho-chi-minh|phuong-binh-tri-ong,IN_WARD
44856748,ward|ho-chi-minh|xa-nha-be,IN_WARD
42742297,ward|ho-chi-minh|xa-nha-be,IN_WARD
44807468,ward|ho-chi-minh|phuong-tan-thuan,IN_WARD
45029240,ward|ho-chi-minh|phuong-tan-thuan,IN_WARD
45140831,ward|ho-chi-minh|phuong-thu-uc,IN_WARD
44927947,ward|ho-chi-minh|phuong-an-hoi-tay,IN_WARD
45065182,ward|ho-chi-minh|phuong-tan-son,IN_WARD
44702970,ward|ho-chi-minh|phuong-an-lac,IN_WARD
44532561,ward|ho-chi-minh|phuong-an-khanh,IN_WARD
45117695,ward|ho-chi-minh|phuong-thong-tay-hoi,IN_WARD
44646251,ward|ho-chi-minh|phuong-hoa-hung,IN_WARD
44209474,ward|ho-chi-minh|phuong-linh-xuan,IN_WARD
39547835,ward|ho-chi-minh|phuong-phu-nhuan,IN_WARD
44760660,ward|ho-chi-minh|phuong-cau-ong-lanh,IN_WARD
44110260,ward|ho-chi-minh|phuong-ben-thanh,IN_WARD
44330887,ward|ho-chi-minh|phuong-linh-xuan,IN_WARD
45145693,ward|ho-chi-minh|phuong-tam-binh,IN_WARD
45103011,ward|ho-chi-minh|phuong-tan-hung,IN_WARD
44784446,ward|ho-chi-minh|phuong-khanh-hoi,IN_WARD
44994501,ward|ho-chi-minh|phuong-an-phu-ong,IN_WARD
40194916,ward|ho-chi-minh|phuong-phu-nhuan,IN_WARD
44921476,ward|ho-chi-minh|phuong-cau-kieu,IN_WARD
45136396,ward|ho-chi-minh|phuong-tam-binh,IN_WARD
44518664,ward|ho-chi-minh|phuong-tan-hoa,IN_WARD
45115035,ward|ho-chi-minh|phuong-hanh-thong,IN_WARD
44998978,ward|ho-chi-minh|xa-nha-be,IN_WARD
44256277,ward|ho-chi-minh|phuong-khanh-hoi,IN_WARD
44775602,ward|ho-chi-minh|xa-nha-be,IN_WARD
44767653,ward|ho-chi-minh|xa-nha-be,IN_WARD
44694604,ward|ho-chi-minh|phuong-phu-thuan,IN_WARD
45115514,ward|ho-chi-minh|phuong-an-hoi-tay,IN_WARD
44779505,ward|ho-chi-minh|xa-nha-be,IN_WARD
44489969,ward|ho-chi-minh|phuong-binh-trung,IN_WARD
45113570,ward|ho-chi-minh|phuong-binh-phu,IN_WARD
44102522,ward|ho-chi-minh|phuong-phu-nhuan,IN_WARD
44960320,ward|ho-chi-minh|phuong-thong-tay-hoi,IN_WARD
45019731,ward|ho-chi-minh|phuong-an-hoi-tay,IN_WARD
44973308,ward|ho-chi-minh|phuong-thong-tay-hoi,IN_WARD
45073001,ward|ho-chi-minh|phuong-linh-xuan,IN_WARD
44979748,ward|ho-chi-minh|phuong-thong-tay-hoi,IN_WARD
44778893,ward|ho-chi-minh|phuong-xom-chieu,IN_WARD
44992923,ward|ho-chi-minh|phuong-ben-thanh,IN_WARD
44050057,ward|ho-chi-minh|phuong-dien-hong,IN_WARD
44951818,ward|ho-chi-minh|phuong-khanh-hoi,IN_WARD
44821275,ward|ho-chi-minh|phuong-phu-inh,IN_WARD
44866587,ward|ho-chi-minh|xa-nha-be,IN_WARD
44014133,ward|ho-chi-minh|xa-nha-be,IN_WARD
44243862,ward|ho-chi-minh|phuong-thoi-an,IN_WARD
43866971,ward|ho-chi-minh|xa-nha-be,IN_WARD
45046256,ward|ho-chi-minh|phuong-an-lac,IN_WARD
45182464,ward|ho-chi-minh|phuong-tan-son-nhat,IN_WARD
45096436,ward|ho-chi-minh|phuong-hiep-binh,IN_WARD
44419144,ward|ho-chi-minh|phuong-tan-hung,IN_WARD
45112027,ward|ho-chi-minh|xa-nha-be,IN_WARD
44845891,ward|ho-chi-minh|xa-nha-be,IN_WARD
44857952,ward|ho-chi-minh|xa-nha-be,IN_WARD
44281973,ward|ho-chi-minh|phuong-tan-thuan,IN_WARD
45074461,ward|ho-chi-minh|phuong-tan-son-nhi,IN_WARD
45077279,ward|ho-chi-minh|phuong-linh-xuan,IN_WARD
44693153,ward|ho-chi-minh|phuong-di-an,IN_WARD
45059816,ward|ho-chi-minh|phuong-ong-hoa,IN_WARD
44082194,ward|ho-chi-minh|phuong-an-phu-ong,IN_WARD
45109123,ward|ho-chi-minh|phuong-tan-tao,IN_WARD
45150820,ward|ho-chi-minh|phuong-tan-ong-hiep,IN_WARD
44965051,ward|ho-chi-minh|phuong-binh-thanh,IN_WARD
44628735,ward|ho-chi-minh|phuong-di-an,IN_WARD
44870124,ward|ho-chi-minh|phuong-di-an,IN_WARD
45158225,ward|ho-chi-minh|phuong-tan-ong-hiep,IN_WARD
45004726,ward|ho-chi-minh|phuong-binh-trung,IN_WARD
44094490,ward|ho-chi-minh|xa-tru-van-tho,IN_WARD
43504875,ward|ho-chi-minh|xa-tru-van-tho,IN_WARD
43381561,ward|ho-chi-minh|xa-tru-van-tho,IN_WARD
45107518,ward|ho-chi-minh|phuong-phu-thuan,IN_WARD
45071051,ward|ho-chi-minh|xa-binh-hung,IN_WARD
45109871,ward|ho-chi-minh|phuong-binh-tri-ong,IN_WARD
45055037,ward|ho-chi-minh|phuong-long-truong,IN_WARD
44921021,ward|ho-chi-minh|phuong-khanh-hoi,IN_WARD
44178154,ward|ho-chi-minh|xa-tan-nhut,IN_WARD
44653498,ward|ho-chi-minh|phuong-khanh-hoi,IN_WARD
44617350,ward|ho-chi-minh|phuong-nhieu-loc,IN_WARD
45005189,ward|ho-chi-minh|phuong-xuan-hoa,IN_WARD
44653135,ward|ho-chi-minh|phuong-rach-dua,IN_WARD
45157561,ward|ho-chi-minh|phuong-thu-uc,IN_WARD
44961717,ward|ho-chi-minh|phuong-thong-tay-hoi,IN_WARD
44672339,ward|ho-chi-minh|phuong-an-lac,IN_WARD
44765040,ward|ho-chi-minh|phuong-tam-thang,IN_WARD
45136321,ward|ho-chi-minh|phuong-tam-binh,IN_WARD
45057883,ward|ho-chi-minh|phuong-tam-thang,IN_WARD
44827272,ward|ho-chi-minh|phuong-cau-ong-lanh,IN_WARD
44602658,ward|ho-chi-minh|phuong-tam-binh,IN_WARD
45021961,ward|ho-chi-minh|phuong-an-lac,IN_WARD
44806114,ward|ho-chi-minh|xa-nha-be,IN_WARD
45086761,ward|ho-chi-minh|phuong-tan-binh,IN_WARD
42712261,ward|ho-chi-minh|phuong-binh-tay,IN_WARD
44874356,ward|ho-chi-minh|phuong-binh-trung,IN_WARD
45071789,ward|ho-chi-minh|xa-nha-be,IN_WARD
45046712,ward|ho-chi-minh|phuong-long-truong,IN_WARD
45112663,ward|ho-chi-minh|phuong-binh-tay,IN_WARD
45111527,ward|ho-chi-minh|phuong-phu-inh,IN_WARD
44803935,ward|ho-chi-minh|phuong-cau-ong-lanh,IN_WARD
44462542,ward|ho-chi-minh|phuong-cho-lon,IN_WARD
45156885,ward|ho-chi-minh|xa-xuan-thoi-son,IN_WARD
45144385,ward|ho-chi-minh|phuong-hiep-binh,IN_WARD
45145097,ward|ho-chi-minh|phuong-an-hoi-tay,IN_WARD
45140813,ward|ho-chi-minh|phuong-thu-uc,IN_WARD
43667101,ward|ho-chi-minh|phuong-hoa-hung,IN_WARD
44562367,ward|ho-chi-minh|phuong-an-hoi-tay,IN_WARD
44812838,ward|ho-chi-minh|phuong-bay-hien,IN_WARD
45144414,ward|ho-chi-minh|phuong-hiep-binh,IN_WARD
45159379,ward|ho-chi-minh|phuong-binh-thanh,IN_WARD
44317577,ward|ho-chi-minh|phuong-trung-my-tay,IN_WARD
45061258,ward|ho-chi-minh|phuong-binh-tri-ong,IN_WARD
45159535,ward|ho-chi-minh|phuong-bay-hien,IN_WARD
45159692,ward|ho-chi-minh|phuong-bay-hien,IN_WARD
43427039,ward|ho-chi-minh|phuong-phuoc-thang,IN_WARD
44653985,ward|ho-chi-minh|phuong-tang-nhon-phu,IN_WARD
44855742,ward|ho-chi-minh|phuong-binh-loi-trung,IN_WARD
44868116,ward|ho-chi-minh|phuong-ong-hung-thuan,IN_WARD
44568685,ward|ho-chi-minh|phuong-tan-inh,IN_WARD
45135598,ward|ho-chi-minh|phuong-phu-nhuan,IN_WARD
45158443,ward|ho-chi-minh|phuong-xom-chieu,IN_WARD
45137755,ward|ho-chi-minh|phuong-ben-thanh,IN_WARD
45102649,ward|ho-chi-minh|phuong-an-lac,IN_WARD
45154603,ward|ho-chi-minh|phuong-khanh-hoi,IN_WARD
45039538,ward|ho-chi-minh|phuong-tan-son,IN_WARD
44770103,ward|ho-chi-minh|phuong-tang-nhon-phu,IN_WARD
44359327,ward|ho-chi-minh|phuong-hiep-binh,IN_WARD
43182533,ward|ho-chi-minh|phuong-vung-tau,IN_WARD
45038422,ward|ho-chi-minh|phuong-an-hoi-tay,IN_WARD
41774490,ward|ho-chi-minh|xa-nha-be,IN_WARD
44604790,ward|ho-chi-minh|phuong-tan-hoa,IN_WARD
45110527,ward|ho-chi-minh|phuong-thong-tay-hoi,IN_WARD
45158919,ward|ho-chi-minh|phuong-an-nhon,IN_WARD
44958631,ward|ho-chi-minh|phuong-an-hoi-tay,IN_WARD
44818037,ward|ho-chi-minh|phuong-thoi-an,IN_WARD
45124350,ward|ho-chi-minh|phuong-hiep-binh,IN_WARD
41866409,ward|ho-chi-minh|phuong-phu-thuan,IN_WARD
43756245,ward|ho-chi-minh|phuong-ben-thanh,IN_WARD
44119225,ward|ho-chi-minh|xa-nha-be,IN_WARD
43981506,ward|ho-chi-minh|phuong-phu-tho-hoa,IN_WARD
43667257,ward|ho-chi-minh|phuong-hoa-hung,IN_WARD
44118622,ward|ho-chi-minh|xa-nha-be,IN_WARD
45115150,ward|ho-chi-minh|phuong-binh-hung-hoa,IN_WARD
43605274,ward|ho-chi-minh|xa-nha-be,IN_WARD
44326394,ward|ho-chi-minh|xa-nha-be,IN_WARD
44244300,ward|ho-chi-minh|phuong-binh-thanh,IN_WARD
45028627,ward|ho-chi-minh|phuong-phu-thuan,IN_WARD
45158901,ward|ho-chi-minh|phuong-trung-my-tay,IN_WARD
45125647,ward|ho-chi-minh|phuong-binh-tri-ong,IN_WARD
44915785,ward|ho-chi-minh|phuong-binh-trung,IN_WARD
44781986,ward|ho-chi-minh|phuong-thoi-an,IN_WARD
44887471,ward|ho-chi-minh|phuong-binh-trung,IN_WARD
44728156,ward|ho-chi-minh|phuong-bay-hien,IN_WARD
43851729,ward|ho-chi-minh|phuong-thu-uc,IN_WARD
44554823,ward|ho-chi-minh|phuong-tan-binh,IN_WARD
44552530,ward|ho-chi-minh|xa-hiep-phuoc,IN_WARD
43649617,ward|ho-chi-minh|phuong-nhieu-loc,IN_WARD
44566005,ward|ho-chi-minh|phuong-nhieu-loc,IN_WARD
44687019,ward|ho-chi-minh|phuong-gia-inh,IN_WARD
44596754,ward|ho-chi-minh|phuong-tan-son-hoa,IN_WARD
45039093,ward|ho-chi-minh|phuong-binh-hung-hoa,IN_WARD
45189623,ward|ho-chi-minh|phuong-binh-duong,IN_WARD
45196467,ward|ho-chi-minh|phuong-di-an,IN_WARD
44994010,ward|ho-chi-minh|phuong-an-hoi-tay,IN_WARD
44995391,ward|ho-chi-minh|phuong-tan-hoa,IN_WARD
45196514,ward|ho-chi-minh|phuong-hoa-hung,IN_WARD
44732398,ward|ho-chi-minh|phuong-long-truong,IN_WARD
43797312,ward|ho-chi-minh|phuong-hoa-hung,IN_WARD
43829084,ward|ho-chi-minh|phuong-hoa-hung,IN_WARD
44869986,ward|ho-chi-minh|phuong-hiep-binh,IN_WARD
44965534,ward|ho-chi-minh|phuong-vung-tau,IN_WARD
45196346,ward|ho-chi-minh|phuong-phu-inh,IN_WARD
45195564,ward|ho-chi-minh|phuong-hoa-hung,IN_WARD
44871072,ward|ho-chi-minh|phuong-vuon-lai,IN_WARD
44278606,ward|ho-chi-minh|phuong-tan-inh,IN_WARD
45196132,ward|ho-chi-minh|phuong-di-an,IN_WARD
45189133,ward|ho-chi-minh|phuong-chanh-hung,IN_WARD
44983989,ward|ho-chi-minh|phuong-an-hoi-tay,IN_WARD
45073172,ward|ho-chi-minh|phuong-khanh-hoi,IN_WARD
45105953,ward|ho-chi-minh|phuong-binh-ong,IN_WARD
45005291,ward|ho-chi-minh|phuong-an-hoi-tay,IN_WARD
45136621,ward|ho-chi-minh|phuong-thong-tay-hoi,IN_WARD
45190029,ward|ho-chi-minh|phuong-an-hoi-ong,IN_WARD
45158736,ward|ho-chi-minh|phuong-phu-thanh,IN_WARD
45066800,ward|ho-chi-minh|phuong-ong-hung-thuan,IN_WARD
44972736,ward|ho-chi-minh|phuong-hanh-thong,IN_WARD
45105755,ward|ho-chi-minh|phuong-thong-tay-hoi,IN_WARD
45091598,ward|ho-chi-minh|phuong-binh-ong,IN_WARD
45154503,ward|ho-chi-minh|phuong-long-phuoc,IN_WARD
45190126,ward|ho-chi-minh|phuong-tan-hung,IN_WARD
43941044,ward|ho-chi-minh|phuong-phu-tho-hoa,IN_WARD
44908022,ward|ho-chi-minh|phuong-hoa-hung,IN_WARD
44986327,ward|ho-chi-minh|phuong-xom-chieu,IN_WARD
44908020,ward|ho-chi-minh|phuong-hoa-hung,IN_WARD
44952217,ward|ho-chi-minh|phuong-vinh-hoi,IN_WARD
44573847,ward|ho-chi-minh|phuong-tan-son,IN_WARD
45074986,ward|ho-chi-minh|phuong-tan-son-nhat,IN_WARD
43493098,ward|ho-chi-minh|phuong-gia-inh,IN_WARD
45100155,ward|ho-chi-minh|phuong-hiep-binh,IN_WARD
44233647,ward|ho-chi-minh|xa-hiep-phuoc,IN_WARD
45170269,ward|ho-chi-minh|phuong-phu-thuan,IN_WARD
44639724,ward|ho-chi-minh|phuong-an-phu-ong,IN_WARD
44197096,ward|ho-chi-minh|xa-hiep-phuoc,IN_WARD
45193148,ward|ho-chi-minh|phuong-binh-tay,IN_WARD
45194695,ward|ho-chi-minh|phuong-binh-tri-ong,IN_WARD
42034419,ward|ho-chi-minh|xa-hiep-phuoc,IN_WARD
45195095,ward|ho-chi-minh|phuong-binh-tri-ong,IN_WARD
45193938,ward|ho-chi-minh|phuong-binh-tri-ong,IN_WARD
44229900,ward|ho-chi-minh|xa-tan-an-hoi,IN_WARD
44755959,ward|ho-chi-minh|phuong-linh-xuan,IN_WARD
44519047,ward|ho-chi-minh|phuong-go-vap,IN_WARD
45193147,ward|ho-chi-minh|phuong-phu-thuan,IN_WARD
45192813,ward|ho-chi-minh|phuong-binh-thanh,IN_WARD
44987007,ward|ho-chi-minh|phuong-binh-hung-hoa,IN_WARD
45192745,ward|ho-chi-minh|phuong-phuoc-long,IN_WARD
44961499,ward|ho-chi-minh|phuong-thong-tay-hoi,IN_WARD
45173672,ward|ho-chi-minh|xa-nha-be,IN_WARD
44907969,ward|ho-chi-minh|phuong-cau-kieu,IN_WARD
45193895,ward|ho-chi-minh|phuong-thong-tay-hoi,IN_WARD
44258163,ward|ho-chi-minh|phuong-xuan-hoa,IN_WARD
44900702,ward|ho-chi-minh|phuong-binh-trung,IN_WARD
44317266,ward|ho-chi-minh|phuong-binh-trung,IN_WARD
44234748,ward|ho-chi-minh|phuong-uc-nhuan,IN_WARD
45171095,ward|ho-chi-minh|phuong-hoa-binh,IN_WARD
44574462,ward|ho-chi-minh|phuong-thong-tay-hoi,IN_WARD
44568568,ward|ho-chi-minh|phuong-tan-inh,IN_WARD
44309039,ward|ho-chi-minh|xa-nha-be,IN_WARD
45192150,ward|ho-chi-minh|phuong-tan-inh,IN_WARD
43981188,ward|ho-chi-minh|phuong-phu-tho-hoa,IN_WARD
44396824,ward|ho-chi-minh|phuong-hiep-binh,IN_WARD
44510328,ward|ho-chi-minh|phuong-tan-binh,IN_WARD
44357586,ward|ho-chi-minh|phuong-binh-phu,IN_WARD
43257879,ward|ho-chi-minh|phuong-bay-hien,IN_WARD
44903568,ward|ho-chi-minh|phuong-tan-hoa,IN_WARD
45182658,ward|ho-chi-minh|phuong-long-nguyen,IN_WARD
45190121,ward|ho-chi-minh|phuong-binh-tri-ong,IN_WARD
44970216,ward|ho-chi-minh|phuong-binh-hung-hoa,IN_WARD
45189972,ward|ho-chi-minh|phuong-hoa-hung,IN_WARD
45190095,ward|ho-chi-minh|phuong-an-nhon,IN_WARD
45005046,ward|ho-chi-minh|phuong-tan-hung,IN_WARD
43248160,ward|ho-chi-minh|phuong-phu-thuan,IN_WARD
44040604,ward|ho-chi-minh|xa-nha-be,IN_WARD
44974689,ward|ho-chi-minh|xa-nha-be,IN_WARD
45189879,ward|ho-chi-minh|phuong-vung-tau,IN_WARD
45190196,ward|ho-chi-minh|xa-tan-vinh-loc,IN_WARD
44962221,ward|ho-chi-minh|phuong-binh-hung-hoa,IN_WARD
44582359,ward|ho-chi-minh|xa-nha-be,IN_WARD
45187396,ward|ho-chi-minh|phuong-tan-son-nhi,IN_WARD
45189306,ward|ho-chi-minh|phuong-phuoc-long,IN_WARD
45027581,ward|ho-chi-minh|phuong-tan-my,IN_WARD
44657233,ward|ho-chi-minh|phuong-tam-thang,IN_WARD
45085955,ward|ho-chi-minh|phuong-long-binh,IN_WARD
44275170,ward|ho-chi-minh|phuong-phu-thuan,IN_WARD
44741333,ward|ho-chi-minh|xa-nha-be,IN_WARD
44895602,ward|ho-chi-minh|phuong-chanh-hung,IN_WARD
43864867,ward|ho-chi-minh|phuong-phu-thuan,IN_WARD
44891235,ward|ho-chi-minh|xa-nha-be,IN_WARD
44855408,ward|ho-chi-minh|phuong-thoi-an,IN_WARD
44748663,ward|ho-chi-minh|phuong-an-phu-ong,IN_WARD
43993246,ward|ho-chi-minh|phuong-phu-thuan,IN_WARD
44911250,ward|ho-chi-minh|phuong-phu-thuan,IN_WARD
42962075,ward|ho-chi-minh|phuong-tan-thuan,IN_WARD
42647679,ward|ho-chi-minh|xa-nha-be,IN_WARD
45035264,ward|ho-chi-minh|phuong-binh-loi-trung,IN_WARD
44581794,ward|ho-chi-minh|phuong-long-truong,IN_WARD
44809050,ward|ho-chi-minh|phuong-xuan-hoa,IN_WARD
44809962,ward|ho-chi-minh|phuong-phu-nhuan,IN_WARD
44626301,ward|ho-chi-minh|phuong-dien-hong,IN_WARD
44237400,ward|ho-chi-minh|phuong-hiep-binh,IN_WARD
44482212,ward|ho-chi-minh|phuong-binh-trung,IN_WARD
44437333,ward|ho-chi-minh|phuong-di-an,IN_WARD
45113592,ward|ho-chi-minh|phuong-uc-nhuan,IN_WARD
45114950,ward|ho-chi-minh|phuong-phu-nhuan,IN_WARD
45175797,ward|ho-chi-minh|phuong-an-hoi-ong,IN_WARD
45066515,ward|ho-chi-minh|phuong-an-hoi-tay,IN_WARD
44296343,ward|ho-chi-minh|phuong-tang-nhon-phu,IN_WARD
44635046,ward|ho-chi-minh|phuong-tang-nhon-phu,IN_WARD
45042578,ward|ho-chi-minh|phuong-tan-son,IN_WARD
45147884,ward|ho-chi-minh|phuong-an-phu-ong,IN_WARD
44962765,ward|ho-chi-minh|xa-hiep-phuoc,IN_WARD
45182940,ward|ho-chi-minh|phuong-thoi-an,IN_WARD
45177634,ward|ho-chi-minh|phuong-an-phu-ong,IN_WARD
45185315,ward|ho-chi-minh|phuong-thoi-an,IN_WARD
45180546,ward|ho-chi-minh|phuong-an-phu-ong,IN_WARD
43486829,ward|ho-chi-minh|phuong-long-binh,IN_WARD
44356263,ward|ho-chi-minh|phuong-tan-thuan,IN_WARD
45064811,ward|ho-chi-minh|xa-tru-van-tho,IN_WARD
44407762,ward|ho-chi-minh|phuong-binh-thanh,IN_WARD
44804938,ward|ho-chi-minh|phuong-hiep-binh,IN_WARD
44761704,ward|ho-chi-minh|phuong-tan-hung,IN_WARD
45134738,ward|ho-chi-minh|phuong-tan-son-nhat,IN_WARD
45028711,ward|ho-chi-minh|phuong-uc-nhuan,IN_WARD
44718891,ward|ho-chi-minh|xa-nha-be,IN_WARD
45187744,ward|ho-chi-minh|phuong-hoa-hung,IN_WARD
44530689,ward|ho-chi-minh|phuong-phu-thuan,IN_WARD
42847003,ward|ho-chi-minh|phuong-xuan-hoa,IN_WARD
44795201,ward|ho-chi-minh|phuong-ban-co,IN_WARD
44723798,ward|ho-chi-minh|phuong-phu-thuan,IN_WARD
43859732,ward|ho-chi-minh|phuong-bay-hien,IN_WARD
44542530,ward|ho-chi-minh|phuong-tan-son-nhat,IN_WARD
44202556,ward|ho-chi-minh|phuong-binh-trung,IN_WARD
44609746,ward|ho-chi-minh|phuong-binh-hung-hoa,IN_WARD
42255314,ward|ho-chi-minh|phuong-bay-hien,IN_WARD
43869611,ward|ho-chi-minh|phuong-thu-uc,IN_WARD
45175540,ward|ho-chi-minh|phuong-rach-dua,IN_WARD
44984666,ward|ho-chi-minh|phuong-xuan-hoa,IN_WARD
44809525,ward|ho-chi-minh|phuong-thong-tay-hoi,IN_WARD
44738155,ward|ho-chi-minh|xa-hoc-mon,IN_WARD
43644920,ward|ho-chi-minh|phuong-long-binh,IN_WARD
45184928,ward|ho-chi-minh|phuong-tan-phu,IN_WARD
44910730,ward|ho-chi-minh|phuong-tang-nhon-phu,IN_WARD
44836443,ward|ho-chi-minh|phuong-cat-lai,IN_WARD
43553145,ward|ho-chi-minh|phuong-bay-hien,IN_WARD
45147617,ward|ho-chi-minh|phuong-tam-binh,IN_WARD
45137642,ward|ho-chi-minh|phuong-ban-co,IN_WARD
44189753,ward|ho-chi-minh|phuong-thuan-giao,IN_WARD
44823146,ward|ho-chi-minh|phuong-xom-chieu,IN_WARD
45082646,ward|ho-chi-minh|xa-hiep-phuoc,IN_WARD
45095398,ward|ho-chi-minh|phuong-uc-nhuan,IN_WARD
45125181,ward|ho-chi-minh|phuong-hoa-hung,IN_WARD
44623266,ward|ho-chi-minh|phuong-nhieu-loc,IN_WARD
45098440,ward|ho-chi-minh|phuong-ong-hung-thuan,IN_WARD
44874488,ward|ho-chi-minh|phuong-binh-trung,IN_WARD
44440279,ward|ho-chi-minh|phuong-thu-uc,IN_WARD
44882777,ward|ho-chi-minh|phuong-xom-chieu,IN_WARD
44984622,ward|ho-chi-minh|phuong-binh-tan,IN_WARD
44986630,ward|ho-chi-minh|phuong-binh-tri-ong,IN_WARD
44363864,ward|ho-chi-minh|phuong-binh-loi-trung,IN_WARD
44625052,ward|ho-chi-minh|phuong-chanh-hung,IN_WARD
44668486,ward|ho-chi-minh|phuong-cau-ong-lanh,IN_WARD
43103719,ward|ho-chi-minh|phuong-xuan-hoa,IN_WARD
44448048,ward|ho-chi-minh|phuong-linh-xuan,IN_WARD
43535889,ward|ho-chi-minh|phuong-binh-loi-trung,IN_WARD
45186326,ward|ho-chi-minh|phuong-phuoc-long,IN_WARD
44667920,ward|ho-chi-minh|phuong-cau-ong-lanh,IN_WARD
44667824,ward|ho-chi-minh|phuong-cau-ong-lanh,IN_WARD
44461404,ward|ho-chi-minh|phuong-cho-quan,IN_WARD
44989845,ward|ho-chi-minh|phuong-tan-binh,IN_WARD
45186080,ward|ho-chi-minh|phuong-ong-hoa,IN_WARD
44464695,ward|ho-chi-minh|phuong-ben-thanh,IN_WARD
45184677,ward|ho-chi-minh|phuong-bay-hien,IN_WARD
44983045,ward|ho-chi-minh|phuong-phu-nhuan,IN_WARD
45186485,ward|ho-chi-minh|phuong-tang-nhon-phu,IN_WARD
45186794,ward|ho-chi-minh|phuong-phu-thanh,IN_WARD
44668223,ward|ho-chi-minh|phuong-cau-ong-lanh,IN_WARD
44130060,ward|ho-chi-minh|phuong-dien-hong,IN_WARD
45183885,ward|ho-chi-minh|phuong-tan-son-hoa,IN_WARD
44461338,ward|ho-chi-minh|phuong-vuon-lai,IN_WARD
44755723,ward|ho-chi-minh|phuong-thanh-my-tay,IN_WARD
45186281,ward|ho-chi-minh|phuong-phu-thanh,IN_WARD
45186061,ward|ho-chi-minh|phuong-binh-tri-ong,IN_WARD
45186265,ward|ho-chi-minh|phuong-tan-phu,IN_WARD
44973206,ward|ho-chi-minh|phuong-an-lac,IN_WARD
44615797,ward|ho-chi-minh|phuong-cau-ong-lanh,IN_WARD
45186361,ward|ho-chi-minh|phuong-phu-thanh,IN_WARD
45186062,ward|ho-chi-minh|phuong-vung-tau,IN_WARD
45185949,ward|ho-chi-minh|phuong-binh-tri-ong,IN_WARD
43873485,ward|ho-chi-minh|phuong-ben-thanh,IN_WARD
45185441,ward|ho-chi-minh|phuong-binh-hung-hoa,IN_WARD
45184357,ward|ho-chi-minh|phuong-phu-loi,IN_WARD
45184337,ward|ho-chi-minh|phuong-tam-thang,IN_WARD
44998106,ward|ho-chi-minh|phuong-linh-xuan,IN_WARD
42491572,ward|ho-chi-minh|phuong-tan-thoi-hiep,IN_WARD
45182579,ward|ho-chi-minh|phuong-phu-thanh,IN_WARD
44390177,ward|ho-chi-minh|phuong-cau-kieu,IN_WARD
45182521,ward|ho-chi-minh|phuong-phu-thanh,IN_WARD
45182855,ward|ho-chi-minh|phuong-linh-xuan,IN_WARD
45183579,ward|ho-chi-minh|phuong-binh-tri-ong,IN_WARD
44900791,ward|ho-chi-minh|phuong-cat-lai,IN_WARD
45183862,ward|ho-chi-minh|phuong-bay-hien,IN_WARD
44928768,ward|ho-chi-minh|phuong-binh-tan,IN_WARD
44477523,ward|ho-chi-minh|phuong-phuoc-long,IN_WARD
45182692,ward|ho-chi-minh|phuong-an-hoi-tay,IN_WARD
44991259,ward|ho-chi-minh|phuong-uc-nhuan,IN_WARD
44738732,ward|ho-chi-minh|phuong-hiep-binh,IN_WARD
42171811,ward|ho-chi-minh|phuong-vung-tau,IN_WARD
44649013,ward|ho-chi-minh|phuong-hiep-binh,IN_WARD
40741946,ward|ho-chi-minh|xa-nha-be,IN_WARD
45140241,ward|ho-chi-minh|phuong-hanh-thong,IN_WARD
44606125,ward|ho-chi-minh|phuong-tam-binh,IN_WARD
45119799,ward|ho-chi-minh|phuong-an-phu-ong,IN_WARD
43685879,ward|ho-chi-minh|xa-nha-be,IN_WARD
40950675,ward|ho-chi-minh|xa-nha-be,IN_WARD
45155702,ward|ho-chi-minh|xa-nha-be,IN_WARD
44127342,ward|ho-chi-minh|xa-nha-be,IN_WARD
44001072,ward|ho-chi-minh|xa-nha-be,IN_WARD
45095841,ward|ho-chi-minh|phuong-go-vap,IN_WARD
44869367,ward|ho-chi-minh|phuong-binh-loi-trung,IN_WARD
44875078,ward|ho-chi-minh|xa-hiep-phuoc,IN_WARD
45059133,ward|ho-chi-minh|phuong-vung-tau,IN_WARD
45062732,ward|ho-chi-minh|phuong-tam-thang,IN_WARD
45177307,ward|ho-chi-minh|phuong-thoi-an,IN_WARD
45178705,ward|ho-chi-minh|phuong-an-phu-ong,IN_WARD
45180426,ward|ho-chi-minh|phuong-an-phu-ong,IN_WARD
44893724,ward|ho-chi-minh|phuong-gia-inh,IN_WARD
44900300,ward|ho-chi-minh|phuong-cat-lai,IN_WARD
44892290,ward|ho-chi-minh|phuong-binh-tan,IN_WARD
44821696,ward|ho-chi-minh|phuong-gia-inh,IN_WARD
44813625,ward|ho-chi-minh|phuong-binh-loi-trung,IN_WARD
45080276,ward|ho-chi-minh|phuong-binh-loi-trung,IN_WARD
45075311,ward|ho-chi-minh|phuong-tan-hung,IN_WARD
44652093,ward|ho-chi-minh|phuong-an-phu-ong,IN_WARD
44419047,ward|ho-chi-minh|xa-nha-be,IN_WARD
44872978,ward|ho-chi-minh|phuong-hiep-binh,IN_WARD
44000659,ward|ho-chi-minh|xa-nha-be,IN_WARD
45090864,ward|ho-chi-minh|phuong-binh-tri-ong,IN_WARD
44810058,ward|ho-chi-minh|phuong-hiep-binh,IN_WARD
43286721,ward|ho-chi-minh|xa-nha-be,IN_WARD
44870565,ward|ho-chi-minh|phuong-binh-tri-ong,IN_WARD
44838169,ward|ho-chi-minh|phuong-dien-hong,IN_WARD
45092572,ward|ho-chi-minh|phuong-binh-tri-ong,IN_WARD
45109389,ward|ho-chi-minh|phuong-chanh-hung,IN_WARD
45109943,ward|ho-chi-minh|phuong-phu-inh,IN_WARD
45019432,ward|ho-chi-minh|phuong-an-lac,IN_WARD
44364238,ward|ho-chi-minh|phuong-thoi-an,IN_WARD
45108028,ward|ho-chi-minh|phuong-tam-thang,IN_WARD
45113170,ward|ho-chi-minh|phuong-tan-thuan,IN_WARD
45026350,ward|ho-chi-minh|phuong-binh-hung-hoa,IN_WARD
45175377,ward|ho-chi-minh|phuong-uc-nhuan,IN_WARD
45151537,ward|ho-chi-minh|phuong-thoi-an,IN_WARD
45131288,ward|ho-chi-minh|phuong-thoi-an,IN_WARD
44269504,ward|ho-chi-minh|phuong-an-phu-ong,IN_WARD
45143221,ward|ho-chi-minh|xa-nha-be,IN_WARD
45127299,ward|ho-chi-minh|phuong-an-phu-ong,IN_WARD
45181467,ward|ho-chi-minh|phuong-binh-tri-ong,IN_WARD
44561082,ward|ho-chi-minh|phuong-uc-nhuan,IN_WARD
45150652,ward|ho-chi-minh|phuong-thoi-an,IN_WARD
45181336,ward|ho-chi-minh|phuong-binh-hung-hoa,IN_WARD
45181392,ward|ho-chi-minh|phuong-phu-inh,IN_WARD
41010971,ward|ho-chi-minh|phuong-phu-thuan,IN_WARD
45025536,ward|ho-chi-minh|xa-xuan-thoi-son,IN_WARD
45135481,ward|ho-chi-minh|phuong-tan-inh,IN_WARD
45144292,ward|ho-chi-minh|phuong-phu-inh,IN_WARD
45181375,ward|ho-chi-minh|phuong-binh-tri-ong,IN_WARD
44454746,ward|ho-chi-minh|phuong-phu-nhuan,IN_WARD
45103339,ward|ho-chi-minh|phuong-chanh-hung,IN_WARD
45180487,ward|ho-chi-minh|phuong-hiep-binh,IN_WARD
45180731,ward|ho-chi-minh|xa-hiep-phuoc,IN_WARD
45180898,ward|ho-chi-minh|phuong-an-hoi-tay,IN_WARD
45091266,ward|ho-chi-minh|phuong-tan-thoi-hiep,IN_WARD
43371877,ward|ho-chi-minh|phuong-hoa-hung,IN_WARD
39124630,ward|ho-chi-minh|phuong-long-phuoc,IN_WARD
45178501,ward|ho-chi-minh|phuong-long-truong,IN_WARD
45178659,ward|ho-chi-minh|phuong-an-lac,IN_WARD
45179743,ward|ho-chi-minh|phuong-tang-nhon-phu,IN_WARD
45175447,ward|ho-chi-minh|phuong-chanh-hung,IN_WARD
45179131,ward|ho-chi-minh|phuong-an-lac,IN_WARD
45178730,ward|ho-chi-minh|phuong-binh-thoi,IN_WARD
45178962,ward|ho-chi-minh|phuong-tan-son,IN_WARD
44956282,ward|ho-chi-minh|phuong-an-phu-ong,IN_WARD
45177946,ward|ho-chi-minh|phuong-ban-co,IN_WARD
44952298,ward|ho-chi-minh|phuong-khanh-hoi,IN_WARD
45177579,ward|ho-chi-minh|phuong-tang-nhon-phu,IN_WARD
45151240,ward|ho-chi-minh|phuong-bay-hien,IN_WARD
45177740,ward|ho-chi-minh|phuong-hoa-hung,IN_WARD
45082255,ward|ho-chi-minh|phuong-an-khanh,IN_WARD
43849808,ward|ho-chi-minh|xa-hiep-phuoc,IN_WARD
45012434,ward|ho-chi-minh|phuong-cat-lai,IN_WARD
45079310,ward|ho-chi-minh|phuong-xuan-hoa,IN_WARD
45124353,ward|ho-chi-minh|phuong-tan-inh,IN_WARD
45037091,ward|ho-chi-minh|phuong-tan-inh,IN_WARD
45136082,ward|ho-chi-minh|phuong-phu-nhuan,IN_WARD
45094154,ward|ho-chi-minh|phuong-thanh-my-tay,IN_WARD
45146343,ward|ho-chi-minh|phuong-gia-inh,IN_WARD
45148583,ward|ho-chi-minh|phuong-hanh-thong,IN_WARD
45075027,ward|ho-chi-minh|phuong-cau-kieu,IN_WARD
44616457,ward|ho-chi-minh|phuong-thu-uc,IN_WARD
45125907,ward|ho-chi-minh|phuong-gia-inh,IN_WARD
45117378,ward|ho-chi-minh|phuong-thong-tay-hoi,IN_WARD
45054515,ward|ho-chi-minh|phuong-thoi-an,IN_WARD
45048044,ward|ho-chi-minh|phuong-binh-tri-ong,IN_WARD
45116634,ward|ho-chi-minh|phuong-thong-tay-hoi,IN_WARD
45116827,ward|ho-chi-minh|phuong-an-hoi-tay,IN_WARD
44816274,ward|ho-chi-minh|phuong-thoi-an,IN_WARD
44888323,ward|ho-chi-minh|phuong-gia-inh,IN_WARD
45071879,ward|ho-chi-minh|phuong-thoi-an,IN_WARD
45116925,ward|ho-chi-minh|phuong-an-hoi-tay,IN_WARD
45082489,ward|ho-chi-minh|phuong-tan-phu,IN_WARD
45129450,ward|ho-chi-minh|phuong-thoi-an,IN_WARD
45104177,ward|ho-chi-minh|xa-tan-vinh-loc,IN_WARD
44155473,ward|ho-chi-minh|phuong-gia-inh,IN_WARD
45091675,ward|ho-chi-minh|phuong-thoi-an,IN_WARD
45067446,ward|ho-chi-minh|phuong-binh-hung-hoa,IN_WARD
45129561,ward|ho-chi-minh|phuong-thoi-an,IN_WARD
45116396,ward|ho-chi-minh|phuong-phu-inh,IN_WARD
45106450,ward|ho-chi-minh|phuong-an-hoi-tay,IN_WARD
44604328,ward|ho-chi-minh|phuong-cau-ong-lanh,IN_WARD
45138226,ward|ho-chi-minh|phuong-binh-hung-hoa,IN_WARD
44636947,ward|ho-chi-minh|phuong-thoi-an,IN_WARD
44915233,ward|ho-chi-minh|phuong-trung-my-tay,IN_WARD
45132220,ward|ho-chi-minh|phuong-phu-nhuan,IN_WARD
44875460,ward|ho-chi-minh|phuong-gia-inh,IN_WARD
42818522,ward|ho-chi-minh|phuong-binh-hoa,IN_WARD
44816803,ward|ho-chi-minh|phuong-an-hoi-ong,IN_WARD
44610935,ward|ho-chi-minh|phuong-long-truong,IN_WARD
44737883,ward|ho-chi-minh|xa-nha-be,IN_WARD
44119364,ward|ho-chi-minh|xa-nha-be,IN_WARD
43406083,ward|ho-chi-minh|xa-tru-van-tho,IN_WARD
45177146,ward|ho-chi-minh|phuong-dien-hong,IN_WARD
45156160,ward|ho-chi-minh|phuong-cat-lai,IN_WARD
44134283,ward|ho-chi-minh|xa-nha-be,IN_WARD
45176664__2,ward|ho-chi-minh|phuong-long-binh,IN_WARD
45004368,ward|ho-chi-minh|phuong-tam-thang,IN_WARD
45099707,ward|ho-chi-minh|phuong-long-phuoc,IN_WARD
45172641,ward|ho-chi-minh|phuong-hoa-binh,IN_WARD
44166950,ward|ho-chi-minh|phuong-binh-loi-trung,IN_WARD
45170988,ward|ho-chi-minh|phuong-thoi-an,IN_WARD
44881114,ward|ho-chi-minh|xa-hiep-phuoc,IN_WARD
45175383,ward|ho-chi-minh|phuong-an-hoi-ong,IN_WARD
45174816,ward|ho-chi-minh|phuong-thong-tay-hoi,IN_WARD
45172574,ward|ho-chi-minh|phuong-bay-hien,IN_WARD
44141551,ward|ho-chi-minh|phuong-cat-lai,IN_WARD
43478475,ward|ho-chi-minh|phuong-cat-lai,IN_WARD
44751866,ward|ho-chi-minh|phuong-vung-tau,IN_WARD
44775919,ward|ho-chi-minh|phuong-vung-tau,IN_WARD
43797911,ward|ho-chi-minh|phuong-long-truong,IN_WARD
40032422,ward|ho-chi-minh|phuong-phuoc-long,IN_WARD
44141025,ward|ho-chi-minh|phuong-cat-lai,IN_WARD
43410630,ward|ho-chi-minh|phuong-binh-thanh,IN_WARD
44752707,ward|ho-chi-minh|phuong-vung-tau,IN_WARD
44757276,ward|ho-chi-minh|phuong-uc-nhuan,IN_WARD
45173915,ward|ho-chi-minh|phuong-tan-son-hoa,IN_WARD
44817009,ward|ho-chi-minh|phuong-khanh-hoi,IN_WARD
44057200,ward|ho-chi-minh|phuong-phu-thuan,IN_WARD
45039355,ward|ho-chi-minh|phuong-minh-phung,IN_WARD
45173410,ward|ho-chi-minh|phuong-an-hoi-tay,IN_WARD
44565872,ward|ho-chi-minh|phuong-vinh-hoi,IN_WARD
45173450,ward|ho-chi-minh|xa-hiep-phuoc,IN_WARD
45086865,ward|ho-chi-minh|phuong-binh-tri-ong,IN_WARD
44767648,ward|ho-chi-minh|phuong-binh-thanh,IN_WARD
44092867,ward|ho-chi-minh|phuong-long-truong,IN_WARD
44829678,ward|ho-chi-minh|phuong-hiep-binh,IN_WARD
44995325,ward|ho-chi-minh|phuong-phu-thanh,IN_WARD
44177616,ward|ho-chi-minh|phuong-tang-nhon-phu,IN_WARD
45172315,ward|ho-chi-minh|phuong-thanh-my-tay,IN_WARD
44629864,ward|ho-chi-minh|phuong-hiep-binh,IN_WARD
39261101,ward|ho-chi-minh|xa-xuan-thoi-son,IN_WARD
44995198,ward|ho-chi-minh|phuong-tan-ong-hiep,IN_WARD
45150585,ward|ho-chi-minh|phuong-trung-my-tay,IN_WARD
44332350,ward|ho-chi-minh|phuong-binh-thanh,IN_WARD
44532610,ward|ho-chi-minh|xa-nha-be,IN_WARD
44437604,ward|ho-chi-minh|phuong-phu-thuan,IN_WARD
45143212,ward|ho-chi-minh|phuong-phu-thuan,IN_WARD
44448882,ward|ho-chi-minh|xa-hiep-phuoc,IN_WARD
44912815,ward|ho-chi-minh|phuong-cat-lai,IN_WARD
45170744,ward|ho-chi-minh|phuong-ong-hung-thuan,IN_WARD
45161751,ward|ho-chi-minh|phuong-vung-tau,IN_WARD
44823226,ward|ho-chi-minh|phuong-ben-thanh,IN_WARD
44851752,ward|ho-chi-minh|phuong-tan-inh,IN_WARD
44851876,ward|ho-chi-minh|phuong-sai-gon,IN_WARD
43600575,ward|ho-chi-minh|phuong-cau-ong-lanh,IN_WARD
43684090,ward|ho-chi-minh|phuong-cau-ong-lanh,IN_WARD
45046985,ward|ho-chi-minh|phuong-hiep-binh,IN_WARD
44274637,ward|ho-chi-minh|phuong-binh-tan,IN_WARD
45116282,ward|ho-chi-minh|phuong-binh-tan,IN_WARD
44405523,ward|ho-chi-minh|xa-xuan-thoi-son,IN_WARD
45125863,ward|ho-chi-minh|phuong-binh-tri-ong,IN_WARD
45037120,ward|ho-chi-minh|phuong-binh-tan,IN_WARD
45104974,ward|ho-chi-minh|phuong-binh-hung-hoa,IN_WARD
45149886,ward|ho-chi-minh|phuong-binh-tri-ong,IN_WARD
44886466,ward|ho-chi-minh|phuong-gia-inh,IN_WARD
45024829,ward|ho-chi-minh|phuong-tan-son-nhi,IN_WARD
44851825,ward|ho-chi-minh|phuong-sai-gon,IN_WARD
44825353,ward|ho-chi-minh|phuong-tan-inh,IN_WARD
45064603,ward|ho-chi-minh|phuong-binh-trung,IN_WARD
44139929,ward|ho-chi-minh|phuong-an-phu-ong,IN_WARD
45097549,ward|ho-chi-minh|phuong-cat-lai,IN_WARD
45002768,ward|ho-chi-minh|phuong-binh-trung,IN_WARD
44026617,ward|ho-chi-minh|phuong-hiep-binh,IN_WARD
44351096,ward|ho-chi-minh|phuong-binh-loi-trung,IN_WARD
44200150,ward|ho-chi-minh|phuong-binh-loi-trung,IN_WARD
45143537,ward|ho-chi-minh|phuong-tan-son,IN_WARD
45082887,ward|ho-chi-minh|phuong-an-hoi-tay,IN_WARD
44800993,ward|ho-chi-minh|phuong-thong-tay-hoi,IN_WARD
45085252,ward|ho-chi-minh|phuong-an-hoi-tay,IN_WARD
44847215,ward|ho-chi-minh|phuong-phu-nhuan,IN_WARD
44714219,ward|ho-chi-minh|phuong-tam-binh,IN_WARD
44886937,ward|ho-chi-minh|phuong-ben-thanh,IN_WARD
44594004,ward|ho-chi-minh|phuong-binh-thanh,IN_WARD
45114247,ward|ho-chi-minh|phuong-cho-quan,IN_WARD
44125552,ward|ho-chi-minh|phuong-cho-quan,IN_WARD
44940548,ward|ho-chi-minh|phuong-tan-hung,IN_WARD
45089787,ward|ho-chi-minh|phuong-tam-binh,IN_WARD
45144119,ward|ho-chi-minh|phuong-thong-tay-hoi,IN_WARD
45105664,ward|ho-chi-minh|phuong-vung-tau,IN_WARD
45099245,ward|ho-chi-minh|phuong-tam-thang,IN_WARD
44854473,ward|ho-chi-minh|phuong-linh-xuan,IN_WARD
44963403,ward|ho-chi-minh|xa-nha-be,IN_WARD
41401027,ward|ho-chi-minh|phuong-hiep-binh,IN_WARD
44969990,ward|ho-chi-minh|xa-nha-be,IN_WARD
44259861,ward|ho-chi-minh|phuong-xom-chieu,IN_WARD
44052997,ward|ho-chi-minh|phuong-khanh-hoi,IN_WARD
45071993,ward|ho-chi-minh|phuong-xom-chieu,IN_WARD
44039083,ward|ho-chi-minh|phuong-vinh-hoi,IN_WARD
44817676,ward|ho-chi-minh|phuong-vinh-hoi,IN_WARD
45006538,ward|ho-chi-minh|phuong-vung-tau,IN_WARD
45039846,ward|ho-chi-minh|phuong-vung-tau,IN_WARD
44701389,ward|ho-chi-minh|phuong-cau-kieu,IN_WARD
45138940,ward|ho-chi-minh|phuong-binh-loi-trung,IN_WARD
45139191,ward|ho-chi-minh|phuong-phu-nhuan,IN_WARD
45138992,ward|ho-chi-minh|phuong-binh-thanh,IN_WARD
45138973,ward|ho-chi-minh|phuong-binh-thanh,IN_WARD
45148981,ward|ho-chi-minh|phuong-uc-nhuan,IN_WARD
44767620,ward|ho-chi-minh|phuong-gia-inh,IN_WARD
45148958,ward|ho-chi-minh|phuong-binh-thanh,IN_WARD
45150945,ward|ho-chi-minh|phuong-binh-loi-trung,IN_WARD
45139127,ward|ho-chi-minh|phuong-gia-inh,IN_WARD
45111637,ward|ho-chi-minh|phuong-phu-inh,IN_WARD
45116577,ward|ho-chi-minh|phuong-phu-inh,IN_WARD
45084065,ward|ho-chi-minh|phuong-binh-tien,IN_WARD
45131161,ward|ho-chi-minh|phuong-hoa-binh,IN_WARD
44903222,ward|ho-chi-minh|phuong-tan-son-nhi,IN_WARD
45140183,ward|ho-chi-minh|phuong-hoa-hung,IN_WARD
45133173,ward|ho-chi-minh|phuong-tan-son-hoa,IN_WARD
45133258,ward|ho-chi-minh|phuong-phu-nhuan,IN_WARD
45054822,ward|ho-chi-minh|phuong-nhieu-loc,IN_WARD
45039532,ward|ho-chi-minh|phuong-tan-son-nhi,IN_WARD
45053777,ward|ho-chi-minh|phuong-tan-binh,IN_WARD
44484378,ward|ho-chi-minh|phuong-hiep-binh,IN_WARD
45135583,ward|ho-chi-minh|phuong-tan-son-nhat,IN_WARD
44873591,ward|ho-chi-minh|phuong-chanh-hiep,IN_WARD
43239757,ward|ho-chi-minh|phuong-tan-binh,IN_WARD
44004519,ward|ho-chi-minh|xa-binh-hung,IN_WARD
44661735,ward|ho-chi-minh|phuong-tan-hung,IN_WARD
44756781,ward|ho-chi-minh|phuong-cau-ong-lanh,IN_WARD
45042767,ward|ho-chi-minh|phuong-phu-thuan,IN_WARD
45025299,ward|ho-chi-minh|phuong-phu-nhuan,IN_WARD
45072202,ward|ho-chi-minh|phuong-xuan-hoa,IN_WARD
45079987,ward|ho-chi-minh|phuong-phu-nhuan,IN_WARD
44743197,ward|ho-chi-minh|phuong-phu-inh,IN_WARD
45004615,ward|ho-chi-minh|phuong-an-phu-ong,IN_WARD
44864723,ward|ho-chi-minh|phuong-khanh-hoi,IN_WARD
44826885,ward|ho-chi-minh|phuong-hiep-binh,IN_WARD
44187433,ward|ho-chi-minh|xa-nha-be,IN_WARD
45058561,ward|ho-chi-minh|phuong-phu-loi,IN_WARD
44980619,ward|ho-chi-minh|phuong-phu-loi,IN_WARD
45142009,ward|ho-chi-minh|phuong-tan-son-nhi,IN_WARD
44991650,ward|ho-chi-minh|phuong-phu-tho-hoa,IN_WARD
43469217,ward|ho-chi-minh|phuong-vung-tau,IN_WARD
44120081,ward|ho-chi-minh|phuong-tan-son,IN_WARD
44210067,ward|ho-chi-minh|phuong-tan-son,IN_WARD
44570461,ward|ho-chi-minh|phuong-di-an,IN_WARD
45151403,ward|ho-chi-minh|phuong-vuon-lai,IN_WARD
44886432,ward|ho-chi-minh|phuong-phu-inh,IN_WARD
44638795,ward|ho-chi-minh|phuong-nhieu-loc,IN_WARD
45144854,ward|ho-chi-minh|phuong-nhieu-loc,IN_WARD
44810236,ward|ho-chi-minh|phuong-tan-binh,IN_WARD
42981800,ward|ho-chi-minh|phuong-gia-inh,IN_WARD
44843831,ward|ho-chi-minh|phuong-binh-trung,IN_WARD
44594476,ward|ho-chi-minh|xa-binh-hung,IN_WARD
44555827,ward|ho-chi-minh|phuong-binh-ong,IN_WARD
44873106,ward|ho-chi-minh|phuong-thu-uc,IN_WARD
