interaction_id,user_id,session_id,listing_id,action_type,timestamp,dwell_time_seconds,source,implicit_score,is_bounce,raw_query,inferred_intent,budget_group,filter_price_max,filter_bedrooms
evt_100837,usr_1055,sess_1055_0,44385645,share,2026-01-01T01:14:27Z,18,search_bar,2.266,False,tìm nhà đất Xã Hiệp Phước giá mềm tiềm năng tăng giá,investment,affordable,2.7,3.0
evt_101993,usr_1135,sess_1135_0,44430840,view,2026-01-01T01:28:30Z,27,ai_recommendation,0.641,False,"nhà ở Phường Tân Định thoáng mát 3pn, tầm trung",buy_for_living,affordable,2.8,1.0
evt_100541,usr_1034,sess_1034_1,45217702,contact,2026-01-01T03:25:39Z,111,homepage,4.538,False,"mua nhà đất đầu tư ở Phường Bình Dương pháp lý rõ ràng, vị trí đẹp",investment,luxury,27.7,2.0
evt_101836,usr_1126,sess_1126_0,45128126,view,2026-01-01T03:40:51Z,61,search_bar,0.794,False,"mua nhà đất đầu tư ở Phường Cầu Kiệu pháp lý rõ ràng, bình dân",investment,affordable,2.4,1.0
evt_102136,usr_1146,sess_1146_2,45209564,view,2026-01-01T04:41:25Z,272,search_bar,1.0,False,tìm nhà đất Phường Diên Hồng giá mềm gần trường học,buy_for_living,affordable,2.8,2.0
evt_104383,usr_1290,sess_1290_0,45063282,view,2026-01-01T05:11:06Z,33,search_bar,0.678,False,"mua căn hộ đầu tư ở Phường Phú Nhuận pháp lý rõ ràng, rẻ một chút",investment,affordable,3.0,2.0
evt_104053,usr_1268,sess_1268_1,44281973,view,2026-01-01T06:39:44Z,119,search_bar,0.921,False,tìm phòng nhà đất ở Phường Tân Thuận giá mềm,rent,mid_range,5.9,1.0
evt_103254,usr_1214,sess_1214_0,45072815,save,2026-01-01T07:28:24Z,188,search_bar,3.0,False,"cần thuê căn hộ Phường Bình Phú full nội thất, bình dân",rent,affordable,2.6,2.0
evt_100481,usr_1031,sess_1031_1,44744909,view,2026-01-01T08:17:51Z,37,search_bar,0.7,False,tìm nhà đất Phường An Lạc khu nhà giàu gần trường học,buy_for_living,affordable,2.9,2.0
evt_100593,usr_1038,sess_1038_0,45194196,contact,2026-01-01T09:01:13Z,100,search_bar,4.439,False,"nhà ở Phường Hiệp Bình thoáng mát 5pn, cao cấp",buy_for_living,affordable,2.7,2.0
evt_101066,usr_1073,sess_1073_0,45224178,save,2026-01-01T10:43:15Z,36,ai_recommendation,2.084,False,nhà đất Phường Hòa Hưng rẻ một chút cho vợ chồng mới cưới,buy_for_living,mid_range,5.9,2.0
evt_104437,usr_1294,sess_1294_1,44748663,view,2026-01-01T10:46:44Z,35,search_bar,0.689,False,nhà đất Phường An Phú Đông giá hợp lý cho thuê lại được,investment,luxury,22.2,2.0
evt_103087,usr_1204,sess_1204_0,45260467,view,2026-01-01T11:15:24Z,73,ai_recommendation,0.828,False,căn hộ Phường Hòa Hưng giá tốt cho gia đình,buy_for_living,affordable,2.7,2.0
evt_100264,usr_1016,sess_1016_0,44963047,view,2026-01-01T12:32:18Z,130,ai_recommendation,0.938,False,nhà đất Xã Tân Vĩnh Lộc giá vừa phải cho vợ chồng mới cưới,buy_for_living,mid_range,7.3,3.0
evt_103669,usr_1242,sess_1242_2,45230461,save,2026-01-01T12:40:16Z,67,ai_recommendation,2.435,False,"nhà ở Phường Bình Lợi Trung thoáng mát 4pn, giá mềm",buy_for_living,mid_range,7.1,2.0
evt_104448,usr_1295,sess_1295_1,45213326,view,2026-01-01T12:54:02Z,29,search_bar,0.654,False,"cần thuê nhà đất Phường Thới An full nội thất, giá tốt",rent,mid_range,7.0,2.0
evt_104338,usr_1287,sess_1287_1,44398073,view,2026-01-01T13:32:38Z,84,ai_recommendation,0.855,False,"cần mua nhà đất 4 phòng ngủ ở Phường An Nhơn để ở, vị trí đẹp",buy_for_living,affordable,2.4,2.0
evt_100516,usr_1032,sess_1032_0,44815225,view,2026-01-01T14:01:05Z,167,homepage,0.986,False,"nhà ở Phường Sài Gòn thoáng mát 11pn, ổn định",buy_for_living,affordable,2.8,2.0
evt_103719,usr_1246,sess_1246_1,45178137,view,2026-01-01T14:10:51Z,3,search_bar,0.267,True,"mua nhà đất đầu tư ở Phường An Lạc pháp lý rõ ràng, giá hợp lý",investment,luxury,21.4,3.0
evt_101583,usr_1107,sess_1107_1,45235016,contact,2026-01-01T15:08:27Z,86,homepage,4.295,False,tìm căn hộ Phường Đông Hưng Thuận bình dân gần trường học,buy_for_living,mid_range,7.0,1.0
evt_100396,usr_1026,sess_1026_0,44464018,view,2026-01-01T15:42:50Z,31,related_items,0.667,False,căn hộ Phường Long Bình sang trọng cho gia đình,buy_for_living,mid_range,7.2,3.0
evt_102929,usr_1194,sess_1194_0,44786591,contact,2026-01-01T15:53:55Z,78,homepage,4.203,False,"cần thuê căn hộ Phường Tân Phú full nội thất, giá rẻ",rent,mid_range,5.7,2.0
evt_101647,usr_1111,sess_1111_0,45058266,view,2026-01-01T15:58:08Z,13,ai_recommendation,0.508,False,nhà đất Phường Thủ Đức giá vừa phải dòng tiền tốt,investment,affordable,2.4,2.0
evt_101491,usr_1101,sess_1101_0,45007564,view,2026-01-01T16:03:39Z,25,search_bar,0.627,False,tìm phòng nhà đất ở Phường Bình Tân vị trí đẹp,rent,affordable,2.3,2.0
evt_102742,usr_1182,sess_1182_0,44735546,view,2026-01-01T16:27:49Z,152,homepage,0.968,False,tìm phòng nhà đất ở Phường Long Phước giá mềm,rent,affordable,2.5,2.0
evt_103147,usr_1208,sess_1208_0,45207129,view,2026-01-01T17:49:52Z,206,homepage,1.0,False,nhà đất Phường Thủ Đức giá rẻ cho vợ chồng mới cưới,buy_for_living,affordable,2.3,2.0
evt_104087,usr_1270,sess_1270_1,44590405,save,2026-01-01T18:22:51Z,47,homepage,2.234,False,căn hộ Phường An Khánh khu nhà giàu dòng tiền tốt,investment,mid_range,7.0,2.0
evt_103889,usr_1257,sess_1257_0,45233559,view,2026-01-01T19:23:50Z,72,search_bar,0.825,False,nhà đất Phường Diên Hồng cao cấp cho vợ chồng mới cưới,buy_for_living,affordable,2.6,2.0
evt_101072,usr_1073,sess_1073_0,44701389,view,2026-01-01T21:53:43Z,94,homepage,0.876,False,"nhà ở Phường Cầu Kiệu thoáng mát 4pn, ổn định",buy_for_living,mid_range,5.9,2.0
evt_103998,usr_1264,sess_1264_0,45259366,view,2026-01-01T22:27:32Z,86,related_items,0.859,False,nhà đất Xã Nhà Bè sang trọng cho vợ chồng mới cưới,buy_for_living,mid_range,6.7,1.0
evt_102475,usr_1165,sess_1165_1,45271919,view,2026-01-01T22:57:50Z,13,related_items,0.508,False,"cần mua nhà đất 2 phòng ngủ ở Phường Tân Mỹ để ở, giá tốt",buy_for_living,luxury,26.4,2.0
evt_103563,usr_1235,sess_1235_0,45265594,save,2026-01-02T00:37:49Z,40,ai_recommendation,2.143,False,nhà đất Phường Đông Hưng Thuận tầm trung cho gia đình,buy_for_living,affordable,2.3,3.0
evt_102732,usr_1182,sess_1182_0,45230255,save,2026-01-02T01:19:41Z,193,ai_recommendation,3.0,False,thuê nhà đất Phường Bình Lợi Trung 6 phòng ngủ vị trí đẹp,rent,affordable,2.5,2.0
evt_104211,usr_1279,sess_1279_1,45097499,save,2026-01-02T01:28:12Z,16,search_bar,1.635,False,nhà đất Phường Tân Sơn giá mềm cho gia đình,buy_for_living,luxury,25.2,1.0
evt_102750,usr_1183,sess_1183_0,44864335,view,2026-01-02T01:50:51Z,36,homepage,0.695,False,tìm căn hộ Xã Tân Nhựt giá tốt gần trường học,buy_for_living,luxury,29.1,2.0
evt_103973,usr_1262,sess_1262_0,45179572,share,2026-01-02T02:14:28Z,34,ai_recommendation,2.736,False,"nhà ở Phường Phước Thắng thoáng mát 0pn, rẻ một chút",buy_for_living,mid_range,8.0,2.0
evt_101129,usr_1078,sess_1078_1,45197030,view,2026-01-02T02:21:16Z,29,search_bar,0.654,False,nhà đất Phường Vũng Tàu khu nhà giàu cho gia đình,buy_for_living,affordable,2.8,2.0
evt_100422,usr_1027,sess_1027_0,45082255,view,2026-01-02T02:53:52Z,133,search_bar,0.942,False,"cần mua nhà đất 4 phòng ngủ ở Phường An Khánh để ở, tầm trung",buy_for_living,mid_range,7.8,3.0
evt_104478,usr_1297,sess_1297_1,45192150,view,2026-01-02T03:23:46Z,145,related_items,0.959,False,thuê nhà đất Phường Tân Định 1 phòng ngủ giá tốt,rent,luxury,22.3,2.0
evt_100239,usr_1014,sess_1014_0,45147484,save,2026-01-02T03:31:01Z,27,ai_recommendation,1.923,False,"nhà ở Phường Cầu Kiệu thoáng mát 0pn, cao cấp",buy_for_living,mid_range,7.7,3.0
evt_101809,usr_1124,sess_1124_0,45017298,contact,2026-01-02T05:11:39Z,126,ai_recommendation,4.659,False,"mua căn hộ đầu tư ở Xã Tân Nhựt pháp lý rõ ràng, rẻ một chút",investment,affordable,2.4,2.0
evt_103914,usr_1259,sess_1259_0,44281973,view,2026-01-02T05:16:36Z,39,related_items,0.71,False,"cần mua nhà đất 2 phòng ngủ ở Phường Tân Thuận để ở, rẻ một chút",buy_for_living,affordable,2.3,2.0
evt_100765,usr_1051,sess_1051_0,45246455,view,2026-01-02T05:23:23Z,80,search_bar,0.845,False,"mua nhà đất đầu tư ở Phường Tân Sơn Hòa pháp lý rõ ràng, giá tốt",investment,affordable,2.7,2.0
evt_101004,usr_1068,sess_1068_0,43734431,view,2026-01-02T05:56:16Z,19,homepage,0.576,False,nhà đất Xã Tân Nhựt khu nhà giàu dòng tiền tốt,investment,mid_range,6.1,2.0
evt_100280,usr_1017,sess_1017_0,44843130,save,2026-01-02T06:13:08Z,18,homepage,1.699,False,thuê căn hộ Phường Xuân Hòa 1 phòng ngủ giá tốt,rent,mid_range,7.6,2.0
evt_100039,usr_1002,sess_1002_0,44915785,view,2026-01-02T06:51:18Z,68,search_bar,0.814,False,"cần thuê nhà đất Phường Bình Trưng full nội thất, vị trí đẹp",rent,affordable,2.1,1.0
evt_101165,usr_1080,sess_1080_1,45217777,save,2026-01-02T07:27:09Z,18,search_bar,1.699,False,nhà đất Phường Bình Lợi Trung giá hợp lý dòng tiền tốt,investment,affordable,2.7,2.0
evt_102888,usr_1191,sess_1191_0,44962765,share,2026-01-02T07:41:06Z,43,ai_recommendation,2.912,False,nhà đất Xã Hiệp Phước giá vừa phải cho thuê gần metro,rent,mid_range,6.0,3.0
evt_102692,usr_1179,sess_1179_0,45162505,save,2026-01-02T08:24:12Z,71,related_items,2.468,False,"mua nhà đất đầu tư ở Phường Tân Thuận pháp lý rõ ràng, giá tốt",investment,mid_range,6.4,1.0
evt_103261,usr_1215,sess_1215_0,45082489,view,2026-01-02T09:00:25Z,246,search_bar,1.0,False,nhà đất Phường Tân Phú tầm trung cho thuê lại được,investment,affordable,2.8,2.0
evt_100714,usr_1047,sess_1047_0,44843875,view,2026-01-02T09:57:26Z,33,homepage,0.678,False,tìm căn hộ Xã Tân Nhựt giá rẻ gần trường học,buy_for_living,luxury,22.7,3.0
evt_100797,usr_1053,sess_1053_1,45061303,view,2026-01-02T10:18:43Z,43,ai_recommendation,0.728,False,"nhà ở Phường Bình Trị Đông thoáng mát 5pn, giá hợp lý",buy_for_living,affordable,2.8,1.0
evt_102586,usr_1172,sess_1172_2,45134992,view,2026-01-02T10:58:13Z,54,homepage,0.771,False,"nhà ở Phường Tân Hưng thoáng mát 46pn, cao cấp",buy_for_living,affordable,2.5,1.0
evt_103836,usr_1254,sess_1254_0,45054497,view,2026-01-02T11:00:01Z,64,ai_recommendation,0.803,False,tìm nhà đất Xã Nhà Bè giá tốt tiềm năng tăng giá,investment,affordable,2.3,1.0
evt_103218,usr_1212,sess_1212_1,44624437,view,2026-01-02T11:23:10Z,87,ai_recommendation,0.861,False,tìm phòng nhà đất ở Phường Tam Bình giá mềm,rent,mid_range,7.1,2.0
evt_102031,usr_1138,sess_1138_0,45071051,save,2026-01-02T12:09:36Z,114,search_bar,2.738,False,"cần mua nhà đất 0 phòng ngủ ở Xã Bình Hưng để ở, cao cấp",buy_for_living,luxury,25.7,2.0
evt_103404,usr_1225,sess_1225_0,44403119,save,2026-01-02T12:31:12Z,51,homepage,2.28,False,tìm căn hộ Phường Long Bình giá tốt gần trường học,buy_for_living,mid_range,7.0,2.0
evt_100376,usr_1024,sess_1024_0,44619715,view,2026-01-02T15:45:03Z,41,search_bar,0.719,False,tìm phòng nhà đất ở Phường An Phú Đông giá mềm,rent,mid_range,6.4,2.0
evt_102104,usr_1143,sess_1143_0,44526324,view,2026-01-02T15:59:47Z,91,search_bar,0.87,False,căn hộ Phường Phú Thọ Hòa giá rẻ cho gia đình,buy_for_living,mid_range,6.9,2.0
evt_104262,usr_1282,sess_1282_1,45263425,view,2026-01-02T16:49:12Z,55,search_bar,0.774,False,nhà đất Phường An Hội Đông rẻ một chút cho vợ chồng mới cưới,buy_for_living,affordable,2.6,2.0
evt_102190,usr_1149,sess_1149_0,45182464,view,2026-01-02T17:29:30Z,148,ai_recommendation,0.963,False,nhà đất Phường Tân Sơn Nhất khu nhà giàu cho gia đình,buy_for_living,affordable,2.6,2.0
evt_103165,usr_1209,sess_1209_0,44243862,view,2026-01-02T17:45:03Z,84,ai_recommendation,0.855,False,tìm nhà đất Phường Thới An giá rẻ gần trường học,buy_for_living,affordable,2.6,2.0
evt_104023,usr_1266,sess_1266_0,44945503,contact,2026-01-02T17:58:55Z,27,related_items,3.205,False,"mua căn hộ đầu tư ở Phường Phú Thọ Hòa pháp lý rõ ràng, giá rẻ",investment,mid_range,7.8,2.0
evt_102377,usr_1160,sess_1160_0,45245632,view,2026-01-02T18:01:57Z,61,ai_recommendation,0.794,False,"nhà ở Phường Xuân Hòa thoáng mát 1pn, rẻ một chút",buy_for_living,affordable,2.2,2.0
evt_102954,usr_1196,sess_1196_0,45057652,contact,2026-01-02T19:24:52Z,44,search_bar,3.661,False,căn hộ Phường Cầu Ông Lãnh bình dân cho vợ chồng mới cưới,buy_for_living,affordable,2.5,2.0
evt_101939,usr_1132,sess_1132_0,45240083,contact,2026-01-02T19:45:47Z,53,ai_recommendation,3.837,False,nhà đất Phường Tân Hòa cao cấp dòng tiền tốt,investment,luxury,20.8,1.0
evt_100569,usr_1036,sess_1036_0,45128667,view,2026-01-02T20:05:21Z,92,ai_recommendation,0.872,False,nhà đất Phường Phú Định khu nhà giàu dòng tiền tốt,investment,mid_range,5.6,2.0
evt_102527,usr_1168,sess_1168_0,45103339,contact,2026-01-02T20:48:37Z,55,ai_recommendation,3.872,False,"mua nhà đất đầu tư ở Phường Chánh Hưng pháp lý rõ ràng, rẻ một chút",investment,mid_range,6.7,2.0
evt_101352,usr_1091,sess_1091_1,43698050,save,2026-01-02T21:35:25Z,49,search_bar,2.258,False,"nhà ở Phường Bàn Cờ thoáng mát 4pn, vị trí đẹp",buy_for_living,mid_range,6.9,2.0
evt_102635,usr_1175,sess_1175_0,45266829,view,2026-01-02T21:35:43Z,67,homepage,0.812,False,tìm nhà đất Phường Tân Mỹ vị trí đẹp gần trường học,buy_for_living,mid_range,5.5,2.0
evt_103732,usr_1246,sess_1246_0,45144416,save,2026-01-02T21:40:01Z,97,related_items,2.646,False,tìm nhà đất Phường Cầu Kiệu cao cấp tiềm năng tăng giá,investment,luxury,21.4,3.0
evt_103926,usr_1259,sess_1259_1,45082489,contact,2026-01-02T21:57:49Z,174,search_bar,4.968,False,"nhà ở Phường Tân Phú thoáng mát 3pn, tầm trung",buy_for_living,affordable,2.3,2.0
evt_101312,usr_1088,sess_1088_0,44018332,view,2026-01-02T22:10:17Z,29,homepage,0.654,False,"nhà ở Phường Chợ Quán thoáng mát 2pn, giá tốt",buy_for_living,affordable,3.0,2.0
evt_102598,usr_1173,sess_1173_0,44784199,share,2026-01-02T22:45:54Z,22,homepage,2.413,False,thuê nhà đất Phường An Lạc 4 phòng ngủ tầm trung,rent,affordable,2.5,2.0
evt_103004,usr_1199,sess_1199_0,44986630,contact,2026-01-03T00:53:24Z,175,ai_recommendation,4.973,False,thuê nhà đất Phường Bình Trị Đông 3 phòng ngủ giá hợp lý,rent,affordable,2.2,2.0
evt_100014,usr_1000,sess_1000_0,45177611,view,2026-01-03T01:36:10Z,33,search_bar,0.678,False,"cần mua căn hộ 2 phòng ngủ ở Phường Minh Phụng để ở, tầm trung",buy_for_living,affordable,2.4,2.0
evt_103681,usr_1243,sess_1243_0,44590405,save,2026-01-03T01:39:06Z,43,ai_recommendation,2.184,False,căn hộ Phường An Khánh vị trí đẹp dòng tiền tốt,investment,mid_range,7.2,2.0
evt_103634,usr_1239,sess_1239_1,45194032,save,2026-01-03T02:16:19Z,34,search_bar,2.052,False,"mua nhà đất đầu tư ở Phường An Phú Đông pháp lý rõ ràng, bình dân",investment,affordable,2.8,1.0
evt_101892,usr_1129,sess_1129_2,44617350,share,2026-01-03T03:52:59Z,92,related_items,3.488,False,tìm nhà đất Phường Nhiêu Lộc bình dân gần trường học,buy_for_living,mid_range,6.4,1.0
evt_103469,usr_1229,sess_1229_1,45269276,view,2026-01-03T05:05:57Z,86,search_bar,0.859,False,"mua nhà đất đầu tư ở Phường Phú Định pháp lý rõ ràng, bình dân",investment,affordable,2.6,2.0
evt_100351,usr_1021,sess_1021_0,44954094,view,2026-01-03T05:16:40Z,232,ai_recommendation,1.0,False,"cần thuê nhà đất Phường Bình Trị Đông full nội thất, vị trí đẹp",rent,mid_range,7.6,2.0
evt_103477,usr_1230,sess_1230_0,45085955,view,2026-01-03T07:16:19Z,73,search_bar,0.828,False,nhà đất Phường Long Bình khu nhà giàu cho vợ chồng mới cưới,buy_for_living,affordable,2.5,2.0
evt_102427,usr_1163,sess_1163_0,45186591,view,2026-01-03T07:30:29Z,43,search_bar,0.728,False,tìm phòng nhà đất ở Phường Tây Thạnh giá mềm,rent,mid_range,7.2,3.0
evt_102014,usr_1137,sess_1137_1,44672339,view,2026-01-03T07:30:54Z,23,related_items,0.611,False,tìm nhà đất Phường An Lạc giá tốt tiềm năng tăng giá,investment,affordable,2.2,2.0
evt_100124,usr_1008,sess_1008_0,44740670,view,2026-01-03T09:34:29Z,3,ai_recommendation,0.267,True,căn hộ Phường Long Bình rẻ một chút cho vợ chồng mới cưới,buy_for_living,affordable,2.3,2.0
evt_103231,usr_1213,sess_1213_0,44335474,contact,2026-01-03T10:09:25Z,73,ai_recommendation,4.14,False,"nhà ở Phường Tân Thuận thoáng mát 2pn, giá mềm",buy_for_living,mid_range,6.9,1.0
evt_100945,usr_1063,sess_1063_0,45245657,save,2026-01-03T10:40:46Z,19,homepage,1.729,False,"mua nhà đất đầu tư ở Phường Thới An pháp lý rõ ràng, giá rẻ",investment,affordable,3.0,2.0
evt_102668,usr_1178,sess_1178_2,44951818,view,2026-01-03T10:50:31Z,50,related_items,0.756,False,nhà đất Phường Khánh Hội ổn định cho gia đình,buy_for_living,mid_range,7.2,2.0
evt_103930,usr_1260,sess_1260_0,45206831,view,2026-01-03T11:00:06Z,14,homepage,0.521,False,"cần mua nhà đất 0 phòng ngủ ở Phường Tây Thạnh để ở, ổn định",buy_for_living,affordable,2.8,2.0
evt_101488,usr_1100,sess_1100_1,43513035,view,2026-01-03T11:04:52Z,94,search_bar,0.876,False,"cần thuê căn hộ Phường Long Trường full nội thất, giá tốt",rent,affordable,2.4,2.0
evt_103855,usr_1255,sess_1255_0,45186439,view,2026-01-03T12:28:32Z,56,homepage,0.778,False,tìm nhà đất Phường Bình Hòa cao cấp gần trường học,buy_for_living,mid_range,6.8,1.0
evt_102896,usr_1192,sess_1192_2,45238334,view,2026-01-03T12:36:18Z,57,ai_recommendation,0.781,False,nhà đất Phường Bình Thới giá hợp lý cho thuê lại được,investment,affordable,2.3,3.0
evt_102507,usr_1167,sess_1167_0,45210238,save,2026-01-03T12:49:13Z,86,related_items,2.577,False,"cần mua nhà đất 4 phòng ngủ ở Phường Chánh Hưng để ở, ổn định",buy_for_living,affordable,2.5,3.0
evt_101209,usr_1082,sess_1082_1,45126932,save,2026-01-03T13:00:09Z,21,ai_recommendation,1.784,False,nhà đất Phường Phú Thuận vị trí đẹp cho vợ chồng mới cưới,buy_for_living,affordable,2.6,2.0
evt_102616,usr_1174,sess_1174_0,45207061,view,2026-01-03T14:31:45Z,37,ai_recommendation,0.7,False,thuê căn hộ Phường Chợ Lớn 1 phòng ngủ giá vừa phải,rent,affordable,2.4,2.0
evt_101533,usr_1104,sess_1104_2,45073172,save,2026-01-03T16:25:35Z,139,ai_recommendation,2.852,False,tìm nhà đất Phường Khánh Hội ổn định gần trường học,buy_for_living,mid_range,6.1,3.0
evt_104327,usr_1286,sess_1286_0,45230039,save,2026-01-03T18:05:30Z,187,search_bar,3.0,False,nhà đất Phường Xóm Chiếu giá vừa phải cho thuê gần metro,rent,affordable,2.6,1.0
evt_104202,usr_1278,sess_1278_1,44881605,view,2026-01-03T18:41:29Z,85,ai_recommendation,0.857,False,"cần mua nhà đất 6 phòng ngủ ở Phường Cầu Kiệu để ở, cao cấp",buy_for_living,mid_range,6.6,2.0
evt_103980,usr_1263,sess_1263_2,43679734,contact,2026-01-03T19:23:53Z,16,search_bar,2.725,False,căn hộ Phường Long Bình giá vừa phải dòng tiền tốt,investment,affordable,2.8,2.0
evt_101922,usr_1131,sess_1131_0,44845494,view,2026-01-03T20:31:21Z,37,ai_recommendation,0.7,False,tìm căn hộ Xã Tân Nhựt bình dân gần trường học,buy_for_living,affordable,2.7,2.0
evt_103230,usr_1213,sess_1213_0,45170798,view,2026-01-03T21:15:30Z,40,ai_recommendation,0.714,False,"nhà ở Phường Thạnh Mỹ Tây thoáng mát 2pn, giá rẻ",buy_for_living,mid_range,6.9,1.0
evt_100414,usr_1026,sess_1026_0,44900300,view,2026-01-03T22:17:01Z,79,ai_recommendation,0.843,False,"cần mua nhà đất 6 phòng ngủ ở Phường Cát Lái để ở, vị trí đẹp",buy_for_living,mid_range,7.2,3.0
evt_100954,usr_1064,sess_1064_0,44492541,view,2026-01-03T23:17:30Z,24,homepage,0.619,False,tìm nhà đất Phường Tân Bình tầm trung tiềm năng tăng giá,investment,mid_range,6.7,2.0
evt_100993,usr_1067,sess_1067_2,45189864,view,2026-01-04T00:09:42Z,32,search_bar,0.673,False,"mua nhà đất đầu tư ở Phường Phú Nhuận pháp lý rõ ràng, rẻ một chút",investment,luxury,29.4,2.0
evt_100589,usr_1038,sess_1038_0,45137642,view,2026-01-04T00:35:25Z,33,related_items,0.678,False,nhà đất Phường Bàn Cờ tầm trung cho vợ chồng mới cưới,buy_for_living,affordable,2.7,2.0
evt_104477,usr_1297,sess_1297_0,44856748,view,2026-01-04T00:45:28Z,57,ai_recommendation,0.781,False,nhà đất Xã Nhà Bè ổn định cho thuê gần metro,rent,luxury,22.3,2.0
evt_100670,usr_1043,sess_1043_0,45255784,contact,2026-01-04T00:47:19Z,32,ai_recommendation,3.363,False,nhà đất Phường Phú Thạnh sang trọng cho gia đình,buy_for_living,mid_range,7.6,2.0
evt_100600,usr_1039,sess_1039_0,44781792,contact,2026-01-04T02:09:16Z,61,search_bar,3.97,False,"cần mua căn hộ 2 phòng ngủ ở Phường Bình Trưng để ở, giá hợp lý",buy_for_living,mid_range,7.9,2.0
evt_101483,usr_1100,sess_1100_0,45055816,view,2026-01-04T03:25:08Z,171,related_items,0.99,False,tìm phòng nhà đất ở Phường Bình Thạnh rẻ một chút,rent,affordable,2.4,2.0
evt_102816,usr_1187,sess_1187_1,44419144,view,2026-01-04T03:42:25Z,41,search_bar,0.719,False,nhà đất Phường Tân Hưng ổn định dòng tiền tốt,investment,affordable,2.6,2.0
evt_104232,usr_1280,sess_1280_0,45258179,view,2026-01-04T05:57:32Z,251,ai_recommendation,1.0,False,thuê nhà đất Phường Bình Đông 4 phòng ngủ ổn định,rent,mid_range,7.6,2.0
evt_100204,usr_1012,sess_1012_2,43529769,view,2026-01-04T06:32:03Z,25,search_bar,0.627,False,tìm nhà đất Xã Nhà Bè giá hợp lý tiềm năng tăng giá,investment,affordable,2.8,1.0
evt_102390,usr_1160,sess_1160_0,44990934,view,2026-01-04T06:58:57Z,25,ai_recommendation,0.627,False,nhà đất Phường Tân Thuận giá vừa phải cho vợ chồng mới cưới,buy_for_living,affordable,2.2,2.0
evt_102686,usr_1179,sess_1179_1,44089093,save,2026-01-04T07:24:12Z,12,ai_recommendation,1.48,False,"mua nhà đất đầu tư ở Xã Hiệp Phước pháp lý rõ ràng, cao cấp",investment,mid_range,6.4,1.0
evt_103988,usr_1264,sess_1264_0,44340134,view,2026-01-04T07:24:43Z,19,search_bar,0.576,False,nhà đất Xã Nhà Bè giá rẻ cho vợ chồng mới cưới,buy_for_living,mid_range,6.7,1.0
evt_104261,usr_1282,sess_1282_2,43248160,view,2026-01-04T08:11:06Z,9,search_bar,0.443,True,nhà đất Phường Phú Thuận bình dân cho vợ chồng mới cưới,buy_for_living,affordable,2.6,2.0
evt_100037,usr_1002,sess_1002_0,45266718,contact,2026-01-04T09:48:26Z,39,ai_recommendation,3.548,False,nhà đất Phường Cầu Kiệu rẻ một chút cho thuê gần metro,rent,affordable,2.1,1.0
evt_104226,usr_1280,sess_1280_1,43923505,view,2026-01-04T09:55:39Z,115,related_items,0.914,False,căn hộ Phường Bình Tây giá tốt cho thuê gần metro,rent,mid_range,7.6,2.0
evt_104356,usr_1288,sess_1288_1,45055037,view,2026-01-04T10:08:52Z,7,ai_recommendation,0.4,True,nhà đất Phường Long Trường ổn định cho gia đình,buy_for_living,mid_range,5.8,1.0
evt_103774,usr_1249,sess_1249_2,44947883,view,2026-01-04T10:10:11Z,86,search_bar,0.859,False,tìm phòng nhà đất ở Phường Cầu Kiệu tầm trung,rent,luxury,25.2,2.0
evt_103205,usr_1211,sess_1211_1,44565872,view,2026-01-04T10:35:37Z,69,homepage,0.817,False,thuê nhà đất Phường Vĩnh Hội 4 phòng ngủ vị trí đẹp,rent,affordable,2.4,2.0
evt_102861,usr_1190,sess_1190_0,45102262,save,2026-01-04T12:07:47Z,205,homepage,3.0,False,tìm căn hộ Phường Thạnh Mỹ Tây giá vừa phải gần trường học,buy_for_living,affordable,2.8,2.0
evt_100692,usr_1045,sess_1045_1,45237121,contact,2026-01-04T12:26:56Z,82,related_items,4.25,False,nhà đất Phường Cầu Kiệu giá rẻ cho gia đình,buy_for_living,mid_range,6.1,3.0
evt_101973,usr_1134,sess_1134_1,45098440,save,2026-01-04T14:06:51Z,111,related_items,2.723,False,"nhà ở Phường Đông Hưng Thuận thoáng mát 2pn, tầm trung",buy_for_living,mid_range,6.1,2.0
evt_100406,usr_1026,sess_1026_1,44404628,contact,2026-01-04T15:14:32Z,148,ai_recommendation,4.813,False,tìm căn hộ Phường Long Bình giá vừa phải gần trường học,buy_for_living,mid_range,7.2,3.0
evt_102530,usr_1169,sess_1169_0,45155645,save,2026-01-04T15:58:25Z,308,search_bar,3.0,False,"mua nhà đất đầu tư ở Phường Đức Nhuận pháp lý rõ ràng, giá vừa phải",investment,affordable,2.8,1.0
evt_104449,usr_1295,sess_1295_1,43632247,contact,2026-01-04T16:06:45Z,48,homepage,3.743,False,tìm phòng nhà đất ở Phường Tân Thuận giá mềm,rent,mid_range,7.0,2.0
evt_103330,usr_1219,sess_1219_0,45158736,save,2026-01-04T17:27:40Z,43,homepage,2.184,False,"cần thuê nhà đất Phường Phú Thạnh full nội thất, giá hợp lý",rent,affordable,2.8,2.0
evt_104307,usr_1285,sess_1285_0,43481818,save,2026-01-04T18:52:21Z,24,related_items,1.858,False,tìm căn hộ Phường Bến Thành bình dân tiềm năng tăng giá,investment,affordable,2.4,2.0
evt_100646,usr_1042,sess_1042_0,44542530,view,2026-01-04T19:12:16Z,62,search_bar,0.797,False,nhà đất Phường Tân Sơn Nhất giá rẻ cho vợ chồng mới cưới,buy_for_living,affordable,2.3,2.0
evt_104004,usr_1265,sess_1265_0,43411750,view,2026-01-04T19:26:05Z,52,search_bar,0.764,False,thuê căn hộ Phường Bình Trưng 2 phòng ngủ bình dân,rent,mid_range,6.5,1.0
evt_104141,usr_1274,sess_1274_1,45022529,view,2026-01-04T19:56:22Z,55,ai_recommendation,0.774,False,"nhà ở Phường Thủ Đức thoáng mát 0pn, ổn định",buy_for_living,mid_range,5.5,2.0
evt_102099,usr_1143,sess_1143_0,45099274,view,2026-01-04T20:00:16Z,50,search_bar,0.756,False,"nhà ở Phường Đức Nhuận thoáng mát 3pn, giá rẻ",buy_for_living,mid_range,6.9,2.0
evt_104118,usr_1272,sess_1272_0,43963943,contact,2026-01-04T20:27:27Z,34,ai_recommendation,3.42,False,tìm căn hộ Phường Bình Đông giá rẻ gần trường học,buy_for_living,affordable,2.7,2.0
evt_102793,usr_1185,sess_1185_0,45116396,save,2026-01-04T20:29:51Z,205,ai_recommendation,3.0,False,"cần mua nhà đất 2 phòng ngủ ở Phường Phú Định để ở, bình dân",buy_for_living,mid_range,5.7,1.0
evt_102685,usr_1179,sess_1179_0,44928768,view,2026-01-04T20:31:07Z,58,search_bar,0.784,False,tìm nhà đất Phường Bình Tân ổn định tiềm năng tăng giá,investment,mid_range,6.4,1.0
evt_100171,usr_1011,sess_1011_0,45070876,view,2026-01-04T20:55:32Z,60,ai_recommendation,0.791,False,tìm nhà đất Phường Linh Xuân giá vừa phải gần trường học,buy_for_living,mid_range,7.4,2.0
evt_103187,usr_1210,sess_1210_1,45100589,save,2026-01-04T23:26:08Z,83,ai_recommendation,2.557,False,"cần mua căn hộ 2 phòng ngủ ở Phường Tân Thuận để ở, giá tốt",buy_for_living,luxury,26.3,2.0
evt_100832,usr_1055,sess_1055_0,45140058,contact,2026-01-04T23:59:28Z,30,homepage,3.303,False,tìm nhà đất Phường Tăng Nhơn Phú rẻ một chút tiềm năng tăng giá,investment,affordable,2.7,3.0
evt_100183,usr_1011,sess_1011_1,45025850,view,2026-01-05T00:15:31Z,50,homepage,0.756,False,"nhà ở Phường Tân Sơn thoáng mát 4pn, vị trí đẹp",buy_for_living,mid_range,7.4,2.0
evt_101314,usr_1088,sess_1088_0,44821696,view,2026-01-05T01:22:14Z,20,related_items,0.586,False,nhà đất Phường Gia Định ổn định cho vợ chồng mới cưới,buy_for_living,affordable,3.0,2.0
evt_100833,usr_1055,sess_1055_0,45142553,save,2026-01-05T03:26:21Z,72,homepage,2.476,False,"mua nhà đất đầu tư ở Phường Vườn Lài pháp lý rõ ràng, rẻ một chút",investment,affordable,2.7,3.0
evt_102215,usr_1151,sess_1151_0,44607479,view,2026-01-05T04:12:22Z,34,homepage,0.684,False,nhà đất Xã Hiệp Phước tầm trung cho vợ chồng mới cưới,buy_for_living,mid_range,7.1,2.0
evt_100959,usr_1064,sess_1064_0,45161952,contact,2026-01-05T04:41:56Z,47,ai_recommendation,3.723,False,tìm nhà đất Xã Nhà Bè rẻ một chút tiềm năng tăng giá,investment,mid_range,6.7,2.0
evt_101695,usr_1115,sess_1115_1,45190193,contact,2026-01-05T05:25:34Z,167,ai_recommendation,4.928,False,tìm nhà đất Phường Hạnh Thông giá tốt tiềm năng tăng giá,investment,mid_range,7.4,1.0
evt_103789,usr_1250,sess_1250_1,45058996,view,2026-01-05T05:53:30Z,42,homepage,0.724,False,tìm căn hộ Phường An Khánh rẻ một chút gần trường học,buy_for_living,mid_range,5.5,1.0
evt_100111,usr_1006,sess_1006_1,45267089,view,2026-01-05T06:26:05Z,101,search_bar,0.89,False,nhà đất Phường An Hội Tây khu nhà giàu dòng tiền tốt,investment,affordable,2.5,2.0
evt_100155,usr_1010,sess_1010_0,44440279,save,2026-01-05T06:39:13Z,60,search_bar,2.372,False,nhà đất Phường Thủ Đức bình dân cho gia đình,buy_for_living,affordable,2.3,2.0
evt_100686,usr_1045,sess_1045_0,45189941,view,2026-01-05T07:04:18Z,17,ai_recommendation,0.556,False,nhà đất Phường Tân Thuận giá tốt cho gia đình,buy_for_living,mid_range,6.1,3.0
evt_102955,usr_1196,sess_1196_0,44243862,view,2026-01-05T07:22:48Z,167,search_bar,0.986,False,"nhà ở Phường Thới An thoáng mát 2pn, rẻ một chút",buy_for_living,affordable,2.5,2.0
evt_103647,usr_1240,sess_1240_0,44549533,view,2026-01-05T08:05:07Z,35,search_bar,0.689,False,nhà đất Phường An Khánh cao cấp cho vợ chồng mới cưới,buy_for_living,mid_range,5.9,2.0
evt_100754,usr_1050,sess_1050_0,45204718,view,2026-01-05T08:24:29Z,34,homepage,0.684,False,nhà đất Phường Tân Hưng giá hợp lý cho thuê gần metro,rent,luxury,28.7,2.0
evt_103505,usr_1231,sess_1231_0,45262674,view,2026-01-05T09:04:26Z,64,ai_recommendation,0.803,False,"cần mua nhà đất 2 phòng ngủ ở Phường Linh Xuân để ở, sang trọng",buy_for_living,affordable,2.2,2.0
evt_103641,usr_1240,sess_1240_0,45201686,view,2026-01-05T09:53:22Z,106,search_bar,0.899,False,tìm nhà đất Xã Hiệp Phước sang trọng gần trường học,buy_for_living,mid_range,5.9,2.0
evt_100096,usr_1005,sess_1005_0,45230396,view,2026-01-05T10:03:36Z,23,homepage,0.611,False,"nhà ở Phường Bình Trưng thoáng mát 3pn, sang trọng",buy_for_living,affordable,2.8,2.0
evt_102772,usr_1184,sess_1184_0,44843130,view,2026-01-05T10:52:10Z,106,ai_recommendation,0.899,False,tìm căn hộ Phường Xuân Hòa bình dân gần trường học,buy_for_living,luxury,24.9,1.0
evt_101854,usr_1127,sess_1127_0,45181136,view,2026-01-05T11:06:34Z,6,search_bar,0.374,True,"nhà ở Phường Hiệp Bình thoáng mát 2pn, rẻ một chút",buy_for_living,affordable,2.5,2.0
evt_100468,usr_1030,sess_1030_0,44562367,contact,2026-01-05T11:27:19Z,18,related_items,2.832,False,"cần mua nhà đất 4 phòng ngủ ở Phường An Hội Tây để ở, sang trọng",buy_for_living,luxury,19.9,2.0
evt_102331,usr_1157,sess_1157_1,43489295,view,2026-01-05T12:16:43Z,16,search_bar,0.545,False,căn hộ Phường Phú Thuận giá hợp lý cho vợ chồng mới cưới,buy_for_living,affordable,2.3,2.0
evt_103635,usr_1239,sess_1239_2,44359327,view,2026-01-05T13:12:05Z,60,search_bar,0.791,False,tìm nhà đất Phường Hiệp Bình cao cấp tiềm năng tăng giá,investment,affordable,2.8,1.0
evt_100763,usr_1050,sess_1050_2,45228540,view,2026-01-05T14:03:18Z,31,related_items,0.667,False,nhà đất Phường Tăng Nhơn Phú giá vừa phải cho thuê gần metro,rent,luxury,28.7,2.0
evt_103873,usr_1256,sess_1256_0,45155260,save,2026-01-05T14:20:09Z,138,ai_recommendation,2.848,False,căn hộ Phường Minh Phụng rẻ một chút cho vợ chồng mới cưới,buy_for_living,affordable,2.9,2.0
evt_102792,usr_1185,sess_1185_0,44416443,save,2026-01-05T14:25:07Z,38,search_bar,2.114,False,căn hộ Phường Sài Gòn giá tốt cho gia đình,buy_for_living,mid_range,5.7,1.0
evt_103395,usr_1224,sess_1224_0,45252747,view,2026-01-05T15:18:12Z,69,ai_recommendation,0.817,False,tìm nhà đất Phường Cầu Kiệu tầm trung tiềm năng tăng giá,investment,luxury,21.3,3.0
evt_104253,usr_1281,sess_1281_0,44945238,view,2026-01-05T15:27:14Z,76,ai_recommendation,0.836,False,nhà đất Xã Nhà Bè giá hợp lý dòng tiền tốt,investment,affordable,2.9,2.0
evt_103970,usr_1262,sess_1262_0,44837561,view,2026-01-05T17:12:33Z,52,homepage,0.764,False,tìm nhà đất Phường Tân Hưng vị trí đẹp gần trường học,buy_for_living,mid_range,8.0,2.0
evt_101885,usr_1128,sess_1128_0,45095841,contact,2026-01-05T17:34:40Z,270,related_items,5.0,False,nhà đất Phường Gò Vấp giá hợp lý cho vợ chồng mới cưới,buy_for_living,luxury,24.8,2.0
evt_100583,usr_1037,sess_1037_1,43827731,view,2026-01-05T17:56:53Z,37,search_bar,0.7,False,tìm nhà đất Phường Tân Bình vị trí đẹp tiềm năng tăng giá,investment,affordable,2.9,1.0
evt_103934,usr_1260,sess_1260_0,44949894,view,2026-01-05T18:09:35Z,215,ai_recommendation,1.0,False,"cần mua nhà đất 2 phòng ngủ ở Xã Nhà Bè để ở, bình dân",buy_for_living,affordable,2.8,2.0
evt_103826,usr_1253,sess_1253_0,44816319,view,2026-01-05T18:14:06Z,145,ai_recommendation,0.959,False,căn hộ Phường Thủ Dầu Một giá vừa phải dòng tiền tốt,investment,affordable,2.6,2.0
evt_101894,usr_1129,sess_1129_1,43436120,view,2026-01-05T18:15:05Z,40,related_items,0.714,False,"nhà ở Phường Long Bình thoáng mát 3pn, giá hợp lý",buy_for_living,mid_range,6.4,1.0
evt_100042,usr_1002,sess_1002_0,45255012,save,2026-01-05T18:16:43Z,203,search_bar,3.0,False,thuê nhà đất Phường Thới An 4 phòng ngủ giá vừa phải,rent,affordable,2.1,1.0
evt_102158,usr_1147,sess_1147_0,45085834,share,2026-01-05T18:44:58Z,16,ai_recommendation,2.18,False,"nhà ở Phường Phú Định thoáng mát 2pn, rẻ một chút",buy_for_living,affordable,2.6,1.0
evt_101036,usr_1070,sess_1070_0,45200939,view,2026-01-05T19:06:30Z,44,related_items,0.732,False,tìm nhà đất Phường Đức Nhuận giá rẻ gần trường học,buy_for_living,mid_range,7.7,2.0
evt_102753,usr_1183,sess_1183_0,44995636,view,2026-01-05T21:57:23Z,72,search_bar,0.825,False,"cần mua nhà đất 4 phòng ngủ ở Phường Long Trường để ở, khu nhà giàu",buy_for_living,luxury,29.1,2.0
evt_103118,usr_1206,sess_1206_0,44593189,view,2026-01-05T22:18:46Z,81,search_bar,0.848,False,nhà đất Xã Hiệp Phước giá tốt cho thuê lại được,investment,affordable,2.5,2.0
evt_101482,usr_1100,sess_1100_1,45104897,view,2026-01-05T22:40:59Z,38,search_bar,0.705,False,"cần thuê nhà đất Phường Phú Thuận full nội thất, ổn định",rent,affordable,2.4,2.0
evt_101427,usr_1096,sess_1096_0,44126704,save,2026-01-05T23:29:00Z,100,search_bar,2.663,False,"nhà ở Phường An Phú Đông thoáng mát 3pn, giá vừa phải",buy_for_living,affordable,2.3,1.0
evt_104088,usr_1270,sess_1270_1,45004615,view,2026-01-05T23:38:56Z,378,search_bar,1.0,False,"mua nhà đất đầu tư ở Phường An Phú Đông pháp lý rõ ràng, khu nhà giàu",investment,mid_range,7.0,2.0
evt_101793,usr_1123,sess_1123_1,43733254,view,2026-01-05T23:41:43Z,72,ai_recommendation,0.825,False,căn hộ Phường Long Bình giá mềm cho thuê lại được,investment,affordable,2.7,2.0
evt_104416,usr_1292,sess_1292_0,45143438,view,2026-01-06T00:07:00Z,96,search_bar,0.88,False,tìm nhà đất Phường Tân Thuận bình dân gần trường học,buy_for_living,affordable,2.6,2.0
evt_101742,usr_1119,sess_1119_0,44819746,view,2026-01-06T00:12:41Z,66,ai_recommendation,0.809,False,"cần thuê nhà đất Phường Chợ Quán full nội thất, khu nhà giàu",rent,luxury,24.2,2.0
evt_101451,usr_1098,sess_1098_0,44995636,contact,2026-01-06T00:21:52Z,48,related_items,3.743,False,nhà đất Phường Long Trường khu nhà giàu cho vợ chồng mới cưới,buy_for_living,affordable,2.1,2.0
evt_101119,usr_1077,sess_1077_2,45113170,view,2026-01-06T01:07:25Z,67,ai_recommendation,0.812,False,nhà đất Phường Tân Thuận giá hợp lý cho vợ chồng mới cưới,buy_for_living,luxury,29.0,1.0
evt_103510,usr_1231,sess_1231_0,44234748,view,2026-01-06T01:20:49Z,153,ai_recommendation,0.969,False,tìm nhà đất Phường Đức Nhuận vị trí đẹp gần trường học,buy_for_living,affordable,2.2,2.0
evt_100609,usr_1039,sess_1039_0,45267089,contact,2026-01-06T02:32:54Z,38,ai_recommendation,3.524,False,nhà đất Phường An Hội Tây cao cấp cho vợ chồng mới cưới,buy_for_living,mid_range,7.9,2.0
evt_103590,usr_1237,sess_1237_2,45218954,view,2026-01-06T03:15:45Z,141,ai_recommendation,0.953,False,"cần thuê nhà đất Phường Bình Thạnh full nội thất, vị trí đẹp",rent,mid_range,6.5,2.0
evt_100296,usr_1018,sess_1018_0,45232540,view,2026-01-06T03:20:24Z,18,related_items,0.566,False,"mua nhà đất đầu tư ở Phường Bình Tân pháp lý rõ ràng, giá tốt",investment,luxury,27.1,2.0
evt_102989,usr_1198,sess_1198_0,41811080,contact,2026-01-06T03:24:13Z,18,ai_recommendation,2.832,False,căn hộ Phường An Khánh khu nhà giàu cho vợ chồng mới cưới,buy_for_living,affordable,2.2,2.0
evt_103638,usr_1240,sess_1240_0,45020835,view,2026-01-06T03:24:32Z,20,search_bar,0.586,False,nhà đất Phường Tân Hưng giá mềm cho gia đình,buy_for_living,mid_range,5.9,2.0
evt_103958,usr_1261,sess_1261_0,44624983,view,2026-01-06T03:36:46Z,53,homepage,0.767,False,"mua nhà đất đầu tư ở Phường Chánh Hưng pháp lý rõ ràng, khu nhà giàu",investment,affordable,2.1,2.0
evt_104191,usr_1277,sess_1277_0,45183606,view,2026-01-06T03:50:30Z,32,ai_recommendation,0.673,False,"nhà ở Phường Tăng Nhơn Phú thoáng mát 0pn, tầm trung",buy_for_living,luxury,21.6,2.0
evt_100645,usr_1041,sess_1041_0,44687572,view,2026-01-06T04:43:40Z,48,search_bar,0.749,False,nhà đất Phường Nhiêu Lộc giá vừa phải cho gia đình,buy_for_living,affordable,2.2,2.0
evt_100413,usr_1026,sess_1026_2,45083831,contact,2026-01-06T05:16:49Z,245,ai_recommendation,5.0,False,"nhà ở Phường An Lạc thoáng mát 0pn, cao cấp",buy_for_living,mid_range,7.2,3.0
evt_101109,usr_1076,sess_1076_2,45232260,save,2026-01-06T05:26:11Z,67,related_items,2.435,False,"mua nhà đất đầu tư ở Phường Bình Thạnh pháp lý rõ ràng, vị trí đẹp",investment,affordable,2.8,2.0
evt_104458,usr_1296,sess_1296_0,44633584,view,2026-01-06T05:44:31Z,145,ai_recommendation,0.959,False,nhà đất Xã Nhà Bè vị trí đẹp cho gia đình,buy_for_living,affordable,2.8,2.0
evt_101425,usr_1096,sess_1096_0,45057690,view,2026-01-06T07:18:34Z,359,search_bar,1.0,False,tìm căn hộ Phường Long Bình giá tốt gần trường học,buy_for_living,affordable,2.3,1.0
evt_101770,usr_1121,sess_1121_1,44855737,contact,2026-01-06T07:21:31Z,108,ai_recommendation,4.512,False,"mua nhà đất đầu tư ở Phường Phú Thọ Hòa pháp lý rõ ràng, vị trí đẹp",investment,affordable,2.9,2.0
evt_101843,usr_1126,sess_1126_0,43436120,view,2026-01-06T07:31:17Z,36,search_bar,0.695,False,căn hộ Phường Long Bình ổn định cho thuê lại được,investment,affordable,2.4,1.0
evt_102035,usr_1138,sess_1138_1,44359327,view,2026-01-06T07:33:25Z,108,homepage,0.902,False,"cần mua nhà đất 3 phòng ngủ ở Phường Hiệp Bình để ở, sang trọng",buy_for_living,luxury,25.7,2.0
evt_100450,usr_1029,sess_1029_2,45025539,view,2026-01-06T07:58:10Z,6,ai_recommendation,0.374,True,nhà đất Phường Bình Lợi Trung ổn định cho gia đình,buy_for_living,affordable,2.2,2.0
evt_103425,usr_1226,sess_1226_0,45106137,view,2026-01-06T08:19:31Z,68,related_items,0.814,False,tìm nhà đất Phường Thông Tây Hội ổn định gần trường học,buy_for_living,affordable,2.5,2.0
evt_104481,usr_1298,sess_1298_1,44464713,view,2026-01-06T09:42:51Z,82,ai_recommendation,0.85,False,căn hộ Phường An Khánh rẻ một chút cho thuê gần metro,rent,mid_range,5.7,3.0
evt_101366,usr_1092,sess_1092_0,45230039,view,2026-01-06T11:04:51Z,124,related_items,0.929,False,"nhà ở Phường Xóm Chiếu thoáng mát 4pn, giá vừa phải",buy_for_living,mid_range,6.4,1.0
evt_102997,usr_1198,sess_1198_0,44375534,view,2026-01-06T11:32:43Z,52,ai_recommendation,0.764,False,"cần mua căn hộ 2 phòng ngủ ở Phường An Khánh để ở, cao cấp",buy_for_living,affordable,2.2,2.0
evt_101048,usr_1071,sess_1071_0,44448048,view,2026-01-06T12:06:07Z,96,homepage,0.88,False,nhà đất Phường Linh Xuân giá rẻ cho gia đình,buy_for_living,affordable,2.1,2.0
evt_103575,usr_1236,sess_1236_0,44522419,save,2026-01-06T12:40:19Z,86,ai_recommendation,2.577,False,nhà đất Phường Chánh Hưng ổn định cho vợ chồng mới cưới,buy_for_living,mid_range,7.2,2.0
evt_103451,usr_1228,sess_1228_0,45079321,view,2026-01-06T12:52:02Z,3,ai_recommendation,0.267,True,"cần mua nhà đất 4 phòng ngủ ở Phường Phú Định để ở, sang trọng",buy_for_living,affordable,2.8,2.0
evt_100731,usr_1048,sess_1048_0,45159288,view,2026-01-06T13:52:01Z,211,ai_recommendation,1.0,False,nhà đất Phường Thạnh Mỹ Tây tầm trung cho vợ chồng mới cưới,buy_for_living,mid_range,7.4,3.0
evt_102290,usr_1155,sess_1155_1,41401027,contact,2026-01-06T14:21:25Z,24,related_items,3.096,False,tìm nhà đất Phường Hiệp Bình sang trọng gần trường học,buy_for_living,affordable,3.0,2.0
evt_102291,usr_1155,sess_1155_1,40503273,view,2026-01-06T14:52:53Z,48,homepage,0.749,False,tìm căn hộ Phường Thủ Dầu Một giá tốt gần trường học,buy_for_living,affordable,3.0,2.0
evt_101346,usr_1091,sess_1091_1,45229568,contact,2026-01-06T14:59:25Z,1028,search_bar,5.0,False,tìm nhà đất Phường Thủ Đức giá vừa phải gần trường học,buy_for_living,mid_range,6.9,2.0
evt_100118,usr_1007,sess_1007_0,45143748,view,2026-01-06T17:22:14Z,38,ai_recommendation,0.705,False,"cần mua nhà đất 4 phòng ngủ ở Phường An Lạc để ở, cao cấp",buy_for_living,affordable,2.8,2.0
evt_100568,usr_1036,sess_1036_1,45047881,view,2026-01-06T18:09:45Z,14,ai_recommendation,0.521,False,tìm nhà đất Phường Tân Tạo giá hợp lý tiềm năng tăng giá,investment,mid_range,5.6,2.0
evt_100991,usr_1067,sess_1067_0,44396824,save,2026-01-06T19:57:25Z,60,related_items,2.372,False,nhà đất Phường Hiệp Bình sang trọng dòng tiền tốt,investment,luxury,29.4,2.0
evt_103905,usr_1258,sess_1258_0,45256206,view,2026-01-06T21:02:43Z,10,search_bar,0.461,False,thuê nhà đất Phường Thông Tây Hội 3 phòng ngủ giá tốt,rent,affordable,2.6,1.0
evt_100734,usr_1049,sess_1049_2,45157429,view,2026-01-06T21:10:18Z,34,homepage,0.684,False,tìm căn hộ Phường Long Bình tầm trung gần trường học,buy_for_living,affordable,2.8,1.0
evt_100618,usr_1040,sess_1040_0,45052349,contact,2026-01-06T21:22:48Z,25,ai_recommendation,3.134,False,"cần mua nhà đất 11 phòng ngủ ở Phường Cầu Ông Lãnh để ở, cao cấp",buy_for_living,luxury,25.7,3.0
evt_103888,usr_1257,sess_1257_0,45027581,view,2026-01-06T22:53:00Z,10,related_items,0.461,False,nhà đất Phường Tân Mỹ giá hợp lý cho gia đình,buy_for_living,affordable,2.6,2.0
evt_100318,usr_1019,sess_1019_0,45216887,save,2026-01-06T23:06:40Z,278,ai_recommendation,3.0,False,nhà đất Phường Tân Hòa bình dân cho gia đình,buy_for_living,luxury,21.7,2.0
evt_100717,usr_1047,sess_1047_0,45025536,view,2026-01-06T23:31:45Z,69,homepage,0.817,False,nhà đất Xã Xuân Thới Sơn khu nhà giàu cho gia đình,buy_for_living,luxury,22.7,3.0
evt_100128,usr_1008,sess_1008_0,44657233,view,2026-01-06T23:52:54Z,73,related_items,0.828,False,tìm nhà đất Phường Tam Thắng khu nhà giàu gần trường học,buy_for_living,affordable,2.3,2.0
evt_104071,usr_1269,sess_1269_1,44759145,view,2026-01-07T00:12:11Z,86,ai_recommendation,0.859,False,"cần mua nhà đất 3 phòng ngủ ở Phường Chánh Hưng để ở, cao cấp",buy_for_living,affordable,2.5,3.0
evt_102140,usr_1146,sess_1146_0,45046681,view,2026-01-07T00:36:41Z,41,ai_recommendation,0.719,False,"cần mua nhà đất 4 phòng ngủ ở Phường Thông Tây Hội để ở, vị trí đẹp",buy_for_living,affordable,2.8,2.0
evt_102550,usr_1170,sess_1170_1,45219182,view,2026-01-07T01:38:36Z,34,homepage,0.684,False,"cần mua căn hộ 2 phòng ngủ ở Phường Long Bình để ở, rẻ một chút",buy_for_living,affordable,2.5,2.0
evt_102763,usr_1184,sess_1184_1,42578626,contact,2026-01-07T02:57:58Z,46,related_items,3.703,False,"cần mua căn hộ 2 phòng ngủ ở Phường An Khánh để ở, giá vừa phải",buy_for_living,luxury,24.9,1.0
evt_102630,usr_1175,sess_1175_0,45250656,view,2026-01-07T03:10:14Z,65,search_bar,0.806,False,nhà đất Phường Bình Trị Đông tầm trung cho vợ chồng mới cưới,buy_for_living,mid_range,5.5,2.0
evt_102131,usr_1145,sess_1145_0,45143537,view,2026-01-07T03:43:07Z,85,homepage,0.857,False,tìm nhà đất Phường Tân Sơn vị trí đẹp tiềm năng tăng giá,investment,luxury,21.1,2.0
evt_104037,usr_1267,sess_1267_0,45142009,view,2026-01-07T05:08:22Z,24,search_bar,0.619,False,nhà đất Phường Tân Sơn Nhì giá vừa phải cho gia đình,buy_for_living,affordable,2.3,2.0
evt_101912,usr_1131,sess_1131_0,44223267,view,2026-01-07T05:27:46Z,235,ai_recommendation,1.0,False,"nhà ở Phường Phú Thuận thoáng mát 4pn, tầm trung",buy_for_living,affordable,2.7,2.0
evt_102474,usr_1165,sess_1165_0,43585255,save,2026-01-07T05:37:59Z,42,search_bar,2.171,False,nhà đất Phường Diên Hồng tầm trung cho vợ chồng mới cưới,buy_for_living,luxury,26.4,2.0
evt_104227,usr_1280,sess_1280_1,44857859,save,2026-01-07T09:42:02Z,65,search_bar,2.418,False,thuê nhà đất Xã Nhà Bè 4 phòng ngủ ổn định,rent,mid_range,7.6,2.0
evt_103830,usr_1253,sess_1253_0,44626653,contact,2026-01-07T09:54:45Z,35,ai_recommendation,3.447,False,căn hộ Phường Tăng Nhơn Phú giá tốt cho thuê lại được,investment,affordable,2.6,2.0
evt_102289,usr_1155,sess_1155_1,45088684,view,2026-01-07T11:25:27Z,68,ai_recommendation,0.814,False,"nhà ở Phường Thông Tây Hội thoáng mát 2pn, giá tốt",buy_for_living,affordable,3.0,2.0
evt_103242,usr_1213,sess_1213_0,45181336,contact,2026-01-07T11:50:31Z,57,homepage,3.905,False,tìm nhà đất Phường Bình Hưng Hòa giá tốt gần trường học,buy_for_living,mid_range,6.9,1.0
evt_102346,usr_1158,sess_1158_1,44708914,save,2026-01-07T13:10:03Z,42,search_bar,2.171,False,"nhà ở Phường Chợ Lớn thoáng mát 3pn, vị trí đẹp",buy_for_living,mid_range,5.9,2.0
evt_101288,usr_1087,sess_1087_0,45097499,contact,2026-01-07T13:25:00Z,251,search_bar,5.0,False,nhà đất Phường Tân Sơn giá tốt dòng tiền tốt,investment,affordable,2.4,2.0
evt_103844,usr_1254,sess_1254_0,44972736,view,2026-01-07T14:29:52Z,36,search_bar,0.695,False,nhà đất Phường Hạnh Thông giá rẻ dòng tiền tốt,investment,affordable,2.3,1.0
evt_101110,usr_1076,sess_1076_0,44868771,view,2026-01-07T15:15:49Z,41,search_bar,0.719,False,tìm nhà đất Phường Thạnh Mỹ Tây sang trọng tiềm năng tăng giá,investment,affordable,2.8,2.0
evt_103546,usr_1234,sess_1234_0,45205834,view,2026-01-07T15:37:30Z,67,related_items,0.812,False,tìm nhà đất Phường Thới Hòa giá hợp lý gần trường học,buy_for_living,affordable,2.8,2.0
evt_101643,usr_1111,sess_1111_0,44791321,save,2026-01-07T16:00:14Z,99,ai_recommendation,2.658,False,căn hộ Phường Cầu Ông Lãnh giá rẻ dòng tiền tốt,investment,affordable,2.4,2.0
evt_101258,usr_1085,sess_1085_1,44626770,save,2026-01-07T16:43:29Z,87,ai_recommendation,2.584,False,tìm nhà đất Phường Tân Sơn Nhất giá vừa phải tiềm năng tăng giá,investment,affordable,2.7,2.0
evt_101542,usr_1104,sess_1104_0,45037137,save,2026-01-07T17:27:18Z,46,ai_recommendation,2.222,False,nhà đất Phường Tân Sơn Hòa vị trí đẹp cho gia đình,buy_for_living,mid_range,6.1,3.0
evt_104271,usr_1282,sess_1282_2,44942944,view,2026-01-07T17:43:54Z,61,search_bar,0.794,False,"nhà ở Phường Tân Hưng thoáng mát 4pn, giá tốt",buy_for_living,affordable,2.6,2.0
evt_102590,usr_1172,sess_1172_1,44838169,view,2026-01-07T18:03:48Z,76,homepage,0.836,False,"nhà ở Phường Diên Hồng thoáng mát 4pn, giá rẻ",buy_for_living,affordable,2.5,1.0
evt_103102,usr_1205,sess_1205_0,45011234,view,2026-01-07T18:06:43Z,49,homepage,0.753,False,nhà đất Phường Thông Tây Hội rẻ một chút cho vợ chồng mới cưới,buy_for_living,affordable,2.2,2.0
evt_102388,usr_1160,sess_1160_1,43403469,view,2026-01-07T18:06:51Z,32,search_bar,0.673,False,căn hộ Phường Thủ Dầu Một giá hợp lý cho vợ chồng mới cưới,buy_for_living,affordable,2.2,2.0
evt_101276,usr_1086,sess_1086_0,44186979,view,2026-01-07T18:40:37Z,34,search_bar,0.684,False,căn hộ Phường Bến Thành giá rẻ cho thuê lại được,investment,affordable,2.7,2.0
evt_103321,usr_1219,sess_1219_0,44405523,save,2026-01-07T18:57:35Z,45,ai_recommendation,2.209,False,tìm phòng nhà đất ở Xã Xuân Thới Sơn vị trí đẹp,rent,affordable,2.8,2.0
evt_102062,usr_1140,sess_1140_0,45265733,contact,2026-01-07T19:11:02Z,141,search_bar,4.767,False,tìm căn hộ Phường An Lạc rẻ một chút gần trường học,buy_for_living,affordable,2.4,2.0
evt_101380,usr_1093,sess_1093_0,43321672,view,2026-01-07T19:42:24Z,59,ai_recommendation,0.788,False,căn hộ Phường Long Bình giá tốt cho thuê lại được,investment,affordable,2.9,3.0
evt_103471,usr_1229,sess_1229_1,44741333,view,2026-01-07T20:04:14Z,21,search_bar,0.595,False,nhà đất Xã Nhà Bè bình dân cho thuê lại được,investment,affordable,2.6,2.0
evt_102455,usr_1164,sess_1164_1,45203152,view,2026-01-07T20:33:11Z,113,search_bar,0.911,False,nhà đất Phường Phước Long giá rẻ cho vợ chồng mới cưới,buy_for_living,affordable,2.9,2.0
evt_102632,usr_1175,sess_1175_0,44346372,contact,2026-01-07T20:43:45Z,28,ai_recommendation,3.239,False,căn hộ Phường Tân Thuận tầm trung cho gia đình,buy_for_living,mid_range,5.5,2.0
evt_103480,usr_1230,sess_1230_0,44794760,view,2026-01-07T21:13:00Z,22,related_items,0.603,False,"cần mua căn hộ 3 phòng ngủ ở Phường Tân Mỹ để ở, ổn định",buy_for_living,affordable,2.5,2.0
evt_101985,usr_1135,sess_1135_0,45240187,share,2026-01-07T21:53:35Z,89,search_bar,3.462,False,nhà đất Phường Tân Bình vị trí đẹp cho gia đình,buy_for_living,affordable,2.8,1.0
evt_103656,usr_1241,sess_1241_0,44432528,view,2026-01-07T23:20:11Z,26,homepage,0.634,False,căn hộ Phường Bàn Cờ giá tốt cho thuê lại được,investment,mid_range,7.2,2.0
evt_102574,usr_1171,sess_1171_1,45164769,contact,2026-01-07T23:56:12Z,24,homepage,3.096,False,tìm nhà đất Phường Tân Thuận khu nhà giàu gần trường học,buy_for_living,affordable,2.7,2.0
evt_100737,usr_1049,sess_1049_2,45259366,contact,2026-01-08T00:30:26Z,125,homepage,4.652,False,tìm nhà đất Xã Nhà Bè sang trọng gần trường học,buy_for_living,affordable,2.8,1.0
evt_104274,usr_1283,sess_1283_1,44731068,view,2026-01-08T01:23:04Z,59,related_items,0.788,False,căn hộ Phường Long Bình rẻ một chút dòng tiền tốt,investment,luxury,19.0,2.0
evt_100924,usr_1062,sess_1062_1,44895598,save,2026-01-08T02:00:48Z,79,related_items,2.529,False,nhà đất Phường Linh Xuân sang trọng dòng tiền tốt,investment,luxury,29.5,1.0
evt_101600,usr_1108,sess_1108_1,44897223,contact,2026-01-08T02:35:40Z,178,search_bar,4.989,False,"cần mua căn hộ 2 phòng ngủ ở Xã Tân Nhựt để ở, giá rẻ",buy_for_living,affordable,2.5,2.0
evt_101586,usr_1107,sess_1107_0,45077279,view,2026-01-08T02:37:21Z,23,search_bar,0.611,False,"cần mua nhà đất 1 phòng ngủ ở Phường Linh Xuân để ở, khu nhà giàu",buy_for_living,mid_range,7.0,1.0
evt_100587,usr_1038,sess_1038_0,45177146,view,2026-01-08T02:37:34Z,18,ai_recommendation,0.566,False,"cần mua nhà đất 8 phòng ngủ ở Phường Diên Hồng để ở, giá mềm",buy_for_living,affordable,2.7,2.0
evt_102519,usr_1168,sess_1168_0,44661735,contact,2026-01-08T02:48:37Z,34,homepage,3.42,False,nhà đất Phường Tân Hưng cao cấp cho thuê lại được,investment,mid_range,6.7,2.0
evt_102486,usr_1166,sess_1166_0,43720201,share,2026-01-08T03:35:13Z,42,homepage,2.894,False,tìm nhà đất Phường Long Trường khu nhà giàu gần trường học,buy_for_living,luxury,25.3,1.0
evt_103465,usr_1229,sess_1229_1,45147884,view,2026-01-08T03:39:54Z,19,search_bar,0.576,False,nhà đất Phường An Phú Đông bình dân dòng tiền tốt,investment,affordable,2.6,2.0
evt_102727,usr_1181,sess_1181_1,45066800,contact,2026-01-08T04:22:33Z,43,search_bar,3.64,False,nhà đất Phường Đông Hưng Thuận tầm trung cho gia đình,buy_for_living,mid_range,6.0,1.0
evt_100995,usr_1067,sess_1067_1,45132591,save,2026-01-08T05:43:25Z,52,homepage,2.291,False,nhà đất Phường Thông Tây Hội giá vừa phải dòng tiền tốt,investment,luxury,29.4,2.0
evt_101841,usr_1126,sess_1126_0,45159585,view,2026-01-08T07:52:36Z,28,search_bar,0.648,False,nhà đất Phường Hạnh Thông vị trí đẹp cho thuê lại được,investment,affordable,2.4,1.0
evt_101842,usr_1126,sess_1126_0,45186771,view,2026-01-08T07:59:13Z,36,search_bar,0.695,False,"mua căn hộ đầu tư ở Phường Phú Thạnh pháp lý rõ ràng, bình dân",investment,affordable,2.4,1.0
evt_103277,usr_1216,sess_1216_0,43410630,view,2026-01-08T09:21:44Z,133,search_bar,0.942,False,nhà đất Phường Bình Thạnh ổn định cho gia đình,buy_for_living,affordable,2.1,1.0
evt_102473,usr_1165,sess_1165_0,44881676,share,2026-01-08T10:05:28Z,57,search_bar,3.124,False,"cần mua nhà đất 4 phòng ngủ ở Phường Phú Thuận để ở, vị trí đẹp",buy_for_living,luxury,26.4,2.0
evt_102235,usr_1152,sess_1152_0,43427039,view,2026-01-08T10:23:50Z,17,ai_recommendation,0.556,False,nhà đất Phường Phước Thắng giá hợp lý cho vợ chồng mới cưới,buy_for_living,affordable,2.7,2.0
evt_102855,usr_1189,sess_1189_0,44126704,view,2026-01-08T12:31:29Z,54,search_bar,0.771,False,nhà đất Phường An Phú Đông ổn định cho vợ chồng mới cưới,buy_for_living,affordable,2.2,2.0
evt_102716,usr_1181,sess_1181_1,45108854,view,2026-01-08T12:43:07Z,18,search_bar,0.566,False,"cần mua nhà đất 3 phòng ngủ ở Phường Tân Sơn Hòa để ở, giá hợp lý",buy_for_living,mid_range,6.0,1.0
evt_103369,usr_1222,sess_1222_1,45257856,save,2026-01-08T13:20:00Z,149,ai_recommendation,2.892,False,"nhà ở Phường Đức Nhuận thoáng mát 3pn, cao cấp",buy_for_living,affordable,2.7,2.0
evt_102494,usr_1166,sess_1166_0,45181136,share,2026-01-08T13:40:10Z,15,search_bar,2.133,False,nhà đất Phường Hiệp Bình giá tốt cho vợ chồng mới cưới,buy_for_living,luxury,25.3,1.0
evt_100882,usr_1058,sess_1058_0,45232540,view,2026-01-08T13:59:35Z,58,search_bar,0.784,False,nhà đất Phường Bình Tân giá mềm dòng tiền tốt,investment,affordable,2.9,2.0
evt_100348,usr_1021,sess_1021_0,45201082,save,2026-01-08T16:05:15Z,184,homepage,3.0,False,thuê nhà đất Phường Chánh Hưng 4 phòng ngủ ổn định,rent,mid_range,7.6,2.0
evt_103831,usr_1253,sess_1253_0,45215996,view,2026-01-08T16:19:28Z,60,search_bar,0.791,False,nhà đất Phường Bảy Hiền giá tốt dòng tiền tốt,investment,affordable,2.6,2.0
evt_101416,usr_1096,sess_1096_0,44137008,view,2026-01-08T17:22:32Z,23,search_bar,0.611,False,căn hộ Phường An Khánh giá rẻ cho vợ chồng mới cưới,buy_for_living,affordable,2.3,1.0
evt_101774,usr_1121,sess_1121_2,44819746,view,2026-01-08T17:41:07Z,63,search_bar,0.8,False,tìm nhà đất Phường Chợ Quán khu nhà giàu tiềm năng tăng giá,investment,affordable,2.9,2.0
evt_101944,usr_1132,sess_1132_0,45011206,share,2026-01-08T18:17:48Z,26,ai_recommendation,2.536,False,nhà đất Phường Bình Hưng Hòa vị trí đẹp dòng tiền tốt,investment,luxury,20.8,1.0
evt_102402,usr_1161,sess_1161_2,45180105,view,2026-01-08T18:29:21Z,50,ai_recommendation,0.756,False,nhà đất Phường Đức Nhuận khu nhà giàu dòng tiền tốt,investment,affordable,2.2,2.0
evt_103331,usr_1219,sess_1219_0,45256332,view,2026-01-08T18:41:54Z,205,ai_recommendation,1.0,False,tìm phòng nhà đất ở Phường Bến Thành sang trọng,rent,affordable,2.8,2.0
evt_100383,usr_1024,sess_1024_1,45182521,save,2026-01-08T19:57:02Z,242,search_bar,3.0,False,nhà đất Phường Phú Thạnh vị trí đẹp cho thuê gần metro,rent,mid_range,6.4,2.0
evt_100233,usr_1014,sess_1014_1,44884297,view,2026-01-08T21:21:22Z,11,ai_recommendation,0.478,False,"cần mua nhà đất 4 phòng ngủ ở Phường Tân Hưng để ở, vị trí đẹp",buy_for_living,mid_range,7.7,3.0
evt_104284,usr_1283,sess_1283_2,45237701,save,2026-01-08T21:47:52Z,476,ai_recommendation,3.0,False,nhà đất Phường Vườn Lài ổn định cho thuê lại được,investment,luxury,19.0,2.0
evt_103496,usr_1230,sess_1230_0,44448600,save,2026-01-08T22:46:52Z,47,ai_recommendation,2.234,False,tìm nhà đất Phường Diên Hồng giá hợp lý gần trường học,buy_for_living,affordable,2.5,2.0
evt_103763,usr_1248,sess_1248_0,45125514,share,2026-01-08T23:24:08Z,161,ai_recommendation,3.915,False,nhà đất Xã Nhà Bè bình dân dòng tiền tốt,investment,affordable,2.3,2.0
evt_100584,usr_1037,sess_1037_0,44598029,share,2026-01-08T23:33:41Z,46,search_bar,2.963,False,nhà đất Xã Hiệp Phước tầm trung dòng tiền tốt,investment,affordable,2.9,1.0
evt_102184,usr_1149,sess_1149_2,45099245,view,2026-01-08T23:38:10Z,13,ai_recommendation,0.508,False,"cần mua nhà đất 5 phòng ngủ ở Phường Tam Thắng để ở, sang trọng",buy_for_living,affordable,2.6,2.0
evt_100827,usr_1055,sess_1055_0,45240198,view,2026-01-09T00:42:41Z,16,search_bar,0.545,False,nhà đất Phường Đức Nhuận giá vừa phải cho thuê lại được,investment,affordable,2.7,3.0
evt_104242,usr_1280,sess_1280_2,44368428,view,2026-01-09T00:45:51Z,52,ai_recommendation,0.764,False,"cần thuê nhà đất Phường Nhiêu Lộc full nội thất, ổn định",rent,mid_range,7.6,2.0
evt_100960,usr_1064,sess_1064_0,44604790,view,2026-01-09T01:13:32Z,35,ai_recommendation,0.689,False,nhà đất Phường Tân Hòa bình dân cho thuê lại được,investment,mid_range,6.7,2.0
evt_102351,usr_1158,sess_1158_1,45040570,view,2026-01-09T01:18:49Z,34,homepage,0.684,False,căn hộ Phường An Khánh bình dân cho gia đình,buy_for_living,mid_range,5.9,2.0
evt_101233,usr_1084,sess_1084_0,44256714,view,2026-01-09T01:23:13Z,67,related_items,0.812,False,tìm căn hộ Phường Bình Thạnh bình dân gần trường học,buy_for_living,mid_range,7.2,2.0
evt_100514,usr_1032,sess_1032_0,43857274,view,2026-01-09T01:45:04Z,59,ai_recommendation,0.788,False,"nhà ở Phường Tân Bình thoáng mát 0pn, sang trọng",buy_for_living,affordable,2.8,2.0
evt_100193,usr_1012,sess_1012_0,45081815,save,2026-01-09T01:47:19Z,11,related_items,1.434,False,tìm nhà đất Phường Thới An giá vừa phải tiềm năng tăng giá,investment,affordable,2.8,1.0
evt_103002,usr_1198,sess_1198_0,45192150,contact,2026-01-09T02:12:51Z,49,homepage,3.763,False,tìm nhà đất Phường Tân Định giá tốt gần trường học,buy_for_living,affordable,2.2,2.0
evt_100699,usr_1046,sess_1046_0,45204282,view,2026-01-09T02:57:44Z,5,search_bar,0.345,True,nhà đất Phường Tân Định sang trọng dòng tiền tốt,investment,affordable,2.7,2.0
evt_100145,usr_1009,sess_1009_2,45025394,view,2026-01-09T05:31:09Z,45,ai_recommendation,0.736,False,"cần mua nhà đất 3 phòng ngủ ở Phường Bình Trưng để ở, giá tốt",buy_for_living,affordable,2.7,2.0
evt_100180,usr_1011,sess_1011_0,45207820,view,2026-01-09T05:43:47Z,40,search_bar,0.714,False,nhà đất Phường Đức Nhuận rẻ một chút cho gia đình,buy_for_living,mid_range,7.4,2.0
evt_101295,usr_1087,sess_1087_0,44050057,view,2026-01-09T06:21:44Z,29,search_bar,0.654,False,nhà đất Phường Diên Hồng vị trí đẹp dòng tiền tốt,investment,affordable,2.4,2.0
evt_104097,usr_1271,sess_1271_0,45207858,view,2026-01-09T06:29:04Z,13,ai_recommendation,0.508,False,"cần mua nhà đất 4 phòng ngủ ở Phường Bàn Cờ để ở, ổn định",buy_for_living,affordable,2.8,2.0
evt_102340,usr_1158,sess_1158_1,43339881,save,2026-01-09T06:48:51Z,100,ai_recommendation,2.663,False,"nhà ở Phường Long Bình thoáng mát 2pn, bình dân",buy_for_living,mid_range,5.9,2.0
evt_104220,usr_1279,sess_1279_0,45269300,view,2026-01-09T08:04:42Z,26,related_items,0.634,False,"cần mua nhà đất 0 phòng ngủ ở Phường Bình Tân để ở, giá tốt",buy_for_living,luxury,25.2,1.0
evt_102260,usr_1153,sess_1153_0,44855742,save,2026-01-09T08:19:23Z,34,search_bar,2.052,False,nhà đất Phường Bình Lợi Trung sang trọng dòng tiền tốt,investment,affordable,2.4,1.0
evt_103156,usr_1208,sess_1208_0,45005790,contact,2026-01-09T10:09:34Z,42,search_bar,3.618,False,tìm nhà đất Xã Trừ Văn Thố giá tốt gần trường học,buy_for_living,affordable,2.3,2.0
evt_101107,usr_1076,sess_1076_2,45139147,save,2026-01-09T10:31:16Z,15,homepage,1.6,False,nhà đất Phường Tân Sơn Nhì bình dân dòng tiền tốt,investment,affordable,2.8,2.0
evt_101143,usr_1078,sess_1078_0,44755193,view,2026-01-09T10:41:34Z,67,related_items,0.812,False,"nhà ở Phường Hòa Hưng thoáng mát 0pn, giá vừa phải",buy_for_living,affordable,2.8,2.0
evt_104276,usr_1283,sess_1283_1,44732031,save,2026-01-09T10:59:07Z,78,search_bar,2.522,False,tìm căn hộ Phường Tân Bình giá rẻ tiềm năng tăng giá,investment,luxury,19.0,2.0
evt_104012,usr_1265,sess_1265_2,45211123,view,2026-01-09T12:36:56Z,153,related_items,0.969,False,"cần thuê căn hộ Xã Tân Nhựt full nội thất, sang trọng",rent,mid_range,6.5,1.0
evt_104468,usr_1297,sess_1297_1,34061984,save,2026-01-09T16:55:33Z,124,search_bar,2.786,False,"cần thuê căn hộ Phường An Khánh full nội thất, giá mềm",rent,luxury,22.3,2.0
evt_103498,usr_1231,sess_1231_0,44863961,view,2026-01-09T17:20:45Z,74,search_bar,0.831,False,tìm căn hộ Xã Tân Nhựt rẻ một chút gần trường học,buy_for_living,affordable,2.2,2.0
evt_100702,usr_1046,sess_1046_0,43937374,save,2026-01-09T18:59:22Z,261,homepage,3.0,False,nhà đất Phường Hòa Hưng cao cấp dòng tiền tốt,investment,affordable,2.7,2.0
evt_100265,usr_1016,sess_1016_0,45186061,view,2026-01-09T19:16:26Z,23,related_items,0.611,False,nhà đất Phường Bình Trị Đông tầm trung cho vợ chồng mới cưới,buy_for_living,mid_range,7.3,3.0
evt_104351,usr_1288,sess_1288_1,45223116,view,2026-01-09T19:40:58Z,98,homepage,0.884,False,"nhà ở Phường Bình Trị Đông thoáng mát 2pn, rẻ một chút",buy_for_living,mid_range,5.8,1.0
evt_103982,usr_1263,sess_1263_0,43716508,contact,2026-01-09T20:49:42Z,17,ai_recommendation,2.78,False,"mua căn hộ đầu tư ở Phường Long Bình pháp lý rõ ràng, cao cấp",investment,affordable,2.8,2.0
evt_102237,usr_1152,sess_1152_0,44881114,share,2026-01-09T21:20:06Z,96,search_bar,3.52,False,nhà đất Xã Hiệp Phước giá vừa phải cho vợ chồng mới cưới,buy_for_living,affordable,2.7,2.0
evt_101216,usr_1083,sess_1083_0,43849808,view,2026-01-09T21:34:07Z,46,ai_recommendation,0.741,False,nhà đất Xã Hiệp Phước cao cấp cho thuê lại được,investment,affordable,2.5,2.0
evt_103554,usr_1234,sess_1234_0,45196417,view,2026-01-09T21:51:34Z,143,ai_recommendation,0.956,False,tìm nhà đất Phường Cầu Kiệu giá rẻ gần trường học,buy_for_living,affordable,2.8,2.0
evt_104485,usr_1298,sess_1298_1,45157309,view,2026-01-09T21:59:46Z,33,ai_recommendation,0.678,False,tìm phòng nhà đất ở Phường Thông Tây Hội giá tốt,rent,mid_range,5.7,3.0
evt_100424,usr_1027,sess_1027_1,45212694,view,2026-01-09T22:00:45Z,30,search_bar,0.661,False,căn hộ Phường Long Bình khu nhà giàu cho gia đình,buy_for_living,mid_range,7.8,3.0
evt_103815,usr_1252,sess_1252_1,43493098,view,2026-01-09T22:03:59Z,159,ai_recommendation,0.976,False,"cần mua nhà đất 2 phòng ngủ ở Phường Gia Định để ở, giá rẻ",buy_for_living,luxury,28.5,2.0
evt_102596,usr_1173,sess_1173_2,44102172,save,2026-01-09T22:33:13Z,99,related_items,2.658,False,thuê nhà đất Phường An Hội Tây 2 phòng ngủ rẻ một chút,rent,affordable,2.5,2.0
evt_100952,usr_1064,sess_1064_1,45091675,view,2026-01-09T23:33:01Z,40,ai_recommendation,0.714,False,tìm nhà đất Phường Thới An cao cấp tiềm năng tăng giá,investment,mid_range,6.7,2.0
evt_103897,usr_1258,sess_1258_0,45017137,view,2026-01-10T00:28:09Z,19,search_bar,0.576,False,căn hộ Xã Tân Nhựt giá tốt cho thuê gần metro,rent,affordable,2.6,1.0
evt_103283,usr_1216,sess_1216_0,44261451,view,2026-01-10T03:16:23Z,50,ai_recommendation,0.756,False,"nhà ở Xã Hiệp Phước thoáng mát 2pn, giá rẻ",buy_for_living,affordable,2.1,1.0
evt_103536,usr_1233,sess_1233_0,44018332,view,2026-01-10T03:33:04Z,68,search_bar,0.814,False,tìm phòng nhà đất ở Phường Chợ Quán giá mềm,rent,affordable,2.3,2.0
evt_102191,usr_1150,sess_1150_0,45099519,view,2026-01-10T03:38:37Z,41,homepage,0.719,False,"mua nhà đất đầu tư ở Phường Phú Định pháp lý rõ ràng, giá mềm",investment,affordable,2.9,2.0
evt_102437,usr_1163,sess_1163_0,45143438,view,2026-01-10T04:05:03Z,101,search_bar,0.89,False,nhà đất Phường Tân Thuận rẻ một chút cho thuê gần metro,rent,mid_range,7.2,3.0
evt_101581,usr_1107,sess_1107_1,44609961,contact,2026-01-10T05:36:09Z,122,ai_recommendation,4.628,False,nhà đất Xã Nhà Bè tầm trung cho gia đình,buy_for_living,mid_range,7.0,1.0
evt_101848,usr_1126,sess_1126_0,42561310,save,2026-01-10T06:15:17Z,19,ai_recommendation,1.729,False,căn hộ Phường An Khánh khu nhà giàu dòng tiền tốt,investment,affordable,2.4,1.0
evt_100435,usr_1028,sess_1028_1,44732031,view,2026-01-10T06:28:28Z,230,search_bar,1.0,False,căn hộ Phường Tân Bình rẻ một chút cho vợ chồng mới cưới,buy_for_living,affordable,2.2,1.0
evt_104460,usr_1296,sess_1296_1,45227685,view,2026-01-10T06:51:02Z,134,ai_recommendation,0.944,False,nhà đất Phường Bình Lợi Trung vị trí đẹp cho gia đình,buy_for_living,affordable,2.8,2.0
evt_104493,usr_1298,sess_1298_2,44351675,save,2026-01-10T06:53:09Z,29,homepage,1.963,False,tìm phòng nhà đất ở Xã Bà Điểm giá vừa phải,rent,mid_range,5.7,3.0
evt_102776,usr_1185,sess_1185_1,43941044,view,2026-01-10T07:02:36Z,81,ai_recommendation,0.848,False,"cần mua nhà đất 2 phòng ngủ ở Phường Phú Thọ Hòa để ở, cao cấp",buy_for_living,mid_range,5.7,1.0
evt_101156,usr_1079,sess_1079_2,45152244,view,2026-01-10T07:18:52Z,26,search_bar,0.634,False,nhà đất Xã Bình Lợi cao cấp cho thuê gần metro,rent,affordable,3.0,2.0
evt_102283,usr_1155,sess_1155_2,45061945,contact,2026-01-10T08:00:09Z,21,ai_recommendation,2.973,False,căn hộ Phường Chợ Lớn giá mềm cho vợ chồng mới cưới,buy_for_living,affordable,3.0,2.0
evt_102022,usr_1137,sess_1137_2,45131288,contact,2026-01-10T09:15:14Z,241,ai_recommendation,5.0,False,"mua nhà đất đầu tư ở Phường Thới An pháp lý rõ ràng, rẻ một chút",investment,affordable,2.2,2.0
evt_101044,usr_1071,sess_1071_0,44244182,save,2026-01-10T09:16:48Z,60,ai_recommendation,2.372,False,tìm nhà đất Phường Thới Hòa sang trọng gần trường học,buy_for_living,affordable,2.1,2.0
evt_103488,usr_1230,sess_1230_0,45265733,view,2026-01-10T09:49:05Z,41,search_bar,0.719,False,"nhà ở Phường An Lạc thoáng mát 2pn, giá tốt",buy_for_living,affordable,2.5,2.0
evt_101602,usr_1108,sess_1108_1,45196546,view,2026-01-10T10:04:30Z,24,ai_recommendation,0.619,False,nhà đất Phường Thuận Giao sang trọng cho gia đình,buy_for_living,affordable,2.5,2.0
evt_101741,usr_1119,sess_1119_0,42578626,view,2026-01-10T10:30:07Z,54,ai_recommendation,0.771,False,tìm phòng căn hộ ở Phường An Khánh giá vừa phải,rent,luxury,24.2,2.0
evt_103863,usr_1255,sess_1255_1,45225361,share,2026-01-10T10:42:43Z,314,search_bar,4.0,False,tìm nhà đất Phường Tân Bình bình dân gần trường học,buy_for_living,mid_range,6.8,1.0
evt_101454,usr_1098,sess_1098_0,45215169,share,2026-01-10T10:51:40Z,32,search_bar,2.69,False,nhà đất Phường Tây Thạnh cao cấp cho vợ chồng mới cưới,buy_for_living,affordable,2.1,2.0
evt_100125,usr_1008,sess_1008_0,45077493,view,2026-01-10T11:03:00Z,70,homepage,0.82,False,tìm căn hộ Phường Bình Phú giá mềm gần trường học,buy_for_living,affordable,2.3,2.0
evt_101541,usr_1104,sess_1104_1,45021898,contact,2026-01-10T11:30:04Z,73,search_bar,4.14,False,"nhà ở Phường Đức Nhuận thoáng mát 2pn, ổn định",buy_for_living,mid_range,6.1,3.0
evt_103801,usr_1251,sess_1251_1,44797875,share,2026-01-10T11:30:04Z,70,search_bar,3.28,False,nhà đất Xã Nhà Bè giá hợp lý cho gia đình,buy_for_living,affordable,2.6,2.0
evt_100626,usr_1040,sess_1040_0,43697094,view,2026-01-10T11:33:37Z,191,ai_recommendation,1.0,False,nhà đất Xã Nhà Bè bình dân cho vợ chồng mới cưới,buy_for_living,luxury,25.7,3.0
evt_103548,usr_1234,sess_1234_0,45184357,save,2026-01-10T13:03:51Z,76,search_bar,2.507,False,nhà đất Phường Phú Lợi giá vừa phải cho gia đình,buy_for_living,affordable,2.8,2.0
evt_102623,usr_1175,sess_1175_0,45091266,save,2026-01-10T14:36:38Z,116,related_items,2.748,False,"cần mua nhà đất 3 phòng ngủ ở Phường Tân Thới Hiệp để ở, bình dân",buy_for_living,mid_range,5.5,2.0
evt_102564,usr_1170,sess_1170_0,44881404,view,2026-01-10T14:57:10Z,134,homepage,0.944,False,"nhà ở Phường Tân Hòa thoáng mát 1pn, giá mềm",buy_for_living,affordable,2.5,2.0
evt_100900,usr_1060,sess_1060_1,44923306,contact,2026-01-10T15:11:27Z,11,related_items,2.39,False,nhà đất Phường An Nhơn tầm trung cho thuê lại được,investment,mid_range,6.5,1.0
evt_101830,usr_1125,sess_1125_0,45017137,share,2026-01-10T15:26:23Z,73,ai_recommendation,3.312,False,căn hộ Xã Tân Nhựt giá rẻ cho gia đình,buy_for_living,affordable,3.0,2.0
evt_100997,usr_1067,sess_1067_0,45247385,share,2026-01-10T15:40:43Z,131,related_items,3.757,False,nhà đất Phường Thủ Đức tầm trung cho thuê lại được,investment,luxury,29.4,2.0
evt_104381,usr_1290,sess_1290_1,45237769,view,2026-01-10T16:34:38Z,355,ai_recommendation,1.0,False,tìm nhà đất Phường Tân Định rẻ một chút tiềm năng tăng giá,investment,affordable,3.0,2.0
evt_102675,usr_1178,sess_1178_2,45235440,view,2026-01-10T19:21:54Z,26,ai_recommendation,0.634,False,tìm nhà đất Phường Hòa Hưng rẻ một chút gần trường học,buy_for_living,mid_range,7.2,2.0
evt_102721,usr_1181,sess_1181_0,45153903,save,2026-01-10T19:32:32Z,64,search_bar,2.409,False,tìm nhà đất Phường Nhiêu Lộc giá tốt gần trường học,buy_for_living,mid_range,6.0,1.0
evt_102663,usr_1178,sess_1178_1,45195213,view,2026-01-10T20:08:38Z,44,ai_recommendation,0.732,False,"cần mua nhà đất 3 phòng ngủ ở Phường Thủ Đức để ở, rẻ một chút",buy_for_living,mid_range,7.2,2.0
evt_101948,usr_1133,sess_1133_0,44826909,contact,2026-01-10T21:17:26Z,43,ai_recommendation,3.64,False,"cần thuê nhà đất Phường Cầu Ông Lãnh full nội thất, giá hợp lý",rent,luxury,26.3,2.0
evt_100756,usr_1050,sess_1050_2,45097499,view,2026-01-10T21:27:42Z,271,homepage,1.0,False,nhà đất Phường Tân Sơn giá rẻ cho thuê gần metro,rent,luxury,28.7,2.0
evt_101546,usr_1105,sess_1105_0,44466982,save,2026-01-10T21:40:32Z,130,homepage,2.813,False,căn hộ Phường Thạnh Mỹ Tây giá tốt cho thuê lại được,investment,luxury,23.4,1.0
evt_101850,usr_1126,sess_1126_0,44464713,view,2026-01-10T22:00:45Z,19,search_bar,0.576,False,căn hộ Phường An Khánh bình dân cho thuê lại được,investment,affordable,2.4,1.0
evt_100439,usr_1028,sess_1028_1,44283417,view,2026-01-10T22:19:14Z,1200,search_bar,1.0,False,căn hộ Phường Long Bình sang trọng cho gia đình,buy_for_living,affordable,2.2,1.0
evt_103054,usr_1202,sess_1202_0,45237438,save,2026-01-10T23:17:28Z,45,search_bar,2.209,False,"cần mua nhà đất 4 phòng ngủ ở Phường Gò Vấp để ở, sang trọng",buy_for_living,affordable,2.8,3.0
evt_101633,usr_1110,sess_1110_0,43173312,contact,2026-01-10T23:21:57Z,57,search_bar,3.905,False,"cần thuê nhà đất Phường Bình Trưng full nội thất, sang trọng",rent,mid_range,5.6,1.0
evt_103819,usr_1252,sess_1252_1,45057486,save,2026-01-10T23:33:20Z,43,search_bar,2.184,False,nhà đất Phường Phú Nhuận tầm trung cho vợ chồng mới cưới,buy_for_living,luxury,28.5,2.0
evt_102179,usr_1148,sess_1148_0,44870510,save,2026-01-11T00:05:31Z,22,related_items,1.809,False,nhà đất Phường Vườn Lài giá vừa phải cho thuê lại được,investment,mid_range,7.4,2.0
evt_102440,usr_1164,sess_1164_1,45138926,view,2026-01-11T00:07:47Z,101,homepage,0.89,False,căn hộ Phường Long Bình tầm trung cho gia đình,buy_for_living,affordable,2.9,2.0
evt_100931,usr_1062,sess_1062_0,44466877,save,2026-01-11T00:23:56Z,24,ai_recommendation,1.858,False,"mua nhà đất đầu tư ở Phường Tân Sơn pháp lý rõ ràng, giá hợp lý",investment,luxury,29.5,1.0
evt_102418,usr_1162,sess_1162_1,44874356,share,2026-01-11T00:45:53Z,20,ai_recommendation,2.343,False,nhà đất Phường Bình Trưng giá rẻ cho gia đình,buy_for_living,affordable,2.6,1.0
evt_104311,usr_1285,sess_1285_1,44326394,view,2026-01-11T02:50:18Z,177,ai_recommendation,0.997,False,tìm nhà đất Xã Nhà Bè cao cấp tiềm năng tăng giá,investment,affordable,2.4,2.0
evt_103438,usr_1227,sess_1227_0,43517731,view,2026-01-11T03:38:36Z,97,search_bar,0.882,False,"mua nhà đất đầu tư ở Phường Hòa Hưng pháp lý rõ ràng, sang trọng",investment,mid_range,6.3,2.0
evt_100466,usr_1030,sess_1030_1,45240735,view,2026-01-11T03:39:53Z,33,search_bar,0.678,False,"cần mua căn hộ 1 phòng ngủ ở Phường Vĩnh Hội để ở, bình dân",buy_for_living,luxury,19.9,2.0
evt_102990,usr_1198,sess_1198_0,44986315,view,2026-01-11T03:58:56Z,7,homepage,0.4,True,căn hộ Phường Dĩ An giá rẻ cho gia đình,buy_for_living,affordable,2.2,2.0
evt_102096,usr_1142,sess_1142_0,45096611,view,2026-01-11T04:47:58Z,156,search_bar,0.973,False,nhà đất Phường Hiệp Bình khu nhà giàu cho thuê gần metro,rent,affordable,2.3,1.0
evt_101968,usr_1134,sess_1134_0,45252017,view,2026-01-11T05:31:43Z,18,homepage,0.566,False,tìm nhà đất Phường Thông Tây Hội cao cấp gần trường học,buy_for_living,mid_range,6.1,2.0
evt_100690,usr_1045,sess_1045_0,44902908,view,2026-01-11T05:54:31Z,207,related_items,1.0,False,tìm nhà đất Phường Thới An rẻ một chút gần trường học,buy_for_living,mid_range,6.1,3.0
evt_102270,usr_1154,sess_1154_0,45197190,contact,2026-01-11T06:46:11Z,91,search_bar,4.349,False,căn hộ Phường Phú Thọ Hòa giá rẻ cho gia đình,buy_for_living,affordable,2.6,3.0
evt_103173,usr_1209,sess_1209_0,45228207,view,2026-01-11T07:01:58Z,123,homepage,0.927,False,"nhà ở Phường Thới Hòa thoáng mát 0pn, cao cấp",buy_for_living,affordable,2.6,2.0
evt_101777,usr_1122,sess_1122_0,43632247,view,2026-01-11T07:16:48Z,102,ai_recommendation,0.892,False,tìm nhà đất Phường Tân Thuận bình dân tiềm năng tăng giá,investment,luxury,28.5,2.0
evt_102322,usr_1157,sess_1157_0,44854900,view,2026-01-11T08:10:06Z,71,ai_recommendation,0.823,False,nhà đất Phường Tân Hưng vị trí đẹp cho gia đình,buy_for_living,affordable,2.3,2.0
evt_104055,usr_1268,sess_1268_1,45144414,view,2026-01-11T08:59:58Z,124,homepage,0.929,False,thuê nhà đất Phường Hiệp Bình 3 phòng ngủ giá mềm,rent,mid_range,5.9,1.0
evt_100923,usr_1062,sess_1062_1,45118041,contact,2026-01-11T09:14:43Z,56,homepage,3.889,False,nhà đất Phường Nhiêu Lộc sang trọng cho thuê lại được,investment,luxury,29.5,1.0
evt_104153,usr_1275,sess_1275_0,45224442,view,2026-01-11T09:21:42Z,24,search_bar,0.619,False,tìm nhà đất Phường Thới Hòa tầm trung tiềm năng tăng giá,investment,affordable,2.5,3.0
evt_102173,usr_1148,sess_1148_0,45252887,view,2026-01-11T10:18:26Z,52,related_items,0.764,False,nhà đất Phường Tân Hưng giá tốt dòng tiền tốt,investment,mid_range,7.4,2.0
evt_102808,usr_1186,sess_1186_2,45026281,contact,2026-01-11T10:20:04Z,82,search_bar,4.25,False,nhà đất Phường Thủ Đức khu nhà giàu cho gia đình,buy_for_living,luxury,28.1,2.0
evt_103755,usr_1248,sess_1248_0,42953705,view,2026-01-11T10:35:23Z,36,ai_recommendation,0.695,False,nhà đất Phường Hạnh Thông cao cấp cho thuê lại được,investment,affordable,2.3,2.0
evt_104487,usr_1298,sess_1298_1,44348188,save,2026-01-11T10:43:56Z,53,search_bar,2.302,False,thuê nhà đất Xã Nhà Bè 3 phòng ngủ bình dân,rent,mid_range,5.7,3.0
evt_101412,usr_1095,sess_1095_0,44904491,view,2026-01-11T12:29:10Z,14,ai_recommendation,0.521,False,tìm nhà đất Phường Thủ Đức giá tốt gần trường học,buy_for_living,affordable,3.0,2.0
evt_101413,usr_1095,sess_1095_1,45247231,save,2026-01-11T13:09:32Z,55,search_bar,2.323,False,"cần mua căn hộ 2 phòng ngủ ở Phường Phú Thuận để ở, giá tốt",buy_for_living,affordable,3.0,2.0
evt_103346,usr_1220,sess_1220_1,44903568,save,2026-01-11T13:55:59Z,40,search_bar,2.143,False,nhà đất Phường Tân Hòa ổn định cho gia đình,buy_for_living,affordable,2.6,3.0
evt_103318,usr_1218,sess_1218_0,42180154,save,2026-01-11T14:42:55Z,50,ai_recommendation,2.269,False,nhà đất Xã Hưng Long bình dân cho thuê lại được,investment,mid_range,6.1,3.0
evt_102178,usr_1148,sess_1148_0,45008472,contact,2026-01-11T16:13:47Z,48,related_items,3.743,False,"mua nhà đất đầu tư ở Phường Phước Long pháp lý rõ ràng, tầm trung",investment,mid_range,7.4,2.0
evt_103046,usr_1201,sess_1201_0,43017696,view,2026-01-11T17:15:58Z,72,homepage,0.825,False,"nhà ở Phường Hòa Hưng thoáng mát 3pn, bình dân",buy_for_living,affordable,2.1,2.0
evt_102620,usr_1174,sess_1174_0,44953673,contact,2026-01-11T17:56:09Z,51,homepage,3.8,False,nhà đất Phường Tân Thuận cao cấp cho thuê gần metro,rent,affordable,2.4,2.0
evt_101860,usr_1127,sess_1127_0,45206386,view,2026-01-11T18:04:55Z,49,search_bar,0.753,False,nhà đất Xã Hóc Môn rẻ một chút cho gia đình,buy_for_living,affordable,2.5,2.0
evt_103747,usr_1247,sess_1247_2,45145693,view,2026-01-11T19:01:34Z,492,ai_recommendation,1.0,False,nhà đất Phường Tam Bình giá mềm cho thuê lại được,investment,affordable,2.4,2.0
evt_102216,usr_1151,sess_1151_0,44818736,contact,2026-01-11T19:42:14Z,30,ai_recommendation,3.303,False,nhà đất Phường Bình Lợi Trung cao cấp cho gia đình,buy_for_living,mid_range,7.1,2.0
evt_102027,usr_1137,sess_1137_0,45257726,view,2026-01-11T21:11:12Z,49,related_items,0.753,False,tìm nhà đất Phường Chánh Hưng cao cấp tiềm năng tăng giá,investment,affordable,2.2,2.0
evt_100209,usr_1013,sess_1013_0,45036689,view,2026-01-11T21:38:13Z,6,related_items,0.374,True,nhà đất Phường Phú Nhuận giá tốt cho gia đình,buy_for_living,affordable,2.4,2.0
evt_100704,usr_1046,sess_1046_0,44907937,save,2026-01-11T21:46:23Z,80,ai_recommendation,2.536,False,tìm nhà đất Phường Phú Thuận ổn định tiềm năng tăng giá,investment,affordable,2.7,2.0
evt_102733,usr_1182,sess_1182_0,44997886,share,2026-01-11T22:57:59Z,259,search_bar,4.0,False,nhà đất Xã Nhà Bè bình dân cho thuê gần metro,rent,affordable,2.5,2.0
evt_100441,usr_1028,sess_1028_2,43789474,view,2026-01-11T22:59:16Z,41,ai_recommendation,0.719,False,tìm nhà đất Phường Tân Hưng tầm trung gần trường học,buy_for_living,affordable,2.2,1.0
evt_104475,usr_1297,sess_1297_0,44836443,view,2026-01-11T23:00:09Z,49,related_items,0.753,False,nhà đất Phường Cát Lái khu nhà giàu cho thuê gần metro,rent,luxury,22.3,2.0
evt_101434,usr_1097,sess_1097_2,44615822,view,2026-01-11T23:51:30Z,17,ai_recommendation,0.556,False,tìm nhà đất Phường Cầu Ông Lãnh giá vừa phải tiềm năng tăng giá,investment,affordable,2.4,2.0
evt_104357,usr_1288,sess_1288_1,45197190,view,2026-01-12T00:21:04Z,153,ai_recommendation,0.969,False,"cần mua căn hộ 2 phòng ngủ ở Phường Phú Thọ Hòa để ở, bình dân",buy_for_living,mid_range,5.8,1.0
evt_104203,usr_1278,sess_1278_0,45135481,view,2026-01-12T00:21:06Z,110,ai_recommendation,0.906,False,"nhà ở Phường Tân Định thoáng mát 1pn, giá mềm",buy_for_living,mid_range,6.6,2.0
evt_103124,usr_1206,sess_1206_0,44566903,save,2026-01-12T00:42:03Z,86,ai_recommendation,2.577,False,"mua nhà đất đầu tư ở Phường Bình Lợi Trung pháp lý rõ ràng, sang trọng",investment,affordable,2.5,2.0
evt_102321,usr_1157,sess_1157_1,44890833,view,2026-01-12T01:17:45Z,22,related_items,0.603,False,tìm nhà đất Phường Tam Thắng tầm trung gần trường học,buy_for_living,affordable,2.3,2.0
evt_101464,usr_1099,sess_1099_0,44807468,contact,2026-01-12T02:18:55Z,17,ai_recommendation,2.78,False,"mua nhà đất đầu tư ở Phường Tân Thuận pháp lý rõ ràng, sang trọng",investment,affordable,2.6,2.0
evt_103529,usr_1233,sess_1233_0,45154419,view,2026-01-12T04:28:55Z,58,ai_recommendation,0.784,False,thuê nhà đất Xã Bình Lợi 15 phòng ngủ vị trí đẹp,rent,affordable,2.3,2.0
evt_102111,usr_1143,sess_1143_0,44743191,contact,2026-01-12T04:51:43Z,52,related_items,3.819,False,nhà đất Phường Thông Tây Hội vị trí đẹp cho gia đình,buy_for_living,mid_range,6.9,2.0
evt_101358,usr_1091,sess_1091_0,45201374,view,2026-01-12T05:46:37Z,68,homepage,0.814,False,"cần mua nhà đất 6 phòng ngủ ở Phường Cát Lái để ở, vị trí đẹp",buy_for_living,mid_range,6.9,2.0
evt_100409,usr_1026,sess_1026_1,43748419,save,2026-01-12T05:59:58Z,74,related_items,2.492,False,căn hộ Phường Thủ Dầu Một sang trọng cho vợ chồng mới cưới,buy_for_living,mid_range,7.2,3.0
evt_101895,usr_1129,sess_1129_2,44477261,contact,2026-01-12T07:10:15Z,33,ai_recommendation,3.392,False,tìm nhà đất Phường Long Trường rẻ một chút gần trường học,buy_for_living,mid_range,6.4,1.0
evt_103015,usr_1199,sess_1199_1,45206831,view,2026-01-12T09:57:43Z,19,search_bar,0.576,False,nhà đất Phường Tây Thạnh giá hợp lý cho thuê gần metro,rent,affordable,2.2,2.0
evt_103164,usr_1209,sess_1209_0,41003332,share,2026-01-12T10:41:16Z,45,ai_recommendation,2.946,False,"nhà ở Phường Dĩ An thoáng mát 3pn, cao cấp",buy_for_living,affordable,2.6,2.0
evt_101961,usr_1133,sess_1133_0,45214928,view,2026-01-12T11:03:44Z,27,search_bar,0.641,False,tìm phòng nhà đất ở Phường Thới An rẻ một chút,rent,luxury,26.3,2.0
evt_104479,usr_1298,sess_1298_2,44119225,view,2026-01-12T11:18:50Z,25,search_bar,0.627,False,nhà đất Xã Nhà Bè rẻ một chút cho thuê gần metro,rent,mid_range,5.7,3.0
evt_100965,usr_1064,sess_1064_0,43717341,view,2026-01-12T11:59:34Z,12,ai_recommendation,0.493,False,nhà đất Phường Diên Hồng ổn định cho thuê lại được,investment,mid_range,6.7,2.0
evt_101954,usr_1133,sess_1133_1,45047879,view,2026-01-12T12:03:37Z,81,search_bar,0.848,False,tìm phòng nhà đất ở Phường Phú Thọ rẻ một chút,rent,luxury,26.3,2.0
evt_102196,usr_1150,sess_1150_0,45012028,view,2026-01-12T12:29:33Z,105,search_bar,0.897,False,tìm nhà đất Phường Thông Tây Hội giá hợp lý tiềm năng tăng giá,investment,affordable,2.9,2.0
evt_103069,usr_1203,sess_1203_0,45145097,share,2026-01-12T12:37:49Z,94,ai_recommendation,3.504,False,nhà đất Phường An Hội Tây cao cấp cho thuê lại được,investment,mid_range,7.8,2.0
evt_102133,usr_1146,sess_1146_0,45236710,contact,2026-01-12T12:58:06Z,14,related_items,2.605,False,"cần mua căn hộ 2 phòng ngủ ở Xã Tân Nhựt để ở, giá hợp lý",buy_for_living,affordable,2.8,2.0
evt_103585,usr_1236,sess_1236_0,45128308,view,2026-01-12T13:18:08Z,81,search_bar,0.848,False,"nhà ở Phường Tân Thuận thoáng mát 30pn, sang trọng",buy_for_living,mid_range,7.2,2.0
evt_103040,usr_1201,sess_1201_0,45237769,share,2026-01-12T14:45:00Z,656,homepage,4.0,False,nhà đất Phường Tân Định giá rẻ cho gia đình,buy_for_living,affordable,2.1,2.0
evt_103794,usr_1250,sess_1250_2,44827360,view,2026-01-12T14:48:30Z,46,related_items,0.741,False,tìm nhà đất Phường An Phú Đông giá hợp lý gần trường học,buy_for_living,mid_range,5.5,1.0
evt_101688,usr_1115,sess_1115_2,45227552,view,2026-01-12T16:23:36Z,178,related_items,0.998,False,nhà đất Phường Phước Long giá tốt dòng tiền tốt,investment,mid_range,7.4,1.0
evt_102088,usr_1142,sess_1142_0,44173180,share,2026-01-12T17:10:32Z,74,ai_recommendation,3.322,False,"cần thuê nhà đất Phường Tân Thuận full nội thất, sang trọng",rent,affordable,2.3,1.0
evt_103868,usr_1256,sess_1256_0,45171748,view,2026-01-12T17:15:23Z,55,search_bar,0.774,False,tìm nhà đất Phường Tân Định rẻ một chút gần trường học,buy_for_living,affordable,2.9,2.0
evt_104396,usr_1291,sess_1291_1,44682333,view,2026-01-12T17:30:30Z,95,ai_recommendation,0.878,False,căn hộ Phường Vườn Lài rẻ một chút cho vợ chồng mới cưới,buy_for_living,affordable,2.9,3.0
evt_102869,usr_1190,sess_1190_0,45005189,view,2026-01-12T19:06:28Z,41,search_bar,0.719,False,"nhà ở Phường Xuân Hòa thoáng mát 4pn, rẻ một chút",buy_for_living,affordable,2.8,2.0
evt_100682,usr_1044,sess_1044_2,43845241,view,2026-01-12T19:19:08Z,157,homepage,0.974,False,nhà đất Phường Tân Thuận giá mềm cho gia đình,buy_for_living,affordable,2.9,1.0
evt_102791,usr_1185,sess_1185_1,44106049,view,2026-01-12T19:57:39Z,65,search_bar,0.806,False,nhà đất Phường Hòa Hưng khu nhà giàu cho vợ chồng mới cưới,buy_for_living,mid_range,5.7,1.0
evt_104174,usr_1276,sess_1276_2,45186591,share,2026-01-12T20:36:21Z,25,ai_recommendation,2.507,False,nhà đất Phường Tây Thạnh giá rẻ cho thuê gần metro,rent,affordable,2.5,2.0
evt_103300,usr_1217,sess_1217_0,44593189,view,2026-01-12T20:44:57Z,20,ai_recommendation,0.586,False,nhà đất Xã Hiệp Phước giá mềm cho gia đình,buy_for_living,affordable,2.3,2.0
evt_102798,usr_1186,sess_1186_0,44998731,save,2026-01-12T21:21:19Z,119,ai_recommendation,2.763,False,tìm nhà đất Phường Thạnh Mỹ Tây giá hợp lý gần trường học,buy_for_living,luxury,28.1,2.0
evt_101804,usr_1123,sess_1123_1,45197139,view,2026-01-12T21:28:44Z,56,ai_recommendation,0.778,False,nhà đất Phường An Phú Đông tầm trung dòng tiền tốt,investment,affordable,2.7,2.0
evt_104321,usr_1286,sess_1286_0,43732616,view,2026-01-12T21:32:00Z,91,ai_recommendation,0.87,False,tìm phòng nhà đất ở Phường Diên Hồng giá vừa phải,rent,affordable,2.6,1.0
evt_103058,usr_1202,sess_1202_1,45025194,view,2026-01-12T21:43:47Z,66,search_bar,0.809,False,"nhà ở Phường Phú Nhuận thoáng mát 2pn, bình dân",buy_for_living,affordable,2.8,3.0
evt_100664,usr_1043,sess_1043_1,44988147,view,2026-01-12T21:57:22Z,25,ai_recommendation,0.627,False,"cần mua căn hộ 2 phòng ngủ ở Phường Long Bình để ở, giá mềm",buy_for_living,mid_range,7.6,2.0
evt_101480,usr_1100,sess_1100_2,39465019,save,2026-01-12T22:13:55Z,219,homepage,3.0,False,"cần thuê nhà đất Xã Nhà Bè full nội thất, vị trí đẹp",rent,affordable,2.4,2.0
evt_102890,usr_1191,sess_1191_1,45148338,save,2026-01-12T22:33:35Z,133,ai_recommendation,2.826,False,nhà đất Phường Tăng Nhơn Phú giá tốt cho thuê gần metro,rent,mid_range,6.0,3.0
evt_104296,usr_1284,sess_1284_2,45213326,contact,2026-01-12T22:38:07Z,53,homepage,3.837,False,nhà đất Phường Thới An rẻ một chút cho vợ chồng mới cưới,buy_for_living,mid_range,7.1,1.0
evt_101573,usr_1106,sess_1106_1,45196395,save,2026-01-12T23:11:14Z,54,ai_recommendation,2.313,False,tìm nhà đất Phường An Phú Đông sang trọng gần trường học,buy_for_living,mid_range,5.6,1.0
evt_100074,usr_1004,sess_1004_2,44863961,view,2026-01-12T23:26:19Z,19,search_bar,0.576,False,tìm phòng căn hộ ở Xã Tân Nhựt rẻ một chút,rent,affordable,2.2,2.0
evt_100911,usr_1061,sess_1061_0,45175377,contact,2026-01-12T23:39:48Z,91,search_bar,4.349,False,tìm phòng nhà đất ở Phường Đức Nhuận ổn định,rent,mid_range,7.4,2.0
evt_101834,usr_1125,sess_1125_0,45220106,save,2026-01-13T00:27:15Z,159,search_bar,2.929,False,"nhà ở Phường Phú Nhuận thoáng mát 3pn, tầm trung",buy_for_living,affordable,3.0,2.0
evt_103434,usr_1227,sess_1227_0,44770429,view,2026-01-13T00:46:02Z,173,homepage,0.992,False,"mua căn hộ đầu tư ở Phường Cầu Kiệu pháp lý rõ ràng, bình dân",investment,mid_range,6.3,2.0
evt_104171,usr_1276,sess_1276_0,45204924,view,2026-01-13T00:49:21Z,59,search_bar,0.788,False,tìm phòng nhà đất ở Phường Thủ Đức giá mềm,rent,affordable,2.5,2.0
evt_101279,usr_1086,sess_1086_0,44241399,contact,2026-01-13T02:17:34Z,17,search_bar,2.78,False,nhà đất Phường An Lạc cao cấp cho thuê lại được,investment,affordable,2.7,2.0
evt_101863,usr_1127,sess_1127_0,45201374,contact,2026-01-13T03:08:12Z,28,ai_recommendation,3.239,False,nhà đất Phường Cát Lái sang trọng cho vợ chồng mới cưới,buy_for_living,affordable,2.5,2.0
evt_100553,usr_1035,sess_1035_1,45189879,view,2026-01-13T04:23:19Z,43,homepage,0.728,False,nhà đất Phường Vũng Tàu cao cấp cho thuê lại được,investment,affordable,2.4,1.0
evt_100850,usr_1056,sess_1056_0,43789474,view,2026-01-13T04:57:50Z,109,ai_recommendation,0.904,False,"nhà ở Phường Tân Hưng thoáng mát 4pn, giá hợp lý",buy_for_living,affordable,2.6,2.0
evt_102210,usr_1151,sess_1151_0,43612771,view,2026-01-13T05:16:02Z,27,homepage,0.641,False,"cần mua nhà đất 2 phòng ngủ ở Phường Tân Bình để ở, bình dân",buy_for_living,mid_range,7.1,2.0
evt_102583,usr_1172,sess_1172_1,44125126,save,2026-01-13T05:57:48Z,83,search_bar,2.557,False,"nhà ở Xã Hiệp Phước thoáng mát 8pn, khu nhà giàu",buy_for_living,affordable,2.5,1.0
evt_103642,usr_1240,sess_1240_0,44872651,save,2026-01-13T06:13:39Z,99,ai_recommendation,2.658,False,"cần mua căn hộ 3 phòng ngủ ở Phường Long Bình để ở, ổn định",buy_for_living,mid_range,5.9,2.0
evt_100669,usr_1043,sess_1043_1,44218641,save,2026-01-13T06:27:03Z,14,ai_recommendation,1.563,False,"cần mua nhà đất 3 phòng ngủ ở Phường Tân Sơn Nhì để ở, giá mềm",buy_for_living,mid_range,7.6,2.0
evt_100270,usr_1016,sess_1016_0,44578203,contact,2026-01-13T06:32:01Z,39,homepage,3.548,False,tìm nhà đất Phường Phú Thuận giá mềm gần trường học,buy_for_living,mid_range,7.3,3.0
evt_100352,usr_1022,sess_1022_1,45025690,share,2026-01-13T06:42:19Z,56,search_bar,3.111,False,"mua nhà đất đầu tư ở Phường Thạnh Mỹ Tây pháp lý rõ ràng, rẻ một chút",investment,affordable,2.7,2.0
evt_102120,usr_1144,sess_1144_0,44786304,share,2026-01-13T07:01:46Z,31,ai_recommendation,2.667,False,tìm nhà đất Phường An Phú Đông cao cấp tiềm năng tăng giá,investment,luxury,28.6,1.0
evt_100246,usr_1015,sess_1015_1,45179572,view,2026-01-13T09:13:01Z,34,related_items,0.684,False,"mua nhà đất đầu tư ở Phường Phước Thắng pháp lý rõ ràng, rẻ một chút",investment,affordable,2.1,2.0
evt_103795,usr_1250,sess_1250_2,44772828,contact,2026-01-13T09:21:37Z,81,ai_recommendation,4.238,False,nhà đất Phường Đông Hưng Thuận cao cấp cho vợ chồng mới cưới,buy_for_living,mid_range,5.5,1.0
evt_101071,usr_1073,sess_1073_2,45255223,view,2026-01-13T09:21:53Z,45,ai_recommendation,0.736,False,nhà đất Phường Hòa Hưng bình dân cho gia đình,buy_for_living,mid_range,5.9,2.0
evt_100958,usr_1064,sess_1064_1,44632687,view,2026-01-13T09:59:51Z,30,search_bar,0.661,False,nhà đất Phường Thạnh Mỹ Tây sang trọng dòng tiền tốt,investment,mid_range,6.7,2.0
evt_102536,usr_1169,sess_1169_0,45085955,view,2026-01-13T10:00:48Z,42,homepage,0.724,False,tìm nhà đất Phường Long Bình vị trí đẹp tiềm năng tăng giá,investment,affordable,2.8,1.0
evt_100521,usr_1033,sess_1033_0,44740670,view,2026-01-13T10:18:25Z,32,search_bar,0.673,False,căn hộ Phường Long Bình giá tốt cho vợ chồng mới cưới,buy_for_living,affordable,2.8,2.0
evt_101531,usr_1104,sess_1104_0,44858898,contact,2026-01-13T11:03:37Z,66,search_bar,4.044,False,nhà đất Phường Khánh Hội giá hợp lý cho vợ chồng mới cưới,buy_for_living,mid_range,6.1,3.0
evt_102595,usr_1173,sess_1173_1,45150585,contact,2026-01-13T11:46:04Z,1200,ai_recommendation,5.0,False,thuê nhà đất Phường Trung Mỹ Tây 4 phòng ngủ giá vừa phải,rent,affordable,2.5,2.0
evt_102262,usr_1154,sess_1154_2,44450031,view,2026-01-13T12:49:21Z,23,related_items,0.611,False,"cần mua căn hộ 1 phòng ngủ ở Phường An Khánh để ở, tầm trung",buy_for_living,affordable,2.6,3.0
evt_104310,usr_1285,sess_1285_0,45042578,contact,2026-01-13T13:10:41Z,97,ai_recommendation,4.41,False,nhà đất Phường Tân Sơn giá mềm dòng tiền tốt,investment,affordable,2.4,2.0
evt_102407,usr_1161,sess_1161_2,45214777,view,2026-01-13T13:20:45Z,12,related_items,0.493,False,nhà đất Phường Bình Trị Đông sang trọng dòng tiền tốt,investment,affordable,2.2,2.0
evt_102245,usr_1153,sess_1153_0,42742297,share,2026-01-13T15:29:32Z,39,search_bar,2.838,False,nhà đất Xã Nhà Bè giá rẻ cho thuê lại được,investment,affordable,2.4,1.0
evt_101865,usr_1127,sess_1127_0,44738219,share,2026-01-13T15:54:19Z,59,search_bar,3.15,False,tìm nhà đất Xã Nhà Bè khu nhà giàu gần trường học,buy_for_living,affordable,2.5,2.0
evt_104366,usr_1289,sess_1289_1,43344418,share,2026-01-13T16:06:47Z,50,ai_recommendation,3.025,False,căn hộ Phường Long Bình giá rẻ dòng tiền tốt,investment,affordable,3.0,1.0
evt_104401,usr_1291,sess_1291_1,45244830,share,2026-01-13T16:52:05Z,18,homepage,2.266,False,căn hộ Phường Dĩ An giá tốt cho gia đình,buy_for_living,affordable,2.9,3.0
evt_100131,usr_1008,sess_1008_0,44102172,view,2026-01-13T19:42:39Z,55,related_items,0.774,False,"cần mua nhà đất 2 phòng ngủ ở Phường An Hội Tây để ở, bình dân",buy_for_living,affordable,2.3,2.0
evt_103121,usr_1206,sess_1206_0,45189941,view,2026-01-13T20:16:25Z,65,search_bar,0.806,False,tìm nhà đất Phường Tân Thuận rẻ một chút tiềm năng tăng giá,investment,affordable,2.5,2.0
evt_100982,usr_1066,sess_1066_1,44743191,view,2026-01-13T20:36:40Z,48,search_bar,0.749,False,"cần mua nhà đất 4 phòng ngủ ở Phường Thông Tây Hội để ở, khu nhà giàu",buy_for_living,mid_range,6.7,2.0
evt_103701,usr_1245,sess_1245_1,41774490,save,2026-01-13T22:44:06Z,37,search_bar,2.099,False,nhà đất Xã Nhà Bè sang trọng cho vợ chồng mới cưới,buy_for_living,mid_range,8.0,3.0
evt_101180,usr_1081,sess_1081_0,44829409,view,2026-01-13T23:09:33Z,30,ai_recommendation,0.661,False,tìm nhà đất Xã Nhà Bè ổn định gần trường học,buy_for_living,affordable,2.3,1.0
evt_103269,usr_1215,sess_1215_0,44930313,view,2026-01-13T23:34:37Z,63,ai_recommendation,0.8,False,"mua nhà đất đầu tư ở Phường Vườn Lài pháp lý rõ ràng, giá hợp lý",investment,affordable,2.8,2.0
evt_104346,usr_1287,sess_1287_1,43232221,view,2026-01-14T00:54:20Z,29,homepage,0.654,False,nhà đất Phường Hiệp Bình khu nhà giàu cho gia đình,buy_for_living,affordable,2.4,2.0
evt_103065,usr_1203,sess_1203_0,44965701,view,2026-01-14T00:56:29Z,9,ai_recommendation,0.443,True,nhà đất Phường Diên Hồng vị trí đẹp dòng tiền tốt,investment,mid_range,7.8,2.0
evt_102094,usr_1142,sess_1142_1,44842280,contact,2026-01-14T03:20:21Z,56,ai_recommendation,3.889,False,"cần thuê nhà đất Phường Thông Tây Hội full nội thất, giá hợp lý",rent,affordable,2.3,1.0
evt_104277,usr_1283,sess_1283_0,44940548,view,2026-01-14T03:34:06Z,21,homepage,0.595,False,tìm nhà đất Phường Tân Hưng tầm trung tiềm năng tăng giá,investment,luxury,19.0,2.0
evt_102378,usr_1160,sess_1160_0,45110126,view,2026-01-14T03:39:10Z,160,search_bar,0.977,False,"cần mua nhà đất 4 phòng ngủ ở Phường Tân Sơn để ở, giá vừa phải",buy_for_living,affordable,2.2,2.0
evt_101159,usr_1079,sess_1079_1,43241856,view,2026-01-14T04:11:47Z,6,search_bar,0.374,True,thuê căn hộ Phường Long Bình 2 phòng ngủ bình dân,rent,affordable,3.0,2.0
evt_101203,usr_1082,sess_1082_0,45143586,save,2026-01-14T04:15:55Z,32,homepage,2.018,False,"cần mua nhà đất 0 phòng ngủ ở Phường Bình Lợi Trung để ở, khu nhà giàu",buy_for_living,affordable,2.6,2.0
evt_102168,usr_1148,sess_1148_0,45216887,view,2026-01-14T04:45:10Z,54,search_bar,0.771,False,nhà đất Phường Tân Hòa rẻ một chút dòng tiền tốt,investment,mid_range,7.4,2.0
evt_101013,usr_1068,sess_1068_0,45154503,contact,2026-01-14T06:48:55Z,169,ai_recommendation,4.94,False,"mua nhà đất đầu tư ở Phường Long Phước pháp lý rõ ràng, giá rẻ",investment,mid_range,6.1,2.0
evt_102100,usr_1143,sess_1143_0,45206386,save,2026-01-14T07:53:06Z,44,ai_recommendation,2.197,False,nhà đất Xã Hóc Môn giá mềm cho gia đình,buy_for_living,mid_range,6.9,2.0
evt_104305,usr_1284,sess_1284_1,45266795,save,2026-01-14T08:04:36Z,60,ai_recommendation,2.372,False,"nhà ở Phường Gia Định thoáng mát 2pn, rẻ một chút",buy_for_living,mid_range,7.1,1.0
evt_101401,usr_1095,sess_1095_0,45009771,share,2026-01-14T08:11:01Z,446,search_bar,4.0,False,tìm nhà đất Phường Cầu Ông Lãnh sang trọng gần trường học,buy_for_living,affordable,3.0,2.0
evt_104268,usr_1282,sess_1282_2,45215261,view,2026-01-14T08:12:36Z,32,ai_recommendation,0.673,False,tìm nhà đất Phường Linh Xuân giá tốt gần trường học,buy_for_living,affordable,2.6,2.0
evt_103843,usr_1254,sess_1254_1,45170798,view,2026-01-14T08:14:52Z,97,search_bar,0.882,False,nhà đất Phường Thạnh Mỹ Tây rẻ một chút cho thuê lại được,investment,affordable,2.3,1.0
evt_100510,usr_1032,sess_1032_0,45077493,view,2026-01-14T08:25:31Z,9,ai_recommendation,0.443,True,"nhà ở Phường Bình Phú thoáng mát 2pn, rẻ một chút",buy_for_living,affordable,2.8,2.0
evt_103290,usr_1216,sess_1216_0,44558902,contact,2026-01-14T09:18:36Z,149,ai_recommendation,4.819,False,nhà đất Phường Bảy Hiền giá hợp lý cho gia đình,buy_for_living,affordable,2.1,1.0
evt_100502,usr_1032,sess_1032_0,45029240,view,2026-01-14T10:07:32Z,50,search_bar,0.756,False,tìm nhà đất Phường Tân Thuận sang trọng gần trường học,buy_for_living,affordable,2.8,2.0
evt_100981,usr_1066,sess_1066_1,42491572,view,2026-01-14T10:41:28Z,51,homepage,0.76,False,"nhà ở Phường Tân Thới Hiệp thoáng mát 5pn, tầm trung",buy_for_living,mid_range,6.7,2.0
evt_103116,usr_1206,sess_1206_0,45241427,view,2026-01-14T10:56:30Z,106,search_bar,0.899,False,tìm nhà đất Xã Nhà Bè giá tốt tiềm năng tăng giá,investment,affordable,2.5,2.0
evt_100291,usr_1018,sess_1018_0,44939112,save,2026-01-14T12:33:18Z,117,search_bar,2.753,False,nhà đất Phường Phú Nhuận cao cấp cho thuê lại được,investment,luxury,27.1,2.0
evt_102526,usr_1168,sess_1168_1,45160024,contact,2026-01-14T13:27:08Z,15,search_bar,2.667,False,"mua nhà đất đầu tư ở Phường Tam Thắng pháp lý rõ ràng, khu nhà giàu",investment,mid_range,6.7,2.0
evt_104110,usr_1271,sess_1271_0,45093806,view,2026-01-14T13:36:38Z,62,ai_recommendation,0.797,False,nhà đất Phường Tân Định giá rẻ cho vợ chồng mới cưới,buy_for_living,affordable,2.8,2.0
evt_102016,usr_1137,sess_1137_2,45039538,save,2026-01-14T14:43:35Z,72,ai_recommendation,2.476,False,tìm nhà đất Phường Tân Sơn giá rẻ tiềm năng tăng giá,investment,affordable,2.2,2.0
evt_101861,usr_1127,sess_1127_0,44952217,save,2026-01-14T14:44:00Z,29,homepage,1.963,False,nhà đất Phường Vĩnh Hội giá vừa phải cho gia đình,buy_for_living,affordable,2.5,2.0
evt_101175,usr_1080,sess_1080_1,38237735,view,2026-01-14T16:19:50Z,43,homepage,0.728,False,"mua nhà đất đầu tư ở Xã Nhà Bè pháp lý rõ ràng, ổn định",investment,affordable,2.7,2.0
evt_101371,usr_1093,sess_1093_0,44762845,view,2026-01-14T19:13:12Z,228,search_bar,1.0,False,căn hộ Xã Tân Nhựt ổn định cho thuê lại được,investment,affordable,2.9,3.0
evt_100957,usr_1064,sess_1064_1,45269189,view,2026-01-14T22:11:37Z,193,ai_recommendation,1.0,False,tìm nhà đất Phường Bình Trị Đông vị trí đẹp tiềm năng tăng giá,investment,mid_range,6.7,2.0
evt_100295,usr_1018,sess_1018_0,44283417,save,2026-01-14T23:27:38Z,225,ai_recommendation,3.0,False,"mua căn hộ đầu tư ở Phường Long Bình pháp lý rõ ràng, vị trí đẹp",investment,luxury,27.1,2.0
evt_104014,usr_1265,sess_1265_1,43683976,view,2026-01-14T23:51:34Z,45,homepage,0.736,False,tìm phòng nhà đất ở Phường Nhiêu Lộc sang trọng,rent,mid_range,6.5,1.0
evt_103940,usr_1261,sess_1261_0,45117835,view,2026-01-15T00:11:48Z,19,homepage,0.576,False,nhà đất Phường Bình Hưng Hòa vị trí đẹp cho thuê lại được,investment,affordable,2.1,2.0
evt_101459,usr_1098,sess_1098_0,45228050,view,2026-01-15T01:38:21Z,47,homepage,0.745,False,"cần mua nhà đất 0 phòng ngủ ở Phường Bình Hòa để ở, vị trí đẹp",buy_for_living,affordable,2.1,2.0
evt_103112,usr_1206,sess_1206_0,45181336,share,2026-01-15T01:47:45Z,49,homepage,3.01,False,"mua nhà đất đầu tư ở Phường Bình Hưng Hòa pháp lý rõ ràng, giá mềm",investment,affordable,2.5,2.0
evt_104498,usr_1299,sess_1299_0,45137809,contact,2026-01-15T01:56:02Z,22,search_bar,3.016,False,tìm căn hộ Phường Đông Hòa giá mềm gần trường học,buy_for_living,affordable,2.2,2.0
evt_100562,usr_1036,sess_1036_0,45172641,contact,2026-01-15T02:57:53Z,72,homepage,4.127,False,tìm nhà đất Phường Hòa Bình sang trọng tiềm năng tăng giá,investment,mid_range,5.6,2.0
evt_102682,usr_1179,sess_1179_2,43715977,contact,2026-01-15T03:35:19Z,23,search_bar,3.057,False,tìm căn hộ Phường Long Bình rẻ một chút tiềm năng tăng giá,investment,mid_range,6.4,1.0
evt_103447,usr_1228,sess_1228_1,45175886,view,2026-01-15T03:56:52Z,24,search_bar,0.619,False,"cần mua nhà đất 5 phòng ngủ ở Phường Hạnh Thông để ở, khu nhà giàu",buy_for_living,affordable,2.8,2.0
evt_100371,usr_1023,sess_1023_0,44106429,view,2026-01-15T04:21:37Z,97,search_bar,0.882,False,thuê nhà đất Phường Hòa Hưng 6 phòng ngủ cao cấp,rent,affordable,2.9,2.0
evt_102448,usr_1164,sess_1164_1,44869947,view,2026-01-15T04:21:56Z,10,ai_recommendation,0.461,False,"cần mua nhà đất 3 phòng ngủ ở Phường Vũng Tàu để ở, tầm trung",buy_for_living,affordable,2.9,2.0
evt_100323,usr_1019,sess_1019_0,44795201,view,2026-01-15T04:57:58Z,24,related_items,0.619,False,"cần mua nhà đất 3 phòng ngủ ở Phường Bàn Cờ để ở, tầm trung",buy_for_living,luxury,21.7,2.0
evt_104465,usr_1296,sess_1296_1,44812725,share,2026-01-15T05:57:34Z,36,ai_recommendation,2.778,False,tìm nhà đất Phường An Lạc giá hợp lý gần trường học,buy_for_living,affordable,2.8,2.0
evt_102844,usr_1189,sess_1189_0,45084721,view,2026-01-15T06:52:52Z,34,search_bar,0.684,False,tìm căn hộ Phường Long Bình bình dân gần trường học,buy_for_living,affordable,2.2,2.0
evt_101656,usr_1112,sess_1112_1,45062392,save,2026-01-15T07:10:18Z,134,homepage,2.831,False,căn hộ Phường An Đông giá rẻ cho thuê gần metro,rent,affordable,2.7,2.0
evt_101139,usr_1078,sess_1078_1,45237993,view,2026-01-15T07:11:01Z,71,ai_recommendation,0.823,False,nhà đất Phường Tân Định tầm trung cho vợ chồng mới cưới,buy_for_living,affordable,2.8,2.0
evt_100537,usr_1034,sess_1034_1,44829093,view,2026-01-15T07:19:30Z,163,ai_recommendation,0.981,False,nhà đất Phường Chợ Quán giá vừa phải dòng tiền tốt,investment,luxury,27.7,2.0
evt_100873,usr_1058,sess_1058_0,45210229,share,2026-01-15T07:22:42Z,44,ai_recommendation,2.929,False,căn hộ Xã Tân Nhựt giá mềm dòng tiền tốt,investment,affordable,2.9,2.0
evt_102810,usr_1186,sess_1186_0,45245743,view,2026-01-15T08:10:14Z,229,related_items,1.0,False,nhà đất Phường Chánh Hưng ổn định cho vợ chồng mới cưới,buy_for_living,luxury,28.1,2.0
evt_101893,usr_1129,sess_1129_0,45192745,contact,2026-01-15T08:58:33Z,51,search_bar,3.8,False,"nhà ở Phường Phước Long thoáng mát 2pn, bình dân",buy_for_living,mid_range,6.4,1.0
evt_102071,usr_1141,sess_1141_0,45175377,view,2026-01-15T09:26:51Z,11,ai_recommendation,0.478,False,"mua nhà đất đầu tư ở Phường Đức Nhuận pháp lý rõ ràng, giá vừa phải",investment,mid_range,5.7,2.0
evt_102177,usr_1148,sess_1148_0,45219816,view,2026-01-15T10:19:46Z,11,search_bar,0.478,False,nhà đất Phường Hiệp Bình ổn định cho thuê lại được,investment,mid_range,7.4,2.0
evt_102582,usr_1172,sess_1172_2,45255963,view,2026-01-15T12:09:12Z,23,search_bar,0.611,False,"cần mua căn hộ 2 phòng ngủ ở Phường Hòa Hưng để ở, bình dân",buy_for_living,affordable,2.5,1.0
evt_100454,usr_1029,sess_1029_1,44375534,view,2026-01-15T12:15:23Z,27,search_bar,0.641,False,tìm căn hộ Phường An Khánh cao cấp gần trường học,buy_for_living,affordable,2.2,2.0
evt_102579,usr_1172,sess_1172_0,45246268,view,2026-01-15T12:53:56Z,8,ai_recommendation,0.423,True,tìm nhà đất Phường Tam Thắng tầm trung gần trường học,buy_for_living,affordable,2.5,1.0
evt_100019,usr_1001,sess_1001_1,44867479,save,2026-01-15T13:32:21Z,52,ai_recommendation,2.291,False,nhà đất Phường Phú Nhuận vị trí đẹp cho gia đình,buy_for_living,affordable,2.7,2.0
evt_102933,usr_1194,sess_1194_0,45159379,contact,2026-01-15T13:41:32Z,172,search_bar,4.957,False,tìm phòng nhà đất ở Phường Bình Thạnh giá tốt,rent,mid_range,5.7,2.0
evt_104065,usr_1269,sess_1269_1,44582359,save,2026-01-15T15:24:03Z,18,search_bar,1.699,False,"nhà ở Xã Nhà Bè thoáng mát 2pn, giá tốt",buy_for_living,affordable,2.5,3.0
evt_101585,usr_1107,sess_1107_1,43649617,view,2026-01-15T15:57:13Z,113,ai_recommendation,0.911,False,"nhà ở Phường Nhiêu Lộc thoáng mát 6pn, cao cấp",buy_for_living,mid_range,7.0,1.0
evt_103810,usr_1251,sess_1251_2,43321672,view,2026-01-15T16:20:34Z,28,ai_recommendation,0.648,False,căn hộ Phường Long Bình giá tốt cho vợ chồng mới cưới,buy_for_living,affordable,2.6,2.0
evt_103901,usr_1258,sess_1258_0,45192813,view,2026-01-15T16:27:38Z,29,homepage,0.654,False,"cần thuê nhà đất Phường Bình Thạnh full nội thất, sang trọng",rent,affordable,2.6,1.0
evt_102405,usr_1161,sess_1161_1,44450031,save,2026-01-15T16:45:02Z,108,ai_recommendation,2.707,False,tìm căn hộ Phường An Khánh giá hợp lý tiềm năng tăng giá,investment,affordable,2.2,2.0
evt_102015,usr_1137,sess_1137_0,44864335,view,2026-01-15T18:06:21Z,37,search_bar,0.7,False,căn hộ Xã Tân Nhựt bình dân cho thuê lại được,investment,affordable,2.2,2.0
evt_103892,usr_1257,sess_1257_0,45088747,save,2026-01-15T18:06:37Z,107,search_bar,2.702,False,nhà đất Phường Tân Hưng vị trí đẹp cho gia đình,buy_for_living,affordable,2.6,2.0
evt_103692,usr_1244,sess_1244_1,45056277,save,2026-01-15T19:01:46Z,38,ai_recommendation,2.114,False,tìm căn hộ Phường Thạnh Mỹ Tây giá rẻ gần trường học,buy_for_living,affordable,2.8,2.0
evt_102830,usr_1188,sess_1188_1,45202949,view,2026-01-15T19:36:38Z,60,search_bar,0.791,False,tìm căn hộ Phường Phú Thuận giá rẻ gần trường học,buy_for_living,mid_range,6.8,3.0
evt_100073,usr_1004,sess_1004_1,45172791,save,2026-01-15T22:35:35Z,23,search_bar,1.834,False,tìm phòng căn hộ ở Phường Minh Phụng khu nhà giàu,rent,affordable,2.2,2.0
evt_103337,usr_1220,sess_1220_0,43695382,view,2026-01-15T23:24:42Z,27,search_bar,0.641,False,"nhà ở Phường Tân Mỹ thoáng mát 4pn, vị trí đẹp",buy_for_living,affordable,2.6,3.0
evt_101690,usr_1115,sess_1115_0,44671246,view,2026-01-16T00:11:21Z,13,ai_recommendation,0.508,False,nhà đất Phường Long Phước khu nhà giàu dòng tiền tốt,investment,mid_range,7.4,1.0
evt_100158,usr_1010,sess_1010_0,45206386,share,2026-01-16T01:03:11Z,57,related_items,3.124,False,"nhà ở Xã Hóc Môn thoáng mát 2pn, giá rẻ",buy_for_living,affordable,2.3,2.0
evt_100700,usr_1046,sess_1046_0,45224442,view,2026-01-16T02:32:51Z,54,search_bar,0.771,False,nhà đất Phường Thới Hòa tầm trung dòng tiền tốt,investment,affordable,2.7,2.0
evt_102209,usr_1151,sess_1151_1,44958480,view,2026-01-16T03:23:31Z,112,ai_recommendation,0.909,False,nhà đất Phường Tân Hưng rẻ một chút cho gia đình,buy_for_living,mid_range,7.1,2.0
evt_102061,usr_1140,sess_1140_0,45156333,view,2026-01-16T03:47:42Z,34,ai_recommendation,0.684,False,nhà đất Phường Bình Thạnh giá vừa phải cho gia đình,buy_for_living,affordable,2.4,2.0
evt_104470,usr_1297,sess_1297_1,44907969,view,2026-01-16T04:05:01Z,18,search_bar,0.566,False,thuê nhà đất Phường Cầu Kiệu 5 phòng ngủ vị trí đẹp,rent,luxury,22.3,2.0
evt_102187,usr_1149,sess_1149_1,44417445,view,2026-01-16T04:32:19Z,156,homepage,0.973,False,tìm nhà đất Phường Thủ Đức giá mềm gần trường học,buy_for_living,affordable,2.6,2.0
evt_101486,usr_1100,sess_1100_2,45043941,view,2026-01-16T04:45:26Z,224,homepage,1.0,False,"cần thuê nhà đất Phường Tân Sơn full nội thất, cao cấp",rent,affordable,2.4,2.0
evt_100693,usr_1045,sess_1045_1,44483330,contact,2026-01-16T05:13:09Z,18,ai_recommendation,2.832,False,"nhà ở Phường Cầu Ông Lãnh thoáng mát 1pn, giá mềm",buy_for_living,mid_range,6.1,3.0
evt_100719,usr_1047,sess_1047_0,44404341,view,2026-01-16T05:46:19Z,47,ai_recommendation,0.745,False,"nhà ở Phường Long Bình thoáng mát 1pn, giá rẻ",buy_for_living,luxury,22.7,3.0
evt_101118,usr_1077,sess_1077_1,44979444,view,2026-01-16T06:41:59Z,34,related_items,0.684,False,"nhà ở Phường Thông Tây Hội thoáng mát 3pn, bình dân",buy_for_living,luxury,29.0,1.0
evt_103514,usr_1232,sess_1232_2,44900300,view,2026-01-16T06:48:32Z,194,ai_recommendation,1.0,False,nhà đất Phường Cát Lái khu nhà giàu cho thuê gần metro,rent,mid_range,6.1,2.0
evt_102468,usr_1165,sess_1165_0,45075027,view,2026-01-16T06:48:49Z,7,ai_recommendation,0.4,True,"cần mua nhà đất 4 phòng ngủ ở Phường Cầu Kiệu để ở, giá vừa phải",buy_for_living,luxury,26.4,2.0
evt_103571,usr_1236,sess_1236_0,44456588,save,2026-01-16T07:10:06Z,370,homepage,3.0,False,tìm căn hộ Phường Khánh Hội rẻ một chút gần trường học,buy_for_living,mid_range,7.2,2.0
evt_102712,usr_1180,sess_1180_1,45221822,share,2026-01-16T07:53:01Z,69,search_bar,3.269,False,nhà đất Phường Tân Tạo ổn định dòng tiền tốt,investment,luxury,27.1,2.0
evt_102800,usr_1186,sess_1186_0,43981027,contact,2026-01-16T07:56:51Z,34,homepage,3.42,False,"cần mua nhà đất 0 phòng ngủ ở Phường Phú Thọ Hòa để ở, vị trí đẹp",buy_for_living,luxury,28.1,2.0
evt_103572,usr_1236,sess_1236_0,44945779,view,2026-01-16T08:04:27Z,102,search_bar,0.892,False,nhà đất Xã Hiệp Phước giá mềm cho vợ chồng mới cưới,buy_for_living,mid_range,7.2,2.0
evt_104306,usr_1285,sess_1285_0,45127299,share,2026-01-16T08:17:16Z,16,homepage,2.18,False,tìm nhà đất Phường An Phú Đông sang trọng tiềm năng tăng giá,investment,affordable,2.4,2.0
evt_103954,usr_1261,sess_1261_0,45078935,contact,2026-01-16T08:47:54Z,46,search_bar,3.703,False,nhà đất Xã Tân An Hội bình dân cho thuê lại được,investment,affordable,2.1,2.0
evt_102162,usr_1148,sess_1148_0,45188401,view,2026-01-16T09:55:26Z,212,search_bar,1.0,False,nhà đất Phường Thới Hòa khu nhà giàu cho thuê lại được,investment,mid_range,7.4,2.0
evt_100881,usr_1058,sess_1058_0,45190095,save,2026-01-16T10:02:16Z,20,search_bar,1.757,False,"mua nhà đất đầu tư ở Phường An Nhơn pháp lý rõ ràng, giá rẻ",investment,affordable,2.9,2.0
evt_104011,usr_1265,sess_1265_2,45177634,view,2026-01-16T10:21:28Z,26,search_bar,0.634,False,nhà đất Phường An Phú Đông vị trí đẹp cho thuê gần metro,rent,mid_range,6.5,1.0
evt_103528,usr_1233,sess_1233_0,45240198,share,2026-01-16T11:06:18Z,22,homepage,2.413,False,tìm phòng nhà đất ở Phường Đức Nhuận giá hợp lý,rent,affordable,2.3,2.0
evt_103709,usr_1245,sess_1245_1,44756781,view,2026-01-16T11:38:02Z,16,search_bar,0.545,False,"nhà ở Phường Cầu Ông Lãnh thoáng mát 3pn, ổn định",buy_for_living,mid_range,8.0,3.0
evt_101226,usr_1083,sess_1083_0,39770672,contact,2026-01-16T11:42:42Z,137,ai_recommendation,4.739,False,tìm căn hộ Phường An Khánh vị trí đẹp tiềm năng tăng giá,investment,affordable,2.5,2.0
evt_103237,usr_1213,sess_1213_0,44748012,share,2026-01-16T13:24:44Z,325,ai_recommendation,4.0,False,"cần mua căn hộ 0 phòng ngủ ở Phường Long Bình để ở, rẻ một chút",buy_for_living,mid_range,6.9,1.0
evt_101337,usr_1090,sess_1090_1,44955264,view,2026-01-16T13:47:53Z,95,ai_recommendation,0.878,False,"cần mua nhà đất 4 phòng ngủ ở Xã Nhà Bè để ở, giá tốt",buy_for_living,affordable,2.9,2.0
evt_101000,usr_1067,sess_1067_0,45236779,save,2026-01-16T16:16:48Z,52,search_bar,2.291,False,"mua nhà đất đầu tư ở Phường Tân Sơn Nhất pháp lý rõ ràng, giá tốt",investment,luxury,29.4,2.0
evt_103597,usr_1237,sess_1237_2,44666611,contact,2026-01-16T16:27:37Z,100,related_items,4.439,False,thuê nhà đất Phường Bình Trị Đông 4 phòng ngủ sang trọng,rent,mid_range,6.5,2.0
evt_102783,usr_1185,sess_1185_1,44880200,share,2026-01-16T16:54:30Z,62,related_items,3.188,False,căn hộ Xã Tân Nhựt khu nhà giàu cho vợ chồng mới cưới,buy_for_living,mid_range,5.7,1.0
evt_104156,usr_1275,sess_1275_0,44958631,save,2026-01-16T16:56:15Z,157,ai_recommendation,2.922,False,nhà đất Phường An Hội Tây vị trí đẹp dòng tiền tốt,investment,affordable,2.5,3.0
evt_103463,usr_1229,sess_1229_1,45140058,view,2026-01-16T17:16:47Z,6,homepage,0.374,True,nhà đất Phường Tăng Nhơn Phú giá rẻ dòng tiền tốt,investment,affordable,2.6,2.0
evt_101726,usr_1118,sess_1118_0,44637565,view,2026-01-16T17:20:31Z,60,ai_recommendation,0.791,False,tìm nhà đất Xã Nhà Bè giá mềm tiềm năng tăng giá,investment,mid_range,6.3,2.0
evt_103110,usr_1206,sess_1206_0,45230039,view,2026-01-16T17:28:05Z,159,ai_recommendation,0.976,False,tìm nhà đất Phường Xóm Chiếu ổn định tiềm năng tăng giá,investment,affordable,2.5,2.0
evt_100799,usr_1053,sess_1053_1,45161667,contact,2026-01-16T17:30:48Z,33,ai_recommendation,3.392,False,"cần mua nhà đất 2 phòng ngủ ở Phường Hòa Hưng để ở, giá tốt",buy_for_living,affordable,2.8,1.0
evt_102626,usr_1175,sess_1175_0,45075802,save,2026-01-16T17:58:25Z,18,related_items,1.699,False,tìm nhà đất Phường Gò Vấp giá mềm gần trường học,buy_for_living,mid_range,5.5,2.0
evt_104368,usr_1289,sess_1289_1,44868771,share,2026-01-16T18:11:15Z,22,search_bar,2.413,False,nhà đất Phường Thạnh Mỹ Tây khu nhà giàu dòng tiền tốt,investment,affordable,3.0,1.0
evt_101325,usr_1089,sess_1089_1,44922077,view,2026-01-16T18:21:36Z,8,ai_recommendation,0.423,True,căn hộ Phường Tam Bình giá mềm cho gia đình,buy_for_living,affordable,2.5,2.0
evt_104319,usr_1286,sess_1286_0,43017696,view,2026-01-16T19:26:16Z,58,ai_recommendation,0.784,False,tìm phòng nhà đất ở Phường Hòa Hưng rẻ một chút,rent,affordable,2.6,1.0
evt_100539,usr_1034,sess_1034_0,45189282,share,2026-01-16T20:00:50Z,69,ai_recommendation,3.269,False,nhà đất Phường Bình Trưng cao cấp dòng tiền tốt,investment,luxury,27.7,2.0
evt_103217,usr_1212,sess_1212_1,45188401,view,2026-01-16T20:43:31Z,195,ai_recommendation,1.0,False,"cần thuê nhà đất Phường Thới Hòa full nội thất, khu nhà giàu",rent,mid_range,7.1,2.0
evt_103906,usr_1258,sess_1258_0,43857274,save,2026-01-16T21:23:58Z,34,search_bar,2.052,False,thuê nhà đất Phường Tân Bình 0 phòng ngủ khu nhà giàu,rent,affordable,2.6,1.0
evt_103850,usr_1255,sess_1255_1,45203024,save,2026-01-16T22:03:21Z,51,ai_recommendation,2.28,False,"nhà ở Phường An Hội Tây thoáng mát 2pn, giá rẻ",buy_for_living,mid_range,6.8,1.0
evt_100214,usr_1013,sess_1013_0,45205957,view,2026-01-16T23:21:04Z,21,search_bar,0.595,False,nhà đất Phường Bình Thạnh rẻ một chút cho gia đình,buy_for_living,affordable,2.4,2.0
evt_102664,usr_1178,sess_1178_0,44593015,save,2026-01-16T23:49:39Z,37,homepage,2.099,False,tìm nhà đất Phường Tân Thuận giá hợp lý gần trường học,buy_for_living,mid_range,7.2,2.0
evt_100791,usr_1053,sess_1053_1,45211053,view,2026-01-17T00:45:28Z,34,ai_recommendation,0.684,False,"nhà ở Phường An Hội Tây thoáng mát 3pn, giá tốt",buy_for_living,affordable,2.8,1.0
evt_104112,usr_1272,sess_1272_0,44631355,save,2026-01-17T00:47:48Z,31,homepage,2.0,False,căn hộ Phường Long Bình bình dân cho gia đình,buy_for_living,affordable,2.7,2.0
evt_102514,usr_1168,sess_1168_0,45177307,save,2026-01-17T00:58:04Z,43,related_items,2.184,False,tìm nhà đất Phường Thới An giá hợp lý tiềm năng tăng giá,investment,mid_range,6.7,2.0
evt_102333,usr_1157,sess_1157_0,44516802,view,2026-01-17T01:04:32Z,20,homepage,0.586,False,căn hộ Phường An Khánh bình dân cho vợ chồng mới cưới,buy_for_living,affordable,2.3,2.0
evt_102993,usr_1198,sess_1198_0,44742356,view,2026-01-17T01:33:56Z,5,ai_recommendation,0.345,True,"cần mua căn hộ 2 phòng ngủ ở Phường Vĩnh Hội để ở, khu nhà giàu",buy_for_living,affordable,2.2,2.0
evt_104144,usr_1274,sess_1274_1,45177946,view,2026-01-17T01:53:37Z,21,ai_recommendation,0.595,False,nhà đất Phường Bàn Cờ giá hợp lý cho gia đình,buy_for_living,mid_range,5.5,2.0
evt_103317,usr_1218,sess_1218_1,40679443,view,2026-01-17T03:33:23Z,39,homepage,0.71,False,nhà đất Phường Long Trường cao cấp dòng tiền tốt,investment,mid_range,6.1,3.0
evt_101386,usr_1094,sess_1094_2,44406217,save,2026-01-17T04:03:18Z,74,ai_recommendation,2.492,False,"cần mua căn hộ 1 phòng ngủ ở Phường Long Bình để ở, giá tốt",buy_for_living,affordable,2.8,1.0
evt_101345,usr_1091,sess_1091_0,44467169,save,2026-01-17T04:22:17Z,39,homepage,2.129,False,nhà đất Xã Nhà Bè giá hợp lý cho vợ chồng mới cưới,buy_for_living,mid_range,6.9,2.0
evt_103753,usr_1248,sess_1248_0,45078531,contact,2026-01-17T04:36:03Z,40,ai_recommendation,3.572,False,căn hộ Xã Xuân Thới Sơn giá rẻ dòng tiền tốt,investment,affordable,2.3,2.0
evt_101114,usr_1077,sess_1077_2,45196185,save,2026-01-17T05:18:35Z,163,search_bar,2.943,False,căn hộ Phường Minh Phụng tầm trung cho vợ chồng mới cưới,buy_for_living,luxury,29.0,1.0
evt_103362,usr_1222,sess_1222_1,45078531,view,2026-01-17T05:53:12Z,79,search_bar,0.843,False,"nhà ở Xã Xuân Thới Sơn thoáng mát 2pn, rẻ một chút",buy_for_living,affordable,2.7,2.0
evt_102313,usr_1156,sess_1156_0,44604418,view,2026-01-17T06:50:29Z,17,search_bar,0.556,False,nhà đất Phường An Đông tầm trung dòng tiền tốt,investment,luxury,19.7,3.0
evt_100373,usr_1024,sess_1024_2,45263838,view,2026-01-17T07:04:45Z,113,ai_recommendation,0.911,False,tìm phòng nhà đất ở Phường An Lạc giá vừa phải,rent,mid_range,6.4,2.0
evt_102801,usr_1186,sess_1186_1,44995325,view,2026-01-17T07:55:38Z,16,related_items,0.545,False,"nhà ở Phường Phú Thạnh thoáng mát 4pn, giá vừa phải",buy_for_living,luxury,28.1,2.0
evt_103470,usr_1229,sess_1229_1,45163490,view,2026-01-17T08:19:00Z,44,search_bar,0.732,False,"mua nhà đất đầu tư ở Phường Hiệp Bình pháp lý rõ ràng, giá mềm",investment,affordable,2.6,2.0
evt_100150,usr_1010,sess_1010_0,45079310,save,2026-01-17T09:18:29Z,380,homepage,3.0,False,"cần mua nhà đất 2 phòng ngủ ở Phường Xuân Hòa để ở, rẻ một chút",buy_for_living,affordable,2.3,2.0
evt_102926,usr_1194,sess_1194_0,45226656,share,2026-01-17T10:57:29Z,10,homepage,1.845,False,nhà đất Phường Tân Sơn Nhất rẻ một chút cho thuê gần metro,rent,mid_range,5.7,2.0
evt_103938,usr_1260,sess_1260_0,44756510,view,2026-01-17T11:01:01Z,99,related_items,0.886,False,"cần mua căn hộ 2 phòng ngủ ở Phường Long Bình để ở, vị trí đẹp",buy_for_living,affordable,2.8,2.0
evt_102578,usr_1172,sess_1172_2,44713426,view,2026-01-17T12:40:02Z,130,ai_recommendation,0.938,False,tìm nhà đất Phường Bàn Cờ sang trọng gần trường học,buy_for_living,affordable,2.5,1.0
evt_100486,usr_1031,sess_1031_1,44716797,contact,2026-01-17T12:58:37Z,73,ai_recommendation,4.14,False,"nhà ở Phường An Hội Tây thoáng mát 4pn, bình dân",buy_for_living,affordable,2.9,2.0
evt_100934,usr_1063,sess_1063_0,41315903,view,2026-01-17T13:55:56Z,33,homepage,0.678,False,"mua nhà đất đầu tư ở Phường Phú Thuận pháp lý rõ ràng, vị trí đẹp",investment,affordable,3.0,2.0
evt_102392,usr_1160,sess_1160_0,44435880,contact,2026-01-17T13:56:38Z,166,search_bar,4.923,False,"nhà ở Phường Phú Thuận thoáng mát 5pn, vị trí đẹp",buy_for_living,affordable,2.2,2.0
evt_101400,usr_1094,sess_1094_2,43533970,view,2026-01-17T14:32:02Z,31,related_items,0.667,False,tìm nhà đất Phường Tân Thuận cao cấp gần trường học,buy_for_living,affordable,2.8,1.0
evt_103489,usr_1230,sess_1230_1,44430840,view,2026-01-17T15:30:07Z,598,search_bar,1.0,False,nhà đất Phường Tân Định giá hợp lý cho gia đình,buy_for_living,affordable,2.5,2.0
evt_102106,usr_1143,sess_1143_0,45025299,view,2026-01-17T18:21:11Z,61,ai_recommendation,0.794,False,tìm nhà đất Phường Phú Nhuận bình dân gần trường học,buy_for_living,mid_range,6.9,2.0
evt_100775,usr_1051,sess_1051_0,45128189,view,2026-01-17T18:57:09Z,37,search_bar,0.7,False,"mua nhà đất đầu tư ở Phường Tân Hưng pháp lý rõ ràng, tầm trung",investment,affordable,2.7,2.0
evt_103630,usr_1239,sess_1239_2,45050264,view,2026-01-17T19:07:24Z,73,homepage,0.828,False,tìm nhà đất Phường Tân Tạo giá mềm tiềm năng tăng giá,investment,affordable,2.8,1.0
evt_101996,usr_1135,sess_1135_0,42218073,view,2026-01-17T19:09:53Z,127,ai_recommendation,0.933,False,căn hộ Phường Long Trường rẻ một chút cho gia đình,buy_for_living,affordable,2.8,1.0
evt_104317,usr_1285,sess_1285_0,45224178,view,2026-01-17T19:54:57Z,42,ai_recommendation,0.724,False,nhà đất Phường Hòa Hưng rẻ một chút cho thuê lại được,investment,affordable,2.4,2.0
evt_102633,usr_1175,sess_1175_0,44895620,view,2026-01-17T20:18:12Z,11,search_bar,0.478,False,nhà đất Phường Gia Định khu nhà giàu cho gia đình,buy_for_living,mid_range,5.5,2.0
evt_100238,usr_1014,sess_1014_0,45212157,view,2026-01-17T21:08:41Z,38,ai_recommendation,0.705,False,"nhà ở Phường Thông Tây Hội thoáng mát 3pn, giá rẻ",buy_for_living,mid_range,7.7,3.0
evt_104170,usr_1276,sess_1276_1,44731068,view,2026-01-17T21:13:35Z,24,homepage,0.619,False,"cần thuê căn hộ Phường Long Bình full nội thất, rẻ một chút",rent,affordable,2.5,2.0
evt_102314,usr_1156,sess_1156_0,44604418,save,2026-01-17T22:57:09Z,42,search_bar,2.171,False,tìm nhà đất Phường An Đông tầm trung tiềm năng tăng giá,investment,luxury,19.7,3.0
evt_102218,usr_1151,sess_1151_0,43863458,save,2026-01-18T00:00:08Z,99,search_bar,2.658,False,"nhà ở Phường Long Bình thoáng mát 1pn, bình dân",buy_for_living,mid_range,7.1,2.0
evt_102892,usr_1192,sess_1192_2,45052349,contact,2026-01-18T02:37:22Z,54,homepage,3.854,False,tìm nhà đất Phường Cầu Ông Lãnh sang trọng tiềm năng tăng giá,investment,affordable,2.3,3.0
evt_102722,usr_1181,sess_1181_1,45039093,share,2026-01-18T02:47:21Z,19,ai_recommendation,2.305,False,nhà đất Phường Bình Hưng Hòa giá vừa phải cho vợ chồng mới cưới,buy_for_living,mid_range,6.0,1.0
evt_103059,usr_1202,sess_1202_1,44284175,view,2026-01-18T02:48:10Z,7,ai_recommendation,0.4,True,căn hộ Phường Long Bình giá vừa phải cho vợ chồng mới cưới,buy_for_living,affordable,2.8,3.0
evt_100364,usr_1023,sess_1023_1,44960061,save,2026-01-18T03:20:17Z,17,related_items,1.668,False,tìm phòng nhà đất ở Xã Bình Chánh ổn định,rent,affordable,2.9,2.0
evt_102370,usr_1159,sess_1159_0,45247231,view,2026-01-18T04:15:29Z,59,ai_recommendation,0.788,False,"nhà ở Phường Phú Thuận thoáng mát 2pn, giá mềm",buy_for_living,mid_range,5.7,2.0
evt_100181,usr_1011,sess_1011_0,44018332,view,2026-01-18T04:17:39Z,7,homepage,0.4,True,"nhà ở Phường Chợ Quán thoáng mát 2pn, giá rẻ",buy_for_living,mid_range,7.4,2.0
evt_100529,usr_1034,sess_1034_0,45204210,save,2026-01-18T04:32:13Z,16,ai_recommendation,1.635,False,nhà đất Phường Gò Vấp giá hợp lý dòng tiền tốt,investment,luxury,27.7,2.0
evt_100249,usr_1015,sess_1015_1,44464713,save,2026-01-18T04:45:14Z,19,search_bar,1.729,False,căn hộ Phường An Khánh bình dân dòng tiền tốt,investment,affordable,2.1,2.0
evt_101733,usr_1118,sess_1118_1,44648382,share,2026-01-18T04:55:07Z,71,search_bar,3.291,False,nhà đất Phường Hiệp Bình giá mềm cho thuê lại được,investment,mid_range,6.3,2.0
evt_100104,usr_1006,sess_1006_0,44970216,save,2026-01-18T04:56:46Z,27,search_bar,1.923,False,nhà đất Phường Bình Hưng Hòa giá hợp lý dòng tiền tốt,investment,affordable,2.5,2.0
evt_100631,usr_1040,sess_1040_1,45189306,save,2026-01-18T05:15:46Z,82,homepage,2.55,False,nhà đất Phường Phước Long ổn định cho vợ chồng mới cưới,buy_for_living,luxury,25.7,3.0
evt_100065,usr_1003,sess_1003_0,45204788,share,2026-01-18T06:14:35Z,55,search_bar,3.097,False,nhà đất Phường Tân Hưng giá mềm dòng tiền tốt,investment,mid_range,6.0,1.0
evt_102021,usr_1137,sess_1137_2,44870654,contact,2026-01-18T06:15:08Z,37,related_items,3.499,False,căn hộ Phường Bến Thành giá rẻ dòng tiền tốt,investment,affordable,2.2,2.0
evt_101874,usr_1128,sess_1128_1,44786778,view,2026-01-18T09:33:01Z,113,ai_recommendation,0.911,False,"nhà ở Phường Phú Nhuận thoáng mát 6pn, sang trọng",buy_for_living,luxury,24.8,2.0
evt_101786,usr_1122,sess_1122_1,45260658,view,2026-01-18T11:19:20Z,73,ai_recommendation,0.828,False,"mua nhà đất đầu tư ở Phường Thuận Giao pháp lý rõ ràng, giá mềm",investment,luxury,28.5,2.0
evt_103838,usr_1254,sess_1254_0,45207570,view,2026-01-18T12:47:37Z,22,search_bar,0.603,False,nhà đất Phường Tân Hưng giá tốt dòng tiền tốt,investment,affordable,2.3,1.0
evt_103742,usr_1247,sess_1247_0,45254675,view,2026-01-18T13:42:39Z,4,search_bar,0.31,True,nhà đất Phường Tân Tạo giá mềm dòng tiền tốt,investment,affordable,2.4,2.0
evt_104500,usr_1299,sess_1299_1,45156404,share,2026-01-18T16:17:14Z,78,search_bar,3.362,False,tìm nhà đất Phường Cầu Kiệu giá rẻ gần trường học,buy_for_living,affordable,2.2,2.0
evt_102601,usr_1173,sess_1173_0,45194127,view,2026-01-18T16:35:59Z,16,ai_recommendation,0.545,False,thuê nhà đất Phường Vũng Tàu 1 phòng ngủ giá hợp lý,rent,affordable,2.5,2.0
evt_102072,usr_1141,sess_1141_0,44999864,save,2026-01-18T16:48:57Z,33,search_bar,2.035,False,"mua nhà đất đầu tư ở Xã Bình Chánh pháp lý rõ ràng, giá vừa phải",investment,mid_range,5.7,2.0
evt_104426,usr_1293,sess_1293_2,45186771,save,2026-01-18T19:28:42Z,202,search_bar,3.0,False,"cần mua căn hộ 1 phòng ngủ ở Phường Phú Thạnh để ở, rẻ một chút",buy_for_living,affordable,2.9,2.0
evt_101693,usr_1115,sess_1115_0,43284851,share,2026-01-18T19:31:02Z,21,search_bar,2.378,False,căn hộ Phường Long Bình sang trọng cho thuê lại được,investment,mid_range,7.4,1.0
evt_102985,usr_1197,sess_1197_0,45245193,view,2026-01-18T19:36:13Z,27,related_items,0.641,False,"nhà ở Phường An Hội Tây thoáng mát 3pn, rẻ một chút",buy_for_living,affordable,2.4,2.0
evt_102310,usr_1156,sess_1156_0,45126932,share,2026-01-18T19:43:06Z,68,ai_recommendation,3.258,False,nhà đất Phường Phú Thuận khu nhà giàu dòng tiền tốt,investment,luxury,19.7,3.0
evt_104281,usr_1283,sess_1283_2,44259861,save,2026-01-18T19:59:36Z,16,homepage,1.635,False,nhà đất Phường Xóm Chiếu tầm trung cho thuê lại được,investment,luxury,19.0,2.0
evt_102193,usr_1150,sess_1150_1,45056721,view,2026-01-18T20:35:26Z,35,search_bar,0.689,False,nhà đất Phường Tân Sơn Nhì giá mềm cho thuê lại được,investment,affordable,2.9,2.0
evt_100057,usr_1003,sess_1003_0,43182533,save,2026-01-18T21:55:15Z,202,homepage,3.0,False,tìm nhà đất Phường Vũng Tàu vị trí đẹp tiềm năng tăng giá,investment,mid_range,6.0,1.0
evt_102771,usr_1184,sess_1184_0,45019432,view,2026-01-18T21:55:40Z,36,search_bar,0.695,False,"cần mua nhà đất 4 phòng ngủ ở Phường An Lạc để ở, vị trí đẹp",buy_for_living,luxury,24.9,1.0
evt_103952,usr_1261,sess_1261_0,44870935,view,2026-01-18T21:56:47Z,127,ai_recommendation,0.933,False,tìm căn hộ Phường Cầu Ông Lãnh rẻ một chút tiềm năng tăng giá,investment,affordable,2.1,2.0
evt_100576,usr_1037,sess_1037_0,45269276,save,2026-01-18T22:38:02Z,71,ai_recommendation,2.468,False,nhà đất Phường Phú Định giá mềm dòng tiền tốt,investment,affordable,2.9,1.0
evt_104165,usr_1276,sess_1276_1,44734340,save,2026-01-18T22:43:10Z,391,homepage,3.0,False,"cần thuê nhà đất Phường Xóm Chiếu full nội thất, giá tốt",rent,affordable,2.5,2.0
evt_103216,usr_1212,sess_1212_0,44464667,save,2026-01-18T22:50:35Z,90,homepage,2.603,False,căn hộ Phường Long Bình ổn định cho thuê gần metro,rent,mid_range,7.1,2.0
evt_104078,usr_1270,sess_1270_0,44814841,save,2026-01-18T23:34:59Z,64,search_bar,2.409,False,nhà đất Phường An Hội Tây ổn định cho thuê lại được,investment,mid_range,7.0,2.0
evt_103250,usr_1214,sess_1214_1,45072815,view,2026-01-19T00:14:55Z,24,search_bar,0.619,False,tìm phòng căn hộ ở Phường Bình Phú giá rẻ,rent,affordable,2.6,2.0
evt_102063,usr_1140,sess_1140_0,44994529,view,2026-01-19T01:13:25Z,95,ai_recommendation,0.878,False,nhà đất Phường Gò Vấp bình dân cho vợ chồng mới cưới,buy_for_living,affordable,2.4,2.0
evt_101057,usr_1072,sess_1072_0,45139954,view,2026-01-19T01:15:56Z,17,ai_recommendation,0.556,False,thuê nhà đất Phường Tăng Nhơn Phú 3 phòng ngủ khu nhà giàu,rent,mid_range,7.4,1.0
evt_101438,usr_1097,sess_1097_1,43900366,view,2026-01-19T01:26:02Z,22,search_bar,0.603,False,nhà đất Phường Long Bình khu nhà giàu cho thuê lại được,investment,affordable,2.4,2.0
evt_104195,usr_1278,sess_1278_1,45230039,view,2026-01-19T01:41:57Z,51,ai_recommendation,0.76,False,"cần mua nhà đất 4 phòng ngủ ở Phường Xóm Chiếu để ở, ổn định",buy_for_living,mid_range,6.6,2.0
evt_100064,usr_1003,sess_1003_0,45146401,view,2026-01-19T02:11:10Z,249,ai_recommendation,1.0,False,"mua nhà đất đầu tư ở Phường Phú Nhuận pháp lý rõ ràng, giá mềm",investment,mid_range,6.0,1.0
evt_101476,usr_1100,sess_1100_1,44288363,save,2026-01-19T02:14:29Z,128,search_bar,2.805,False,"cần thuê căn hộ Phường Long Bình full nội thất, tầm trung",rent,affordable,2.4,2.0
evt_104516,usr_1299,sess_1299_0,45140720,view,2026-01-19T02:36:40Z,30,search_bar,0.661,False,"nhà ở Phường Tân Sơn Nhất thoáng mát 4pn, giá vừa phải",buy_for_living,affordable,2.2,2.0
evt_102439,usr_1164,sess_1164_2,45116083,save,2026-01-19T02:57:25Z,202,related_items,3.0,False,"nhà ở Phường Tân Sơn Hòa thoáng mát 3pn, ổn định",buy_for_living,affordable,2.9,2.0
evt_101329,usr_1089,sess_1089_0,44650774,save,2026-01-19T03:11:47Z,15,ai_recommendation,1.6,False,nhà đất Xã Nhà Bè khu nhà giàu cho gia đình,buy_for_living,affordable,2.5,2.0
evt_104272,usr_1282,sess_1282_1,45209882,view,2026-01-19T03:43:32Z,44,ai_recommendation,0.732,False,"cần mua căn hộ 4 phòng ngủ ở Phường Cát Lái để ở, sang trọng",buy_for_living,affordable,2.6,2.0
evt_101982,usr_1134,sess_1134_0,44403119,view,2026-01-19T04:19:21Z,22,search_bar,0.603,False,tìm căn hộ Phường Long Bình giá rẻ gần trường học,buy_for_living,mid_range,6.1,2.0
evt_100284,usr_1017,sess_1017_1,45200898,save,2026-01-19T04:36:40Z,27,ai_recommendation,1.923,False,tìm phòng nhà đất ở Phường Xuân Hòa giá rẻ,rent,mid_range,7.6,2.0
evt_103008,usr_1199,sess_1199_0,45190792,view,2026-01-19T05:03:09Z,462,search_bar,1.0,False,nhà đất Phường Bình Trị Đông tầm trung cho thuê gần metro,rent,affordable,2.2,2.0
evt_102169,usr_1148,sess_1148_0,41316802,share,2026-01-19T06:04:39Z,24,search_bar,2.477,False,nhà đất Phường Hiệp Bình sang trọng dòng tiền tốt,investment,mid_range,7.4,2.0
evt_103559,usr_1235,sess_1235_2,45109123,view,2026-01-19T06:37:39Z,32,homepage,0.673,False,"nhà ở Phường Tân Tạo thoáng mát 80pn, khu nhà giàu",buy_for_living,affordable,2.3,3.0
evt_101185,usr_1081,sess_1081_0,44910730,save,2026-01-19T07:30:45Z,82,homepage,2.55,False,tìm nhà đất Phường Tăng Nhơn Phú khu nhà giàu gần trường học,buy_for_living,affordable,2.3,1.0
evt_101806,usr_1123,sess_1123_1,43578966,view,2026-01-19T08:30:41Z,27,ai_recommendation,0.641,False,tìm nhà đất Phường Xuân Hòa cao cấp tiềm năng tăng giá,investment,affordable,2.7,2.0
evt_100876,usr_1058,sess_1058_0,45199407,view,2026-01-19T08:58:11Z,101,related_items,0.89,False,nhà đất Phường An Phú Đông bình dân dòng tiền tốt,investment,affordable,2.9,2.0
evt_103996,usr_1264,sess_1264_0,45142553,save,2026-01-19T09:41:59Z,35,ai_recommendation,2.068,False,"nhà ở Phường Vườn Lài thoáng mát 2pn, giá tốt",buy_for_living,mid_range,6.7,1.0
evt_100977,usr_1066,sess_1066_1,44638795,view,2026-01-19T10:57:21Z,102,related_items,0.892,False,"nhà ở Phường Nhiêu Lộc thoáng mát 4pn, bình dân",buy_for_living,mid_range,6.7,2.0
evt_100092,usr_1005,sess_1005_0,44829409,view,2026-01-19T11:16:39Z,68,related_items,0.814,False,"cần mua nhà đất 4 phòng ngủ ở Xã Nhà Bè để ở, ổn định",buy_for_living,affordable,2.8,2.0
evt_102832,usr_1188,sess_1188_1,44538856,view,2026-01-19T11:22:38Z,36,homepage,0.695,False,nhà đất Phường Tân Sơn Hòa ổn định cho gia đình,buy_for_living,mid_range,6.8,3.0
evt_100764,usr_1051,sess_1051_0,43693887,save,2026-01-19T11:29:16Z,50,search_bar,2.269,False,tìm căn hộ Phường Long Bình giá rẻ tiềm năng tăng giá,investment,affordable,2.7,2.0
evt_103122,usr_1206,sess_1206_0,43693887,view,2026-01-19T13:15:16Z,84,ai_recommendation,0.855,False,căn hộ Phường Long Bình rẻ một chút dòng tiền tốt,investment,affordable,2.5,2.0
evt_101450,usr_1098,sess_1098_0,44585453,view,2026-01-19T13:41:42Z,39,search_bar,0.71,False,căn hộ Phường Long Bình tầm trung cho vợ chồng mới cưới,buy_for_living,affordable,2.1,2.0
evt_103942,usr_1261,sess_1261_0,45179131,contact,2026-01-19T14:28:46Z,30,search_bar,3.303,False,"mua nhà đất đầu tư ở Phường An Lạc pháp lý rõ ràng, giá mềm",investment,affordable,2.1,2.0
evt_102846,usr_1189,sess_1189_0,45206999,view,2026-01-19T14:32:06Z,274,ai_recommendation,1.0,False,tìm nhà đất Xã Nhà Bè giá mềm gần trường học,buy_for_living,affordable,2.2,2.0
evt_101949,usr_1133,sess_1133_1,44427897,view,2026-01-19T16:16:25Z,49,search_bar,0.753,False,tìm phòng căn hộ ở Phường An Khánh bình dân,rent,luxury,26.3,2.0
evt_100169,usr_1011,sess_1011_0,45148125,view,2026-01-19T16:26:06Z,16,ai_recommendation,0.545,False,"nhà ở Phường Phú Nhuận thoáng mát 9pn, khu nhà giàu",buy_for_living,mid_range,7.4,2.0
evt_103227,usr_1212,sess_1212_0,42104888,view,2026-01-19T17:16:41Z,33,ai_recommendation,0.678,False,nhà đất Phường Cầu Ông Lãnh vị trí đẹp cho thuê gần metro,rent,mid_range,7.1,2.0
evt_100622,usr_1040,sess_1040_1,44922460,view,2026-01-19T18:07:25Z,162,related_items,0.98,False,"nhà ở Xã Nhà Bè thoáng mát 4pn, giá vừa phải",buy_for_living,luxury,25.7,3.0
evt_101328,usr_1089,sess_1089_1,45245657,view,2026-01-19T18:39:35Z,91,search_bar,0.87,False,"nhà ở Phường Thới An thoáng mát 4pn, bình dân",buy_for_living,affordable,2.5,2.0
evt_103397,usr_1225,sess_1225_0,43685879,view,2026-01-19T19:24:34Z,34,search_bar,0.684,False,"nhà ở Xã Nhà Bè thoáng mát 4pn, sang trọng",buy_for_living,mid_range,7.0,2.0
evt_101311,usr_1088,sess_1088_0,45194899,view,2026-01-19T20:03:47Z,49,search_bar,0.753,False,căn hộ Xã Tân Nhựt giá tốt cho gia đình,buy_for_living,affordable,3.0,2.0
evt_100426,usr_1027,sess_1027_2,45206703,save,2026-01-19T20:20:00Z,426,homepage,3.0,False,"nhà ở Phường Tân Sơn Nhất thoáng mát 3pn, rẻ một chút",buy_for_living,mid_range,7.8,3.0
evt_102717,usr_1181,sess_1181_0,44803935,share,2026-01-19T20:32:25Z,59,search_bar,3.15,False,"nhà ở Phường Cầu Ông Lãnh thoáng mát 3pn, giá tốt",buy_for_living,mid_range,6.0,1.0
evt_100267,usr_1016,sess_1016_0,43698050,save,2026-01-19T20:43:35Z,18,ai_recommendation,1.699,False,nhà đất Phường Bàn Cờ khu nhà giàu cho gia đình,buy_for_living,mid_range,7.3,3.0
evt_100060,usr_1003,sess_1003_0,43232221,contact,2026-01-19T21:11:05Z,13,homepage,2.538,False,"mua nhà đất đầu tư ở Phường Hiệp Bình pháp lý rõ ràng, khu nhà giàu",investment,mid_range,6.0,1.0
evt_102417,usr_1162,sess_1162_2,45143438,contact,2026-01-19T21:57:09Z,64,ai_recommendation,4.015,False,"cần mua nhà đất 0 phòng ngủ ở Phường Tân Thuận để ở, giá mềm",buy_for_living,affordable,2.6,1.0
evt_102786,usr_1185,sess_1185_1,44857952,share,2026-01-19T23:01:18Z,45,ai_recommendation,2.946,False,nhà đất Xã Nhà Bè sang trọng cho vợ chồng mới cưới,buy_for_living,mid_range,5.7,1.0
evt_103997,usr_1264,sess_1264_0,44463660,view,2026-01-19T23:47:43Z,129,ai_recommendation,0.936,False,"nhà ở Phường Long Bình thoáng mát 2pn, ổn định",buy_for_living,mid_range,6.7,1.0
evt_104337,usr_1287,sess_1287_1,45136662,view,2026-01-20T00:14:18Z,19,search_bar,0.576,False,nhà đất Xã Nhà Bè bình dân cho gia đình,buy_for_living,affordable,2.4,2.0
evt_103186,usr_1210,sess_1210_1,43550205,save,2026-01-20T01:04:43Z,29,related_items,1.963,False,"cần mua nhà đất 3 phòng ngủ ở Phường Đức Nhuận để ở, giá hợp lý",buy_for_living,luxury,26.3,2.0
evt_103657,usr_1241,sess_1241_0,45151240,view,2026-01-20T02:16:06Z,133,related_items,0.942,False,nhà đất Phường Bảy Hiền giá mềm dòng tiền tốt,investment,mid_range,7.2,2.0
evt_101753,usr_1120,sess_1120_0,45117695,view,2026-01-20T02:24:33Z,32,ai_recommendation,0.673,False,nhà đất Phường Thông Tây Hội khu nhà giàu cho vợ chồng mới cưới,buy_for_living,affordable,2.6,2.0
evt_100808,usr_1053,sess_1053_2,41340827,view,2026-01-20T03:14:41Z,44,ai_recommendation,0.732,False,nhà đất Phường Phú Thuận cao cấp cho vợ chồng mới cưới,buy_for_living,affordable,2.8,1.0
evt_103933,usr_1260,sess_1260_0,45007050,view,2026-01-20T04:06:25Z,112,ai_recommendation,0.909,False,căn hộ Phường Chợ Lớn cao cấp cho vợ chồng mới cưới,buy_for_living,affordable,2.8,2.0
evt_102828,usr_1188,sess_1188_1,45245900,save,2026-01-20T04:50:19Z,47,search_bar,2.234,False,"cần mua nhà đất 2 phòng ngủ ở Phường Bình Lợi Trung để ở, giá tốt",buy_for_living,mid_range,6.8,3.0
evt_103077,usr_1204,sess_1204_0,44416135,share,2026-01-20T04:56:37Z,52,related_items,3.055,False,căn hộ Phường Bến Thành giá mềm cho vợ chồng mới cưới,buy_for_living,affordable,2.7,2.0
evt_103740,usr_1247,sess_1247_1,44781667,view,2026-01-20T05:31:05Z,68,ai_recommendation,0.814,False,"mua căn hộ đầu tư ở Phường Bình Trưng pháp lý rõ ràng, giá vừa phải",investment,affordable,2.4,2.0
evt_100432,usr_1028,sess_1028_0,44717765,save,2026-01-20T06:48:13Z,110,homepage,2.718,False,tìm nhà đất Phường Tân Sơn Hòa sang trọng gần trường học,buy_for_living,affordable,2.2,1.0
evt_101075,usr_1074,sess_1074_0,45052349,view,2026-01-20T06:51:13Z,56,ai_recommendation,0.778,False,nhà đất Phường Cầu Ông Lãnh cao cấp cho gia đình,buy_for_living,mid_range,5.6,1.0
evt_103436,usr_1227,sess_1227_0,44991295,view,2026-01-20T07:31:16Z,29,search_bar,0.654,False,tìm nhà đất Phường Hạnh Thông ổn định tiềm năng tăng giá,investment,mid_range,6.3,2.0
evt_100420,usr_1027,sess_1027_2,45143537,view,2026-01-20T07:37:59Z,24,search_bar,0.619,False,nhà đất Phường Tân Sơn cao cấp cho gia đình,buy_for_living,mid_range,7.8,3.0
evt_103916,usr_1259,sess_1259_1,44440279,view,2026-01-20T08:06:39Z,77,homepage,0.838,False,"cần mua nhà đất 2 phòng ngủ ở Phường Thủ Đức để ở, giá mềm",buy_for_living,affordable,2.3,2.0
evt_101241,usr_1084,sess_1084_0,45142630,share,2026-01-20T09:20:38Z,236,search_bar,4.0,False,tìm nhà đất Phường Bình Phú giá hợp lý gần trường học,buy_for_living,mid_range,7.2,2.0
evt_101100,usr_1076,sess_1076_1,45121026,view,2026-01-20T09:27:55Z,133,ai_recommendation,0.942,False,nhà đất Phường Thông Tây Hội giá vừa phải dòng tiền tốt,investment,affordable,2.8,2.0
evt_104325,usr_1286,sess_1286_0,45192385,view,2026-01-20T09:44:29Z,110,search_bar,0.906,False,"cần thuê nhà đất Phường Đức Nhuận full nội thất, giá tốt",rent,affordable,2.6,1.0
evt_102549,usr_1170,sess_1170_0,45014857,view,2026-01-20T10:11:26Z,8,ai_recommendation,0.423,True,căn hộ Phường Bến Thành bình dân cho gia đình,buy_for_living,affordable,2.5,2.0
evt_102266,usr_1154,sess_1154_0,45231422,view,2026-01-20T11:20:54Z,31,related_items,0.667,False,nhà đất Phường Thới An giá hợp lý cho gia đình,buy_for_living,affordable,2.6,3.0
evt_103340,usr_1220,sess_1220_1,45186485,view,2026-01-20T12:25:55Z,60,homepage,0.791,False,"nhà ở Phường Tăng Nhơn Phú thoáng mát 3pn, tầm trung",buy_for_living,affordable,2.6,3.0
evt_102593,usr_1173,sess_1173_1,45211193,save,2026-01-20T12:51:11Z,13,ai_recommendation,1.523,False,thuê căn hộ Xã Tân Nhựt 2 phòng ngủ giá vừa phải,rent,affordable,2.5,2.0
evt_103338,usr_1220,sess_1220_1,44900702,contact,2026-01-20T13:00:57Z,48,ai_recommendation,3.743,False,"cần mua nhà đất 2 phòng ngủ ở Phường Bình Trưng để ở, rẻ một chút",buy_for_living,affordable,2.6,3.0
evt_103297,usr_1217,sess_1217_0,45072202,contact,2026-01-20T13:03:53Z,43,search_bar,3.64,False,tìm nhà đất Phường Xuân Hòa bình dân gần trường học,buy_for_living,affordable,2.3,2.0
evt_103544,usr_1234,sess_1234_1,45246152,view,2026-01-20T13:12:00Z,86,related_items,0.859,False,tìm nhà đất Phường Phước Long rẻ một chút gần trường học,buy_for_living,affordable,2.8,2.0
evt_101365,usr_1092,sess_1092_1,44891235,view,2026-01-20T13:27:53Z,17,search_bar,0.556,False,nhà đất Xã Nhà Bè giá hợp lý cho vợ chồng mới cưới,buy_for_living,mid_range,6.4,1.0
evt_102572,usr_1171,sess_1171_1,44815299,view,2026-01-20T14:27:30Z,38,ai_recommendation,0.705,False,"cần mua căn hộ 2 phòng ngủ ở Xã Tân Nhựt để ở, giá rẻ",buy_for_living,affordable,2.7,2.0
evt_104155,usr_1275,sess_1275_0,44596070,save,2026-01-20T14:51:57Z,80,homepage,2.536,False,nhà đất Phường Bình Thạnh vị trí đẹp dòng tiền tốt,investment,affordable,2.5,3.0
evt_102587,usr_1172,sess_1172_0,45163490,save,2026-01-20T15:03:51Z,14,ai_recommendation,1.563,False,"nhà ở Phường Hiệp Bình thoáng mát 4pn, giá tốt",buy_for_living,affordable,2.5,1.0
evt_100590,usr_1038,sess_1038_0,45256250,contact,2026-01-20T16:29:57Z,24,search_bar,3.096,False,"cần mua nhà đất 2 phòng ngủ ở Phường Bình Trị Đông để ở, bình dân",buy_for_living,affordable,2.7,2.0
evt_102091,usr_1142,sess_1142_2,44200150,view,2026-01-20T16:57:26Z,8,search_bar,0.423,True,tìm phòng nhà đất ở Phường Bình Lợi Trung vị trí đẹp,rent,affordable,2.3,1.0
evt_100294,usr_1018,sess_1018_1,45213093,view,2026-01-20T19:05:53Z,42,ai_recommendation,0.724,False,tìm nhà đất Xã Nhà Bè khu nhà giàu tiềm năng tăng giá,investment,luxury,27.1,2.0
evt_104241,usr_1280,sess_1280_1,44652093,share,2026-01-20T19:23:19Z,36,ai_recommendation,2.778,False,tìm phòng nhà đất ở Phường An Phú Đông tầm trung,rent,mid_range,7.6,2.0
evt_104266,usr_1282,sess_1282_1,45245534,save,2026-01-20T19:40:40Z,159,ai_recommendation,2.929,False,nhà đất Phường Tân Thuận giá vừa phải cho vợ chồng mới cưới,buy_for_living,affordable,2.6,2.0
evt_101003,usr_1068,sess_1068_0,44127342,contact,2026-01-20T20:30:46Z,145,ai_recommendation,4.793,False,nhà đất Xã Nhà Bè vị trí đẹp cho thuê lại được,investment,mid_range,6.1,2.0
evt_104162,usr_1275,sess_1275_0,45066544,contact,2026-01-20T21:49:59Z,284,search_bar,5.0,False,"mua nhà đất đầu tư ở Phường Bình Tân pháp lý rõ ràng, giá hợp lý",investment,affordable,2.5,3.0
evt_100216,usr_1013,sess_1013_1,44796007,view,2026-01-20T23:11:09Z,283,homepage,1.0,False,tìm căn hộ Phường Tăng Nhơn Phú giá rẻ gần trường học,buy_for_living,affordable,2.4,2.0
evt_100251,usr_1015,sess_1015_1,45240822,view,2026-01-20T23:21:18Z,78,search_bar,0.841,False,căn hộ Phường An Khánh giá mềm dòng tiền tốt,investment,affordable,2.1,2.0
evt_103098,usr_1205,sess_1205_0,43492362,view,2026-01-20T23:30:36Z,26,homepage,0.634,False,căn hộ Phường Long Bình ổn định cho vợ chồng mới cưới,buy_for_living,affordable,2.2,2.0
evt_103871,usr_1256,sess_1256_0,44864335,save,2026-01-20T23:40:45Z,45,search_bar,2.209,False,tìm căn hộ Xã Tân Nhựt giá mềm gần trường học,buy_for_living,affordable,2.9,2.0
evt_103420,usr_1226,sess_1226_2,45043691,contact,2026-01-21T00:06:13Z,118,search_bar,4.597,False,nhà đất Phường Bình Thạnh khu nhà giàu cho vợ chồng mới cưới,buy_for_living,affordable,2.5,2.0
evt_102426,usr_1163,sess_1163_0,45202146,view,2026-01-21T00:36:51Z,159,ai_recommendation,0.976,False,thuê nhà đất Phường Thới An 2 phòng ngủ bình dân,rent,mid_range,7.2,3.0
evt_100951,usr_1063,sess_1063_1,45266829,save,2026-01-21T01:09:00Z,37,search_bar,2.099,False,nhà đất Phường Tân Mỹ vị trí đẹp cho thuê lại được,investment,affordable,3.0,2.0
evt_100002,usr_1000,sess_1000_0,45200939,contact,2026-01-21T01:58:29Z,33,search_bar,3.392,False,"nhà ở Phường Đức Nhuận thoáng mát 3pn, bình dân",buy_for_living,affordable,2.4,2.0
evt_103808,usr_1251,sess_1251_1,45157460,save,2026-01-21T04:04:20Z,40,ai_recommendation,2.143,False,tìm nhà đất Phường Thủ Đức khu nhà giàu gần trường học,buy_for_living,affordable,2.6,2.0
evt_101283,usr_1087,sess_1087_0,44816319,save,2026-01-21T04:09:00Z,10,homepage,1.384,False,tìm căn hộ Phường Thủ Dầu Một giá vừa phải tiềm năng tăng giá,investment,affordable,2.4,2.0
evt_104089,usr_1270,sess_1270_1,45165437,contact,2026-01-21T04:18:14Z,72,search_bar,4.127,False,"mua căn hộ đầu tư ở Phường An Đông pháp lý rõ ràng, tầm trung",investment,mid_range,7.0,2.0
evt_102604,usr_1173,sess_1173_0,45205679,view,2026-01-21T05:07:51Z,139,homepage,0.951,False,nhà đất Phường Vĩnh Hội giá vừa phải cho thuê gần metro,rent,affordable,2.5,2.0
evt_100262,usr_1016,sess_1016_0,45007922,view,2026-01-21T08:11:57Z,60,ai_recommendation,0.791,False,"cần mua nhà đất 4 phòng ngủ ở Phường Tăng Nhơn Phú để ở, ổn định",buy_for_living,mid_range,7.3,3.0
evt_100288,usr_1018,sess_1018_0,45148583,save,2026-01-21T08:28:08Z,182,search_bar,3.0,False,tìm nhà đất Phường Hạnh Thông tầm trung tiềm năng tăng giá,investment,luxury,27.1,2.0
evt_101070,usr_1073,sess_1073_0,45181392,save,2026-01-21T08:35:09Z,25,ai_recommendation,1.88,False,tìm nhà đất Phường Phú Định tầm trung gần trường học,buy_for_living,mid_range,5.9,2.0
evt_103950,usr_1261,sess_1261_0,44866587,view,2026-01-21T08:47:16Z,94,search_bar,0.876,False,tìm nhà đất Xã Nhà Bè ổn định tiềm năng tăng giá,investment,affordable,2.1,2.0
evt_100108,usr_1006,sess_1006_1,45265733,view,2026-01-21T09:58:52Z,19,ai_recommendation,0.576,False,tìm căn hộ Phường An Lạc giá tốt tiềm năng tăng giá,investment,affordable,2.5,2.0
evt_101651,usr_1112,sess_1112_0,45057882,view,2026-01-21T10:30:02Z,35,ai_recommendation,0.689,False,thuê nhà đất Phường An Phú Đông 2 phòng ngủ giá tốt,rent,affordable,2.7,2.0
evt_102223,usr_1151,sess_1151_1,43548457,view,2026-01-21T10:40:38Z,55,homepage,0.774,False,tìm căn hộ Phường Tân Thuận giá vừa phải gần trường học,buy_for_living,mid_range,7.1,2.0
evt_103775,usr_1249,sess_1249_1,43552729,view,2026-01-21T11:31:56Z,34,search_bar,0.684,False,nhà đất Phường Cầu Ông Lãnh khu nhà giàu cho thuê gần metro,rent,luxury,25.2,2.0
evt_102902,usr_1192,sess_1192_2,44986524,view,2026-01-21T11:51:15Z,92,ai_recommendation,0.872,False,tìm căn hộ Xã Nhà Bè giá tốt tiềm năng tăng giá,investment,affordable,2.3,3.0
evt_104105,usr_1271,sess_1271_0,44907937,contact,2026-01-21T11:53:38Z,59,ai_recommendation,3.938,False,nhà đất Phường Phú Thuận giá hợp lý cho vợ chồng mới cưới,buy_for_living,affordable,2.8,2.0
evt_104086,usr_1270,sess_1270_0,45109121,contact,2026-01-21T12:58:55Z,33,ai_recommendation,3.392,False,nhà đất Phường Thới An rẻ một chút dòng tiền tốt,investment,mid_range,7.0,2.0
evt_102233,usr_1152,sess_1152_0,44755959,contact,2026-01-21T13:06:48Z,28,search_bar,3.239,False,nhà đất Phường Linh Xuân giá mềm cho gia đình,buy_for_living,affordable,2.7,2.0
evt_102924,usr_1194,sess_1194_0,45224513,view,2026-01-21T13:12:15Z,46,ai_recommendation,0.741,False,tìm phòng nhà đất ở Phường Tân Sơn Hòa giá mềm,rent,mid_range,5.7,2.0
evt_101333,usr_1090,sess_1090_1,44585936,contact,2026-01-21T13:13:10Z,33,search_bar,3.392,False,nhà đất Phường Bình Hưng Hòa giá rẻ cho gia đình,buy_for_living,affordable,2.9,2.0
evt_103403,usr_1225,sess_1225_0,44466821,view,2026-01-21T13:26:29Z,10,search_bar,0.461,False,căn hộ Phường Phú Nhuận giá mềm cho vợ chồng mới cưới,buy_for_living,mid_range,7.0,2.0
evt_102148,usr_1147,sess_1147_0,43959995,view,2026-01-21T13:45:50Z,676,search_bar,1.0,False,tìm căn hộ Phường Bến Thành giá mềm gần trường học,buy_for_living,affordable,2.6,1.0
evt_103105,usr_1205,sess_1205_0,45201686,share,2026-01-21T14:38:15Z,48,homepage,2.995,False,nhà đất Xã Hiệp Phước sang trọng cho vợ chồng mới cưới,buy_for_living,affordable,2.2,2.0
evt_100448,usr_1029,sess_1029_2,45185315,view,2026-01-21T14:42:06Z,19,homepage,0.576,False,"nhà ở Phường Thới An thoáng mát 4pn, vị trí đẹp",buy_for_living,affordable,2.2,2.0
evt_100255,usr_1015,sess_1015_0,43768536,save,2026-01-21T16:32:15Z,29,related_items,1.963,False,căn hộ Phường Long Bình giá vừa phải dòng tiền tốt,investment,affordable,2.1,2.0
evt_100164,usr_1010,sess_1010_0,44059221,share,2026-01-21T17:49:21Z,60,search_bar,3.163,False,"nhà ở Phường Hòa Hưng thoáng mát 0pn, ổn định",buy_for_living,affordable,2.3,2.0
evt_103936,usr_1260,sess_1260_0,45204788,contact,2026-01-21T17:53:52Z,143,ai_recommendation,4.78,False,nhà đất Phường Tân Hưng giá tốt cho vợ chồng mới cưới,buy_for_living,affordable,2.8,2.0
evt_102651,usr_1177,sess_1177_0,44117018,view,2026-01-21T19:39:11Z,80,search_bar,0.845,False,nhà đất Phường Cầu Kiệu giá hợp lý dòng tiền tốt,investment,luxury,27.7,2.0
evt_100913,usr_1061,sess_1061_0,43241856,contact,2026-01-21T19:39:45Z,22,ai_recommendation,3.016,False,"cần thuê căn hộ Phường Long Bình full nội thất, giá tốt",rent,mid_range,7.4,2.0
evt_101301,usr_1088,sess_1088_0,44281973,view,2026-01-21T23:04:19Z,71,ai_recommendation,0.823,False,"cần mua nhà đất 2 phòng ngủ ở Phường Tân Thuận để ở, giá mềm",buy_for_living,affordable,3.0,2.0
evt_103029,usr_1200,sess_1200_0,43713934,save,2026-01-21T23:22:24Z,17,ai_recommendation,1.668,False,tìm nhà đất Phường Phú Thọ sang trọng tiềm năng tăng giá,investment,mid_range,5.7,2.0
evt_103115,usr_1206,sess_1206_0,45180580,contact,2026-01-21T23:26:45Z,109,ai_recommendation,4.521,False,nhà đất Xã Hóc Môn vị trí đẹp cho thuê lại được,investment,affordable,2.5,2.0
evt_100177,usr_1011,sess_1011_1,44620918,view,2026-01-22T00:12:13Z,53,homepage,0.767,False,tìm nhà đất Xã Hóc Môn giá rẻ gần trường học,buy_for_living,mid_range,7.4,2.0
evt_101214,usr_1083,sess_1083_0,45005416,view,2026-01-22T00:58:45Z,36,ai_recommendation,0.695,False,"mua nhà đất đầu tư ở Phường Tân Hưng pháp lý rõ ràng, vị trí đẹp",investment,affordable,2.5,2.0
evt_101262,usr_1085,sess_1085_1,45174425,contact,2026-01-22T02:14:37Z,66,homepage,4.044,False,tìm nhà đất Phường Trung Mỹ Tây giá tốt tiềm năng tăng giá,investment,affordable,2.7,2.0
evt_102693,usr_1179,sess_1179_2,45261209,contact,2026-01-22T03:13:20Z,32,search_bar,3.363,False,nhà đất Phường Tân Bình khu nhà giàu dòng tiền tốt,investment,mid_range,6.4,1.0
evt_103139,usr_1207,sess_1207_0,45200970,view,2026-01-22T03:29:49Z,178,homepage,0.998,False,"cần mua nhà đất 4 phòng ngủ ở Phường Chánh Hưng để ở, cao cấp",buy_for_living,affordable,2.9,1.0
evt_103061,usr_1203,sess_1203_0,45221695,contact,2026-01-22T05:35:37Z,112,search_bar,4.547,False,"mua nhà đất đầu tư ở Phường An Phú Đông pháp lý rõ ràng, ổn định",investment,mid_range,7.8,2.0
evt_100227,usr_1014,sess_1014_0,44838169,contact,2026-01-22T07:05:57Z,181,ai_recommendation,5.0,False,"cần mua nhà đất 4 phòng ngủ ở Phường Diên Hồng để ở, rẻ một chút",buy_for_living,mid_range,7.7,3.0
evt_104403,usr_1291,sess_1291_1,44734340,contact,2026-01-22T07:18:36Z,52,ai_recommendation,3.819,False,nhà đất Phường Xóm Chiếu giá mềm cho vợ chồng mới cưới,buy_for_living,affordable,2.9,3.0
evt_103211,usr_1211,sess_1211_0,45260967,view,2026-01-22T07:42:58Z,66,homepage,0.809,False,nhà đất Phường Bảy Hiền giá mềm cho thuê gần metro,rent,affordable,2.4,2.0
evt_100784,usr_1052,sess_1052_0,44872978,view,2026-01-22T07:55:09Z,13,search_bar,0.508,False,tìm nhà đất Phường Hiệp Bình giá mềm tiềm năng tăng giá,investment,luxury,20.9,2.0
evt_103274,usr_1216,sess_1216_0,44623266,view,2026-01-22T08:49:20Z,61,search_bar,0.794,False,"cần mua nhà đất 2 phòng ngủ ở Phường Nhiêu Lộc để ở, giá mềm",buy_for_living,affordable,2.1,1.0
evt_100666,usr_1043,sess_1043_0,44632413,save,2026-01-22T09:13:40Z,38,search_bar,2.114,False,"cần mua căn hộ 2 phòng ngủ ở Phường Long Bình để ở, ổn định",buy_for_living,mid_range,7.6,2.0
evt_103986,usr_1263,sess_1263_0,45207606,share,2026-01-22T10:41:07Z,33,search_bar,2.713,False,tìm nhà đất Phường Phú Thuận ổn định tiềm năng tăng giá,investment,affordable,2.8,2.0
evt_103784,usr_1249,sess_1249_0,44709669,save,2026-01-22T12:31:29Z,82,homepage,2.55,False,"cần thuê căn hộ Phường Thạnh Mỹ Tây full nội thất, giá hợp lý",rent,luxury,25.2,2.0
evt_101823,usr_1125,sess_1125_0,45017137,contact,2026-01-22T13:21:20Z,17,search_bar,2.78,False,"nhà ở Xã Tân Nhựt thoáng mát 2pn, rẻ một chút",buy_for_living,affordable,3.0,2.0
evt_100888,usr_1059,sess_1059_1,45219725,share,2026-01-22T13:30:58Z,244,ai_recommendation,4.0,False,"cần mua căn hộ 2 phòng ngủ ở Phường Long Bình để ở, rẻ một chút",buy_for_living,affordable,2.3,2.0
evt_102297,usr_1155,sess_1155_0,44779145,contact,2026-01-22T14:12:06Z,115,search_bar,4.572,False,nhà đất Phường Khánh Hội bình dân cho gia đình,buy_for_living,affordable,3.0,2.0
evt_103616,usr_1238,sess_1238_0,44904491,contact,2026-01-22T15:36:24Z,57,ai_recommendation,3.905,False,"cần thuê nhà đất Phường Thủ Đức full nội thất, rẻ một chút",rent,mid_range,7.2,2.0
evt_101472,usr_1100,sess_1100_2,45237701,view,2026-01-22T15:52:34Z,47,ai_recommendation,0.745,False,"cần thuê nhà đất Phường Vườn Lài full nội thất, ổn định",rent,affordable,2.4,2.0
evt_103323,usr_1219,sess_1219_0,44797875,view,2026-01-22T16:25:08Z,53,related_items,0.767,False,tìm phòng nhà đất ở Xã Nhà Bè giá vừa phải,rent,affordable,2.8,2.0
evt_101795,usr_1123,sess_1123_0,44897223,view,2026-01-22T16:57:55Z,29,homepage,0.654,False,tìm căn hộ Xã Tân Nhựt giá rẻ tiềm năng tăng giá,investment,affordable,2.7,2.0
evt_101729,usr_1118,sess_1118_2,45214659,share,2026-01-22T17:30:07Z,115,search_bar,3.658,False,"mua nhà đất đầu tư ở Phường Phú Nhuận pháp lý rõ ràng, bình dân",investment,mid_range,6.3,2.0
evt_104210,usr_1279,sess_1279_0,45177946,share,2026-01-22T17:33:29Z,118,ai_recommendation,3.677,False,nhà đất Phường Bàn Cờ tầm trung cho gia đình,buy_for_living,luxury,25.2,1.0
evt_101017,usr_1069,sess_1069_1,45237880,view,2026-01-22T17:43:23Z,9,ai_recommendation,0.443,True,tìm căn hộ Phường An Hội Đông giá mềm tiềm năng tăng giá,investment,affordable,2.2,1.0
evt_100752,usr_1050,sess_1050_1,43238341,view,2026-01-22T18:02:56Z,39,ai_recommendation,0.71,False,nhà đất Phường Hòa Hưng ổn định cho thuê gần metro,rent,luxury,28.7,2.0
evt_103806,usr_1251,sess_1251_2,45147770,view,2026-01-22T18:35:23Z,44,search_bar,0.732,False,nhà đất Phường Hạnh Thông giá hợp lý cho vợ chồng mới cưới,buy_for_living,affordable,2.6,2.0
evt_103583,usr_1236,sess_1236_0,44960303,save,2026-01-22T19:01:43Z,18,ai_recommendation,1.699,False,nhà đất Phường Vườn Lài giá rẻ cho vợ chồng mới cưới,buy_for_living,mid_range,7.2,2.0
evt_101030,usr_1070,sess_1070_2,45253524,save,2026-01-22T20:15:45Z,18,search_bar,1.699,False,tìm nhà đất Phường Linh Xuân sang trọng gần trường học,buy_for_living,mid_range,7.7,2.0
evt_104163,usr_1275,sess_1275_0,45145097,contact,2026-01-22T20:40:21Z,93,ai_recommendation,4.37,False,tìm nhà đất Phường An Hội Tây cao cấp tiềm năng tăng giá,investment,affordable,2.5,3.0
evt_104427,usr_1293,sess_1293_0,43693887,view,2026-01-22T21:22:00Z,26,ai_recommendation,0.634,False,"nhà ở Phường Long Bình thoáng mát 1pn, giá tốt",buy_for_living,affordable,2.9,2.0
evt_101052,usr_1072,sess_1072_1,45225926,save,2026-01-22T22:04:15Z,39,search_bar,2.129,False,thuê nhà đất Phường Bình Tây 5 phòng ngủ cao cấp,rent,mid_range,7.4,1.0
evt_101904,usr_1130,sess_1130_0,44932665,view,2026-01-22T23:34:34Z,27,search_bar,0.641,False,nhà đất Phường Tân Tạo bình dân dòng tiền tốt,investment,affordable,2.5,1.0
evt_100340,usr_1021,sess_1021_0,45038070,view,2026-01-22T23:35:06Z,33,ai_recommendation,0.678,False,căn hộ Phường Phú Thuận giá mềm cho thuê gần metro,rent,mid_range,7.6,2.0
evt_101393,usr_1094,sess_1094_0,43725380,share,2026-01-23T00:47:09Z,409,search_bar,4.0,False,căn hộ Phường Long Bình ổn định cho vợ chồng mới cưới,buy_for_living,affordable,2.8,1.0
evt_103494,usr_1230,sess_1230_0,45102762,view,2026-01-23T01:11:43Z,37,search_bar,0.7,False,nhà đất Phường An Lạc giá rẻ cho gia đình,buy_for_living,affordable,2.5,2.0
evt_104405,usr_1291,sess_1291_0,44773068,save,2026-01-23T01:19:15Z,74,search_bar,2.492,False,tìm nhà đất Phường Cầu Ông Lãnh giá vừa phải gần trường học,buy_for_living,affordable,2.9,3.0
evt_101192,usr_1081,sess_1081_0,42806581,view,2026-01-23T02:01:31Z,9,related_items,0.443,True,tìm nhà đất Phường Phú Nhuận vị trí đẹp gần trường học,buy_for_living,affordable,2.3,1.0
evt_104264,usr_1282,sess_1282_1,45147655,view,2026-01-23T02:10:10Z,59,homepage,0.788,False,"cần mua nhà đất 4 phòng ngủ ở Phường Nhiêu Lộc để ở, giá vừa phải",buy_for_living,affordable,2.6,2.0
evt_102394,usr_1161,sess_1161_2,44734124,contact,2026-01-23T02:43:55Z,69,related_items,4.086,False,căn hộ Phường An Khánh giá hợp lý dòng tiền tốt,investment,affordable,2.2,2.0
evt_103839,usr_1254,sess_1254_1,44282818,view,2026-01-23T02:59:12Z,50,homepage,0.756,False,tìm căn hộ Phường Bình Lợi Trung giá rẻ tiềm năng tăng giá,investment,affordable,2.3,1.0
evt_100829,usr_1055,sess_1055_0,45107518,view,2026-01-23T03:13:51Z,119,ai_recommendation,0.921,False,tìm nhà đất Phường Phú Thuận cao cấp tiềm năng tăng giá,investment,affordable,2.7,3.0
evt_102797,usr_1186,sess_1186_1,44454746,view,2026-01-23T03:26:18Z,44,homepage,0.732,False,nhà đất Phường Phú Nhuận cao cấp cho gia đình,buy_for_living,luxury,28.1,2.0
evt_102562,usr_1170,sess_1170_2,44753361,view,2026-01-23T07:25:28Z,59,ai_recommendation,0.788,False,tìm căn hộ Xã Tân Nhựt bình dân gần trường học,buy_for_living,affordable,2.5,2.0
evt_103265,usr_1215,sess_1215_0,45143221,save,2026-01-23T07:38:31Z,31,search_bar,2.0,False,tìm nhà đất Xã Nhà Bè giá rẻ tiềm năng tăng giá,investment,affordable,2.8,2.0
evt_100733,usr_1049,sess_1049_0,45140720,view,2026-01-23T11:12:51Z,140,homepage,0.952,False,"nhà ở Phường Tân Sơn Nhất thoáng mát 4pn, giá vừa phải",buy_for_living,affordable,2.8,1.0
evt_101820,usr_1124,sess_1124_0,45083831,view,2026-01-23T12:30:09Z,9,ai_recommendation,0.443,True,nhà đất Phường An Lạc vị trí đẹp cho thuê lại được,investment,affordable,2.4,2.0
evt_102150,usr_1147,sess_1147_0,43530901,save,2026-01-23T12:53:20Z,98,ai_recommendation,2.652,False,tìm nhà đất Xã Trừ Văn Thố giá vừa phải gần trường học,buy_for_living,affordable,2.6,1.0
evt_102300,usr_1156,sess_1156_0,44899680,view,2026-01-23T14:29:38Z,33,ai_recommendation,0.678,False,"mua nhà đất đầu tư ở Phường Tân Bình pháp lý rõ ràng, khu nhà giàu",investment,luxury,19.7,3.0
evt_103377,usr_1223,sess_1223_0,44991650,view,2026-01-23T14:30:47Z,37,ai_recommendation,0.7,False,nhà đất Phường Phú Thọ Hòa sang trọng cho gia đình,buy_for_living,affordable,2.4,3.0
evt_101940,usr_1132,sess_1132_0,44523302,view,2026-01-23T14:44:59Z,7,related_items,0.4,True,nhà đất Phường Tân Hưng cao cấp dòng tiền tốt,investment,luxury,20.8,1.0
evt_103549,usr_1234,sess_1234_0,45231927,save,2026-01-23T15:10:27Z,49,search_bar,2.258,False,nhà đất Phường Phú Thuận ổn định cho gia đình,buy_for_living,affordable,2.8,2.0
evt_101196,usr_1082,sess_1082_0,45185315,view,2026-01-23T16:52:18Z,31,ai_recommendation,0.667,False,"cần mua nhà đất 4 phòng ngủ ở Phường Thới An để ở, cao cấp",buy_for_living,affordable,2.6,2.0
evt_103605,usr_1237,sess_1237_2,44979444,view,2026-01-23T16:56:12Z,58,ai_recommendation,0.784,False,nhà đất Phường Thông Tây Hội giá tốt cho thuê gần metro,rent,mid_range,6.5,2.0
evt_102361,usr_1159,sess_1159_0,42742297,share,2026-01-23T17:27:43Z,44,related_items,2.929,False,"cần mua nhà đất 2 phòng ngủ ở Xã Nhà Bè để ở, giá mềm",buy_for_living,mid_range,5.7,2.0
evt_101825,usr_1125,sess_1125_0,45196417,save,2026-01-23T17:48:58Z,101,related_items,2.669,False,"cần mua nhà đất 2 phòng ngủ ở Phường Cầu Kiệu để ở, bình dân",buy_for_living,affordable,3.0,2.0
evt_102659,usr_1177,sess_1177_2,45061258,view,2026-01-23T18:05:59Z,19,ai_recommendation,0.576,False,nhà đất Phường Bình Trị Đông vị trí đẹp dòng tiền tốt,investment,luxury,27.7,2.0
evt_103461,usr_1229,sess_1229_0,45071051,view,2026-01-23T20:25:05Z,55,homepage,0.774,False,"mua nhà đất đầu tư ở Xã Bình Hưng pháp lý rõ ràng, sang trọng",investment,affordable,2.6,2.0
evt_103610,usr_1238,sess_1238_0,45161751,share,2026-01-23T20:31:09Z,35,ai_recommendation,2.757,False,nhà đất Phường Vũng Tàu cao cấp cho thuê gần metro,rent,mid_range,7.2,2.0
evt_100859,usr_1057,sess_1057_0,43489295,view,2026-01-23T21:51:35Z,62,search_bar,0.797,False,căn hộ Phường Phú Thuận giá hợp lý cho vợ chồng mới cưới,buy_for_living,affordable,2.6,3.0
evt_104083,usr_1270,sess_1270_1,44233616,view,2026-01-23T22:04:27Z,51,ai_recommendation,0.76,False,tìm nhà đất Phường Hòa Hưng ổn định tiềm năng tăng giá,investment,mid_range,7.0,2.0
evt_104109,usr_1271,sess_1271_0,45083827,view,2026-01-23T22:30:04Z,37,search_bar,0.7,False,nhà đất Phường An Phú Đông rẻ một chút cho gia đình,buy_for_living,affordable,2.8,2.0
evt_102082,usr_1141,sess_1141_0,45211803,view,2026-01-23T23:02:22Z,18,ai_recommendation,0.566,False,nhà đất Phường Diên Hồng bình dân dòng tiền tốt,investment,mid_range,5.7,2.0
evt_103475,usr_1229,sess_1229_1,43612771,view,2026-01-24T00:46:45Z,78,ai_recommendation,0.841,False,nhà đất Phường Tân Bình bình dân cho thuê lại được,investment,affordable,2.6,2.0
evt_103899,usr_1258,sess_1258_0,44041170,save,2026-01-24T01:11:45Z,67,ai_recommendation,2.435,False,tìm phòng nhà đất ở Phường Vườn Lài cao cấp,rent,affordable,2.6,1.0
evt_101511,usr_1102,sess_1102_0,45209835,save,2026-01-24T03:42:17Z,19,related_items,1.729,False,tìm nhà đất Phường Chợ Quán giá tốt tiềm năng tăng giá,investment,mid_range,7.7,2.0
evt_104432,usr_1293,sess_1293_2,44870671,share,2026-01-24T04:11:59Z,400,related_items,4.0,False,"nhà ở Xã Nhà Bè thoáng mát 4pn, ổn định",buy_for_living,affordable,2.9,2.0
evt_101396,usr_1094,sess_1094_0,45012028,view,2026-01-24T04:43:18Z,68,search_bar,0.814,False,nhà đất Phường Thông Tây Hội giá vừa phải cho vợ chồng mới cưới,buy_for_living,affordable,2.8,1.0
evt_100178,usr_1011,sess_1011_1,45245534,share,2026-01-24T05:00:33Z,387,search_bar,4.0,False,"cần mua nhà đất 3 phòng ngủ ở Phường Tân Thuận để ở, giá vừa phải",buy_for_living,mid_range,7.4,2.0
evt_102118,usr_1144,sess_1144_0,45158517,view,2026-01-24T08:25:16Z,230,ai_recommendation,1.0,False,tìm nhà đất Phường Tam Thắng cao cấp tiềm năng tăng giá,investment,luxury,28.6,1.0
evt_102404,usr_1161,sess_1161_2,44987007,save,2026-01-24T09:20:14Z,98,ai_recommendation,2.652,False,nhà đất Phường Bình Hưng Hòa giá mềm dòng tiền tốt,investment,affordable,2.2,2.0
evt_103591,usr_1237,sess_1237_1,45240961,view,2026-01-24T09:21:30Z,89,search_bar,0.866,False,"cần thuê nhà đất Xã Nhà Bè full nội thất, vị trí đẹp",rent,mid_range,6.5,2.0
evt_104410,usr_1292,sess_1292_0,44186833,view,2026-01-24T10:02:31Z,20,homepage,0.586,False,"cần mua căn hộ 2 phòng ngủ ở Phường Vĩnh Hội để ở, rẻ một chút",buy_for_living,affordable,2.6,2.0
evt_101134,usr_1078,sess_1078_0,45210622,share,2026-01-24T10:13:40Z,26,homepage,2.536,False,căn hộ Phường An Lạc giá rẻ cho vợ chồng mới cưới,buy_for_living,affordable,2.8,2.0
evt_100297,usr_1018,sess_1018_0,45265868,view,2026-01-24T10:23:57Z,41,ai_recommendation,0.719,False,"mua nhà đất đầu tư ở Phường Thông Tây Hội pháp lý rõ ràng, rẻ một chút",investment,luxury,27.1,2.0
evt_103706,usr_1245,sess_1245_1,44857859,save,2026-01-24T10:31:14Z,435,ai_recommendation,3.0,False,"cần mua nhà đất 4 phòng ngủ ở Xã Nhà Bè để ở, giá vừa phải",buy_for_living,mid_range,8.0,3.0
evt_104442,usr_1294,sess_1294_1,45255230,share,2026-01-24T10:36:48Z,116,ai_recommendation,3.664,False,tìm nhà đất Phường Thông Tây Hội tầm trung tiềm năng tăng giá,investment,luxury,22.2,2.0
evt_100157,usr_1010,sess_1010_0,45253417,save,2026-01-24T10:54:56Z,88,search_bar,2.59,False,tìm nhà đất Xã Nhà Bè giá mềm gần trường học,buy_for_living,affordable,2.3,2.0
evt_100566,usr_1036,sess_1036_0,45213303,view,2026-01-24T12:45:22Z,13,related_items,0.508,False,nhà đất Phường Bình Thới giá hợp lý dòng tiền tốt,investment,mid_range,5.6,2.0
evt_100820,usr_1054,sess_1054_0,45128308,view,2026-01-24T13:32:41Z,30,ai_recommendation,0.661,False,nhà đất Phường Tân Thuận vị trí đẹp cho thuê lại được,investment,affordable,3.0,1.0
evt_101817,usr_1124,sess_1124_0,45200939,view,2026-01-24T15:53:31Z,17,ai_recommendation,0.556,False,"mua nhà đất đầu tư ở Phường Đức Nhuận pháp lý rõ ràng, bình dân",investment,affordable,2.4,2.0
evt_104047,usr_1267,sess_1267_0,43115714,view,2026-01-24T16:01:01Z,288,search_bar,1.0,False,tìm nhà đất Xã Bà Điểm sang trọng gần trường học,buy_for_living,affordable,2.3,2.0
evt_101140,usr_1078,sess_1078_1,44880023,view,2026-01-24T16:51:30Z,46,ai_recommendation,0.741,False,"cần mua căn hộ 3 phòng ngủ ở Xã Tân Nhựt để ở, sang trọng",buy_for_living,affordable,2.8,2.0
evt_104218,usr_1279,sess_1279_0,43578966,view,2026-01-24T18:04:41Z,32,ai_recommendation,0.673,False,"nhà ở Phường Xuân Hòa thoáng mát 9pn, sang trọng",buy_for_living,luxury,25.2,1.0
evt_101811,usr_1124,sess_1124_1,43537623,contact,2026-01-24T18:14:48Z,15,search_bar,2.667,False,căn hộ Phường Long Bình giá vừa phải cho thuê lại được,investment,affordable,2.4,2.0
evt_102823,usr_1187,sess_1187_0,45222094,contact,2026-01-24T19:15:00Z,16,search_bar,2.725,False,"mua nhà đất đầu tư ở Phường Phú Thuận pháp lý rõ ràng, tầm trung",investment,affordable,2.6,2.0
evt_102877,usr_1191,sess_1191_0,45219182,contact,2026-01-24T20:54:47Z,159,ai_recommendation,4.881,False,"cần thuê căn hộ Phường Long Bình full nội thất, giá tốt",rent,mid_range,6.0,3.0
evt_101056,usr_1072,sess_1072_0,45073172,contact,2026-01-24T21:18:04Z,172,ai_recommendation,4.957,False,thuê nhà đất Phường Khánh Hội 4 phòng ngủ tầm trung,rent,mid_range,7.4,1.0
evt_101916,usr_1131,sess_1131_0,45073001,save,2026-01-24T21:34:23Z,44,ai_recommendation,2.197,False,"cần mua nhà đất 2 phòng ngủ ở Phường Linh Xuân để ở, giá mềm",buy_for_living,affordable,2.7,2.0
evt_103776,usr_1249,sess_1249_0,44495738,contact,2026-01-24T22:49:11Z,18,related_items,2.832,False,tìm phòng nhà đất ở Phường Rạch Dừa cao cấp,rent,luxury,25.2,2.0
evt_103260,usr_1215,sess_1215_0,44841772,view,2026-01-24T22:56:11Z,151,ai_recommendation,0.966,False,"mua căn hộ đầu tư ở Xã Tân Nhựt pháp lý rõ ràng, giá mềm",investment,affordable,2.8,2.0
evt_103326,usr_1219,sess_1219_0,45228435,share,2026-01-25T00:13:18Z,47,search_bar,2.979,False,"cần thuê căn hộ Phường Long Bình full nội thất, giá hợp lý",rent,affordable,2.8,2.0
evt_102496,usr_1166,sess_1166_2,45083831,view,2026-01-25T00:28:38Z,48,search_bar,0.749,False,nhà đất Phường An Lạc sang trọng cho vợ chồng mới cưới,buy_for_living,luxury,25.3,1.0
evt_104251,usr_1281,sess_1281_1,44984143,view,2026-01-25T01:07:45Z,47,homepage,0.745,False,"mua nhà đất đầu tư ở Phường Chánh Hưng pháp lý rõ ràng, sang trọng",investment,affordable,2.9,2.0
evt_103749,usr_1248,sess_1248_0,45247385,view,2026-01-25T01:21:31Z,115,homepage,0.914,False,"mua nhà đất đầu tư ở Phường Thủ Đức pháp lý rõ ràng, giá hợp lý",investment,affordable,2.3,2.0
evt_103695,usr_1244,sess_1244_0,45245632,contact,2026-01-25T01:31:28Z,60,ai_recommendation,3.954,False,căn hộ Phường Xuân Hòa giá rẻ cho vợ chồng mới cưới,buy_for_living,affordable,2.8,2.0
evt_101877,usr_1128,sess_1128_2,45247724,view,2026-01-25T01:51:57Z,55,homepage,0.774,False,"nhà ở Phường Tân Mỹ thoáng mát 2pn, giá rẻ",buy_for_living,luxury,24.8,2.0
evt_100905,usr_1060,sess_1060_0,45037091,view,2026-01-25T03:59:01Z,98,ai_recommendation,0.884,False,nhà đất Phường Tân Định rẻ một chút cho thuê lại được,investment,mid_range,6.5,1.0
evt_100210,usr_1013,sess_1013_1,44264563,view,2026-01-25T04:55:18Z,61,ai_recommendation,0.794,False,"cần mua nhà đất 0 phòng ngủ ở Phường Bình Trưng để ở, giá hợp lý",buy_for_living,affordable,2.4,2.0
evt_104007,usr_1265,sess_1265_1,44992813,contact,2026-01-25T06:27:00Z,37,related_items,3.499,False,nhà đất Phường Gia Định giá vừa phải cho thuê gần metro,rent,mid_range,6.5,1.0
evt_103023,usr_1200,sess_1200_1,45197594,save,2026-01-25T07:39:50Z,18,related_items,1.699,False,tìm nhà đất Phường Bình Lợi Trung giá mềm tiềm năng tăng giá,investment,mid_range,5.7,2.0
evt_102144,usr_1147,sess_1147_0,43851729,view,2026-01-25T07:53:40Z,110,ai_recommendation,0.906,False,tìm nhà đất Phường Thủ Đức vị trí đẹp gần trường học,buy_for_living,affordable,2.6,1.0
evt_102312,usr_1156,sess_1156_0,45042578,view,2026-01-25T09:02:22Z,42,ai_recommendation,0.724,False,nhà đất Phường Tân Sơn giá rẻ dòng tiền tốt,investment,luxury,19.7,3.0
evt_103109,usr_1206,sess_1206_0,45217838,save,2026-01-25T09:11:02Z,119,search_bar,2.763,False,căn hộ Xã Tân Nhựt ổn định cho thuê lại được,investment,affordable,2.5,2.0
evt_103278,usr_1216,sess_1216_0,44653498,contact,2026-01-25T09:28:25Z,91,search_bar,4.349,False,tìm nhà đất Phường Khánh Hội bình dân gần trường học,buy_for_living,affordable,2.1,1.0
evt_100310,usr_1019,sess_1019_1,45232601,contact,2026-01-25T09:34:26Z,61,search_bar,3.97,False,"cần mua nhà đất 4 phòng ngủ ở Phường Thông Tây Hội để ở, bình dân",buy_for_living,luxury,21.7,2.0
evt_103233,usr_1213,sess_1213_0,44156256,view,2026-01-25T09:40:37Z,45,homepage,0.736,False,"nhà ở Xã Nhà Bè thoáng mát 4pn, vị trí đẹp",buy_for_living,mid_range,6.9,1.0
evt_104058,usr_1268,sess_1268_1,45160758,view,2026-01-25T10:31:28Z,20,search_bar,0.586,False,nhà đất Phường Đức Nhuận giá tốt cho thuê gần metro,rent,mid_range,5.9,1.0
evt_103631,usr_1239,sess_1239_0,44712145,view,2026-01-25T11:04:06Z,265,search_bar,1.0,False,nhà đất Phường Bình Trưng sang trọng dòng tiền tốt,investment,affordable,2.8,1.0
evt_102834,usr_1188,sess_1188_0,44454746,contact,2026-01-25T11:15:10Z,31,homepage,3.333,False,"cần mua nhà đất 22 phòng ngủ ở Phường Phú Nhuận để ở, vị trí đẹp",buy_for_living,mid_range,6.8,3.0
evt_102509,usr_1167,sess_1167_0,45060455,contact,2026-01-25T12:10:00Z,23,related_items,3.057,False,nhà đất Phường Tân Tạo giá rẻ cho gia đình,buy_for_living,affordable,2.5,3.0
evt_102512,usr_1167,sess_1167_0,45216200,view,2026-01-25T12:33:55Z,75,ai_recommendation,0.833,False,nhà đất Phường An Hội Tây giá vừa phải cho vợ chồng mới cưới,buy_for_living,affordable,2.5,3.0
evt_101746,usr_1119,sess_1119_0,45212351,save,2026-01-25T12:45:16Z,47,related_items,2.234,False,tìm phòng căn hộ ở Phường Bình Đông giá tốt,rent,luxury,24.2,2.0
evt_102036,usr_1138,sess_1138_1,45088221,save,2026-01-25T14:16:46Z,33,related_items,2.035,False,tìm nhà đất Phường Long Trường giá vừa phải gần trường học,buy_for_living,luxury,25.7,2.0
evt_103183,usr_1210,sess_1210_1,45004726,view,2026-01-25T14:19:06Z,15,homepage,0.533,False,"cần mua nhà đất 2 phòng ngủ ở Phường Bình Trưng để ở, rẻ một chút",buy_for_living,luxury,26.3,2.0
evt_100747,usr_1050,sess_1050_1,44957857,save,2026-01-25T14:25:24Z,25,related_items,1.88,False,tìm phòng nhà đất ở Phường Phú Thuận bình dân,rent,luxury,28.7,2.0
evt_102019,usr_1137,sess_1137_2,44023941,view,2026-01-25T14:39:46Z,12,ai_recommendation,0.493,False,căn hộ Phường Long Bình giá hợp lý cho thuê lại được,investment,affordable,2.2,2.0
evt_102886,usr_1191,sess_1191_1,45196417,view,2026-01-25T14:41:19Z,33,homepage,0.678,False,tìm phòng nhà đất ở Phường Cầu Kiệu giá mềm,rent,mid_range,6.0,3.0
evt_100361,usr_1022,sess_1022_1,45230461,view,2026-01-25T14:51:47Z,29,ai_recommendation,0.654,False,nhà đất Phường Bình Lợi Trung giá tốt dòng tiền tốt,investment,affordable,2.7,2.0
evt_101706,usr_1116,sess_1116_0,44864723,save,2026-01-25T15:27:48Z,138,ai_recommendation,2.848,False,"mua nhà đất đầu tư ở Phường Khánh Hội pháp lý rõ ràng, giá vừa phải",investment,mid_range,7.6,1.0
evt_103068,usr_1203,sess_1203_0,45187377,contact,2026-01-25T16:13:40Z,35,search_bar,3.447,False,căn hộ Phường Long Bình sang trọng dòng tiền tốt,investment,mid_range,7.8,2.0
evt_102511,usr_1167,sess_1167_0,45236710,contact,2026-01-25T16:35:59Z,479,homepage,5.0,False,"cần mua căn hộ 2 phòng ngủ ở Xã Tân Nhựt để ở, ổn định",buy_for_living,affordable,2.5,3.0
evt_102591,usr_1172,sess_1172_0,45134992,save,2026-01-25T17:47:37Z,28,ai_recommendation,1.943,False,"nhà ở Phường Tân Hưng thoáng mát 46pn, sang trọng",buy_for_living,affordable,2.5,1.0
evt_101368,usr_1092,sess_1092_0,45061258,save,2026-01-25T18:43:37Z,29,ai_recommendation,1.963,False,nhà đất Phường Bình Trị Đông vị trí đẹp cho gia đình,buy_for_living,mid_range,6.4,1.0
evt_101988,usr_1135,sess_1135_0,45048496,view,2026-01-25T19:52:21Z,132,related_items,0.941,False,"nhà ở Xã Nhà Bè thoáng mát 6pn, giá rẻ",buy_for_living,affordable,2.8,1.0
evt_102412,usr_1162,sess_1162_1,44993942,view,2026-01-25T20:32:11Z,91,related_items,0.87,False,nhà đất Phường Gia Định sang trọng cho gia đình,buy_for_living,affordable,2.6,1.0
evt_103454,usr_1228,sess_1228_0,45260759,view,2026-01-25T22:04:13Z,49,homepage,0.753,False,tìm nhà đất Phường Tây Thạnh giá mềm gần trường học,buy_for_living,affordable,2.8,2.0
evt_101564,usr_1106,sess_1106_1,44708914,contact,2026-01-25T22:25:43Z,118,search_bar,4.597,False,"cần mua căn hộ 3 phòng ngủ ở Phường Chợ Lớn để ở, vị trí đẹp",buy_for_living,mid_range,5.6,1.0
evt_102811,usr_1186,sess_1186_1,45231197,view,2026-01-25T23:11:49Z,158,search_bar,0.975,False,nhà đất Phường Bình Tây sang trọng cho gia đình,buy_for_living,luxury,28.1,2.0
evt_103030,usr_1200,sess_1200_1,45151240,save,2026-01-25T23:35:01Z,101,related_items,2.669,False,tìm nhà đất Phường Bảy Hiền giá tốt tiềm năng tăng giá,investment,mid_range,5.7,2.0
evt_104175,usr_1276,sess_1276_0,45215745,view,2026-01-26T00:00:49Z,16,ai_recommendation,0.545,False,nhà đất Phường Thới Hòa bình dân cho thuê gần metro,rent,affordable,2.5,2.0
evt_101423,usr_1096,sess_1096_0,45170744,view,2026-01-26T00:15:17Z,37,search_bar,0.7,False,tìm nhà đất Phường Đông Hưng Thuận giá rẻ gần trường học,buy_for_living,affordable,2.3,1.0
evt_102980,usr_1197,sess_1197_0,45214116,share,2026-01-26T00:36:42Z,79,search_bar,3.372,False,"cần mua nhà đất 4 phòng ngủ ở Phường Bình Tây để ở, giá vừa phải",buy_for_living,affordable,2.4,2.0
evt_102508,usr_1167,sess_1167_0,44863961,share,2026-01-26T00:47:21Z,27,ai_recommendation,2.564,False,"nhà ở Xã Tân Nhựt thoáng mát 2pn, giá tốt",buy_for_living,affordable,2.5,3.0
evt_102903,usr_1192,sess_1192_2,45152520,contact,2026-01-26T00:54:01Z,12,search_bar,2.467,False,tìm nhà đất Phường Bình Lợi Trung giá mềm tiềm năng tăng giá,investment,affordable,2.3,3.0
evt_103446,usr_1227,sess_1227_0,45100513,contact,2026-01-26T01:32:50Z,82,homepage,4.25,False,căn hộ Phường Tân Bình rẻ một chút dòng tiền tốt,investment,mid_range,6.3,2.0
evt_101769,usr_1121,sess_1121_1,45157429,view,2026-01-26T02:10:33Z,287,homepage,1.0,False,"mua căn hộ đầu tư ở Phường Long Bình pháp lý rõ ràng, tầm trung",investment,affordable,2.9,2.0
evt_101256,usr_1085,sess_1085_1,44864665,view,2026-01-26T02:33:48Z,21,search_bar,0.595,False,tìm nhà đất Phường Bình Lợi Trung giá hợp lý tiềm năng tăng giá,investment,affordable,2.7,2.0
evt_100795,usr_1053,sess_1053_0,42850213,view,2026-01-26T03:01:37Z,32,search_bar,0.673,False,nhà đất Phường Sài Gòn giá vừa phải cho gia đình,buy_for_living,affordable,2.8,1.0
evt_103313,usr_1218,sess_1218_1,45156251,save,2026-01-26T05:16:48Z,117,ai_recommendation,2.753,False,tìm nhà đất Phường An Nhơn ổn định tiềm năng tăng giá,investment,mid_range,6.1,3.0
evt_102347,usr_1158,sess_1158_1,45246753,view,2026-01-26T06:02:53Z,16,related_items,0.545,False,"nhà ở Phường Phú Thuận thoáng mát 2pn, rẻ một chút",buy_for_living,mid_range,5.9,2.0
evt_101908,usr_1130,sess_1130_1,44812725,view,2026-01-26T06:06:06Z,26,search_bar,0.634,False,tìm nhà đất Phường An Lạc giá vừa phải tiềm năng tăng giá,investment,affordable,2.5,1.0
evt_101213,usr_1083,sess_1083_0,44202944,view,2026-01-26T06:52:39Z,38,ai_recommendation,0.705,False,căn hộ Phường Bình Thạnh rẻ một chút dòng tiền tốt,investment,affordable,2.5,2.0
evt_103739,usr_1247,sess_1247_1,45195316,save,2026-01-26T07:13:00Z,30,search_bar,1.982,False,"mua nhà đất đầu tư ở Phường Thủ Đức pháp lý rõ ràng, giá vừa phải",investment,affordable,2.4,2.0
evt_100968,usr_1065,sess_1065_0,44623266,view,2026-01-26T07:34:01Z,36,related_items,0.695,False,nhà đất Phường Nhiêu Lộc bình dân dòng tiền tốt,investment,affordable,2.6,2.0
evt_102938,usr_1194,sess_1194_0,45183034,view,2026-01-26T07:43:45Z,138,related_items,0.949,False,thuê nhà đất Phường Cầu Kiệu 4 phòng ngủ khu nhà giàu,rent,mid_range,5.7,2.0
evt_103857,usr_1255,sess_1255_0,44643381,save,2026-01-26T07:59:11Z,235,ai_recommendation,3.0,False,tìm nhà đất Phường Tân Thuận giá tốt gần trường học,buy_for_living,mid_range,6.8,1.0
evt_103981,usr_1263,sess_1263_0,43827731,view,2026-01-26T08:08:06Z,64,search_bar,0.803,False,tìm nhà đất Phường Tân Bình cao cấp tiềm năng tăng giá,investment,affordable,2.8,2.0
evt_100365,usr_1023,sess_1023_0,44496308,view,2026-01-26T08:15:05Z,55,ai_recommendation,0.774,False,thuê nhà đất Phường Chợ Quán 0 phòng ngủ sang trọng,rent,affordable,2.9,2.0
evt_101649,usr_1111,sess_1111_0,44706860,view,2026-01-26T08:26:01Z,24,ai_recommendation,0.619,False,"mua căn hộ đầu tư ở Phường Diên Hồng pháp lý rõ ràng, rẻ một chút",investment,affordable,2.4,2.0
evt_102872,usr_1191,sess_1191_0,44606125,save,2026-01-26T08:40:24Z,61,homepage,2.382,False,tìm phòng nhà đất ở Phường Tam Bình giá vừa phải,rent,mid_range,6.0,3.0
evt_102545,usr_1169,sess_1169_0,45060924,save,2026-01-26T09:08:16Z,209,search_bar,3.0,False,"mua căn hộ đầu tư ở Phường Chợ Lớn pháp lý rõ ràng, bình dân",investment,affordable,2.8,1.0
evt_103902,usr_1258,sess_1258_0,45230461,view,2026-01-26T10:16:02Z,36,search_bar,0.695,False,thuê nhà đất Phường Bình Lợi Trung 4 phòng ngủ giá mềm,rent,affordable,2.6,1.0
evt_100629,usr_1040,sess_1040_0,45199308,view,2026-01-26T10:34:26Z,111,search_bar,0.908,False,"nhà ở Phường Bình Lợi Trung thoáng mát 6pn, giá hợp lý",buy_for_living,luxury,25.7,3.0
evt_101007,usr_1068,sess_1068_1,45102993,view,2026-01-26T10:40:03Z,66,search_bar,0.809,False,"mua nhà đất đầu tư ở Phường Bình Tây pháp lý rõ ràng, giá mềm",investment,mid_range,6.1,2.0
evt_104030,usr_1266,sess_1266_0,44648382,save,2026-01-26T10:42:56Z,19,search_bar,1.729,False,"mua nhà đất đầu tư ở Phường Hiệp Bình pháp lý rõ ràng, bình dân",investment,mid_range,7.8,2.0
evt_102551,usr_1170,sess_1170_2,44986315,view,2026-01-26T12:36:29Z,28,search_bar,0.648,False,"cần mua căn hộ 3 phòng ngủ ở Phường Dĩ An để ở, rẻ một chút",buy_for_living,affordable,2.5,2.0
evt_103292,usr_1217,sess_1217_0,43788665,view,2026-01-26T12:37:19Z,23,search_bar,0.611,False,"nhà ở Phường Chợ Quán thoáng mát 7pn, tầm trung",buy_for_living,affordable,2.3,2.0
evt_102624,usr_1175,sess_1175_0,45149696,save,2026-01-26T12:46:58Z,14,search_bar,1.563,False,"cần mua nhà đất 2 phòng ngủ ở Phường Thới An để ở, bình dân",buy_for_living,mid_range,5.5,2.0
evt_104444,usr_1295,sess_1295_1,44329060,view,2026-01-26T13:47:34Z,8,ai_recommendation,0.423,True,nhà đất Xã Hiệp Phước ổn định cho thuê gần metro,rent,mid_range,7.0,2.0
evt_100069,usr_1004,sess_1004_1,44897529,view,2026-01-26T14:24:06Z,60,ai_recommendation,0.791,False,tìm phòng căn hộ ở Xã Tân Nhựt bình dân,rent,affordable,2.2,2.0
evt_101771,usr_1121,sess_1121_2,44757276,view,2026-01-26T14:44:05Z,31,ai_recommendation,0.667,False,nhà đất Phường Đức Nhuận giá vừa phải dòng tiền tốt,investment,affordable,2.9,2.0
evt_101012,usr_1068,sess_1068_1,44375534,view,2026-01-26T15:03:07Z,19,ai_recommendation,0.576,False,"mua căn hộ đầu tư ở Phường An Khánh pháp lý rõ ràng, sang trọng",investment,mid_range,6.1,2.0
evt_100599,usr_1039,sess_1039_0,45213303,view,2026-01-26T15:35:49Z,45,homepage,0.736,False,tìm nhà đất Phường Bình Thới tầm trung gần trường học,buy_for_living,mid_range,7.9,2.0
evt_103809,usr_1251,sess_1251_1,43158878,view,2026-01-26T16:01:40Z,236,search_bar,1.0,False,"nhà ở Phường Phú Thuận thoáng mát 4pn, giá hợp lý",buy_for_living,affordable,2.6,2.0
evt_102920,usr_1193,sess_1193_2,44925710,view,2026-01-26T16:05:29Z,62,search_bar,0.797,False,"cần mua nhà đất 6 phòng ngủ ở Phường Bảy Hiền để ở, sang trọng",buy_for_living,mid_range,7.9,1.0
evt_101791,usr_1123,sess_1123_0,44977592,contact,2026-01-26T16:21:59Z,17,related_items,2.78,False,tìm nhà đất Phường An Hội Tây ổn định tiềm năng tăng giá,investment,affordable,2.7,2.0
evt_101737,usr_1119,sess_1119_0,45143221,view,2026-01-26T16:22:23Z,83,ai_recommendation,0.852,False,tìm phòng nhà đất ở Xã Nhà Bè rẻ một chút,rent,luxury,24.2,2.0
evt_104484,usr_1298,sess_1298_0,44953675,view,2026-01-26T16:31:40Z,32,ai_recommendation,0.673,False,tìm phòng nhà đất ở Phường Thới An tầm trung,rent,mid_range,5.7,3.0
evt_103194,usr_1210,sess_1210_1,45262776,share,2026-01-26T17:00:29Z,311,related_items,4.0,False,căn hộ Xã Tân Nhựt ổn định cho vợ chồng mới cưới,buy_for_living,luxury,26.3,2.0
evt_102444,usr_1164,sess_1164_2,44403119,view,2026-01-26T18:24:08Z,24,homepage,0.619,False,"cần mua căn hộ 2 phòng ngủ ở Phường Long Bình để ở, rẻ một chút",buy_for_living,affordable,2.9,2.0
evt_103010,usr_1199,sess_1199_0,45236705,view,2026-01-26T19:18:58Z,78,homepage,0.841,False,thuê nhà đất Xã Nhà Bè 2 phòng ngủ rẻ một chút,rent,affordable,2.2,2.0
evt_102172,usr_1148,sess_1148_0,44290256,save,2026-01-26T19:35:13Z,47,ai_recommendation,2.234,False,tìm căn hộ Phường Thạnh Mỹ Tây vị trí đẹp tiềm năng tăng giá,investment,mid_range,7.4,2.0
evt_101775,usr_1122,sess_1122_1,45237772,contact,2026-01-26T22:28:37Z,69,ai_recommendation,4.086,False,tìm nhà đất Phường Tân Sơn Nhất giá hợp lý tiềm năng tăng giá,investment,luxury,28.5,2.0
evt_102921,usr_1193,sess_1193_2,45184357,view,2026-01-26T23:04:56Z,34,ai_recommendation,0.684,False,tìm nhà đất Phường Phú Lợi ổn định gần trường học,buy_for_living,mid_range,7.9,1.0
evt_103107,usr_1205,sess_1205_0,44818877,view,2026-01-26T23:16:12Z,35,ai_recommendation,0.689,False,nhà đất Phường Chánh Hưng giá tốt cho gia đình,buy_for_living,affordable,2.2,2.0
evt_100299,usr_1018,sess_1018_1,45186361,share,2026-01-26T23:20:26Z,18,ai_recommendation,2.266,False,"mua nhà đất đầu tư ở Phường Phú Thạnh pháp lý rõ ràng, rẻ một chút",investment,luxury,27.1,2.0
evt_101133,usr_1078,sess_1078_0,45257711,view,2026-01-27T00:33:14Z,37,homepage,0.7,False,nhà đất Phường Bình Trị Đông ổn định cho vợ chồng mới cưới,buy_for_living,affordable,2.8,2.0
evt_101470,usr_1099,sess_1099_0,44273779,view,2026-01-27T00:45:02Z,38,related_items,0.705,False,tìm căn hộ Phường An Khánh ổn định tiềm năng tăng giá,investment,affordable,2.6,2.0
evt_100235,usr_1014,sess_1014_2,45125181,view,2026-01-27T00:51:58Z,31,homepage,0.667,False,nhà đất Phường Hòa Hưng giá rẻ cho gia đình,buy_for_living,mid_range,7.7,3.0
evt_102516,usr_1168,sess_1168_0,45241403,save,2026-01-27T01:01:03Z,104,homepage,2.686,False,"mua nhà đất đầu tư ở Phường Phú Thuận pháp lý rõ ràng, giá vừa phải",investment,mid_range,6.7,2.0
evt_102951,usr_1195,sess_1195_0,45181392,save,2026-01-27T03:28:18Z,12,ai_recommendation,1.48,False,tìm nhà đất Phường Phú Định ổn định tiềm năng tăng giá,investment,luxury,21.9,2.0
evt_100588,usr_1038,sess_1038_0,44961052,view,2026-01-27T03:58:13Z,221,ai_recommendation,1.0,False,tìm nhà đất Phường An Lạc vị trí đẹp gần trường học,buy_for_living,affordable,2.7,2.0
evt_103462,usr_1229,sess_1229_1,44770103,share,2026-01-27T04:19:01Z,55,search_bar,3.097,False,nhà đất Phường Tăng Nhơn Phú sang trọng dòng tiền tốt,investment,affordable,2.6,2.0
evt_104108,usr_1271,sess_1271_0,45223899,view,2026-01-27T05:20:16Z,26,search_bar,0.634,False,tìm nhà đất Phường Tân Sơn Nhì giá hợp lý gần trường học,buy_for_living,affordable,2.8,2.0
evt_103382,usr_1223,sess_1223_0,44816319,view,2026-01-27T05:49:02Z,59,search_bar,0.788,False,tìm căn hộ Phường Thủ Dầu Một tầm trung gần trường học,buy_for_living,affordable,2.4,3.0
evt_100722,usr_1047,sess_1047_0,45025536,view,2026-01-27T05:54:38Z,17,homepage,0.556,False,"cần mua nhà đất 3 phòng ngủ ở Xã Xuân Thới Sơn để ở, cao cấp",buy_for_living,luxury,22.7,3.0
evt_103045,usr_1201,sess_1201_0,45174425,contact,2026-01-27T06:11:24Z,57,search_bar,3.905,False,tìm nhà đất Phường Trung Mỹ Tây giá mềm gần trường học,buy_for_living,affordable,2.1,2.0
evt_102160,usr_1147,sess_1147_0,44039083,save,2026-01-27T06:36:25Z,65,search_bar,2.418,False,"cần mua nhà đất 4 phòng ngủ ở Phường Vĩnh Hội để ở, bình dân",buy_for_living,affordable,2.6,1.0
evt_101473,usr_1100,sess_1100_1,43821501,view,2026-01-27T07:19:57Z,58,search_bar,0.784,False,nhà đất Xã Hiệp Phước bình dân cho thuê gần metro,rent,affordable,2.4,2.0
evt_103221,usr_1212,sess_1212_2,45104177,view,2026-01-27T08:21:31Z,76,search_bar,0.836,False,thuê nhà đất Xã Tân Vĩnh Lộc 3 phòng ngủ giá rẻ,rent,mid_range,7.1,2.0
evt_101123,usr_1077,sess_1077_1,44407311,contact,2026-01-27T08:52:42Z,119,search_bar,4.605,False,"nhà ở Phường Hiệp Bình thoáng mát 3pn, ổn định",buy_for_living,luxury,29.0,1.0
evt_100241,usr_1015,sess_1015_1,44880200,contact,2026-01-27T09:49:11Z,29,search_bar,3.271,False,"mua căn hộ đầu tư ở Xã Tân Nhựt pháp lý rõ ràng, sang trọng",investment,affordable,2.1,2.0
evt_100865,usr_1057,sess_1057_0,45228090,view,2026-01-27T10:54:49Z,30,search_bar,0.661,False,nhà đất Phường Cầu Kiệu sang trọng cho gia đình,buy_for_living,affordable,2.6,3.0
evt_102043,usr_1139,sess_1139_1,45222624,view,2026-01-27T11:15:10Z,111,ai_recommendation,0.908,False,nhà đất Phường Phú Nhuận ổn định dòng tiền tốt,investment,luxury,25.1,3.0
evt_101083,usr_1074,sess_1074_0,44733927,view,2026-01-27T11:16:56Z,25,ai_recommendation,0.627,False,nhà đất Xã Hiệp Phước giá hợp lý cho vợ chồng mới cưới,buy_for_living,mid_range,5.6,1.0
evt_101399,usr_1094,sess_1094_1,44389301,contact,2026-01-27T12:21:07Z,20,homepage,2.928,False,tìm nhà đất Phường Bàn Cờ khu nhà giàu gần trường học,buy_for_living,affordable,2.8,1.0
evt_100943,usr_1063,sess_1063_1,45056608,save,2026-01-27T13:53:45Z,14,ai_recommendation,1.563,False,"mua căn hộ đầu tư ở Phường Phú Thọ Hòa pháp lý rõ ràng, bình dân",investment,affordable,3.0,2.0
evt_103999,usr_1264,sess_1264_0,43182533,view,2026-01-27T14:14:43Z,47,related_items,0.745,False,nhà đất Phường Vũng Tàu vị trí đẹp cho gia đình,buy_for_living,mid_range,6.7,1.0
evt_100805,usr_1053,sess_1053_0,45025299,view,2026-01-27T14:37:01Z,90,homepage,0.868,False,"nhà ở Phường Phú Nhuận thoáng mát 2pn, bình dân",buy_for_living,affordable,2.8,1.0
evt_102998,usr_1198,sess_1198_0,44843130,view,2026-01-27T14:49:20Z,35,search_bar,0.689,False,tìm căn hộ Phường Xuân Hòa bình dân gần trường học,buy_for_living,affordable,2.2,2.0
evt_102705,usr_1180,sess_1180_2,44815225,view,2026-01-27T14:49:52Z,52,related_items,0.764,False,nhà đất Phường Sài Gòn giá vừa phải dòng tiền tốt,investment,luxury,27.1,2.0
evt_100561,usr_1035,sess_1035_0,45038437,view,2026-01-27T16:58:00Z,31,ai_recommendation,0.667,False,nhà đất Phường Long Trường sang trọng dòng tiền tốt,investment,affordable,2.4,1.0
evt_102553,usr_1170,sess_1170_0,44648382,save,2026-01-27T17:04:23Z,111,search_bar,2.723,False,tìm nhà đất Phường Hiệp Bình giá mềm gần trường học,buy_for_living,affordable,2.5,2.0
evt_102679,usr_1179,sess_1179_2,45186272,view,2026-01-27T17:15:10Z,20,ai_recommendation,0.586,False,nhà đất Phường Thới An rẻ một chút cho thuê lại được,investment,mid_range,6.4,1.0
evt_102092,usr_1142,sess_1142_2,45215261,view,2026-01-27T17:53:57Z,23,related_items,0.611,False,nhà đất Phường Linh Xuân giá tốt cho thuê gần metro,rent,affordable,2.3,1.0
evt_103096,usr_1205,sess_1205_0,45229471,view,2026-01-27T18:13:06Z,54,homepage,0.771,False,nhà đất Phường Hòa Hưng giá tốt cho gia đình,buy_for_living,affordable,2.2,2.0
evt_101957,usr_1133,sess_1133_1,45062392,view,2026-01-27T18:25:07Z,167,ai_recommendation,0.986,False,tìm phòng căn hộ ở Phường An Đông giá tốt,rent,luxury,26.3,2.0
evt_104224,usr_1280,sess_1280_0,43015737,view,2026-01-27T19:12:05Z,91,search_bar,0.87,False,"cần thuê nhà đất Phường Thủ Đức full nội thất, khu nhà giàu",rent,mid_range,7.6,2.0
evt_103962,usr_1262,sess_1262_0,45040570,contact,2026-01-27T19:12:28Z,70,search_bar,4.1,False,"cần mua căn hộ 3 phòng ngủ ở Phường An Khánh để ở, giá mềm",buy_for_living,mid_range,8.0,2.0
evt_102746,usr_1183,sess_1183_0,45133173,save,2026-01-27T19:13:31Z,11,ai_recommendation,1.434,False,"cần mua nhà đất 5 phòng ngủ ở Phường Tân Sơn Hòa để ở, giá hợp lý",buy_for_living,luxury,29.1,2.0
evt_103687,usr_1244,sess_1244_0,45060998,save,2026-01-27T20:04:44Z,71,ai_recommendation,2.468,False,nhà đất Phường Bình Trưng bình dân cho gia đình,buy_for_living,affordable,2.8,2.0
evt_104119,usr_1272,sess_1272_1,45242353,view,2026-01-27T20:39:31Z,29,search_bar,0.654,False,nhà đất Phường Bình Tân khu nhà giàu cho vợ chồng mới cưới,buy_for_living,affordable,2.7,2.0
evt_100400,usr_1026,sess_1026_1,44957970,view,2026-01-27T20:57:10Z,99,ai_recommendation,0.886,False,"nhà ở Xã Tân Nhựt thoáng mát 2pn, ổn định",buy_for_living,mid_range,7.2,3.0
evt_102973,usr_1197,sess_1197_0,44810236,view,2026-01-27T21:02:12Z,13,related_items,0.508,False,nhà đất Phường Tân Bình vị trí đẹp cho gia đình,buy_for_living,affordable,2.4,2.0
evt_102078,usr_1141,sess_1141_0,45020835,save,2026-01-27T21:04:19Z,195,ai_recommendation,3.0,False,tìm nhà đất Phường Tân Hưng giá tốt tiềm năng tăng giá,investment,mid_range,5.7,2.0
evt_102335,usr_1158,sess_1158_1,45206785,contact,2026-01-27T21:40:51Z,23,search_bar,3.057,False,"nhà ở Phường Bảy Hiền thoáng mát 4pn, tầm trung",buy_for_living,mid_range,5.9,2.0
evt_102962,usr_1196,sess_1196_0,45229457,save,2026-01-27T22:37:54Z,29,ai_recommendation,1.963,False,"nhà ở Xã Tân Nhựt thoáng mát 2pn, tầm trung",buy_for_living,affordable,2.5,2.0
evt_100315,usr_1019,sess_1019_1,44957835,view,2026-01-27T23:00:42Z,101,ai_recommendation,0.89,False,tìm nhà đất Phường An Hội Đông giá hợp lý gần trường học,buy_for_living,luxury,21.7,2.0
evt_102930,usr_1194,sess_1194_0,45203010,view,2026-01-27T23:44:26Z,25,ai_recommendation,0.627,False,tìm phòng nhà đất ở Phường An Hội Tây giá vừa phải,rent,mid_range,5.7,2.0
evt_100368,usr_1023,sess_1023_0,45184357,contact,2026-01-27T23:49:32Z,69,homepage,4.086,False,tìm phòng nhà đất ở Phường Phú Lợi tầm trung,rent,affordable,2.9,2.0
evt_100461,usr_1030,sess_1030_1,42159430,view,2026-01-27T23:49:51Z,76,related_items,0.836,False,"nhà ở Phường Hòa Hưng thoáng mát 5pn, sang trọng",buy_for_living,luxury,19.9,2.0
evt_103847,usr_1255,sess_1255_1,44935288,view,2026-01-28T00:48:15Z,118,ai_recommendation,0.919,False,nhà đất Phường Thạnh Mỹ Tây khu nhà giàu cho gia đình,buy_for_living,mid_range,6.8,1.0
evt_104114,usr_1272,sess_1272_1,44566903,save,2026-01-28T01:08:54Z,219,search_bar,3.0,False,nhà đất Phường Bình Lợi Trung sang trọng cho gia đình,buy_for_living,affordable,2.7,2.0
evt_101340,usr_1090,sess_1090_2,45112027,view,2026-01-28T02:16:14Z,17,homepage,0.556,False,"cần mua nhà đất 3 phòng ngủ ở Xã Nhà Bè để ở, rẻ một chút",buy_for_living,affordable,2.9,2.0
evt_102406,usr_1161,sess_1161_1,44867479,save,2026-01-28T02:40:06Z,35,search_bar,2.068,False,"mua nhà đất đầu tư ở Phường Phú Nhuận pháp lý rõ ràng, sang trọng",investment,affordable,2.2,2.0
evt_101537,usr_1104,sess_1104_0,44959037,view,2026-01-28T03:04:36Z,107,related_items,0.901,False,"cần mua nhà đất 5 phòng ngủ ở Phường An Hội Tây để ở, vị trí đẹp",buy_for_living,mid_range,6.1,3.0
evt_104331,usr_1287,sess_1287_0,45186326,view,2026-01-28T03:33:39Z,156,search_bar,0.973,False,"cần mua nhà đất 4 phòng ngủ ở Phường Phước Long để ở, ổn định",buy_for_living,affordable,2.4,2.0
evt_103264,usr_1215,sess_1215_0,45256250,contact,2026-01-28T03:56:06Z,45,search_bar,3.682,False,tìm nhà đất Phường Bình Trị Đông bình dân tiềm năng tăng giá,investment,affordable,2.8,2.0
evt_101392,usr_1094,sess_1094_2,44863961,save,2026-01-28T04:01:53Z,84,ai_recommendation,2.564,False,"nhà ở Xã Tân Nhựt thoáng mát 2pn, giá mềm",buy_for_living,affordable,2.8,1.0
evt_100621,usr_1040,sess_1040_1,44786778,contact,2026-01-28T04:46:56Z,17,search_bar,2.78,False,tìm nhà đất Phường Phú Nhuận khu nhà giàu gần trường học,buy_for_living,luxury,25.7,3.0
evt_103418,usr_1226,sess_1226_2,43411750,view,2026-01-28T05:42:23Z,51,ai_recommendation,0.76,False,"cần mua căn hộ 2 phòng ngủ ở Phường Bình Trưng để ở, rẻ một chút",buy_for_living,affordable,2.5,2.0
evt_102627,usr_1175,sess_1175_0,44954044,save,2026-01-28T06:04:23Z,101,ai_recommendation,2.669,False,nhà đất Phường Tân Hưng giá mềm cho gia đình,buy_for_living,mid_range,5.5,2.0
evt_103198,usr_1211,sess_1211_1,45240083,contact,2026-01-28T06:04:58Z,17,homepage,2.78,False,thuê nhà đất Phường Tân Hòa 4 phòng ngủ cao cấp,rent,affordable,2.4,2.0
evt_103877,usr_1256,sess_1256_0,43797634,view,2026-01-28T06:20:16Z,19,search_bar,0.576,False,"cần mua căn hộ 2 phòng ngủ ở Phường Chợ Quán để ở, rẻ một chút",buy_for_living,affordable,2.9,2.0
evt_100745,usr_1049,sess_1049_1,45053777,save,2026-01-28T07:00:01Z,32,ai_recommendation,2.018,False,nhà đất Phường Tân Bình giá mềm cho vợ chồng mới cưới,buy_for_living,affordable,2.8,1.0
evt_102780,usr_1185,sess_1185_1,44936128,view,2026-01-28T07:14:05Z,27,search_bar,0.641,False,nhà đất Phường Thủ Đức vị trí đẹp cho gia đình,buy_for_living,mid_range,5.7,1.0
evt_101785,usr_1122,sess_1122_1,41010971,save,2026-01-28T08:20:28Z,61,related_items,2.382,False,nhà đất Phường Phú Thuận khu nhà giàu cho thuê lại được,investment,luxury,28.5,2.0
evt_101130,usr_1078,sess_1078_0,43931812,view,2026-01-28T08:48:36Z,13,related_items,0.508,False,"nhà ở Phường Tân Định thoáng mát 6pn, khu nhà giàu",buy_for_living,affordable,2.8,2.0
evt_104425,usr_1293,sess_1293_1,45159575,view,2026-01-28T09:20:21Z,354,related_items,1.0,False,tìm nhà đất Xã Nhà Bè tầm trung gần trường học,buy_for_living,affordable,2.9,2.0
evt_102132,usr_1145,sess_1145_0,41321808,share,2026-01-28T09:59:25Z,32,ai_recommendation,2.69,False,"mua căn hộ đầu tư ở Phường Long Trường pháp lý rõ ràng, giá rẻ",investment,luxury,21.1,2.0
evt_101033,usr_1070,sess_1070_2,44382702,view,2026-01-28T10:24:29Z,39,related_items,0.71,False,"nhà ở Xã Nhà Bè thoáng mát 4pn, ổn định",buy_for_living,mid_range,7.7,2.0
evt_102419,usr_1162,sess_1162_2,44200150,contact,2026-01-28T10:45:38Z,12,ai_recommendation,2.467,False,tìm nhà đất Phường Bình Lợi Trung cao cấp gần trường học,buy_for_living,affordable,2.6,1.0
evt_102098,usr_1142,sess_1142_2,44186979,share,2026-01-28T12:33:52Z,14,homepage,2.084,False,căn hộ Phường Bến Thành giá rẻ cho thuê gần metro,rent,affordable,2.3,1.0
evt_104334,usr_1287,sess_1287_0,44939017,save,2026-01-28T12:54:36Z,15,search_bar,1.6,False,nhà đất Phường Phước Long khu nhà giàu cho vợ chồng mới cưới,buy_for_living,affordable,2.4,2.0
evt_102255,usr_1153,sess_1153_0,45054518,save,2026-01-28T13:05:42Z,93,related_items,2.622,False,tìm nhà đất Xã Nhà Bè giá hợp lý tiềm năng tăng giá,investment,affordable,2.4,1.0
evt_100498,usr_1031,sess_1031_1,45250288,view,2026-01-28T13:36:20Z,4,search_bar,0.31,True,tìm nhà đất Phường Bến Thành giá hợp lý gần trường học,buy_for_living,affordable,2.9,2.0
evt_104142,usr_1274,sess_1274_1,43652465,save,2026-01-28T13:53:58Z,17,related_items,1.668,False,"nhà ở Phường Bình Trưng thoáng mát 2pn, rẻ một chút",buy_for_living,mid_range,5.5,2.0
evt_104204,usr_1278,sess_1278_1,44979694,view,2026-01-28T14:25:36Z,47,ai_recommendation,0.745,False,nhà đất Phường Đức Nhuận giá mềm cho vợ chồng mới cưới,buy_for_living,mid_range,6.6,2.0
evt_101308,usr_1088,sess_1088_0,43247491,contact,2026-01-28T14:49:46Z,67,ai_recommendation,4.058,False,căn hộ Phường Long Trường rẻ một chút cho gia đình,buy_for_living,affordable,3.0,2.0
evt_104185,usr_1277,sess_1277_0,44851825,share,2026-01-28T17:01:56Z,11,ai_recommendation,1.912,False,nhà đất Phường Sài Gòn giá rẻ cho vợ chồng mới cưới,buy_for_living,luxury,21.6,2.0
evt_104290,usr_1283,sess_1283_0,45175379,save,2026-01-28T17:27:49Z,159,ai_recommendation,2.929,False,"mua căn hộ đầu tư ở Phường Sài Gòn pháp lý rõ ràng, vị trí đẹp",investment,luxury,19.0,2.0
evt_101951,usr_1133,sess_1133_1,42513639,contact,2026-01-28T18:15:32Z,163,ai_recommendation,4.905,False,tìm phòng nhà đất ở Phường Phước Thắng sang trọng,rent,luxury,26.3,2.0
evt_100211,usr_1013,sess_1013_1,45195893,save,2026-01-28T18:30:57Z,20,related_items,1.757,False,nhà đất Phường Hòa Hưng giá tốt cho gia đình,buy_for_living,affordable,2.4,2.0
evt_102819,usr_1187,sess_1187_1,43493098,contact,2026-01-28T18:40:53Z,69,related_items,4.086,False,nhà đất Phường Gia Định giá rẻ dòng tiền tốt,investment,affordable,2.6,2.0
evt_102257,usr_1153,sess_1153_0,43605274,view,2026-01-28T19:00:52Z,285,related_items,1.0,False,nhà đất Xã Nhà Bè khu nhà giàu cho thuê lại được,investment,affordable,2.4,1.0
evt_101055,usr_1072,sess_1072_0,45263838,save,2026-01-28T19:08:02Z,87,ai_recommendation,2.584,False,tìm phòng nhà đất ở Phường An Lạc giá hợp lý,rent,mid_range,7.4,1.0
evt_102362,usr_1159,sess_1159_0,45240090,view,2026-01-28T19:20:07Z,13,search_bar,0.508,False,nhà đất Phường Hòa Hưng giá tốt cho vợ chồng mới cưới,buy_for_living,mid_range,5.7,2.0
evt_103154,usr_1208,sess_1208_0,45213303,share,2026-01-28T20:09:26Z,100,ai_recommendation,3.551,False,"cần mua nhà đất 4 phòng ngủ ở Phường Bình Thới để ở, ổn định",buy_for_living,affordable,2.3,2.0
evt_101468,usr_1099,sess_1099_0,44130060,share,2026-01-28T22:09:55Z,60,search_bar,3.163,False,tìm nhà đất Phường Diên Hồng rẻ một chút tiềm năng tăng giá,investment,affordable,2.6,2.0
evt_104255,usr_1281,sess_1281_0,45236207,view,2026-01-28T22:47:17Z,97,homepage,0.882,False,tìm nhà đất Phường An Phú Đông giá rẻ tiềm năng tăng giá,investment,affordable,2.9,2.0
evt_104359,usr_1288,sess_1288_1,44856748,view,2026-01-29T00:44:52Z,68,search_bar,0.814,False,tìm nhà đất Xã Nhà Bè giá vừa phải gần trường học,buy_for_living,mid_range,5.8,1.0
evt_100293,usr_1018,sess_1018_1,44531779,view,2026-01-29T01:40:09Z,54,ai_recommendation,0.771,False,nhà đất Phường Hiệp Bình vị trí đẹp cho thuê lại được,investment,luxury,27.1,2.0
evt_104343,usr_1287,sess_1287_1,44784199,view,2026-01-29T01:46:47Z,9,ai_recommendation,0.443,True,nhà đất Phường An Lạc giá vừa phải cho vợ chồng mới cưới,buy_for_living,affordable,2.4,2.0
evt_102561,usr_1170,sess_1170_1,44568353,share,2026-01-29T02:01:46Z,77,search_bar,3.352,False,tìm căn hộ Phường Khánh Hội giá tốt gần trường học,buy_for_living,affordable,2.5,2.0
evt_104233,usr_1280,sess_1280_1,45089167,save,2026-01-29T02:06:02Z,10,ai_recommendation,1.384,False,tìm phòng nhà đất ở Phường Tân Định ổn định,rent,mid_range,7.6,2.0
evt_104148,usr_1274,sess_1274_2,45050074,view,2026-01-29T02:15:39Z,79,related_items,0.843,False,"cần mua nhà đất 2 phòng ngủ ở Phường Thủ Đức để ở, tầm trung",buy_for_living,mid_range,5.5,2.0
evt_100683,usr_1044,sess_1044_0,44018090,contact,2026-01-29T02:33:34Z,12,ai_recommendation,2.467,False,tìm căn hộ Phường Thạnh Mỹ Tây giá tốt gần trường học,buy_for_living,affordable,2.9,1.0
evt_100802,usr_1053,sess_1053_1,45181467,view,2026-01-29T04:08:02Z,50,ai_recommendation,0.756,False,"cần mua nhà đất 4 phòng ngủ ở Phường Bình Trị Đông để ở, giá mềm",buy_for_living,affordable,2.8,1.0
evt_102309,usr_1156,sess_1156_0,36834013,view,2026-01-29T04:45:59Z,36,ai_recommendation,0.695,False,"mua nhà đất đầu tư ở Xã Nhà Bè pháp lý rõ ràng, tầm trung",investment,luxury,19.7,3.0
evt_100087,usr_1005,sess_1005_1,45088361,view,2026-01-29T06:10:00Z,45,related_items,0.736,False,tìm nhà đất Phường Tăng Nhơn Phú tầm trung gần trường học,buy_for_living,affordable,2.8,2.0
evt_103499,usr_1231,sess_1231_0,44487371,view,2026-01-29T07:44:52Z,65,search_bar,0.806,False,nhà đất Phường Tân Thuận vị trí đẹp cho vợ chồng mới cưới,buy_for_living,affordable,2.2,2.0
evt_103818,usr_1252,sess_1252_1,44101006,contact,2026-01-29T08:09:37Z,137,homepage,4.739,False,"cần mua nhà đất 4 phòng ngủ ở Phường Đức Nhuận để ở, tầm trung",buy_for_living,luxury,28.5,2.0
evt_101657,usr_1112,sess_1112_0,44558909,view,2026-01-29T08:17:43Z,83,search_bar,0.852,False,nhà đất Phường Tân Bình giá mềm cho thuê gần metro,rent,affordable,2.7,2.0
evt_103728,usr_1246,sess_1246_2,43531387,share,2026-01-29T09:20:32Z,96,homepage,3.52,False,nhà đất Phường Vườn Lài cao cấp cho thuê lại được,investment,luxury,21.4,3.0
evt_103813,usr_1252,sess_1252_1,44784242,view,2026-01-29T10:15:05Z,23,ai_recommendation,0.611,False,nhà đất Phường Phú Nhuận cao cấp cho vợ chồng mới cưới,buy_for_living,luxury,28.5,2.0
evt_101598,usr_1108,sess_1108_1,44107369,view,2026-01-29T10:34:27Z,19,related_items,0.576,False,căn hộ Phường Long Trường giá rẻ cho gia đình,buy_for_living,affordable,2.5,2.0
evt_101868,usr_1128,sess_1128_2,45019081,view,2026-01-29T10:53:43Z,34,ai_recommendation,0.684,False,nhà đất Phường Thông Tây Hội giá vừa phải cho gia đình,buy_for_living,luxury,24.8,2.0
evt_104428,usr_1293,sess_1293_0,45204282,view,2026-01-29T11:02:24Z,49,search_bar,0.753,False,"cần mua nhà đất 10 phòng ngủ ở Phường Tân Định để ở, cao cấp",buy_for_living,affordable,2.9,2.0
evt_101582,usr_1107,sess_1107_0,45140813,view,2026-01-29T11:56:37Z,41,ai_recommendation,0.719,False,tìm nhà đất Phường Thủ Đức rẻ một chút gần trường học,buy_for_living,mid_range,7.0,1.0
evt_100058,usr_1003,sess_1003_0,44673808,view,2026-01-29T12:21:50Z,38,related_items,0.705,False,"mua nhà đất đầu tư ở Phường Thủ Đức pháp lý rõ ràng, khu nhà giàu",investment,mid_range,6.0,1.0
evt_100298,usr_1018,sess_1018_1,44216029,view,2026-01-29T14:01:18Z,117,homepage,0.918,False,nhà đất Xã Bà Điểm sang trọng dòng tiền tốt,investment,luxury,27.1,2.0
evt_102244,usr_1152,sess_1152_0,43716412,view,2026-01-29T14:05:02Z,31,related_items,0.667,False,tìm nhà đất Phường Vườn Lài khu nhà giàu gần trường học,buy_for_living,affordable,2.7,2.0
evt_104370,usr_1289,sess_1289_2,44783081,view,2026-01-29T14:42:40Z,79,homepage,0.843,False,căn hộ Xã Tân Nhựt giá mềm dòng tiền tốt,investment,affordable,3.0,1.0
evt_103779,usr_1249,sess_1249_0,45057486,view,2026-01-29T14:59:22Z,32,ai_recommendation,0.673,False,nhà đất Phường Phú Nhuận ổn định cho thuê gần metro,rent,luxury,25.2,2.0
evt_101274,usr_1086,sess_1086_1,44995879,view,2026-01-29T15:48:08Z,52,ai_recommendation,0.764,False,nhà đất Phường Bình Trị Đông giá rẻ dòng tiền tốt,investment,affordable,2.7,2.0
evt_104431,usr_1293,sess_1293_2,44935288,view,2026-01-29T16:39:12Z,353,related_items,1.0,False,nhà đất Phường Thạnh Mỹ Tây khu nhà giàu cho gia đình,buy_for_living,affordable,2.9,2.0
evt_101372,usr_1093,sess_1093_0,45171934,contact,2026-01-29T17:06:29Z,53,homepage,3.837,False,tìm căn hộ Phường Minh Phụng rẻ một chút tiềm năng tăng giá,investment,affordable,2.9,3.0
evt_100391,usr_1025,sess_1025_0,45153043,share,2026-01-29T17:15:09Z,194,related_items,4.0,False,"cần mua căn hộ 2 phòng ngủ ở Phường Đông Hưng Thuận để ở, ổn định",buy_for_living,affordable,2.5,2.0
evt_103885,usr_1257,sess_1257_0,45246268,view,2026-01-29T17:31:46Z,160,homepage,0.977,False,nhà đất Phường Tam Thắng giá hợp lý cho gia đình,buy_for_living,affordable,2.6,2.0
evt_100076,usr_1004,sess_1004_2,45209742,view,2026-01-29T17:39:26Z,71,homepage,0.823,False,căn hộ Phường An Khánh giá mềm cho thuê gần metro,rent,affordable,2.2,2.0
evt_100723,usr_1048,sess_1048_0,45088744,view,2026-01-29T18:24:35Z,7,homepage,0.4,True,"nhà ở Phường Tân Thuận thoáng mát 4pn, vị trí đẹp",buy_for_living,mid_range,7.4,3.0
evt_104068,usr_1269,sess_1269_1,45100152,contact,2026-01-29T19:12:19Z,124,ai_recommendation,4.644,False,"cần mua căn hộ 2 phòng ngủ ở Phường Đông Hòa để ở, bình dân",buy_for_living,affordable,2.5,3.0
evt_102286,usr_1155,sess_1155_2,44488372,view,2026-01-29T19:33:19Z,107,ai_recommendation,0.901,False,nhà đất Phường Phước Long khu nhà giàu cho vợ chồng mới cưới,buy_for_living,affordable,3.0,2.0
evt_100148,usr_1009,sess_1009_1,45071879,view,2026-01-29T19:46:05Z,575,search_bar,1.0,False,"nhà ở Phường Thới An thoáng mát 4pn, sang trọng",buy_for_living,affordable,2.7,2.0
evt_101121,usr_1077,sess_1077_2,45176664,contact,2026-01-29T19:58:04Z,24,ai_recommendation,3.096,False,"cần mua nhà đất 0 phòng ngủ ở Phường Long Bình để ở, sang trọng",buy_for_living,luxury,29.0,1.0
evt_103427,usr_1226,sess_1226_1,44066039,save,2026-01-29T20:14:36Z,14,homepage,1.563,False,"nhà ở Phường Long Trường thoáng mát 0pn, khu nhà giàu",buy_for_living,affordable,2.5,2.0
evt_101432,usr_1097,sess_1097_1,44945503,contact,2026-01-29T20:19:19Z,28,homepage,3.239,False,tìm căn hộ Phường Phú Thọ Hòa giá mềm tiềm năng tăng giá,investment,affordable,2.4,2.0
evt_103195,usr_1210,sess_1210_0,44417445,view,2026-01-29T21:25:44Z,14,search_bar,0.521,False,"nhà ở Phường Thủ Đức thoáng mát 2pn, giá rẻ",buy_for_living,luxury,26.3,2.0
evt_103422,usr_1226,sess_1226_0,45189911,view,2026-01-29T21:45:29Z,11,ai_recommendation,0.478,False,nhà đất Phường Phú Nhuận khu nhà giàu cho vợ chồng mới cưới,buy_for_living,affordable,2.5,2.0
evt_100705,usr_1046,sess_1046_0,44887265,contact,2026-01-29T22:05:58Z,38,homepage,3.524,False,tìm nhà đất Phường Phú Thuận giá tốt tiềm năng tăng giá,investment,affordable,2.7,2.0
evt_104214,usr_1279,sess_1279_0,45204163,save,2026-01-29T22:07:10Z,54,related_items,2.313,False,"nhà ở Phường Phú Thạnh thoáng mát 4pn, tầm trung",buy_for_living,luxury,25.2,1.0
evt_103345,usr_1220,sess_1220_0,44990934,contact,2026-01-29T22:38:43Z,21,related_items,2.973,False,tìm nhà đất Phường Tân Thuận tầm trung gần trường học,buy_for_living,affordable,2.6,3.0
evt_100757,usr_1050,sess_1050_0,45118041,contact,2026-01-29T22:40:33Z,34,homepage,3.42,False,tìm phòng nhà đất ở Phường Nhiêu Lộc khu nhà giàu,rent,luxury,28.7,2.0
evt_102515,usr_1168,sess_1168_0,43572439,view,2026-01-29T23:28:24Z,137,search_bar,0.948,False,căn hộ Phường Long Bình giá vừa phải cho thuê lại được,investment,mid_range,6.7,2.0
evt_104177,usr_1276,sess_1276_2,44596902,view,2026-01-29T23:34:02Z,217,homepage,1.0,False,căn hộ Phường Phú Thuận bình dân cho thuê gần metro,rent,affordable,2.5,2.0
evt_103219,usr_1212,sess_1212_0,45204924,save,2026-01-29T23:58:38Z,138,ai_recommendation,2.848,False,"cần thuê nhà đất Phường Thủ Đức full nội thất, giá mềm",rent,mid_range,7.1,2.0
evt_101220,usr_1083,sess_1083_0,44127342,share,2026-01-30T00:43:18Z,192,homepage,4.0,False,"mua nhà đất đầu tư ở Xã Nhà Bè pháp lý rõ ràng, sang trọng",investment,affordable,2.5,2.0
evt_103694,usr_1244,sess_1244_0,44050394,contact,2026-01-30T01:48:47Z,175,homepage,4.973,False,căn hộ Phường Thạnh Mỹ Tây khu nhà giàu cho vợ chồng mới cưới,buy_for_living,affordable,2.8,2.0
evt_100052,usr_1003,sess_1003_0,44593189,view,2026-01-30T02:33:45Z,38,search_bar,0.705,False,"mua nhà đất đầu tư ở Xã Hiệp Phước pháp lý rõ ràng, rẻ một chút",investment,mid_range,6.0,1.0
evt_102670,usr_1178,sess_1178_1,45241889,save,2026-01-30T02:37:12Z,68,ai_recommendation,2.443,False,tìm nhà đất Phường Long Phước tầm trung gần trường học,buy_for_living,mid_range,7.2,2.0
evt_100100,usr_1006,sess_1006_1,45114495,share,2026-01-30T02:37:46Z,20,search_bar,2.343,False,tìm nhà đất Phường Thủ Đức vị trí đẹp tiềm năng tăng giá,investment,affordable,2.5,2.0
evt_101039,usr_1071,sess_1071_0,45214777,view,2026-01-30T02:45:45Z,34,related_items,0.684,False,"cần mua nhà đất 4 phòng ngủ ở Phường Bình Trị Đông để ở, khu nhà giàu",buy_for_living,affordable,2.1,2.0
evt_102240,usr_1152,sess_1152_0,45250342,save,2026-01-30T03:59:30Z,49,homepage,2.258,False,nhà đất Phường Bình Trị Đông tầm trung cho vợ chồng mới cưới,buy_for_living,affordable,2.7,2.0
evt_100331,usr_1020,sess_1020_0,45040477,view,2026-01-30T05:36:52Z,93,related_items,0.874,False,căn hộ Phường An Khánh giá mềm cho thuê gần metro,rent,mid_range,6.9,2.0
evt_102543,usr_1169,sess_1169_0,45217976,save,2026-01-30T06:58:40Z,110,related_items,2.718,False,tìm nhà đất Xã Hiệp Phước ổn định tiềm năng tăng giá,investment,affordable,2.8,1.0
evt_100070,usr_1004,sess_1004_1,45181336,contact,2026-01-30T07:04:39Z,43,search_bar,3.64,False,"cần thuê nhà đất Phường Bình Hưng Hòa full nội thất, rẻ một chút",rent,affordable,2.2,2.0
evt_100815,usr_1054,sess_1054_0,45084721,view,2026-01-30T07:24:29Z,40,ai_recommendation,0.714,False,căn hộ Phường Long Bình giá rẻ dòng tiền tốt,investment,affordable,3.0,1.0
evt_102567,usr_1171,sess_1171_0,45255223,share,2026-01-30T07:38:39Z,143,search_bar,3.824,False,tìm nhà đất Phường Hòa Hưng giá rẻ gần trường học,buy_for_living,affordable,2.7,2.0
evt_103361,usr_1222,sess_1222_1,44620331,contact,2026-01-30T07:47:13Z,118,ai_recommendation,4.597,False,"nhà ở Xã Trừ Văn Thố thoáng mát 3pn, giá hợp lý",buy_for_living,affordable,2.7,2.0
evt_102709,usr_1180,sess_1180_1,45236404,view,2026-01-30T08:02:15Z,14,ai_recommendation,0.521,False,tìm nhà đất Phường An Hội Tây rẻ một chút tiềm năng tăng giá,investment,luxury,27.1,2.0
evt_104340,usr_1287,sess_1287_0,45211035,save,2026-01-30T09:04:52Z,57,related_items,2.343,False,nhà đất Phường Gò Vấp giá mềm cho vợ chồng mới cưới,buy_for_living,affordable,2.4,2.0
evt_104438,usr_1294,sess_1294_0,44889916,view,2026-01-30T09:19:38Z,107,search_bar,0.901,False,"mua nhà đất đầu tư ở Phường Phú Nhuận pháp lý rõ ràng, cao cấp",investment,luxury,22.2,2.0
evt_101108,usr_1076,sess_1076_0,44629805,view,2026-01-30T10:52:31Z,85,ai_recommendation,0.857,False,nhà đất Phường Hiệp Bình giá mềm dòng tiền tốt,investment,affordable,2.8,2.0
evt_101981,usr_1134,sess_1134_0,43874379,view,2026-01-30T10:54:53Z,22,ai_recommendation,0.603,False,"nhà ở Phường Long Bình thoáng mát 3pn, vị trí đẹp",buy_for_living,mid_range,6.1,2.0
evt_103003,usr_1199,sess_1199_0,45070876,contact,2026-01-30T12:08:17Z,33,search_bar,3.392,False,"cần thuê nhà đất Phường Linh Xuân full nội thất, giá vừa phải",rent,affordable,2.2,2.0
evt_100972,usr_1065,sess_1065_1,44976878,view,2026-01-30T12:21:38Z,26,homepage,0.634,False,căn hộ Phường Cầu Ông Lãnh giá rẻ dòng tiền tốt,investment,affordable,2.6,2.0
evt_101098,usr_1075,sess_1075_1,45197430,view,2026-01-30T12:58:43Z,39,ai_recommendation,0.71,False,tìm nhà đất Phường An Lạc bình dân tiềm năng tăng giá,investment,mid_range,7.6,2.0
evt_100889,usr_1059,sess_1059_0,44838169,contact,2026-01-30T13:04:57Z,59,ai_recommendation,3.938,False,nhà đất Phường Diên Hồng rẻ một chút cho vợ chồng mới cưới,buy_for_living,affordable,2.3,2.0
evt_100681,usr_1044,sess_1044_2,44994534,view,2026-01-30T13:09:36Z,281,ai_recommendation,1.0,False,nhà đất Phường Tân Thuận sang trọng cho gia đình,buy_for_living,affordable,2.9,1.0
evt_102879,usr_1191,sess_1191_1,45259507,view,2026-01-30T13:17:28Z,62,homepage,0.797,False,tìm phòng nhà đất ở Phường Đức Nhuận giá vừa phải,rent,mid_range,6.0,3.0
evt_103724,usr_1246,sess_1246_1,44652527,view,2026-01-30T14:53:53Z,47,search_bar,0.745,False,"mua nhà đất đầu tư ở Phường Bình Trị Đông pháp lý rõ ràng, sang trọng",investment,luxury,21.4,3.0
evt_100674,usr_1044,sess_1044_1,44823332,view,2026-01-30T16:36:45Z,65,ai_recommendation,0.806,False,"nhà ở Phường Tân Định thoáng mát 5pn, giá vừa phải",buy_for_living,affordable,2.9,1.0
evt_101230,usr_1084,sess_1084_0,44329060,view,2026-01-30T16:46:24Z,20,search_bar,0.586,False,nhà đất Xã Hiệp Phước ổn định cho gia đình,buy_for_living,mid_range,7.2,2.0
evt_100200,usr_1012,sess_1012_2,45196514,save,2026-01-30T16:48:45Z,155,homepage,2.914,False,nhà đất Phường Hòa Hưng giá rẻ dòng tiền tốt,investment,affordable,2.8,1.0
evt_104348,usr_1288,sess_1288_1,45021961,view,2026-01-30T16:56:14Z,41,search_bar,0.719,False,"nhà ở Phường An Lạc thoáng mát 3pn, tầm trung",buy_for_living,mid_range,5.8,1.0
evt_101278,usr_1086,sess_1086_0,45124613,contact,2026-01-30T18:15:47Z,91,related_items,4.349,False,tìm nhà đất Phường Gò Vấp giá mềm tiềm năng tăng giá,investment,affordable,2.7,2.0
evt_100964,usr_1064,sess_1064_0,45180487,share,2026-01-30T18:39:21Z,42,homepage,2.894,False,tìm nhà đất Phường Hiệp Bình cao cấp tiềm năng tăng giá,investment,mid_range,6.7,2.0
evt_103402,usr_1225,sess_1225_0,43220620,view,2026-01-30T18:45:26Z,29,search_bar,0.654,False,nhà đất Phường Gia Định giá tốt cho gia đình,buy_for_living,mid_range,7.0,2.0
evt_103676,usr_1242,sess_1242_2,44784242,contact,2026-01-30T18:50:19Z,10,homepage,2.306,False,nhà đất Phường Phú Nhuận cao cấp cho vợ chồng mới cưới,buy_for_living,mid_range,7.1,2.0
evt_101747,usr_1119,sess_1119_0,45111527,view,2026-01-30T19:58:53Z,60,search_bar,0.791,False,thuê nhà đất Phường Phú Định 2 phòng ngủ khu nhà giàu,rent,luxury,24.2,2.0
evt_103636,usr_1240,sess_1240_0,45166768,save,2026-01-30T21:21:38Z,57,ai_recommendation,2.343,False,nhà đất Phường Tăng Nhơn Phú giá tốt cho gia đình,buy_for_living,mid_range,5.9,2.0
evt_100232,usr_1014,sess_1014_1,44635188,save,2026-01-30T22:15:21Z,159,search_bar,2.929,False,tìm nhà đất Phường Xuân Hòa sang trọng gần trường học,buy_for_living,mid_range,7.7,3.0
evt_102275,usr_1154,sess_1154_0,44965051,view,2026-01-30T22:59:29Z,43,search_bar,0.728,False,"nhà ở Phường Bình Thạnh thoáng mát 15pn, khu nhà giàu",buy_for_living,affordable,2.6,3.0
evt_104036,usr_1266,sess_1266_0,44992654,view,2026-01-30T23:30:47Z,16,search_bar,0.545,False,tìm nhà đất Phường Tân Sơn Nhất khu nhà giàu tiềm năng tăng giá,investment,mid_range,7.8,2.0
evt_102646,usr_1176,sess_1176_0,44432789,save,2026-01-30T23:59:21Z,21,ai_recommendation,1.784,False,"nhà ở Phường Tân Sơn Hòa thoáng mát 3pn, bình dân",buy_for_living,affordable,2.9,2.0
evt_102672,usr_1178,sess_1178_1,44797875,save,2026-01-31T00:40:39Z,90,search_bar,2.603,False,nhà đất Xã Nhà Bè giá vừa phải cho gia đình,buy_for_living,mid_range,7.2,2.0
evt_101597,usr_1108,sess_1108_0,44107369,view,2026-01-31T01:30:57Z,277,ai_recommendation,1.0,False,tìm căn hộ Phường Long Trường rẻ một chút gần trường học,buy_for_living,affordable,2.5,2.0
evt_103236,usr_1213,sess_1213_0,44604328,view,2026-01-31T02:42:27Z,9,search_bar,0.443,True,tìm nhà đất Phường Cầu Ông Lãnh tầm trung gần trường học,buy_for_living,mid_range,6.9,1.0
evt_103639,usr_1240,sess_1240_0,44798297,save,2026-01-31T02:56:48Z,168,ai_recommendation,2.96,False,"cần mua nhà đất 5 phòng ngủ ở Phường An Lạc để ở, giá hợp lý",buy_for_living,mid_range,5.9,2.0
evt_100547,usr_1035,sess_1035_2,45050074,view,2026-01-31T04:34:10Z,24,ai_recommendation,0.619,False,tìm nhà đất Phường Thủ Đức ổn định tiềm năng tăng giá,investment,affordable,2.4,1.0
evt_101640,usr_1111,sess_1111_0,44973308,save,2026-01-31T04:47:50Z,65,ai_recommendation,2.418,False,"mua nhà đất đầu tư ở Phường Thông Tây Hội pháp lý rõ ràng, giá vừa phải",investment,affordable,2.4,2.0
evt_101525,usr_1103,sess_1103_0,45181110,contact,2026-01-31T05:32:47Z,124,ai_recommendation,4.644,False,thuê nhà đất Phường Tân Sơn Hòa 7 phòng ngủ vị trí đẹp,rent,affordable,2.7,2.0
evt_102325,usr_1157,sess_1157_1,43489295,view,2026-01-31T05:36:31Z,24,search_bar,0.619,False,"nhà ở Phường Phú Thuận thoáng mát 2pn, tầm trung",buy_for_living,affordable,2.3,2.0
evt_102977,usr_1197,sess_1197_0,45197650,save,2026-01-31T07:11:33Z,17,related_items,1.668,False,nhà đất Phường Tân Hòa sang trọng cho vợ chồng mới cưới,buy_for_living,affordable,2.4,2.0
evt_104046,usr_1267,sess_1267_0,45199130,contact,2026-01-31T07:40:27Z,27,search_bar,3.205,False,"nhà ở Phường Sài Gòn thoáng mát 3pn, cao cấp",buy_for_living,affordable,2.3,2.0
evt_104423,usr_1293,sess_1293_2,45210408,view,2026-01-31T07:50:24Z,7,related_items,0.4,True,"nhà ở Xã Tân Nhựt thoáng mát 2pn, khu nhà giàu",buy_for_living,affordable,2.9,2.0
evt_101595,usr_1108,sess_1108_1,44872651,view,2026-01-31T08:06:29Z,44,ai_recommendation,0.732,False,"cần mua căn hộ 3 phòng ngủ ở Phường Long Bình để ở, tầm trung",buy_for_living,affordable,2.5,2.0
evt_100879,usr_1058,sess_1058_0,45146331,contact,2026-01-31T08:32:38Z,112,ai_recommendation,4.547,False,nhà đất Phường Gò Vấp sang trọng cho thuê lại được,investment,affordable,2.9,2.0
evt_100467,usr_1030,sess_1030_0,44140279,share,2026-01-31T08:54:07Z,80,homepage,3.381,False,"cần mua nhà đất 5 phòng ngủ ở Phường Hòa Hưng để ở, tầm trung",buy_for_living,luxury,19.9,2.0
evt_102573,usr_1171,sess_1171_1,41321808,view,2026-01-31T09:23:43Z,9,ai_recommendation,0.443,True,"cần mua căn hộ 1 phòng ngủ ở Phường Long Trường để ở, giá tốt",buy_for_living,affordable,2.7,2.0
evt_102935,usr_1194,sess_1194_0,42962075,view,2026-01-31T09:32:32Z,32,search_bar,0.673,False,thuê nhà đất Phường Tân Thuận 4 phòng ngủ giá vừa phải,rent,mid_range,5.7,2.0
evt_104436,usr_1294,sess_1294_0,44793585,contact,2026-01-31T09:37:05Z,36,homepage,3.473,False,"mua nhà đất đầu tư ở Phường Tân Sơn Hòa pháp lý rõ ràng, vị trí đẹp",investment,luxury,22.2,2.0
evt_102308,usr_1156,sess_1156_0,45209086,view,2026-01-31T09:55:05Z,27,search_bar,0.641,False,nhà đất Phường Xuân Hòa rẻ một chút cho thuê lại được,investment,luxury,19.7,3.0
evt_101568,usr_1106,sess_1106_1,45082489,view,2026-01-31T10:20:22Z,32,homepage,0.673,False,"nhà ở Phường Tân Phú thoáng mát 3pn, giá hợp lý",buy_for_living,mid_range,5.6,1.0
evt_101699,usr_1116,sess_1116_0,45229849,view,2026-01-31T11:13:32Z,44,ai_recommendation,0.732,False,nhà đất Phường An Hội Tây ổn định dòng tiền tốt,investment,mid_range,7.6,1.0
evt_101163,usr_1079,sess_1079_0,45085834,view,2026-01-31T12:31:14Z,15,ai_recommendation,0.533,False,nhà đất Phường Phú Định bình dân cho thuê gần metro,rent,affordable,3.0,2.0
evt_102874,usr_1191,sess_1191_0,45146010,contact,2026-01-31T12:59:56Z,54,homepage,3.854,False,nhà đất Phường Phước Thắng bình dân cho thuê gần metro,rent,mid_range,6.0,3.0
evt_101549,usr_1105,sess_1105_0,43228481,share,2026-01-31T13:18:05Z,122,homepage,3.703,False,tìm căn hộ Phường Bình Hòa rẻ một chút tiềm năng tăng giá,investment,luxury,23.4,1.0
evt_103594,usr_1237,sess_1237_0,41019599,save,2026-01-31T14:48:12Z,17,search_bar,1.668,False,tìm phòng nhà đất ở Phường Phước Thắng giá mềm,rent,mid_range,6.5,2.0
evt_100091,usr_1005,sess_1005_1,45207563,view,2026-01-31T15:27:34Z,33,ai_recommendation,0.678,False,nhà đất Phường Tăng Nhơn Phú bình dân cho vợ chồng mới cưới,buy_for_living,affordable,2.8,2.0
evt_101902,usr_1130,sess_1130_1,44397902,view,2026-01-31T15:44:31Z,44,homepage,0.732,False,"mua căn hộ đầu tư ở Phường Long Bình pháp lý rõ ràng, bình dân",investment,affordable,2.5,1.0
evt_101281,usr_1086,sess_1086_1,45128126,view,2026-01-31T16:14:54Z,56,homepage,0.778,False,tìm nhà đất Phường Cầu Kiệu giá rẻ tiềm năng tăng giá,investment,affordable,2.7,2.0
evt_101884,usr_1128,sess_1128_1,44900300,view,2026-01-31T16:47:09Z,22,search_bar,0.603,False,nhà đất Phường Cát Lái cao cấp cho gia đình,buy_for_living,luxury,24.8,2.0
evt_104256,usr_1281,sess_1281_0,43829084,view,2026-01-31T17:45:09Z,134,homepage,0.944,False,"mua nhà đất đầu tư ở Phường Hòa Hưng pháp lý rõ ràng, khu nhà giàu",investment,affordable,2.9,2.0
evt_101088,usr_1075,sess_1075_1,44979694,share,2026-01-31T18:04:23Z,19,ai_recommendation,2.305,False,nhà đất Phường Đức Nhuận rẻ một chút cho thuê lại được,investment,mid_range,7.6,2.0
evt_103969,usr_1262,sess_1262_0,44994010,contact,2026-01-31T18:20:21Z,34,related_items,3.42,False,tìm nhà đất Phường An Hội Tây cao cấp gần trường học,buy_for_living,mid_range,8.0,2.0
evt_100738,usr_1049,sess_1049_2,45230039,save,2026-01-31T19:08:54Z,229,related_items,3.0,False,"nhà ở Phường Xóm Chiếu thoáng mát 4pn, ổn định",buy_for_living,affordable,2.8,1.0
evt_100392,usr_1025,sess_1025_0,45260350,view,2026-01-31T19:14:28Z,60,related_items,0.791,False,tìm nhà đất Phường Tân Sơn Hòa giá tốt gần trường học,buy_for_living,affordable,2.5,2.0
evt_104138,usr_1274,sess_1274_1,44945736,contact,2026-01-31T19:41:09Z,62,related_items,3.985,False,tìm nhà đất Phường Nhiêu Lộc giá mềm gần trường học,buy_for_living,mid_range,5.5,2.0
evt_103248,usr_1214,sess_1214_1,45019732,save,2026-01-31T19:45:12Z,20,ai_recommendation,1.757,False,"cần thuê nhà đất Phường An Hội Tây full nội thất, sang trọng",rent,affordable,2.6,2.0
evt_104461,usr_1296,sess_1296_1,45027406,save,2026-01-31T21:41:38Z,35,ai_recommendation,2.068,False,nhà đất Phường Cầu Kiệu giá mềm cho vợ chồng mới cưới,buy_for_living,affordable,2.8,2.0
evt_101802,usr_1123,sess_1123_1,44638795,save,2026-01-31T21:50:14Z,12,ai_recommendation,1.48,False,nhà đất Phường Nhiêu Lộc giá mềm dòng tiền tốt,investment,affordable,2.7,2.0
evt_100851,usr_1056,sess_1056_0,45100628,view,2026-01-31T21:53:33Z,68,ai_recommendation,0.814,False,"nhà ở Phường Phú Thọ Hòa thoáng mát 2pn, rẻ một chút",buy_for_living,affordable,2.6,2.0
evt_101730,usr_1118,sess_1118_2,44870565,contact,2026-01-31T21:54:24Z,28,ai_recommendation,3.239,False,"mua nhà đất đầu tư ở Phường Bình Trị Đông pháp lý rõ ràng, giá rẻ",investment,mid_range,6.3,2.0
evt_104121,usr_1272,sess_1272_1,44634511,contact,2026-01-31T22:31:12Z,46,ai_recommendation,3.703,False,"nhà ở Phường Vườn Lài thoáng mát 4pn, giá mềm",buy_for_living,affordable,2.7,2.0
evt_103491,usr_1230,sess_1230_0,44949894,view,2026-01-31T22:38:28Z,26,related_items,0.634,False,nhà đất Xã Nhà Bè giá mềm cho vợ chồng mới cưới,buy_for_living,affordable,2.5,2.0
evt_100033,usr_1002,sess_1002_0,45039548,view,2026-01-31T23:45:42Z,23,ai_recommendation,0.611,False,tìm phòng nhà đất ở Phường Cầu Kiệu khu nhà giàu,rent,affordable,2.1,1.0
evt_103383,usr_1223,sess_1223_0,41753098,save,2026-02-01T01:47:49Z,10,search_bar,1.384,False,tìm nhà đất Phường Phú Thuận ổn định gần trường học,buy_for_living,affordable,2.4,3.0
evt_103052,usr_1202,sess_1202_1,45212351,view,2026-02-01T01:50:24Z,180,ai_recommendation,1.0,False,căn hộ Phường Bình Đông giá mềm cho vợ chồng mới cưới,buy_for_living,affordable,2.8,3.0
evt_103849,usr_1255,sess_1255_0,45203198,view,2026-02-01T01:55:15Z,24,related_items,0.619,False,"nhà ở Phường Bình Lợi Trung thoáng mát 1pn, giá tốt",buy_for_living,mid_range,6.8,1.0
evt_104134,usr_1273,sess_1273_1,45194196,save,2026-02-01T02:01:41Z,38,ai_recommendation,2.114,False,nhà đất Phường Hiệp Bình sang trọng cho thuê gần metro,rent,mid_range,7.2,1.0
evt_103816,usr_1252,sess_1252_1,45108824,view,2026-02-01T02:39:13Z,69,ai_recommendation,0.817,False,nhà đất Phường Cầu Ông Lãnh khu nhà giàu cho vợ chồng mới cưới,buy_for_living,luxury,28.5,2.0
evt_103364,usr_1222,sess_1222_0,45054497,save,2026-02-01T03:19:03Z,15,homepage,1.6,False,nhà đất Xã Nhà Bè giá mềm cho vợ chồng mới cưới,buy_for_living,affordable,2.7,2.0
evt_103917,usr_1259,sess_1259_0,44881605,share,2026-02-01T03:29:10Z,37,homepage,2.799,False,"cần mua nhà đất 6 phòng ngủ ở Phường Cầu Kiệu để ở, vị trí đẹp",buy_for_living,affordable,2.3,2.0
evt_101626,usr_1110,sess_1110_0,45257711,contact,2026-02-01T03:42:07Z,13,ai_recommendation,2.538,False,thuê nhà đất Phường Bình Trị Đông 4 phòng ngủ tầm trung,rent,mid_range,5.6,1.0
evt_103915,usr_1259,sess_1259_0,44843130,view,2026-02-01T04:27:20Z,14,search_bar,0.521,False,"cần mua căn hộ 1 phòng ngủ ở Phường Xuân Hòa để ở, bình dân",buy_for_living,affordable,2.3,2.0
evt_100316,usr_1019,sess_1019_0,45138363,view,2026-02-01T04:50:59Z,29,homepage,0.654,False,nhà đất Phường Tân Sơn sang trọng cho gia đình,buy_for_living,luxury,21.7,2.0
evt_102829,usr_1188,sess_1188_1,45136321,share,2026-02-01T05:54:19Z,40,ai_recommendation,2.857,False,"cần mua nhà đất 2 phòng ngủ ở Phường Tam Bình để ở, giá hợp lý",buy_for_living,mid_range,6.8,3.0
evt_101962,usr_1133,sess_1133_1,45255392,share,2026-02-01T06:03:54Z,145,ai_recommendation,3.835,False,tìm phòng nhà đất ở Phường Phú Thọ Hòa tầm trung,rent,luxury,26.3,2.0
evt_102880,usr_1191,sess_1191_0,42539528,share,2026-02-01T06:05:27Z,33,search_bar,2.713,False,"cần thuê nhà đất Phường Vũng Tàu full nội thất, vị trí đẹp",rent,mid_range,6.0,3.0
evt_104229,usr_1280,sess_1280_2,45207820,save,2026-02-01T06:58:25Z,19,search_bar,1.729,False,tìm phòng nhà đất ở Phường Đức Nhuận giá rẻ,rent,mid_range,7.6,2.0
evt_103452,usr_1228,sess_1228_1,44281973,save,2026-02-01T07:10:59Z,24,ai_recommendation,1.858,False,nhà đất Phường Tân Thuận giá tốt cho gia đình,buy_for_living,affordable,2.8,2.0
evt_101263,usr_1085,sess_1085_0,45188014,view,2026-02-01T07:45:42Z,24,homepage,0.619,False,"mua nhà đất đầu tư ở Phường Tân Bình pháp lý rõ ràng, giá rẻ",investment,affordable,2.7,2.0
evt_102034,usr_1138,sess_1138_0,45135899,save,2026-02-01T08:08:06Z,57,ai_recommendation,2.343,False,tìm căn hộ Phường Đông Hòa giá mềm gần trường học,buy_for_living,luxury,25.7,2.0
evt_104318,usr_1286,sess_1286_0,45170988,view,2026-02-01T08:08:16Z,23,search_bar,0.611,False,"cần thuê nhà đất Phường Thới An full nội thất, khu nhà giàu",rent,affordable,2.6,1.0
evt_104066,usr_1269,sess_1269_0,45185949,view,2026-02-01T08:27:19Z,428,search_bar,1.0,False,tìm nhà đất Phường Bình Trị Đông tầm trung gần trường học,buy_for_living,affordable,2.5,3.0
evt_102975,usr_1197,sess_1197_0,45017298,view,2026-02-01T08:30:53Z,22,homepage,0.603,False,tìm căn hộ Xã Tân Nhựt rẻ một chút gần trường học,buy_for_living,affordable,2.4,2.0
evt_102827,usr_1188,sess_1188_0,45197030,view,2026-02-01T08:45:18Z,35,ai_recommendation,0.689,False,tìm nhà đất Phường Vũng Tàu sang trọng gần trường học,buy_for_living,mid_range,6.8,3.0
evt_102315,usr_1157,sess_1157_0,44716797,view,2026-02-01T09:19:15Z,38,ai_recommendation,0.705,False,tìm nhà đất Phường An Hội Tây giá rẻ gần trường học,buy_for_living,affordable,2.3,2.0
evt_102170,usr_1148,sess_1148_0,44290256,share,2026-02-01T09:48:11Z,12,ai_recommendation,1.974,False,tìm căn hộ Phường Thạnh Mỹ Tây cao cấp tiềm năng tăng giá,investment,mid_range,7.4,2.0
evt_102710,usr_1180,sess_1180_0,44006156,view,2026-02-01T09:55:35Z,7,search_bar,0.4,True,"mua căn hộ đầu tư ở Phường Long Bình pháp lý rõ ràng, giá vừa phải",investment,luxury,27.1,2.0
evt_102622,usr_1175,sess_1175_0,44784446,save,2026-02-01T10:37:26Z,62,ai_recommendation,2.391,False,"cần mua nhà đất 4 phòng ngủ ở Phường Khánh Hội để ở, vị trí đẹp",buy_for_living,mid_range,5.5,2.0
evt_102482,usr_1166,sess_1166_0,45258179,view,2026-02-01T10:38:33Z,16,related_items,0.545,False,nhà đất Phường Bình Đông giá vừa phải cho vợ chồng mới cưới,buy_for_living,luxury,25.3,1.0
evt_100988,usr_1066,sess_1066_0,45223173,share,2026-02-01T10:50:49Z,25,search_bar,2.507,False,nhà đất Phường Tân Thuận giá mềm cho vợ chồng mới cưới,buy_for_living,mid_range,6.7,2.0
evt_101757,usr_1120,sess_1120_0,45125907,share,2026-02-01T11:05:38Z,18,ai_recommendation,2.266,False,nhà đất Phường Gia Định vị trí đẹp cho vợ chồng mới cưới,buy_for_living,affordable,2.6,2.0
evt_103652,usr_1241,sess_1241_0,44766246,contact,2026-02-01T11:34:21Z,55,search_bar,3.872,False,nhà đất Phường Tam Thắng ổn định dòng tiền tốt,investment,mid_range,7.2,2.0
evt_104234,usr_1280,sess_1280_1,44694604,save,2026-02-01T11:41:53Z,51,ai_recommendation,2.28,False,thuê nhà đất Phường Phú Thuận 2 phòng ngủ giá tốt,rent,mid_range,7.6,2.0
evt_100979,usr_1066,sess_1066_0,44432931,share,2026-02-01T11:50:35Z,65,homepage,3.224,False,nhà đất Phường Phú Lâm ổn định cho gia đình,buy_for_living,mid_range,6.7,2.0
evt_104132,usr_1273,sess_1273_0,45138226,view,2026-02-01T11:58:13Z,80,search_bar,0.845,False,"cần thuê nhà đất Phường Bình Hưng Hòa full nội thất, giá vừa phải",rent,mid_range,7.2,1.0
evt_103257,usr_1214,sess_1214_2,44582802,view,2026-02-01T12:07:24Z,4,search_bar,0.31,True,tìm phòng nhà đất ở Phường Phú Thuận cao cấp,rent,affordable,2.6,2.0
evt_101135,usr_1078,sess_1078_1,44156256,view,2026-02-01T12:42:04Z,51,search_bar,0.76,False,"cần mua nhà đất 4 phòng ngủ ở Xã Nhà Bè để ở, sang trọng",buy_for_living,affordable,2.8,2.0
evt_102393,usr_1160,sess_1160_1,45232873,view,2026-02-01T13:03:47Z,61,search_bar,0.794,False,căn hộ Phường Phú Thuận bình dân cho gia đình,buy_for_living,affordable,2.2,2.0
evt_103872,usr_1256,sess_1256_0,45237270,save,2026-02-01T16:00:18Z,32,ai_recommendation,2.018,False,"cần mua nhà đất 3 phòng ngủ ở Phường Bình Thạnh để ở, cao cấp",buy_for_living,affordable,2.9,2.0
evt_102413,usr_1162,sess_1162_1,44224180,save,2026-02-01T17:05:04Z,141,homepage,2.86,False,"cần mua căn hộ 2 phòng ngủ ở Phường Thạnh Mỹ Tây để ở, tầm trung",buy_for_living,affordable,2.6,1.0
evt_101194,usr_1081,sess_1081_0,44708079,save,2026-02-01T17:09:17Z,39,related_items,2.129,False,"cần mua nhà đất 5 phòng ngủ ở Phường Cát Lái để ở, ổn định",buy_for_living,affordable,2.3,1.0
evt_101151,usr_1079,sess_1079_2,45267067,contact,2026-02-01T19:16:28Z,119,ai_recommendation,4.605,False,thuê nhà đất Phường Linh Xuân 3 phòng ngủ sang trọng,rent,affordable,3.0,2.0
evt_102387,usr_1160,sess_1160_1,44690439,save,2026-02-01T19:31:18Z,150,ai_recommendation,2.895,False,"nhà ở Xã Trừ Văn Thố thoáng mát 3pn, bình dân",buy_for_living,affordable,2.2,2.0
evt_104139,usr_1274,sess_1274_1,45147884,view,2026-02-01T20:07:43Z,16,ai_recommendation,0.545,False,tìm nhà đất Phường An Phú Đông giá rẻ gần trường học,buy_for_living,mid_range,5.5,2.0
evt_100611,usr_1039,sess_1039_0,44156207,view,2026-02-01T20:15:51Z,91,ai_recommendation,0.87,False,tìm nhà đất Phường Bình Lợi Trung tầm trung gần trường học,buy_for_living,mid_range,7.9,2.0
evt_101979,usr_1134,sess_1134_1,45158802,view,2026-02-01T20:25:22Z,41,ai_recommendation,0.719,False,nhà đất Phường Cầu Kiệu tầm trung cho vợ chồng mới cưới,buy_for_living,mid_range,6.1,2.0
evt_103675,usr_1242,sess_1242_2,45177146,save,2026-02-01T20:30:23Z,93,ai_recommendation,2.622,False,tìm nhà đất Phường Diên Hồng giá rẻ gần trường học,buy_for_living,mid_range,7.1,2.0
evt_101790,usr_1123,sess_1123_0,45222670,view,2026-02-01T21:02:59Z,18,search_bar,0.566,False,căn hộ Phường Long Bình giá vừa phải dòng tiền tốt,investment,affordable,2.7,2.0
evt_101540,usr_1104,sess_1104_1,43211541,share,2026-02-01T22:07:21Z,54,homepage,3.083,False,tìm căn hộ Phường Tân Thuận tầm trung gần trường học,buy_for_living,mid_range,6.1,3.0
evt_103241,usr_1213,sess_1213_0,44617962,save,2026-02-01T22:10:31Z,37,ai_recommendation,2.099,False,căn hộ Phường Chợ Lớn giá rẻ cho vợ chồng mới cưới,buy_for_living,mid_range,6.9,1.0
evt_102225,usr_1151,sess_1151_1,43553145,save,2026-02-01T22:50:42Z,45,ai_recommendation,2.209,False,nhà đất Phường Bảy Hiền khu nhà giàu cho gia đình,buy_for_living,mid_range,7.1,2.0
evt_101190,usr_1081,sess_1081_0,45159585,view,2026-02-01T23:00:15Z,42,search_bar,0.724,False,tìm nhà đất Phường Hạnh Thông khu nhà giàu gần trường học,buy_for_living,affordable,2.3,1.0
evt_104113,usr_1272,sess_1272_0,43693887,save,2026-02-02T01:04:20Z,210,ai_recommendation,3.0,False,căn hộ Phường Long Bình bình dân cho gia đình,buy_for_living,affordable,2.7,2.0
evt_104514,usr_1299,sess_1299_0,44927823,save,2026-02-02T02:15:43Z,112,ai_recommendation,2.728,False,tìm nhà đất Phường An Hội Đông giá mềm gần trường học,buy_for_living,affordable,2.2,2.0
evt_102532,usr_1169,sess_1169_0,44819431,view,2026-02-02T03:53:37Z,5,ai_recommendation,0.345,True,nhà đất Phường Phú Định giá hợp lý dòng tiền tốt,investment,affordable,2.8,1.0
evt_100106,usr_1006,sess_1006_0,44066576,save,2026-02-02T04:14:39Z,42,related_items,2.171,False,"mua nhà đất đầu tư ở Xã Nhà Bè pháp lý rõ ràng, tầm trung",investment,affordable,2.5,2.0
evt_104292,usr_1283,sess_1283_1,44668641,view,2026-02-02T05:52:38Z,8,ai_recommendation,0.423,True,nhà đất Phường Cầu Ông Lãnh tầm trung dòng tiền tốt,investment,luxury,19.0,2.0
evt_101516,usr_1103,sess_1103_1,45164575,contact,2026-02-02T06:41:29Z,21,ai_recommendation,2.973,False,nhà đất Phường Long Hương sang trọng cho thuê gần metro,rent,affordable,2.7,2.0
evt_103718,usr_1246,sess_1246_2,45242724,contact,2026-02-02T07:36:38Z,103,search_bar,4.467,False,nhà đất Phường Tăng Nhơn Phú vị trí đẹp dòng tiền tốt,investment,luxury,21.4,3.0
evt_101768,usr_1121,sess_1121_2,45061945,save,2026-02-02T08:46:52Z,91,ai_recommendation,2.609,False,căn hộ Phường Chợ Lớn bình dân dòng tiền tốt,investment,affordable,2.9,2.0
evt_101389,usr_1094,sess_1094_1,41078865,save,2026-02-02T09:24:22Z,37,ai_recommendation,2.099,False,tìm nhà đất Phường Hòa Hưng cao cấp gần trường học,buy_for_living,affordable,2.8,1.0
evt_103834,usr_1253,sess_1253_0,45261487,view,2026-02-02T09:30:52Z,24,ai_recommendation,0.619,False,nhà đất Phường Gò Vấp tầm trung dòng tiền tốt,investment,affordable,2.6,2.0
evt_101299,usr_1088,sess_1088_0,44870124,view,2026-02-02T10:34:39Z,47,ai_recommendation,0.745,False,tìm nhà đất Phường Dĩ An tầm trung gần trường học,buy_for_living,affordable,3.0,2.0
evt_100380,usr_1024,sess_1024_2,44619715,view,2026-02-02T10:41:51Z,583,ai_recommendation,1.0,False,thuê nhà đất Phường An Phú Đông 2 phòng ngủ giá rẻ,rent,mid_range,6.4,2.0
evt_104490,usr_1298,sess_1298_2,44800993,save,2026-02-02T11:02:14Z,124,search_bar,2.786,False,nhà đất Phường Thông Tây Hội giá mềm cho thuê gần metro,rent,mid_range,5.7,3.0
evt_102465,usr_1165,sess_1165_0,43598350,save,2026-02-02T11:26:01Z,11,ai_recommendation,1.434,False,nhà đất Phường Hòa Hưng sang trọng cho gia đình,buy_for_living,luxury,26.4,2.0
evt_100395,usr_1025,sess_1025_0,45209379,contact,2026-02-02T13:07:02Z,28,ai_recommendation,3.239,False,căn hộ Phường Chợ Lớn giá vừa phải cho vợ chồng mới cưới,buy_for_living,affordable,2.5,2.0
evt_100283,usr_1017,sess_1017_0,45211053,view,2026-02-02T13:35:32Z,18,homepage,0.566,False,nhà đất Phường An Hội Tây giá rẻ cho thuê gần metro,rent,mid_range,7.6,2.0
evt_104045,usr_1267,sess_1267_0,44438384,save,2026-02-02T14:08:19Z,112,search_bar,2.728,False,"cần mua nhà đất 4 phòng ngủ ở Phường Phú Thuận để ở, vị trí đẹp",buy_for_living,affordable,2.3,2.0
evt_102295,usr_1155,sess_1155_1,45197649,view,2026-02-02T14:53:25Z,227,homepage,1.0,False,nhà đất Phường Bình Hưng Hòa ổn định cho gia đình,buy_for_living,affordable,3.0,2.0
evt_100102,usr_1006,sess_1006_1,44635188,view,2026-02-02T16:09:29Z,35,search_bar,0.689,False,tìm nhà đất Phường Xuân Hòa vị trí đẹp tiềm năng tăng giá,investment,affordable,2.5,2.0
evt_103266,usr_1215,sess_1215_0,44841772,contact,2026-02-02T16:44:28Z,13,ai_recommendation,2.538,False,căn hộ Xã Tân Nhựt giá rẻ cho thuê lại được,investment,affordable,2.8,2.0
evt_102337,usr_1158,sess_1158_0,44716797,view,2026-02-02T16:46:13Z,19,search_bar,0.576,False,"nhà ở Phường An Hội Tây thoáng mát 4pn, giá mềm",buy_for_living,mid_range,5.9,2.0
evt_102500,usr_1167,sess_1167_0,45189623,contact,2026-02-02T17:16:57Z,174,ai_recommendation,4.968,False,"nhà ở Phường Bình Dương thoáng mát 2pn, rẻ một chút",buy_for_living,affordable,2.5,3.0
evt_101002,usr_1068,sess_1068_1,45199407,view,2026-02-02T17:44:26Z,42,ai_recommendation,0.724,False,tìm nhà đất Phường An Phú Đông giá mềm tiềm năng tăng giá,investment,mid_range,6.1,2.0
evt_102174,usr_1148,sess_1148_0,45235201,save,2026-02-02T17:58:06Z,47,search_bar,2.234,False,căn hộ Phường Long Bình giá mềm cho thuê lại được,investment,mid_range,7.4,2.0
evt_100261,usr_1016,sess_1016_0,45215261,save,2026-02-02T18:30:00Z,24,related_items,1.858,False,"nhà ở Phường Linh Xuân thoáng mát 2pn, giá rẻ",buy_for_living,mid_range,7.3,3.0
evt_101302,usr_1088,sess_1088_0,44909045,view,2026-02-02T19:47:43Z,30,homepage,0.661,False,"cần mua nhà đất 0 phòng ngủ ở Phường Vườn Lài để ở, cao cấp",buy_for_living,affordable,3.0,2.0
evt_101090,usr_1075,sess_1075_2,45159575,view,2026-02-02T20:02:18Z,60,homepage,0.791,False,"mua nhà đất đầu tư ở Xã Nhà Bè pháp lý rõ ràng, giá vừa phải",investment,mid_range,7.6,2.0
evt_101231,usr_1084,sess_1084_0,45220098,save,2026-02-02T20:38:56Z,56,ai_recommendation,2.333,False,"nhà ở Phường An Phú Đông thoáng mát 3pn, giá vừa phải",buy_for_living,mid_range,7.2,2.0
evt_103727,usr_1246,sess_1246_2,44819431,share,2026-02-02T21:07:21Z,67,ai_recommendation,3.247,False,tìm nhà đất Phường Phú Định giá hợp lý tiềm năng tăng giá,investment,luxury,21.4,3.0
evt_103222,usr_1212,sess_1212_1,45191212,save,2026-02-02T23:51:47Z,105,ai_recommendation,2.691,False,tìm phòng nhà đất ở Xã Hiệp Phước giá rẻ,rent,mid_range,7.1,2.0
evt_103983,usr_1263,sess_1263_1,42806581,contact,2026-02-03T01:15:50Z,13,ai_recommendation,2.538,False,nhà đất Phường Phú Nhuận vị trí đẹp cho thuê lại được,investment,affordable,2.8,2.0
evt_101498,usr_1101,sess_1101_0,43652465,view,2026-02-03T01:24:32Z,100,ai_recommendation,0.888,False,căn hộ Phường Bình Trưng bình dân cho thuê gần metro,rent,affordable,2.3,2.0
evt_104167,usr_1276,sess_1276_2,44345057,save,2026-02-03T01:44:09Z,28,related_items,1.943,False,tìm phòng nhà đất ở Phường Bến Thành giá vừa phải,rent,affordable,2.5,2.0
evt_103388,usr_1224,sess_1224_1,45223899,share,2026-02-03T03:01:31Z,24,homepage,2.477,False,tìm nhà đất Phường Tân Sơn Nhì ổn định tiềm năng tăng giá,investment,luxury,21.3,3.0
evt_102907,usr_1192,sess_1192_1,45232873,view,2026-02-03T03:16:32Z,67,related_items,0.812,False,căn hộ Phường Phú Thuận rẻ một chút cho thuê lại được,investment,affordable,2.3,3.0
evt_104031,usr_1266,sess_1266_0,44488372,view,2026-02-03T03:55:20Z,39,ai_recommendation,0.71,False,tìm nhà đất Phường Phước Long khu nhà giàu tiềm năng tăng giá,investment,mid_range,7.8,2.0
evt_100433,usr_1028,sess_1028_2,45162235,view,2026-02-03T03:55:25Z,35,ai_recommendation,0.689,False,tìm căn hộ Xã Tân Nhựt rẻ một chút gần trường học,buy_for_living,affordable,2.2,1.0
evt_103710,usr_1245,sess_1245_1,44570832,view,2026-02-03T05:58:21Z,40,ai_recommendation,0.714,False,nhà đất Xã Hiệp Phước cao cấp cho gia đình,buy_for_living,mid_range,8.0,3.0
evt_101024,usr_1069,sess_1069_1,44989845,view,2026-02-03T07:18:13Z,74,ai_recommendation,0.831,False,nhà đất Phường Tân Bình rẻ một chút cho thuê lại được,investment,affordable,2.2,1.0
evt_103151,usr_1208,sess_1208_0,43535889,view,2026-02-03T07:53:58Z,94,ai_recommendation,0.876,False,nhà đất Phường Bình Lợi Trung giá rẻ cho gia đình,buy_for_living,affordable,2.3,2.0
evt_103020,usr_1200,sess_1200_0,43684389,view,2026-02-03T10:35:16Z,32,ai_recommendation,0.673,False,"mua nhà đất đầu tư ở Phường Phú Thuận pháp lý rõ ràng, vị trí đẹp",investment,mid_range,5.7,2.0
evt_100503,usr_1032,sess_1032_0,45265683,view,2026-02-03T10:54:20Z,48,ai_recommendation,0.749,False,nhà đất Phường Phú Thọ Hòa giá hợp lý cho vợ chồng mới cưới,buy_for_living,affordable,2.8,2.0
evt_102806,usr_1186,sess_1186_0,45202949,view,2026-02-03T11:11:14Z,11,ai_recommendation,0.478,False,căn hộ Phường Phú Thuận rẻ một chút cho gia đình,buy_for_living,luxury,28.1,2.0
evt_103417,usr_1226,sess_1226_2,44604790,view,2026-02-03T12:00:05Z,21,ai_recommendation,0.595,False,tìm nhà đất Phường Tân Hòa rẻ một chút gần trường học,buy_for_living,affordable,2.5,2.0
evt_104404,usr_1291,sess_1291_1,44751866,contact,2026-02-03T12:25:34Z,15,homepage,2.667,False,nhà đất Phường Vũng Tàu giá vừa phải cho vợ chồng mới cưới,buy_for_living,affordable,2.9,3.0
evt_103613,usr_1238,sess_1238_0,43652465,view,2026-02-03T12:52:44Z,9,ai_recommendation,0.443,True,tìm phòng căn hộ ở Phường Bình Trưng giá mềm,rent,mid_range,7.2,2.0
evt_103421,usr_1226,sess_1226_0,45228090,share,2026-02-03T13:09:15Z,55,ai_recommendation,3.097,False,"cần mua nhà đất 4 phòng ngủ ở Phường Cầu Kiệu để ở, khu nhà giàu",buy_for_living,affordable,2.5,2.0
evt_102784,usr_1185,sess_1185_1,45253524,share,2026-02-03T14:05:34Z,25,search_bar,2.507,False,nhà đất Phường Linh Xuân sang trọng cho gia đình,buy_for_living,mid_range,5.7,1.0
evt_104347,usr_1287,sess_1287_1,44026736,view,2026-02-03T14:32:45Z,15,search_bar,0.533,False,nhà đất Phường Phú Nhuận giá vừa phải cho vợ chồng mới cưới,buy_for_living,affordable,2.4,2.0
evt_102825,usr_1188,sess_1188_1,45140720,save,2026-02-03T14:44:26Z,10,search_bar,1.384,False,nhà đất Phường Tân Sơn Nhất giá vừa phải cho gia đình,buy_for_living,mid_range,6.8,3.0
evt_104040,usr_1267,sess_1267_0,45180105,contact,2026-02-03T14:45:36Z,421,search_bar,5.0,False,"cần mua nhà đất 4 phòng ngủ ở Phường Đức Nhuận để ở, vị trí đẹp",buy_for_living,affordable,2.3,2.0
evt_100901,usr_1060,sess_1060_0,43161586,share,2026-02-03T14:45:45Z,49,ai_recommendation,3.01,False,nhà đất Phường Hòa Bình giá rẻ cho thuê lại được,investment,mid_range,6.5,1.0
evt_102654,usr_1177,sess_1177_0,44222729,share,2026-02-03T15:27:54Z,88,search_bar,3.454,False,nhà đất Phường Diên Hồng vị trí đẹp dòng tiền tốt,investment,luxury,27.7,2.0
evt_103078,usr_1204,sess_1204_0,45023942,view,2026-02-03T15:47:32Z,76,search_bar,0.836,False,tìm căn hộ Phường Long Bình sang trọng gần trường học,buy_for_living,affordable,2.7,2.0
evt_100375,usr_1024,sess_1024_1,45000100,view,2026-02-03T16:10:53Z,146,ai_recommendation,0.96,False,tìm phòng nhà đất ở Phường Bình Lợi Trung rẻ một chút,rent,mid_range,6.4,2.0
evt_101103,usr_1076,sess_1076_0,44593731,save,2026-02-03T16:13:40Z,24,homepage,1.858,False,"mua nhà đất đầu tư ở Xã Bà Điểm pháp lý rõ ràng, cao cấp",investment,affordable,2.8,2.0
evt_102737,usr_1182,sess_1182_0,44950030,save,2026-02-03T16:35:26Z,44,ai_recommendation,2.197,False,thuê nhà đất Phường An Hội Tây 2 phòng ngủ rẻ một chút,rent,affordable,2.5,2.0
evt_101941,usr_1132,sess_1132_0,45104556,save,2026-02-03T16:38:49Z,215,ai_recommendation,3.0,False,tìm nhà đất Phường Bình Trưng giá mềm tiềm năng tăng giá,investment,luxury,20.8,1.0
evt_104184,usr_1277,sess_1277_0,43357553,view,2026-02-03T18:16:19Z,61,ai_recommendation,0.794,False,nhà đất Phường Cầu Kiệu khu nhà giàu cho vợ chồng mới cưới,buy_for_living,luxury,21.6,2.0
evt_102381,usr_1160,sess_1160_0,44106049,view,2026-02-03T18:42:39Z,93,ai_recommendation,0.874,False,nhà đất Phường Hòa Hưng cao cấp cho vợ chồng mới cưới,buy_for_living,affordable,2.2,2.0
evt_102415,usr_1162,sess_1162_0,45235440,view,2026-02-03T20:58:39Z,4,search_bar,0.31,True,"nhà ở Phường Hòa Hưng thoáng mát 3pn, rẻ một chút",buy_for_living,affordable,2.6,1.0
evt_100218,usr_1013,sess_1013_1,45235999,save,2026-02-03T21:17:51Z,29,homepage,1.963,False,nhà đất Phường Thới An giá vừa phải cho gia đình,buy_for_living,affordable,2.4,2.0
evt_102789,usr_1185,sess_1185_0,45199676,view,2026-02-03T21:42:56Z,20,search_bar,0.586,False,"nhà ở Phường Thủ Đức thoáng mát 5pn, tầm trung",buy_for_living,mid_range,5.7,1.0
evt_102345,usr_1158,sess_1158_1,37178168,save,2026-02-03T23:52:06Z,48,search_bar,2.246,False,tìm nhà đất Xã Nhà Bè cao cấp gần trường học,buy_for_living,mid_range,5.9,2.0
evt_104445,usr_1295,sess_1295_1,44107433,view,2026-02-03T23:55:00Z,5,ai_recommendation,0.345,True,tìm phòng căn hộ ở Phường Long Trường giá vừa phải,rent,mid_range,7.0,2.0
evt_103766,usr_1248,sess_1248_0,44559172,view,2026-02-04T00:14:16Z,28,search_bar,0.648,False,nhà đất Phường Chánh Hưng ổn định cho thuê lại được,investment,affordable,2.3,2.0
evt_103341,usr_1220,sess_1220_1,44974281,save,2026-02-04T00:41:00Z,24,related_items,1.858,False,"cần mua nhà đất 4 phòng ngủ ở Phường Tân Hưng để ở, tầm trung",buy_for_living,affordable,2.6,3.0
evt_101794,usr_1123,sess_1123_0,44970036,view,2026-02-04T02:40:01Z,38,ai_recommendation,0.705,False,nhà đất Phường Bình Trưng khu nhà giàu cho thuê lại được,investment,affordable,2.7,2.0
evt_102619,usr_1174,sess_1174_0,45066979,view,2026-02-04T03:53:20Z,32,homepage,0.673,False,nhà đất Phường Long Trường giá tốt cho thuê gần metro,rent,affordable,2.4,2.0
evt_103319,usr_1219,sess_1219_0,45101382,view,2026-02-04T06:43:30Z,146,ai_recommendation,0.96,False,tìm phòng nhà đất ở Xã Nhà Bè vị trí đẹp,rent,affordable,2.8,2.0
evt_101628,usr_1110,sess_1110_0,45209045,save,2026-02-04T07:23:00Z,49,homepage,2.258,False,thuê nhà đất Phường An Lạc 4 phòng ngủ vị trí đẹp,rent,mid_range,5.6,1.0
evt_101821,usr_1125,sess_1125_0,45095425,share,2026-02-04T09:25:53Z,56,ai_recommendation,3.111,False,căn hộ Phường An Lạc rẻ một chút cho vợ chồng mới cưới,buy_for_living,affordable,3.0,2.0
evt_104453,usr_1295,sess_1295_0,45197820,view,2026-02-04T09:43:04Z,38,homepage,0.705,False,tìm phòng nhà đất ở Phường Bàn Cờ bình dân,rent,mid_range,7.0,2.0
evt_103698,usr_1245,sess_1245_0,44657233,view,2026-02-04T10:59:05Z,29,ai_recommendation,0.654,False,nhà đất Phường Tam Thắng cao cấp cho gia đình,buy_for_living,mid_range,8.0,3.0
evt_104505,usr_1299,sess_1299_0,44907090,contact,2026-02-04T11:46:14Z,39,ai_recommendation,3.548,False,tìm nhà đất Phường An Hội Tây giá mềm gần trường học,buy_for_living,affordable,2.2,2.0
evt_102057,usr_1139,sess_1139_1,43533970,view,2026-02-04T11:48:10Z,61,related_items,0.794,False,tìm nhà đất Phường Tân Thuận sang trọng tiềm năng tăng giá,investment,luxury,25.1,3.0
evt_103080,usr_1204,sess_1204_0,44852119,view,2026-02-04T12:59:44Z,17,search_bar,0.556,False,nhà đất Xã Nhà Bè khu nhà giàu cho gia đình,buy_for_living,affordable,2.7,2.0
evt_104455,usr_1296,sess_1296_1,45085955,save,2026-02-04T13:23:53Z,23,homepage,1.834,False,"nhà ở Phường Long Bình thoáng mát 0pn, vị trí đẹp",buy_for_living,affordable,2.8,2.0
evt_100240,usr_1015,sess_1015_1,45144385,share,2026-02-04T13:25:52Z,43,homepage,2.912,False,nhà đất Phường Hiệp Bình giá tốt dòng tiền tốt,investment,affordable,2.1,2.0
evt_104127,usr_1273,sess_1273_2,45066544,view,2026-02-04T13:47:10Z,62,search_bar,0.797,False,"cần thuê nhà đất Phường Bình Tân full nội thất, giá hợp lý",rent,mid_range,7.2,1.0
evt_100830,usr_1055,sess_1055_0,45039548,view,2026-02-04T14:46:44Z,160,ai_recommendation,0.977,False,nhà đất Phường Cầu Kiệu khu nhà giàu dòng tiền tốt,investment,affordable,2.7,3.0
evt_100134,usr_1008,sess_1008_0,45204788,view,2026-02-04T16:39:00Z,80,related_items,0.845,False,nhà đất Phường Tân Hưng bình dân cho vợ chồng mới cưới,buy_for_living,affordable,2.3,2.0
evt_102916,usr_1193,sess_1193_1,44290256,view,2026-02-04T16:56:16Z,20,ai_recommendation,0.586,False,"cần mua căn hộ 3 phòng ngủ ở Phường Thạnh Mỹ Tây để ở, khu nhà giàu",buy_for_living,mid_range,7.9,1.0
evt_101152,usr_1079,sess_1079_2,45197810,view,2026-02-04T18:02:36Z,76,search_bar,0.836,False,căn hộ Phường Gò Vấp giá rẻ cho thuê gần metro,rent,affordable,3.0,2.0
evt_100445,usr_1028,sess_1028_1,45264187,view,2026-02-04T18:26:08Z,18,ai_recommendation,0.566,False,"nhà ở Phường Bình Lợi Trung thoáng mát 10pn, vị trí đẹp",buy_for_living,affordable,2.2,1.0
evt_100987,usr_1066,sess_1066_0,44849133,contact,2026-02-04T18:39:00Z,28,ai_recommendation,3.239,False,căn hộ Xã Tân Nhựt giá tốt cho vợ chồng mới cưới,buy_for_living,mid_range,6.7,2.0
evt_103886,usr_1257,sess_1257_0,45184381,view,2026-02-04T18:45:55Z,249,search_bar,1.0,False,nhà đất Phường An Phú Đông sang trọng cho gia đình,buy_for_living,affordable,2.6,2.0
evt_102411,usr_1162,sess_1162_0,45186061,view,2026-02-04T19:29:55Z,167,search_bar,0.986,False,nhà đất Phường Bình Trị Đông tầm trung cho vợ chồng mới cưới,buy_for_living,affordable,2.6,1.0
evt_101520,usr_1103,sess_1103_0,44935139,save,2026-02-04T19:34:33Z,49,related_items,2.258,False,nhà đất Phường Linh Xuân giá rẻ cho thuê gần metro,rent,affordable,2.7,2.0
evt_101251,usr_1085,sess_1085_1,45204924,view,2026-02-04T20:01:23Z,47,homepage,0.745,False,tìm nhà đất Phường Thủ Đức giá rẻ tiềm năng tăng giá,investment,affordable,2.7,2.0
evt_101179,usr_1081,sess_1081_0,44493837,view,2026-02-04T20:55:54Z,62,ai_recommendation,0.797,False,nhà đất Phường Tân Sơn Nhất giá vừa phải cho vợ chồng mới cưới,buy_for_living,affordable,2.3,1.0
evt_100501,usr_1032,sess_1032_0,43344418,view,2026-02-04T22:23:57Z,37,search_bar,0.7,False,"cần mua căn hộ 1 phòng ngủ ở Phường Long Bình để ở, bình dân",buy_for_living,affordable,2.8,2.0
evt_101538,usr_1104,sess_1104_2,45104177,view,2026-02-04T22:44:09Z,17,search_bar,0.556,False,"nhà ở Xã Tân Vĩnh Lộc thoáng mát 3pn, giá rẻ",buy_for_living,mid_range,6.1,3.0
evt_104394,usr_1290,sess_1290_1,44691569,view,2026-02-04T22:53:00Z,36,search_bar,0.695,False,căn hộ Phường Thạnh Mỹ Tây rẻ một chút cho thuê lại được,investment,affordable,3.0,2.0
evt_101357,usr_1091,sess_1091_1,45269276,view,2026-02-04T23:10:57Z,97,search_bar,0.882,False,tìm nhà đất Phường Phú Định giá tốt gần trường học,buy_for_living,mid_range,6.9,2.0
evt_100046,usr_1002,sess_1002_0,45138926,save,2026-02-04T23:13:56Z,87,ai_recommendation,2.584,False,căn hộ Phường Long Bình giá vừa phải cho thuê gần metro,rent,affordable,2.1,1.0
evt_101439,usr_1097,sess_1097_1,45236592,save,2026-02-04T23:36:31Z,113,ai_recommendation,2.733,False,"mua nhà đất đầu tư ở Phường Thới An pháp lý rõ ràng, bình dân",investment,affordable,2.4,2.0
evt_103627,usr_1239,sess_1239_0,44897529,save,2026-02-05T01:29:12Z,139,ai_recommendation,2.852,False,căn hộ Xã Tân Nhựt rẻ một chút cho thuê lại được,investment,affordable,2.8,1.0
evt_102513,usr_1168,sess_1168_1,43927551,view,2026-02-05T02:43:49Z,43,search_bar,0.728,False,"mua căn hộ đầu tư ở Phường Gia Định pháp lý rõ ràng, rẻ một chút",investment,mid_range,6.7,2.0
evt_102384,usr_1160,sess_1160_1,44729361,view,2026-02-05T03:25:25Z,164,homepage,0.982,False,tìm căn hộ Phường Long Bình giá mềm gần trường học,buy_for_living,affordable,2.2,2.0
evt_100545,usr_1035,sess_1035_1,45213268,view,2026-02-05T05:02:19Z,299,ai_recommendation,1.0,False,nhà đất Phường Thới An giá rẻ dòng tiền tốt,investment,affordable,2.4,1.0
evt_101681,usr_1114,sess_1114_1,45242428,view,2026-02-05T05:37:33Z,27,ai_recommendation,0.641,False,nhà đất Phường Đức Nhuận tầm trung cho vợ chồng mới cưới,buy_for_living,mid_range,6.3,3.0
evt_101694,usr_1115,sess_1115_2,45159379,save,2026-02-05T06:00:08Z,86,ai_recommendation,2.577,False,nhà đất Phường Bình Thạnh rẻ một chút cho thuê lại được,investment,mid_range,7.4,1.0
evt_103993,usr_1264,sess_1264_0,44233647,save,2026-02-05T06:58:01Z,134,related_items,2.831,False,nhà đất Xã Hiệp Phước giá hợp lý cho gia đình,buy_for_living,mid_range,6.7,1.0
evt_101990,usr_1135,sess_1135_0,41321808,view,2026-02-05T07:47:07Z,23,search_bar,0.611,False,căn hộ Phường Long Trường giá rẻ cho vợ chồng mới cưới,buy_for_living,affordable,2.8,1.0
evt_102124,usr_1145,sess_1145_0,45143221,contact,2026-02-05T09:29:53Z,85,homepage,4.284,False,nhà đất Xã Nhà Bè rẻ một chút cho thuê lại được,investment,luxury,21.1,2.0
evt_101655,usr_1112,sess_1112_1,45186265,view,2026-02-05T10:24:13Z,58,search_bar,0.784,False,thuê nhà đất Phường Tân Phú 2 phòng ngủ bình dân,rent,affordable,2.7,2.0
evt_101689,usr_1115,sess_1115_2,40503273,contact,2026-02-05T10:54:11Z,97,search_bar,4.41,False,căn hộ Phường Thủ Dầu Một giá rẻ cho thuê lại được,investment,mid_range,7.4,1.0
evt_101772,usr_1121,sess_1121_1,44890363,view,2026-02-05T11:59:24Z,82,homepage,0.85,False,nhà đất Phường Thới An ổn định cho thuê lại được,investment,affordable,2.9,2.0
evt_103223,usr_1212,sess_1212_1,44856748,save,2026-02-05T14:33:49Z,17,ai_recommendation,1.668,False,"cần thuê nhà đất Xã Nhà Bè full nội thất, giá hợp lý",rent,mid_range,7.1,2.0
evt_102424,usr_1163,sess_1163_0,45228207,view,2026-02-05T14:39:48Z,112,ai_recommendation,0.909,False,nhà đất Phường Thới Hòa sang trọng cho thuê gần metro,rent,mid_range,7.2,3.0
evt_104008,usr_1265,sess_1265_1,44934807,view,2026-02-05T15:35:21Z,226,ai_recommendation,1.0,False,"cần thuê nhà đất Phường Bình Thạnh full nội thất, rẻ một chút",rent,mid_range,6.5,1.0
evt_102751,usr_1183,sess_1183_0,43578966,view,2026-02-05T15:42:36Z,23,homepage,0.611,False,tìm nhà đất Phường Xuân Hòa vị trí đẹp gần trường học,buy_for_living,luxury,29.1,2.0
evt_103516,usr_1232,sess_1232_2,45202069,save,2026-02-05T15:46:42Z,68,homepage,2.443,False,thuê nhà đất Phường Đức Nhuận 3 phòng ngủ giá rẻ,rent,mid_range,6.1,2.0
evt_100222,usr_1014,sess_1014_2,44431816,view,2026-02-05T16:16:04Z,22,ai_recommendation,0.603,False,"cần mua nhà đất 3 phòng ngủ ở Xã Hiệp Phước để ở, cao cấp",buy_for_living,mid_range,7.7,3.0
evt_101867,usr_1127,sess_1127_0,45240798,view,2026-02-05T16:38:58Z,188,search_bar,1.0,False,nhà đất Phường Bình Hưng Hòa sang trọng cho vợ chồng mới cưới,buy_for_living,affordable,2.5,2.0
evt_102655,usr_1177,sess_1177_0,45070876,view,2026-02-05T16:53:33Z,21,homepage,0.595,False,nhà đất Phường Linh Xuân giá vừa phải dòng tiền tốt,investment,luxury,27.7,2.0
evt_100170,usr_1011,sess_1011_0,44962221,contact,2026-02-05T17:20:08Z,121,homepage,4.621,False,nhà đất Phường Bình Hưng Hòa sang trọng cho vợ chồng mới cưới,buy_for_living,mid_range,7.4,2.0
evt_104140,usr_1274,sess_1274_0,44390177,contact,2026-02-05T18:32:53Z,99,related_items,4.429,False,"nhà ở Phường Cầu Kiệu thoáng mát 5pn, giá hợp lý",buy_for_living,mid_range,5.5,2.0
evt_100748,usr_1050,sess_1050_1,45075879,save,2026-02-05T18:52:33Z,228,homepage,3.0,False,tìm phòng nhà đất ở Phường Cầu Kiệu tầm trung,rent,luxury,28.7,2.0
evt_104482,usr_1298,sess_1298_0,45265897,view,2026-02-05T18:54:31Z,19,search_bar,0.576,False,thuê nhà đất Phường Cầu Kiệu 3 phòng ngủ giá rẻ,rent,mid_range,5.7,3.0
evt_104236,usr_1280,sess_1280_1,45222670,save,2026-02-05T20:11:50Z,88,search_bar,2.59,False,thuê căn hộ Phường Long Bình 2 phòng ngủ giá vừa phải,rent,mid_range,7.6,2.0
evt_100497,usr_1031,sess_1031_1,45025478,view,2026-02-05T21:20:47Z,119,ai_recommendation,0.921,False,nhà đất Phường Bình Phú khu nhà giàu cho gia đình,buy_for_living,affordable,2.9,2.0
evt_103599,usr_1237,sess_1237_1,44932111,view,2026-02-05T21:25:45Z,55,related_items,0.774,False,tìm phòng nhà đất ở Phường Tăng Nhơn Phú bình dân,rent,mid_range,6.5,2.0
evt_104187,usr_1277,sess_1277_0,45269471,save,2026-02-05T21:36:53Z,90,ai_recommendation,2.603,False,tìm nhà đất Phường Phú Thạnh khu nhà giàu gần trường học,buy_for_living,luxury,21.6,2.0
evt_102116,usr_1144,sess_1144_0,44359327,view,2026-02-05T21:48:46Z,100,search_bar,0.888,False,tìm nhà đất Phường Hiệp Bình vị trí đẹp tiềm năng tăng giá,investment,luxury,28.6,1.0
evt_100186,usr_1011,sess_1011_1,44644396,save,2026-02-05T23:26:02Z,96,search_bar,2.64,False,nhà đất Phường Tân Thuận giá mềm cho vợ chồng mới cưới,buy_for_living,mid_range,7.4,2.0
evt_102451,usr_1164,sess_1164_1,45187396,contact,2026-02-06T00:02:44Z,21,ai_recommendation,2.973,False,nhà đất Phường Tân Sơn Nhì ổn định cho gia đình,buy_for_living,affordable,2.9,2.0
evt_102397,usr_1161,sess_1161_1,43344418,view,2026-02-06T00:47:30Z,42,search_bar,0.724,False,tìm căn hộ Phường Long Bình bình dân tiềm năng tăng giá,investment,affordable,2.2,2.0
evt_102813,usr_1187,sess_1187_0,45207858,view,2026-02-06T00:48:27Z,5,search_bar,0.345,True,nhà đất Phường Bàn Cờ tầm trung cho thuê lại được,investment,affordable,2.6,2.0
evt_103272,usr_1215,sess_1215_0,43955966,share,2026-02-06T02:00:51Z,40,search_bar,2.857,False,"mua nhà đất đầu tư ở Phường An Khánh pháp lý rõ ràng, tầm trung",investment,affordable,2.8,2.0
evt_102542,usr_1169,sess_1169_0,44899155,save,2026-02-06T03:01:00Z,35,ai_recommendation,2.068,False,nhà đất Phường Tân Bình cao cấp cho thuê lại được,investment,affordable,2.8,1.0
evt_102330,usr_1157,sess_1157_1,45071789,view,2026-02-06T03:07:13Z,13,ai_recommendation,0.508,False,nhà đất Xã Nhà Bè bình dân cho vợ chồng mới cưới,buy_for_living,affordable,2.3,2.0
evt_102821,usr_1187,sess_1187_1,45144385,contact,2026-02-06T03:21:10Z,134,ai_recommendation,4.718,False,nhà đất Phường Hiệp Bình giá mềm cho thuê lại được,investment,affordable,2.6,2.0
evt_103209,usr_1211,sess_1211_1,44018332,save,2026-02-06T04:14:50Z,74,ai_recommendation,2.492,False,tìm phòng nhà đất ở Phường Chợ Quán giá tốt,rent,affordable,2.4,2.0
evt_101792,usr_1123,sess_1123_0,45261487,save,2026-02-06T04:36:55Z,31,search_bar,2.0,False,tìm nhà đất Phường Gò Vấp giá vừa phải tiềm năng tăng giá,investment,affordable,2.7,2.0
evt_101034,usr_1070,sess_1070_2,45038437,view,2026-02-06T05:38:01Z,28,ai_recommendation,0.648,False,nhà đất Phường Long Trường khu nhà giàu cho vợ chồng mới cưới,buy_for_living,mid_range,7.7,2.0
evt_101257,usr_1085,sess_1085_1,45201332,view,2026-02-06T05:52:10Z,113,search_bar,0.911,False,tìm nhà đất Xã Nhà Bè bình dân tiềm năng tăng giá,investment,affordable,2.7,2.0
evt_103648,usr_1240,sess_1240_0,45232540,contact,2026-02-06T07:15:24Z,13,ai_recommendation,2.538,False,tìm nhà đất Phường Bình Tân bình dân gần trường học,buy_for_living,mid_range,5.9,2.0
evt_102319,usr_1157,sess_1157_0,44997313,save,2026-02-06T07:20:23Z,112,homepage,2.728,False,"nhà ở Phường Bảy Hiền thoáng mát 0pn, sang trọng",buy_for_living,affordable,2.3,2.0
evt_103515,usr_1232,sess_1232_2,43931812,view,2026-02-06T07:20:57Z,45,ai_recommendation,0.736,False,tìm phòng nhà đất ở Phường Tân Định khu nhà giàu,rent,mid_range,6.1,2.0
evt_101787,usr_1122,sess_1122_1,45205934,view,2026-02-06T07:28:44Z,28,search_bar,0.648,False,tìm nhà đất Phường Tân Sơn Hòa giá hợp lý tiềm năng tăng giá,investment,luxury,28.5,2.0
evt_102109,usr_1143,sess_1143_0,45073001,view,2026-02-06T07:37:04Z,82,ai_recommendation,0.85,False,"cần mua nhà đất 2 phòng ngủ ở Phường Linh Xuân để ở, giá rẻ",buy_for_living,mid_range,6.9,2.0
evt_100710,usr_1047,sess_1047_0,45194358,contact,2026-02-06T09:06:55Z,17,homepage,2.78,False,nhà đất Phường An Phú Đông sang trọng cho vợ chồng mới cưới,buy_for_living,luxury,22.7,3.0
evt_100870,usr_1057,sess_1057_0,45196346,view,2026-02-06T10:39:31Z,50,homepage,0.756,False,"cần mua nhà đất 4 phòng ngủ ở Phường Phú Định để ở, giá rẻ",buy_for_living,affordable,2.6,3.0
evt_104039,usr_1267,sess_1267_0,44041264,contact,2026-02-06T11:25:53Z,82,search_bar,4.25,False,tìm nhà đất Phường Tân Thới Hiệp giá rẻ gần trường học,buy_for_living,affordable,2.3,2.0
evt_102557,usr_1170,sess_1170_2,45259366,view,2026-02-06T12:59:34Z,28,search_bar,0.648,False,nhà đất Xã Nhà Bè cao cấp cho vợ chồng mới cưới,buy_for_living,affordable,2.5,2.0
evt_100325,usr_1020,sess_1020_0,44779505,view,2026-02-06T13:16:20Z,72,ai_recommendation,0.825,False,nhà đất Xã Nhà Bè giá hợp lý cho thuê gần metro,rent,mid_range,6.9,2.0
evt_103479,usr_1230,sess_1230_1,45155376,view,2026-02-06T13:27:10Z,78,homepage,0.841,False,tìm căn hộ Phường Bình Phú rẻ một chút gần trường học,buy_for_living,affordable,2.5,2.0
evt_104188,usr_1277,sess_1277_0,44139929,view,2026-02-06T14:55:48Z,139,related_items,0.951,False,nhà đất Phường An Phú Đông giá tốt cho vợ chồng mới cưới,buy_for_living,luxury,21.6,2.0
evt_101443,usr_1098,sess_1098_0,44742356,view,2026-02-06T15:08:28Z,9,homepage,0.443,True,căn hộ Phường Vĩnh Hội cao cấp cho vợ chồng mới cưới,buy_for_living,affordable,2.1,2.0
evt_103780,usr_1249,sess_1249_1,43919030,view,2026-02-06T15:22:37Z,72,search_bar,0.825,False,căn hộ Phường Thủ Dầu Một sang trọng cho thuê gần metro,rent,luxury,25.2,2.0
evt_101043,usr_1071,sess_1071_0,44837428,view,2026-02-06T17:12:13Z,75,ai_recommendation,0.833,False,nhà đất Phường Phú Thuận khu nhà giàu cho vợ chồng mới cưới,buy_for_living,affordable,2.1,2.0
evt_102817,usr_1187,sess_1187_0,45252887,view,2026-02-06T17:22:52Z,51,homepage,0.76,False,"mua nhà đất đầu tư ở Phường Tân Hưng pháp lý rõ ràng, giá rẻ",investment,affordable,2.6,2.0
evt_100175,usr_1011,sess_1011_1,45220203,view,2026-02-06T17:35:12Z,40,ai_recommendation,0.714,False,"cần mua nhà đất 2 phòng ngủ ở Phường Tân Bình để ở, rẻ một chút",buy_for_living,mid_range,7.4,2.0
evt_102982,usr_1197,sess_1197_0,45007050,view,2026-02-06T19:15:32Z,215,search_bar,1.0,False,căn hộ Phường Chợ Lớn cao cấp cho gia đình,buy_for_living,affordable,2.4,2.0
evt_103332,usr_1219,sess_1219_0,44854473,view,2026-02-06T19:43:53Z,53,related_items,0.767,False,tìm phòng nhà đất ở Phường Linh Xuân giá hợp lý,rent,affordable,2.8,2.0
evt_100848,usr_1056,sess_1056_0,45253348,view,2026-02-06T20:22:35Z,94,search_bar,0.876,False,nhà đất Phường Gò Vấp sang trọng cho gia đình,buy_for_living,affordable,2.6,2.0
evt_101063,usr_1072,sess_1072_1,45073172,view,2026-02-06T20:36:12Z,55,related_items,0.774,False,tìm phòng nhà đất ở Phường Khánh Hội giá vừa phải,rent,mid_range,7.4,1.0
evt_102449,usr_1164,sess_1164_2,45259366,view,2026-02-06T22:22:54Z,107,search_bar,0.901,False,tìm nhà đất Xã Nhà Bè cao cấp gần trường học,buy_for_living,affordable,2.9,2.0
evt_103056,usr_1202,sess_1202_0,44626301,view,2026-02-06T22:50:17Z,22,related_items,0.603,False,"cần mua nhà đất 3 phòng ngủ ở Phường Diên Hồng để ở, bình dân",buy_for_living,affordable,2.8,3.0
evt_100051,usr_1003,sess_1003_0,44723041,view,2026-02-06T23:19:30Z,7,related_items,0.4,True,nhà đất Phường Tăng Nhơn Phú khu nhà giàu cho thuê lại được,investment,mid_range,6.0,1.0
evt_102302,usr_1156,sess_1156_0,45180731,view,2026-02-06T23:25:42Z,23,ai_recommendation,0.611,False,nhà đất Xã Hiệp Phước khu nhà giàu cho thuê lại được,investment,luxury,19.7,3.0
evt_104289,usr_1283,sess_1283_2,45255392,view,2026-02-06T23:43:19Z,43,related_items,0.728,False,tìm nhà đất Phường Phú Thọ Hòa giá hợp lý tiềm năng tăng giá,investment,luxury,19.0,2.0
evt_100504,usr_1032,sess_1032_0,45016136,save,2026-02-07T00:12:43Z,113,search_bar,2.733,False,"nhà ở Phường An Phú Đông thoáng mát 4pn, ổn định",buy_for_living,affordable,2.8,2.0
evt_103137,usr_1207,sess_1207_1,45246980,view,2026-02-07T00:43:14Z,23,homepage,0.611,False,tìm nhà đất Phường Thạnh Mỹ Tây cao cấp gần trường học,buy_for_living,affordable,2.9,1.0
evt_100103,usr_1006,sess_1006_0,44854900,view,2026-02-07T01:42:58Z,116,search_bar,0.916,False,tìm nhà đất Phường Tân Hưng khu nhà giàu tiềm năng tăng giá,investment,affordable,2.5,2.0
evt_101387,usr_1094,sess_1094_0,45102937,contact,2026-02-07T01:57:54Z,16,homepage,2.725,False,"nhà ở Phường Phú Thọ Hòa thoáng mát 2pn, giá tốt",buy_for_living,affordable,2.8,1.0
evt_104164,usr_1276,sess_1276_1,44119364,view,2026-02-07T02:29:10Z,55,homepage,0.774,False,thuê nhà đất Xã Nhà Bè 4 phòng ngủ khu nhà giàu,rent,affordable,2.5,2.0
evt_101199,usr_1082,sess_1082_1,43411750,view,2026-02-07T03:19:03Z,294,ai_recommendation,1.0,False,căn hộ Phường Bình Trưng giá tốt cho gia đình,buy_for_living,affordable,2.6,2.0
evt_100839,usr_1055,sess_1055_0,45075027,view,2026-02-07T03:44:49Z,252,ai_recommendation,1.0,False,nhà đất Phường Cầu Kiệu giá vừa phải dòng tiền tốt,investment,affordable,2.7,3.0
evt_100822,usr_1054,sess_1054_0,44902020,view,2026-02-07T04:27:21Z,38,search_bar,0.705,False,"mua căn hộ đầu tư ở Phường An Khánh pháp lý rõ ràng, sang trọng",investment,affordable,3.0,1.0
evt_101351,usr_1091,sess_1091_0,45104556,contact,2026-02-07T05:45:52Z,21,ai_recommendation,2.973,False,"nhà ở Phường Bình Trưng thoáng mát 3pn, giá tốt",buy_for_living,mid_range,6.9,2.0
evt_102824,usr_1187,sess_1187_0,44632687,view,2026-02-07T06:19:41Z,27,homepage,0.641,False,"mua nhà đất đầu tư ở Phường Thạnh Mỹ Tây pháp lý rõ ràng, khu nhà giàu",investment,affordable,2.6,2.0
evt_100753,usr_1050,sess_1050_1,45207951,save,2026-02-07T06:25:15Z,151,search_bar,2.899,False,thuê nhà đất Phường Thủ Đức 1 phòng ngủ giá mềm,rent,luxury,28.7,2.0
evt_100532,usr_1034,sess_1034_0,43492362,view,2026-02-07T07:20:16Z,58,search_bar,0.784,False,tìm căn hộ Phường Long Bình giá vừa phải tiềm năng tăng giá,investment,luxury,27.7,2.0
evt_103092,usr_1205,sess_1205_0,43406083,view,2026-02-07T07:55:35Z,21,related_items,0.595,False,"nhà ở Xã Trừ Văn Thố thoáng mát 0pn, vị trí đẹp",buy_for_living,affordable,2.2,2.0
evt_101740,usr_1119,sess_1119_0,45107836,view,2026-02-07T08:01:36Z,112,homepage,0.909,False,tìm phòng nhà đất ở Phường Vũng Tàu rẻ một chút,rent,luxury,24.2,2.0
evt_102264,usr_1154,sess_1154_2,45206360,view,2026-02-07T08:43:51Z,15,ai_recommendation,0.533,False,tìm nhà đất Phường Tân Sơn Nhất giá rẻ gần trường học,buy_for_living,affordable,2.6,3.0
evt_102274,usr_1154,sess_1154_1,45099707,view,2026-02-07T09:02:50Z,148,related_items,0.963,False,"cần mua nhà đất 0 phòng ngủ ở Phường Long Phước để ở, cao cấp",buy_for_living,affordable,2.6,3.0
evt_103910,usr_1258,sess_1258_0,45257511,view,2026-02-07T09:20:50Z,9,ai_recommendation,0.443,True,nhà đất Phường Bình Đông tầm trung cho thuê gần metro,rent,affordable,2.6,1.0
evt_104504,usr_1299,sess_1299_0,45249483,view,2026-02-07T09:27:25Z,36,homepage,0.695,False,tìm nhà đất Phường Vũng Tàu giá tốt gần trường học,buy_for_living,affordable,2.2,2.0
evt_100303,usr_1018,sess_1018_0,45221402,contact,2026-02-07T09:40:48Z,59,ai_recommendation,3.938,False,tìm nhà đất Phường Tân Thới Hiệp cao cấp tiềm năng tăng giá,investment,luxury,27.1,2.0
evt_102428,usr_1163,sess_1163_0,41010971,share,2026-02-07T09:51:13Z,34,ai_recommendation,2.736,False,tìm phòng nhà đất ở Phường Phú Thuận cao cấp,rent,mid_range,7.2,3.0
evt_104016,usr_1265,sess_1265_1,45140536,view,2026-02-07T11:22:27Z,103,homepage,0.893,False,thuê nhà đất Phường An Lạc 5 phòng ngủ ổn định,rent,mid_range,6.5,1.0
evt_102008,usr_1136,sess_1136_1,45216887,view,2026-02-07T12:05:58Z,45,ai_recommendation,0.736,False,nhà đất Phường Tân Hòa bình dân cho thuê gần metro,rent,affordable,3.0,2.0
evt_102041,usr_1138,sess_1138_1,45158046,save,2026-02-07T12:06:22Z,375,search_bar,3.0,False,nhà đất Phường An Hội Tây vị trí đẹp cho gia đình,buy_for_living,luxury,25.7,2.0
evt_103119,usr_1206,sess_1206_0,45213093,save,2026-02-07T12:35:55Z,30,search_bar,1.982,False,tìm nhà đất Xã Nhà Bè sang trọng tiềm năng tăng giá,investment,affordable,2.5,2.0
evt_101442,usr_1098,sess_1098_0,45183992,view,2026-02-07T13:46:06Z,33,ai_recommendation,0.678,False,nhà đất Phường Tăng Nhơn Phú giá vừa phải cho vợ chồng mới cưới,buy_for_living,affordable,2.1,2.0
evt_103686,usr_1243,sess_1243_0,45009771,view,2026-02-07T14:49:41Z,33,ai_recommendation,0.678,False,tìm nhà đất Phường Cầu Ông Lãnh sang trọng tiềm năng tăng giá,investment,mid_range,7.2,2.0
evt_101188,usr_1081,sess_1081_0,45075183,view,2026-02-07T16:06:38Z,40,related_items,0.714,False,"nhà ở Phường Đức Nhuận thoáng mát 1pn, rẻ một chút",buy_for_living,affordable,2.3,1.0
evt_100689,usr_1045,sess_1045_0,45260658,view,2026-02-07T16:14:49Z,23,search_bar,0.611,False,tìm nhà đất Phường Thuận Giao bình dân gần trường học,buy_for_living,mid_range,6.1,3.0
evt_100712,usr_1047,sess_1047_0,45256332,view,2026-02-07T16:40:07Z,31,related_items,0.667,False,nhà đất Phường Bến Thành sang trọng cho vợ chồng mới cưới,buy_for_living,luxury,22.7,3.0
evt_104010,usr_1265,sess_1265_0,44841772,view,2026-02-07T17:13:26Z,73,search_bar,0.828,False,"cần thuê căn hộ Xã Tân Nhựt full nội thất, giá mềm",rent,mid_range,6.5,1.0
evt_100463,usr_1030,sess_1030_1,44650774,save,2026-02-07T17:24:04Z,69,search_bar,2.452,False,tìm nhà đất Xã Nhà Bè vị trí đẹp gần trường học,buy_for_living,luxury,19.9,2.0
evt_102189,usr_1149,sess_1149_0,44574182,view,2026-02-07T17:45:17Z,40,ai_recommendation,0.714,False,nhà đất Phường Tân Thuận giá tốt cho vợ chồng mới cưới,buy_for_living,affordable,2.6,2.0
evt_103304,usr_1218,sess_1218_0,45229939,view,2026-02-07T17:56:31Z,14,homepage,0.521,False,căn hộ Phường An Đông bình dân dòng tiền tốt,investment,mid_range,6.1,3.0
evt_100834,usr_1055,sess_1055_0,43928437,view,2026-02-07T18:23:49Z,33,related_items,0.678,False,nhà đất Phường Tân Định giá hợp lý dòng tiền tốt,investment,affordable,2.7,3.0
evt_102224,usr_1151,sess_1151_0,45127270,contact,2026-02-07T18:58:36Z,32,ai_recommendation,3.363,False,"nhà ở Phường An Phú Đông thoáng mát 3pn, tầm trung",buy_for_living,mid_range,7.1,2.0
evt_103550,usr_1234,sess_1234_0,45114495,save,2026-02-07T20:05:41Z,253,homepage,3.0,False,tìm nhà đất Phường Thủ Đức cao cấp gần trường học,buy_for_living,affordable,2.8,2.0
evt_102734,usr_1182,sess_1182_0,44714166,view,2026-02-07T20:07:08Z,33,search_bar,0.678,False,tìm phòng nhà đất ở Phường Xóm Chiếu cao cấp,rent,affordable,2.5,2.0
evt_100849,usr_1056,sess_1056_0,45139191,save,2026-02-07T20:54:58Z,237,search_bar,3.0,False,"nhà ở Phường Phú Nhuận thoáng mát 2pn, tầm trung",buy_for_living,affordable,2.6,2.0
evt_102676,usr_1178,sess_1178_0,43899935,save,2026-02-07T21:16:47Z,72,ai_recommendation,2.476,False,nhà đất Phường Hòa Hưng sang trọng cho gia đình,buy_for_living,mid_range,7.2,2.0
evt_103927,usr_1259,sess_1259_0,44830541,share,2026-02-07T21:29:22Z,15,homepage,2.133,False,nhà đất Phường Tân Sơn Hòa ổn định cho gia đình,buy_for_living,affordable,2.3,2.0
evt_101882,usr_1128,sess_1128_2,45138363,view,2026-02-07T21:38:10Z,24,homepage,0.619,False,nhà đất Phường Tân Sơn cao cấp cho vợ chồng mới cưới,buy_for_living,luxury,24.8,2.0
evt_103943,usr_1261,sess_1261_0,43919030,contact,2026-02-07T22:04:38Z,102,homepage,4.458,False,căn hộ Phường Thủ Dầu Một sang trọng cho thuê lại được,investment,affordable,2.1,2.0
evt_102556,usr_1170,sess_1170_2,44796007,view,2026-02-07T22:29:06Z,78,search_bar,0.841,False,"cần mua căn hộ 2 phòng ngủ ở Phường Tăng Nhơn Phú để ở, rẻ một chút",buy_for_living,affordable,2.5,2.0
evt_104022,usr_1266,sess_1266_0,44604790,view,2026-02-07T22:38:05Z,20,ai_recommendation,0.586,False,"mua nhà đất đầu tư ở Phường Tân Hòa pháp lý rõ ràng, bình dân",investment,mid_range,7.8,2.0
evt_101527,usr_1103,sess_1103_0,45191212,view,2026-02-07T22:49:37Z,126,ai_recommendation,0.932,False,thuê nhà đất Xã Hiệp Phước 1 phòng ngủ giá mềm,rent,affordable,2.7,2.0
evt_103089,usr_1205,sess_1205_0,45177307,view,2026-02-07T23:14:20Z,87,search_bar,0.861,False,"cần mua nhà đất 4 phòng ngủ ở Phường Thới An để ở, ổn định",buy_for_living,affordable,2.2,2.0
evt_101494,usr_1101,sess_1101_0,44049981,save,2026-02-08T01:48:12Z,58,ai_recommendation,2.353,False,thuê nhà đất Phường Cầu Ông Lãnh 5 phòng ngủ cao cấp,rent,affordable,2.3,2.0
evt_101275,usr_1086,sess_1086_2,44482148,contact,2026-02-08T02:59:56Z,33,ai_recommendation,3.392,False,"mua căn hộ đầu tư ở Phường Bàn Cờ pháp lý rõ ràng, giá tốt",investment,affordable,2.7,2.0
evt_102809,usr_1186,sess_1186_2,45190237,share,2026-02-08T03:03:34Z,44,search_bar,2.929,False,"nhà ở Phường An Hội Tây thoáng mát 3pn, rẻ một chút",buy_for_living,luxury,28.1,2.0
evt_102446,usr_1164,sess_1164_0,45096630,view,2026-02-08T04:10:43Z,108,ai_recommendation,0.902,False,tìm căn hộ Phường An Đông giá tốt gần trường học,buy_for_living,affordable,2.9,2.0
evt_100488,usr_1031,sess_1031_1,43614651,view,2026-02-08T07:24:17Z,25,ai_recommendation,0.627,False,"cần mua nhà đất 4 phòng ngủ ở Xã Nhà Bè để ở, rẻ một chút",buy_for_living,affordable,2.9,2.0
evt_100369,usr_1023,sess_1023_0,43317425,contact,2026-02-08T10:04:24Z,46,homepage,3.703,False,căn hộ Phường Long Bình giá mềm cho thuê gần metro,rent,affordable,2.9,2.0
evt_101421,usr_1096,sess_1096_0,44867301,view,2026-02-08T10:07:32Z,49,ai_recommendation,0.753,False,tìm nhà đất Phường Bình Lợi Trung giá vừa phải gần trường học,buy_for_living,affordable,2.3,1.0
evt_102085,usr_1142,sess_1142_2,44842280,view,2026-02-08T10:46:33Z,150,ai_recommendation,0.965,False,nhà đất Phường Thông Tây Hội ổn định cho thuê gần metro,rent,affordable,2.3,1.0
evt_102694,usr_1179,sess_1179_0,44970036,view,2026-02-08T10:50:25Z,27,search_bar,0.641,False,nhà đất Phường Bình Trưng vị trí đẹp dòng tiền tốt,investment,mid_range,6.4,1.0
evt_101702,usr_1116,sess_1116_0,44477523,view,2026-02-08T11:41:56Z,226,search_bar,1.0,False,nhà đất Phường Phước Long cao cấp cho thuê lại được,investment,mid_range,7.6,1.0
evt_103565,usr_1235,sess_1235_0,45153043,view,2026-02-08T12:03:48Z,25,ai_recommendation,0.627,False,căn hộ Phường Đông Hưng Thuận giá vừa phải cho vợ chồng mới cưới,buy_for_living,affordable,2.3,3.0
evt_100750,usr_1050,sess_1050_2,44391654,view,2026-02-08T12:19:08Z,107,ai_recommendation,0.901,False,tìm phòng nhà đất ở Phường Cầu Ông Lãnh giá hợp lý,rent,luxury,28.7,2.0
evt_101047,usr_1071,sess_1071_0,45247231,contact,2026-02-08T13:16:54Z,51,related_items,3.8,False,căn hộ Phường Phú Thuận rẻ một chút cho vợ chồng mới cưới,buy_for_living,affordable,2.1,2.0
evt_102740,usr_1182,sess_1182_0,44432931,view,2026-02-08T13:24:36Z,37,homepage,0.7,False,"cần thuê nhà đất Phường Phú Lâm full nội thất, giá vừa phải",rent,affordable,2.5,2.0
evt_102939,usr_1195,sess_1195_1,44837428,view,2026-02-08T13:34:58Z,40,ai_recommendation,0.714,False,tìm nhà đất Phường Phú Thuận sang trọng tiềm năng tăng giá,investment,luxury,21.9,2.0
evt_102045,usr_1139,sess_1139_0,43517731,contact,2026-02-08T13:48:57Z,168,ai_recommendation,4.934,False,tìm nhà đất Phường Hòa Hưng sang trọng tiềm năng tăng giá,investment,luxury,25.1,3.0
evt_101995,usr_1135,sess_1135_0,45231927,view,2026-02-08T14:54:56Z,27,ai_recommendation,0.641,False,nhà đất Phường Phú Thuận tầm trung cho gia đình,buy_for_living,affordable,2.8,1.0
evt_101920,usr_1131,sess_1131_0,44223267,view,2026-02-08T15:39:29Z,70,ai_recommendation,0.82,False,nhà đất Phường Phú Thuận ổn định cho vợ chồng mới cưới,buy_for_living,affordable,2.7,2.0
evt_103243,usr_1213,sess_1213_0,45210106,view,2026-02-08T16:16:05Z,141,homepage,0.953,False,nhà đất Phường Bình Lợi Trung giá rẻ cho vợ chồng mới cưới,buy_for_living,mid_range,6.9,1.0
evt_100930,usr_1062,sess_1062_1,43492362,view,2026-02-08T16:20:33Z,8,ai_recommendation,0.423,True,căn hộ Phường Long Bình tầm trung dòng tiền tốt,investment,luxury,29.5,1.0
evt_102263,usr_1154,sess_1154_0,45189879,view,2026-02-08T17:22:55Z,79,ai_recommendation,0.843,False,tìm nhà đất Phường Vũng Tàu khu nhà giàu gần trường học,buy_for_living,affordable,2.6,3.0
evt_102681,usr_1179,sess_1179_0,44945736,contact,2026-02-08T17:42:37Z,18,ai_recommendation,2.832,False,"mua nhà đất đầu tư ở Phường Nhiêu Lộc pháp lý rõ ràng, giá tốt",investment,mid_range,6.4,1.0
evt_100939,usr_1063,sess_1063_1,43716231,contact,2026-02-08T18:37:43Z,45,search_bar,3.682,False,căn hộ Phường Long Bình giá vừa phải dòng tiền tốt,investment,affordable,3.0,2.0
evt_102594,usr_1173,sess_1173_2,42742297,view,2026-02-08T18:43:27Z,104,homepage,0.895,False,thuê nhà đất Xã Nhà Bè 2 phòng ngủ bình dân,rent,affordable,2.5,2.0
evt_104063,usr_1268,sess_1268_1,44049981,view,2026-02-08T18:49:36Z,36,homepage,0.695,False,thuê nhà đất Phường Cầu Ông Lãnh 5 phòng ngủ vị trí đẹp,rent,mid_range,5.9,1.0
evt_103617,usr_1238,sess_1238_0,44905121,share,2026-02-08T19:05:17Z,159,search_bar,3.905,False,nhà đất Xã Nhà Bè giá tốt cho thuê gần metro,rent,mid_range,7.2,2.0
evt_100281,usr_1017,sess_1017_1,44418456,contact,2026-02-08T20:49:55Z,28,ai_recommendation,3.239,False,tìm phòng nhà đất ở Phường Tân Thới Hiệp giá hợp lý,rent,mid_range,7.6,2.0
evt_101248,usr_1085,sess_1085_1,44417445,contact,2026-02-08T22:42:41Z,104,search_bar,4.476,False,"mua nhà đất đầu tư ở Phường Thủ Đức pháp lý rõ ràng, giá mềm",investment,affordable,2.7,2.0
evt_102504,usr_1167,sess_1167_0,45071367,view,2026-02-08T23:07:38Z,68,ai_recommendation,0.814,False,nhà đất Phường An Hội Tây bình dân cho gia đình,buy_for_living,affordable,2.5,3.0
evt_103578,usr_1236,sess_1236_0,45056277,view,2026-02-09T01:36:45Z,61,search_bar,0.794,False,"nhà ở Phường Thạnh Mỹ Tây thoáng mát 2pn, bình dân",buy_for_living,mid_range,7.2,2.0
evt_103957,usr_1261,sess_1261_0,45104283,view,2026-02-09T02:15:57Z,40,search_bar,0.714,False,nhà đất Phường Bình Trưng vị trí đẹp dòng tiền tốt,investment,affordable,2.1,2.0
evt_101566,usr_1106,sess_1106_0,45221695,save,2026-02-09T02:23:28Z,22,ai_recommendation,1.809,False,nhà đất Phường An Phú Đông giá vừa phải cho gia đình,buy_for_living,mid_range,5.6,1.0
evt_104166,usr_1276,sess_1276_0,44484378,save,2026-02-09T02:40:41Z,20,homepage,1.757,False,thuê nhà đất Phường Hiệp Bình 0 phòng ngủ khu nhà giàu,rent,affordable,2.5,2.0
evt_102644,usr_1176,sess_1176_1,43513035,view,2026-02-09T03:10:54Z,97,ai_recommendation,0.882,False,"cần mua căn hộ 2 phòng ngủ ở Phường Long Trường để ở, giá rẻ",buy_for_living,affordable,2.9,2.0
evt_104235,usr_1280,sess_1280_0,44526452,save,2026-02-09T05:15:41Z,15,homepage,1.6,False,nhà đất Phường Hiệp Bình cao cấp cho thuê gần metro,rent,mid_range,7.6,2.0
evt_104080,usr_1270,sess_1270_1,45024824,share,2026-02-09T05:48:30Z,19,related_items,2.305,False,nhà đất Phường Đức Nhuận giá tốt dòng tiền tốt,investment,mid_range,7.0,2.0
evt_101029,usr_1070,sess_1070_2,45086865,save,2026-02-09T08:00:25Z,19,homepage,1.729,False,tìm nhà đất Phường Bình Trị Đông sang trọng gần trường học,buy_for_living,mid_range,7.7,2.0
evt_102961,usr_1196,sess_1196_0,44751278,view,2026-02-09T08:56:30Z,24,search_bar,0.619,False,"nhà ở Phường Xuân Hòa thoáng mát 0pn, tầm trung",buy_for_living,affordable,2.5,2.0
evt_101506,usr_1102,sess_1102_0,45236207,save,2026-02-09T09:15:49Z,74,search_bar,2.492,False,nhà đất Phường An Phú Đông giá mềm cho thuê lại được,investment,mid_range,7.7,2.0
evt_102236,usr_1152,sess_1152_0,45138082,contact,2026-02-09T09:21:58Z,21,homepage,2.973,False,tìm nhà đất Phường Bình Tân rẻ một chút gần trường học,buy_for_living,affordable,2.7,2.0
evt_100632,usr_1040,sess_1040_1,43572792,view,2026-02-09T10:51:39Z,133,search_bar,0.942,False,căn hộ Phường Long Bình ổn định cho vợ chồng mới cưới,buy_for_living,luxury,25.7,3.0
evt_102254,usr_1153,sess_1153_0,44729161,save,2026-02-09T11:28:21Z,467,ai_recommendation,3.0,False,"mua căn hộ đầu tư ở Phường Nhiêu Lộc pháp lý rõ ràng, giá mềm",investment,affordable,2.4,1.0
evt_104352,usr_1288,sess_1288_0,45240240,save,2026-02-09T12:49:11Z,201,homepage,3.0,False,"nhà ở Phường Thông Tây Hội thoáng mát 3pn, giá rẻ",buy_for_living,mid_range,5.8,1.0
evt_101618,usr_1109,sess_1109_0,45125514,view,2026-02-09T14:28:57Z,82,search_bar,0.85,False,nhà đất Xã Nhà Bè bình dân cho vợ chồng mới cưới,buy_for_living,affordable,2.1,2.0
evt_102738,usr_1182,sess_1182_0,45172791,view,2026-02-09T14:44:13Z,103,homepage,0.893,False,tìm phòng căn hộ ở Phường Minh Phụng sang trọng,rent,affordable,2.5,2.0
evt_102481,usr_1166,sess_1166_0,45101997,view,2026-02-09T15:53:55Z,64,ai_recommendation,0.803,False,nhà đất Phường Bình Trưng giá tốt cho gia đình,buy_for_living,luxury,25.3,1.0
evt_103682,usr_1243,sess_1243_0,44421523,view,2026-02-09T17:13:24Z,29,search_bar,0.654,False,nhà đất Phường Tân Sơn cao cấp cho thuê lại được,investment,mid_range,7.2,2.0
evt_101356,usr_1091,sess_1091_0,44999155,share,2026-02-09T17:18:08Z,131,homepage,3.757,False,nhà đất Phường Chánh Hưng giá mềm cho gia đình,buy_for_living,mid_range,6.9,2.0
evt_104507,usr_1299,sess_1299_1,45229877,save,2026-02-09T17:29:23Z,70,ai_recommendation,2.46,False,"cần mua nhà đất 0 phòng ngủ ở Phường Thới Hòa để ở, giá mềm",buy_for_living,affordable,2.2,2.0
evt_102812,usr_1187,sess_1187_1,44751866,view,2026-02-09T19:01:25Z,35,ai_recommendation,0.689,False,tìm nhà đất Phường Vũng Tàu ổn định tiềm năng tăng giá,investment,affordable,2.6,2.0
evt_103343,usr_1220,sess_1220_1,45197120,save,2026-02-09T19:48:22Z,25,homepage,1.88,False,nhà đất Phường Tam Thắng tầm trung cho gia đình,buy_for_living,affordable,2.6,3.0
evt_104064,usr_1269,sess_1269_2,45100152,share,2026-02-09T19:53:25Z,32,ai_recommendation,2.69,False,tìm căn hộ Phường Đông Hòa giá mềm gần trường học,buy_for_living,affordable,2.5,3.0
evt_101953,usr_1133,sess_1133_0,44963713,view,2026-02-09T20:03:16Z,163,homepage,0.981,False,tìm phòng nhà đất ở Xã Nhà Bè giá hợp lý,rent,luxury,26.3,2.0
evt_102485,usr_1166,sess_1166_2,44797709,share,2026-02-09T20:56:48Z,80,search_bar,3.381,False,"cần mua nhà đất 4 phòng ngủ ở Xã Nhà Bè để ở, tầm trung",buy_for_living,luxury,25.3,1.0
evt_103356,usr_1221,sess_1221_0,44971187,view,2026-02-09T21:04:12Z,87,ai_recommendation,0.861,False,"mua nhà đất đầu tư ở Xã Hiệp Phước pháp lý rõ ràng, sang trọng",investment,affordable,2.7,3.0
evt_102278,usr_1155,sess_1155_0,43880424,view,2026-02-09T21:04:53Z,155,ai_recommendation,0.971,False,"nhà ở Phường Long Bình thoáng mát 2pn, giá tốt",buy_for_living,affordable,3.0,2.0
evt_104491,usr_1298,sess_1298_2,45154879,view,2026-02-09T21:32:46Z,133,ai_recommendation,0.942,False,thuê nhà đất Phường Phú Định 4 phòng ngủ ổn định,rent,mid_range,5.7,3.0
evt_102431,usr_1163,sess_1163_0,45211234,view,2026-02-09T22:07:05Z,29,ai_recommendation,0.654,False,nhà đất Phường Bình Thạnh giá vừa phải cho thuê gần metro,rent,mid_range,7.2,3.0
evt_101381,usr_1093,sess_1093_0,44834862,save,2026-02-09T23:34:24Z,32,homepage,2.018,False,"mua căn hộ đầu tư ở Phường Thạnh Mỹ Tây pháp lý rõ ràng, rẻ một chút",investment,affordable,2.9,3.0
evt_101814,usr_1124,sess_1124_0,45219753,view,2026-02-09T23:35:03Z,125,search_bar,0.93,False,căn hộ Phường Long Bình giá vừa phải dòng tiền tốt,investment,affordable,2.4,2.0
evt_101137,usr_1078,sess_1078_1,45230039,share,2026-02-09T23:50:40Z,304,search_bar,4.0,False,nhà đất Phường Xóm Chiếu tầm trung cho vợ chồng mới cưới,buy_for_living,affordable,2.8,2.0
evt_101617,usr_1109,sess_1109_0,44888200,view,2026-02-10T00:10:48Z,15,search_bar,0.533,False,tìm căn hộ Phường Cầu Ông Lãnh bình dân gần trường học,buy_for_living,affordable,2.1,2.0
evt_101487,usr_1100,sess_1100_1,45121026,view,2026-02-10T01:38:21Z,44,related_items,0.732,False,nhà đất Phường Thông Tây Hội tầm trung cho thuê gần metro,rent,affordable,2.4,2.0
evt_102915,usr_1193,sess_1193_2,45267976,save,2026-02-10T02:07:27Z,29,search_bar,1.963,False,"cần mua nhà đất 3 phòng ngủ ở Phường An Hội Đông để ở, ổn định",buy_for_living,mid_range,7.9,1.0
evt_101228,usr_1084,sess_1084_0,41685836,view,2026-02-10T02:12:16Z,25,ai_recommendation,0.627,False,"cần mua nhà đất 4 phòng ngủ ở Phường Phú Thuận để ở, ổn định",buy_for_living,mid_range,7.2,2.0
evt_101076,usr_1074,sess_1074_0,39465019,view,2026-02-10T02:21:40Z,115,ai_recommendation,0.914,False,"nhà ở Xã Nhà Bè thoáng mát 4pn, cao cấp",buy_for_living,mid_range,5.6,1.0
evt_103453,usr_1228,sess_1228_0,44628735,view,2026-02-10T02:25:59Z,87,related_items,0.861,False,"nhà ở Phường Dĩ An thoáng mát 2pn, ổn định",buy_for_living,affordable,2.8,2.0
evt_102937,usr_1194,sess_1194_0,45199407,view,2026-02-10T02:50:24Z,72,search_bar,0.825,False,nhà đất Phường An Phú Đông giá mềm cho thuê gần metro,rent,mid_range,5.7,2.0
evt_102768,usr_1184,sess_1184_1,43605941,view,2026-02-10T02:56:23Z,209,ai_recommendation,1.0,False,nhà đất Phường Sài Gòn cao cấp cho vợ chồng mới cưới,buy_for_living,luxury,24.9,1.0
evt_101917,usr_1131,sess_1131_0,44767648,save,2026-02-10T03:08:23Z,290,search_bar,3.0,False,"nhà ở Phường Bình Thạnh thoáng mát 3pn, giá rẻ",buy_for_living,affordable,2.7,2.0
evt_101415,usr_1095,sess_1095_1,45135598,view,2026-02-10T03:17:10Z,19,homepage,0.576,False,nhà đất Phường Phú Nhuận tầm trung cho vợ chồng mới cưới,buy_for_living,affordable,3.0,2.0
evt_100811,usr_1054,sess_1054_0,45073001,contact,2026-02-10T03:53:59Z,48,ai_recommendation,3.743,False,nhà đất Phường Linh Xuân giá tốt dòng tiền tốt,investment,affordable,3.0,1.0
evt_102007,usr_1136,sess_1136_1,45133822,view,2026-02-10T07:07:42Z,125,related_items,0.93,False,"cần thuê căn hộ Phường Phú Thuận full nội thất, giá tốt",rent,affordable,3.0,2.0
evt_103327,usr_1219,sess_1219_0,44904491,share,2026-02-10T08:51:46Z,91,ai_recommendation,3.479,False,"cần thuê nhà đất Phường Thủ Đức full nội thất, bình dân",rent,affordable,2.8,2.0
evt_103117,usr_1206,sess_1206_0,45100155,contact,2026-02-10T09:53:05Z,11,ai_recommendation,2.39,False,tìm nhà đất Phường Hiệp Bình bình dân tiềm năng tăng giá,investment,affordable,2.5,2.0
evt_100034,usr_1002,sess_1002_0,45229939,view,2026-02-10T12:04:27Z,18,search_bar,0.566,False,"cần thuê căn hộ Phường An Đông full nội thất, giá rẻ",rent,affordable,2.1,1.0
evt_102914,usr_1193,sess_1193_0,44632413,view,2026-02-10T12:43:40Z,57,ai_recommendation,0.781,False,căn hộ Phường Long Bình giá hợp lý cho gia đình,buy_for_living,mid_range,7.9,1.0
evt_101481,usr_1100,sess_1100_2,45201686,view,2026-02-10T15:02:12Z,44,ai_recommendation,0.732,False,thuê nhà đất Xã Hiệp Phước 8 phòng ngủ khu nhà giàu,rent,affordable,2.4,2.0
evt_104350,usr_1288,sess_1288_1,44405523,view,2026-02-10T15:02:26Z,45,ai_recommendation,0.736,False,nhà đất Xã Xuân Thới Sơn khu nhà giàu cho gia đình,buy_for_living,mid_range,5.8,1.0
evt_104263,usr_1282,sess_1282_0,44604328,view,2026-02-10T15:07:18Z,28,related_items,0.648,False,"cần mua nhà đất 4 phòng ngủ ở Phường Cầu Ông Lãnh để ở, tầm trung",buy_for_living,affordable,2.6,2.0
evt_100016,usr_1000,sess_1000_0,45211836,view,2026-02-10T15:31:04Z,45,ai_recommendation,0.736,False,"nhà ở Phường Tân Sơn thoáng mát 5pn, giá hợp lý",buy_for_living,affordable,2.4,2.0
evt_100938,usr_1063,sess_1063_1,43344418,contact,2026-02-10T15:39:01Z,527,search_bar,5.0,False,tìm căn hộ Phường Long Bình giá rẻ tiềm năng tăng giá,investment,affordable,3.0,2.0
evt_101800,usr_1123,sess_1123_1,45084721,view,2026-02-10T15:51:49Z,59,ai_recommendation,0.788,False,"mua căn hộ đầu tư ở Phường Long Bình pháp lý rõ ràng, giá mềm",investment,affordable,2.7,2.0
evt_100194,usr_1012,sess_1012_1,44234748,view,2026-02-10T17:03:47Z,94,search_bar,0.876,False,nhà đất Phường Đức Nhuận cao cấp dòng tiền tốt,investment,affordable,2.8,1.0
evt_100836,usr_1055,sess_1055_0,45064811,view,2026-02-10T17:17:30Z,53,ai_recommendation,0.767,False,tìm nhà đất Xã Trừ Văn Thố giá tốt tiềm năng tăng giá,investment,affordable,2.7,3.0
evt_100605,usr_1039,sess_1039_0,45028711,view,2026-02-10T18:02:06Z,28,search_bar,0.648,False,"cần mua nhà đất 3 phòng ngủ ở Phường Đức Nhuận để ở, giá rẻ",buy_for_living,mid_range,7.9,2.0
evt_101493,usr_1101,sess_1101_1,43797634,view,2026-02-10T18:59:13Z,44,related_items,0.732,False,tìm phòng căn hộ ở Phường Chợ Quán giá tốt,rent,affordable,2.3,2.0
evt_103501,usr_1231,sess_1231_0,45075295,save,2026-02-10T19:02:21Z,33,ai_recommendation,2.035,False,nhà đất Phường Phú Thuận giá rẻ cho vợ chồng mới cưới,buy_for_living,affordable,2.2,2.0
evt_100983,usr_1066,sess_1066_1,45235509,view,2026-02-10T19:11:38Z,47,search_bar,0.745,False,tìm nhà đất Phường An Phú Đông giá rẻ gần trường học,buy_for_living,mid_range,6.7,2.0
evt_103185,usr_1210,sess_1210_1,45186794,contact,2026-02-10T19:45:06Z,10,related_items,2.306,False,"cần mua nhà đất 3 phòng ngủ ở Phường Phú Thạnh để ở, rẻ một chút",buy_for_living,luxury,26.3,2.0
evt_103336,usr_1220,sess_1220_0,44900702,view,2026-02-10T19:58:47Z,68,ai_recommendation,0.814,False,"nhà ở Phường Bình Trưng thoáng mát 2pn, giá mềm",buy_for_living,affordable,2.6,3.0
evt_103376,usr_1223,sess_1223_0,45147884,share,2026-02-10T21:32:52Z,16,homepage,2.18,False,"nhà ở Phường An Phú Đông thoáng mát 3pn, rẻ một chút",buy_for_living,affordable,2.4,3.0
evt_103464,usr_1229,sess_1229_1,45071367,view,2026-02-10T23:01:27Z,30,homepage,0.661,False,tìm nhà đất Phường An Hội Tây rẻ một chút tiềm năng tăng giá,investment,affordable,2.6,2.0
evt_102597,usr_1173,sess_1173_2,45005790,view,2026-02-10T23:16:45Z,36,search_bar,0.695,False,"cần thuê nhà đất Xã Trừ Văn Thố full nội thất, giá rẻ",rent,affordable,2.5,2.0
evt_103869,usr_1256,sess_1256_0,45252025,view,2026-02-11T00:09:35Z,32,search_bar,0.673,False,nhà đất Phường Thông Tây Hội tầm trung cho vợ chồng mới cưới,buy_for_living,affordable,2.9,2.0
evt_103608,usr_1238,sess_1238_0,44994010,view,2026-02-11T00:43:41Z,22,search_bar,0.603,False,thuê nhà đất Phường An Hội Tây 4 phòng ngủ khu nhà giàu,rent,mid_range,7.2,2.0
evt_102352,usr_1158,sess_1158_0,39124630,view,2026-02-11T03:08:45Z,60,homepage,0.791,False,nhà đất Phường Long Phước giá tốt cho gia đình,buy_for_living,mid_range,5.9,2.0
evt_100844,usr_1056,sess_1056_0,43349917,contact,2026-02-11T03:36:31Z,16,ai_recommendation,2.725,False,"nhà ở Phường Tăng Nhơn Phú thoáng mát 2pn, giá rẻ",buy_for_living,affordable,2.6,2.0
evt_102708,usr_1180,sess_1180_2,45173672,view,2026-02-11T03:44:04Z,20,ai_recommendation,0.586,False,nhà đất Xã Nhà Bè vị trí đẹp dòng tiền tốt,investment,luxury,27.1,2.0
evt_100638,usr_1041,sess_1041_0,45266829,contact,2026-02-11T05:25:37Z,313,search_bar,5.0,False,tìm nhà đất Phường Tân Mỹ vị trí đẹp gần trường học,buy_for_living,affordable,2.2,2.0
evt_100730,usr_1048,sess_1048_0,44996895,view,2026-02-11T05:34:12Z,47,ai_recommendation,0.745,False,tìm nhà đất Phường Phú Định giá mềm gần trường học,buy_for_living,mid_range,7.4,3.0
evt_100872,usr_1057,sess_1057_0,45196467,contact,2026-02-11T06:24:10Z,25,search_bar,3.134,False,nhà đất Phường Dĩ An cao cấp cho vợ chồng mới cưới,buy_for_living,affordable,2.6,3.0
evt_100602,usr_1039,sess_1039_0,44400338,view,2026-02-11T06:51:43Z,87,related_items,0.861,False,căn hộ Phường Cát Lái bình dân cho vợ chồng mới cưới,buy_for_living,mid_range,7.9,2.0
evt_102090,usr_1142,sess_1142_2,44053901,view,2026-02-11T07:21:30Z,68,ai_recommendation,0.814,False,"cần thuê nhà đất Phường Chợ Quán full nội thất, cao cấp",rent,affordable,2.3,1.0
evt_102913,usr_1193,sess_1193_1,37920615,view,2026-02-11T08:31:44Z,61,ai_recommendation,0.794,False,nhà đất Phường Chánh Phú Hòa khu nhà giàu cho gia đình,buy_for_living,mid_range,7.9,1.0
evt_100917,usr_1061,sess_1061_1,44737883,view,2026-02-11T10:00:51Z,33,search_bar,0.678,False,thuê nhà đất Xã Nhà Bè 2 phòng ngủ giá mềm,rent,mid_range,7.4,2.0
evt_102894,usr_1192,sess_1192_2,45010170,view,2026-02-11T10:59:04Z,60,search_bar,0.791,False,căn hộ Xã Tân Nhựt giá rẻ cho thuê lại được,investment,affordable,2.3,3.0
evt_101684,usr_1114,sess_1114_1,45242428,view,2026-02-11T11:23:16Z,95,ai_recommendation,0.878,False,nhà đất Phường Đức Nhuận giá hợp lý cho gia đình,buy_for_living,mid_range,6.3,3.0
evt_100613,usr_1039,sess_1039_0,43588872,save,2026-02-11T11:31:16Z,73,ai_recommendation,2.484,False,nhà đất Phường Bảy Hiền sang trọng cho vợ chồng mới cưới,buy_for_living,mid_range,7.9,2.0
evt_103082,usr_1204,sess_1204_0,45194358,view,2026-02-11T12:50:54Z,100,search_bar,0.888,False,"cần mua nhà đất 2 phòng ngủ ở Phường An Phú Đông để ở, khu nhà giàu",buy_for_living,affordable,2.7,2.0
evt_101419,usr_1096,sess_1096_0,44597730,save,2026-02-11T13:04:15Z,88,search_bar,2.59,False,tìm nhà đất Xã Hiệp Phước giá rẻ gần trường học,buy_for_living,affordable,2.3,1.0
evt_101938,usr_1132,sess_1132_0,45245900,contact,2026-02-11T13:13:49Z,67,ai_recommendation,4.058,False,nhà đất Phường Bình Lợi Trung giá tốt cho thuê lại được,investment,luxury,20.8,1.0
evt_101553,usr_1105,sess_1105_0,45241974,view,2026-02-11T13:46:36Z,9,homepage,0.443,True,nhà đất Phường Bình Thới khu nhà giàu cho thuê lại được,investment,luxury,23.4,1.0
evt_103841,usr_1254,sess_1254_0,45197229,view,2026-02-11T14:58:10Z,156,ai_recommendation,0.973,False,"mua nhà đất đầu tư ở Phường Thủ Đức pháp lý rõ ràng, bình dân",investment,affordable,2.3,1.0
evt_103131,usr_1207,sess_1207_0,44558902,view,2026-02-11T15:00:55Z,198,ai_recommendation,1.0,False,nhà đất Phường Bảy Hiền tầm trung cho vợ chồng mới cưới,buy_for_living,affordable,2.9,1.0
evt_100266,usr_1016,sess_1016_0,45021271,share,2026-02-11T15:09:10Z,26,search_bar,2.536,False,nhà đất Phường Long Trường tầm trung cho vợ chồng mới cưới,buy_for_living,mid_range,7.3,3.0
evt_102554,usr_1170,sess_1170_1,45088101,view,2026-02-11T15:13:40Z,33,ai_recommendation,0.678,False,nhà đất Xã Nhà Bè giá tốt cho gia đình,buy_for_living,affordable,2.5,2.0
evt_103022,usr_1200,sess_1200_0,45172641,save,2026-02-11T15:53:06Z,66,homepage,2.426,False,nhà đất Phường Hòa Bình vị trí đẹp cho thuê lại được,investment,mid_range,5.7,2.0
evt_100801,usr_1053,sess_1053_1,44900300,view,2026-02-11T16:15:49Z,79,homepage,0.843,False,nhà đất Phường Cát Lái vị trí đẹp cho gia đình,buy_for_living,affordable,2.8,1.0
evt_101646,usr_1111,sess_1111_0,45101930,view,2026-02-11T16:20:23Z,7,ai_recommendation,0.4,True,nhà đất Xã Tân Nhựt vị trí đẹp cho thuê lại được,investment,affordable,2.4,2.0
evt_104377,usr_1289,sess_1289_1,45159337,view,2026-02-11T16:57:04Z,30,ai_recommendation,0.661,False,tìm nhà đất Phường Long Trường sang trọng tiềm năng tăng giá,investment,affordable,3.0,1.0
evt_103146,usr_1208,sess_1208_0,44432528,view,2026-02-11T17:24:23Z,47,ai_recommendation,0.745,False,tìm căn hộ Phường Bàn Cờ giá mềm gần trường học,buy_for_living,affordable,2.3,2.0
evt_100687,usr_1045,sess_1045_0,44837259,view,2026-02-11T18:36:38Z,23,ai_recommendation,0.611,False,"cần mua nhà đất 5 phòng ngủ ở Phường Thới An để ở, giá hợp lý",buy_for_living,mid_range,6.1,3.0
evt_100697,usr_1046,sess_1046_0,45041250,share,2026-02-11T19:49:04Z,30,ai_recommendation,2.642,False,"mua nhà đất đầu tư ở Phường An Hội Đông pháp lý rõ ràng, sang trọng",investment,affordable,2.7,2.0
evt_102134,usr_1146,sess_1146_0,45240198,view,2026-02-11T21:06:32Z,25,ai_recommendation,0.627,False,nhà đất Phường Đức Nhuận tầm trung cho vợ chồng mới cưới,buy_for_living,affordable,2.8,2.0
evt_100095,usr_1005,sess_1005_1,44821696,view,2026-02-11T22:09:45Z,122,search_bar,0.926,False,"nhà ở Phường Gia Định thoáng mát 4pn, giá hợp lý",buy_for_living,affordable,2.8,2.0
evt_100826,usr_1055,sess_1055_0,45189967,view,2026-02-11T22:22:34Z,40,ai_recommendation,0.714,False,"mua căn hộ đầu tư ở Phường Bình Quới pháp lý rõ ràng, rẻ một chút",investment,affordable,2.7,3.0
evt_100377,usr_1024,sess_1024_1,45013698,save,2026-02-11T22:46:13Z,12,search_bar,1.48,False,tìm phòng nhà đất ở Phường Vĩnh Hội giá mềm,rent,mid_range,6.4,2.0
evt_101452,usr_1098,sess_1098_0,45234494,save,2026-02-11T23:18:38Z,18,search_bar,1.699,False,tìm nhà đất Phường Trung Mỹ Tây bình dân gần trường học,buy_for_living,affordable,2.1,2.0
evt_103449,usr_1228,sess_1228_1,45106137,view,2026-02-11T23:22:07Z,137,search_bar,0.948,False,tìm nhà đất Phường Thông Tây Hội ổn định gần trường học,buy_for_living,affordable,2.8,2.0
evt_100043,usr_1002,sess_1002_0,44652093,view,2026-02-12T01:17:06Z,19,ai_recommendation,0.576,False,thuê nhà đất Phường An Phú Đông 4 phòng ngủ tầm trung,rent,affordable,2.1,1.0
evt_103354,usr_1221,sess_1221_0,44959314,view,2026-02-12T02:20:17Z,40,ai_recommendation,0.714,False,"mua nhà đất đầu tư ở Phường An Khánh pháp lý rõ ràng, vị trí đẹp",investment,affordable,2.7,3.0
evt_103210,usr_1211,sess_1211_0,44341133,view,2026-02-12T02:43:23Z,45,ai_recommendation,0.736,False,"cần thuê nhà đất Phường Tân Hưng full nội thất, vị trí đẹp",rent,affordable,2.4,2.0
evt_100492,usr_1031,sess_1031_1,44807468,save,2026-02-12T03:16:55Z,12,related_items,1.48,False,"cần mua nhà đất 4 phòng ngủ ở Phường Tân Thuận để ở, vị trí đẹp",buy_for_living,affordable,2.9,2.0
evt_101084,usr_1074,sess_1074_0,44456711,save,2026-02-12T03:27:34Z,17,ai_recommendation,1.668,False,tìm căn hộ Phường Bảy Hiền giá mềm gần trường học,buy_for_living,mid_range,5.6,1.0
evt_104152,usr_1275,sess_1275_0,44967290,contact,2026-02-12T03:59:06Z,120,related_items,4.613,False,căn hộ Phường Tăng Nhơn Phú giá rẻ dòng tiền tốt,investment,affordable,2.5,3.0
evt_104094,usr_1271,sess_1271_0,44202944,view,2026-02-12T05:07:29Z,49,homepage,0.753,False,"nhà ở Phường Bình Thạnh thoáng mát 2pn, bình dân",buy_for_living,affordable,2.8,2.0
evt_103172,usr_1209,sess_1209_0,44843875,contact,2026-02-12T06:26:53Z,126,ai_recommendation,4.659,False,tìm căn hộ Xã Tân Nhựt giá rẻ gần trường học,buy_for_living,affordable,2.6,2.0
evt_101987,usr_1135,sess_1135_0,41003332,save,2026-02-12T07:52:44Z,114,ai_recommendation,2.738,False,"nhà ở Phường Dĩ An thoáng mát 3pn, sang trọng",buy_for_living,affordable,2.8,1.0
evt_102849,usr_1189,sess_1189_0,45209379,view,2026-02-12T08:38:32Z,15,homepage,0.533,False,tìm căn hộ Phường Chợ Lớn ổn định gần trường học,buy_for_living,affordable,2.2,2.0
evt_101526,usr_1103,sess_1103_0,44421523,save,2026-02-12T08:40:58Z,15,ai_recommendation,1.6,False,"cần thuê nhà đất Phường Tân Sơn full nội thất, vị trí đẹp",rent,affordable,2.7,2.0
evt_100425,usr_1027,sess_1027_0,44756781,view,2026-02-12T09:36:01Z,33,ai_recommendation,0.678,False,nhà đất Phường Cầu Ông Lãnh tầm trung cho vợ chồng mới cưới,buy_for_living,mid_range,7.8,3.0
evt_104422,usr_1293,sess_1293_1,43693887,view,2026-02-12T10:06:47Z,76,homepage,0.836,False,tìm căn hộ Phường Long Bình giá rẻ gần trường học,buy_for_living,affordable,2.9,2.0
evt_100577,usr_1037,sess_1037_1,45040121,view,2026-02-12T10:11:43Z,244,ai_recommendation,1.0,False,tìm căn hộ Phường An Khánh giá mềm tiềm năng tăng giá,investment,affordable,2.9,1.0
evt_102320,usr_1157,sess_1157_0,45240363,view,2026-02-12T11:24:40Z,693,search_bar,1.0,False,nhà đất Phường Thông Tây Hội bình dân cho vợ chồng mới cưới,buy_for_living,affordable,2.3,2.0
evt_102943,usr_1195,sess_1195_0,45057486,save,2026-02-12T11:31:48Z,58,ai_recommendation,2.353,False,nhà đất Phường Phú Nhuận giá hợp lý cho thuê lại được,investment,luxury,21.9,2.0
evt_103240,usr_1213,sess_1213_0,45172641,view,2026-02-12T12:20:45Z,125,homepage,0.93,False,tìm nhà đất Phường Hòa Bình sang trọng gần trường học,buy_for_living,mid_range,6.9,1.0
evt_103543,usr_1234,sess_1234_0,42188831,save,2026-02-12T12:21:10Z,35,ai_recommendation,2.068,False,nhà đất Phường Long Trường cao cấp cho vợ chồng mới cưới,buy_for_living,affordable,2.8,2.0
evt_104223,usr_1280,sess_1280_1,45143748,view,2026-02-12T12:50:33Z,58,ai_recommendation,0.784,False,tìm phòng nhà đất ở Phường An Lạc cao cấp,rent,mid_range,7.6,2.0
evt_103948,usr_1261,sess_1261_0,45219725,view,2026-02-12T13:06:43Z,19,search_bar,0.576,False,căn hộ Phường Long Bình bình dân cho thuê lại được,investment,affordable,2.1,2.0
evt_102142,usr_1146,sess_1146_0,44026617,share,2026-02-12T14:08:01Z,56,ai_recommendation,3.111,False,"cần mua nhà đất 7 phòng ngủ ở Phường Hiệp Bình để ở, sang trọng",buy_for_living,affordable,2.8,2.0
evt_100483,usr_1031,sess_1031_0,44594476,view,2026-02-12T14:10:06Z,19,ai_recommendation,0.576,False,"nhà ở Xã Bình Hưng thoáng mát 3pn, vị trí đẹp",buy_for_living,affordable,2.9,2.0
evt_102044,usr_1139,sess_1139_1,42962075,save,2026-02-12T15:30:57Z,67,ai_recommendation,2.435,False,nhà đất Phường Tân Thuận tầm trung cho thuê lại được,investment,luxury,25.1,3.0
evt_102547,usr_1170,sess_1170_0,45234835,view,2026-02-12T15:36:07Z,12,search_bar,0.493,False,nhà đất Phường Bình Dương giá tốt cho gia đình,buy_for_living,affordable,2.5,2.0
evt_103825,usr_1253,sess_1253_0,44815299,save,2026-02-12T16:17:56Z,41,search_bar,2.157,False,căn hộ Xã Tân Nhựt giá mềm cho thuê lại được,investment,affordable,2.6,2.0
evt_102373,usr_1159,sess_1159_0,45141560,share,2026-02-12T16:46:31Z,82,related_items,3.4,False,nhà đất Phường An Lạc ổn định cho gia đình,buy_for_living,mid_range,5.7,2.0
evt_100896,usr_1060,sess_1060_0,45266627,contact,2026-02-12T17:23:07Z,74,search_bar,4.153,False,"mua nhà đất đầu tư ở Phường An Hội Tây pháp lý rõ ràng, ổn định",investment,mid_range,6.5,1.0
evt_102107,usr_1143,sess_1143_0,44893598,contact,2026-02-12T18:53:42Z,41,related_items,3.595,False,nhà đất Xã Nhà Bè giá tốt cho vợ chồng mới cưới,buy_for_living,mid_range,6.9,2.0
evt_102112,usr_1144,sess_1144_1,45203024,share,2026-02-12T19:12:30Z,19,ai_recommendation,2.305,False,"mua nhà đất đầu tư ở Phường An Hội Tây pháp lý rõ ràng, bình dân",investment,luxury,28.6,1.0
evt_103812,usr_1252,sess_1252_1,43115714,contact,2026-02-12T19:21:02Z,73,ai_recommendation,4.14,False,tìm nhà đất Xã Bà Điểm cao cấp gần trường học,buy_for_living,luxury,28.5,2.0
evt_102051,usr_1139,sess_1139_1,45015767,save,2026-02-12T19:21:10Z,14,related_items,1.563,False,tìm căn hộ Phường Tân Sơn Nhì giá mềm tiềm năng tăng giá,investment,luxury,25.1,3.0
evt_103840,usr_1254,sess_1254_0,45242102,save,2026-02-12T19:26:28Z,41,ai_recommendation,2.157,False,"mua nhà đất đầu tư ở Phường Sài Gòn pháp lý rõ ràng, tầm trung",investment,affordable,2.3,1.0
evt_101839,usr_1126,sess_1126_0,44177616,view,2026-02-12T19:44:04Z,57,homepage,0.781,False,tìm nhà đất Phường Tăng Nhơn Phú cao cấp tiềm năng tăng giá,investment,affordable,2.4,1.0
evt_102891,usr_1191,sess_1191_0,45246152,view,2026-02-12T19:48:45Z,40,ai_recommendation,0.714,False,"cần thuê nhà đất Phường Phước Long full nội thất, giá tốt",rent,mid_range,6.0,3.0
evt_103624,usr_1238,sess_1238_0,40503273,view,2026-02-12T20:50:47Z,178,homepage,0.998,False,tìm phòng căn hộ ở Phường Thủ Dầu Một rẻ một chút,rent,mid_range,7.2,2.0
evt_101846,usr_1126,sess_1126_1,44779145,view,2026-02-12T21:22:51Z,152,ai_recommendation,0.968,False,nhà đất Phường Khánh Hội giá rẻ cho thuê lại được,investment,affordable,2.4,1.0
evt_104464,usr_1296,sess_1296_0,45085252,save,2026-02-12T22:14:39Z,30,search_bar,1.982,False,nhà đất Phường An Hội Tây giá hợp lý cho gia đình,buy_for_living,affordable,2.8,2.0
evt_102206,usr_1150,sess_1150_1,45209379,view,2026-02-12T22:35:37Z,60,ai_recommendation,0.791,False,căn hộ Phường Chợ Lớn tầm trung dòng tiền tốt,investment,affordable,2.9,2.0
evt_101832,usr_1125,sess_1125_0,45169295,contact,2026-02-12T22:38:29Z,75,search_bar,4.165,False,tìm nhà đất Xã Nhà Bè cao cấp gần trường học,buy_for_living,affordable,3.0,2.0
evt_102884,usr_1191,sess_1191_0,45127299,save,2026-02-12T22:46:55Z,30,search_bar,1.982,False,nhà đất Phường An Phú Đông khu nhà giàu cho thuê gần metro,rent,mid_range,6.0,3.0
evt_103712,usr_1245,sess_1245_1,44390382,share,2026-02-12T23:27:08Z,26,search_bar,2.536,False,tìm nhà đất Phường An Phú Đông ổn định gần trường học,buy_for_living,mid_range,8.0,3.0
evt_103963,usr_1262,sess_1262_0,43504875,view,2026-02-12T23:44:53Z,44,search_bar,0.732,False,nhà đất Xã Trừ Văn Thố cao cấp cho gia đình,buy_for_living,mid_range,8.0,2.0
evt_102691,usr_1179,sess_1179_0,45202069,view,2026-02-12T23:59:02Z,45,ai_recommendation,0.736,False,tìm nhà đất Phường Đức Nhuận bình dân tiềm năng tăng giá,investment,mid_range,6.4,1.0
evt_100549,usr_1035,sess_1035_1,44914549,view,2026-02-13T00:02:52Z,41,ai_recommendation,0.719,False,nhà đất Phường Tam Thắng vị trí đẹp cho thuê lại được,investment,affordable,2.4,1.0
evt_101859,usr_1127,sess_1127_0,45156507,view,2026-02-13T01:34:31Z,21,homepage,0.595,False,tìm nhà đất Phường An Hội Đông giá vừa phải gần trường học,buy_for_living,affordable,2.5,2.0
evt_103875,usr_1256,sess_1256_0,44555827,view,2026-02-13T03:18:37Z,39,ai_recommendation,0.71,False,nhà đất Phường Bình Đông khu nhà giàu cho vợ chồng mới cưới,buy_for_living,affordable,2.9,2.0
evt_102805,usr_1186,sess_1186_0,45216684,contact,2026-02-13T03:20:46Z,13,ai_recommendation,2.538,False,"nhà ở Phường Bình Trưng thoáng mát 1pn, tầm trung",buy_for_living,luxury,28.1,2.0
evt_100534,usr_1034,sess_1034_1,45102022,view,2026-02-13T04:07:41Z,4,homepage,0.31,True,nhà đất Phường An Hội Tây cao cấp cho thuê lại được,investment,luxury,27.7,2.0
evt_100940,usr_1063,sess_1063_0,44754807,view,2026-02-13T07:13:05Z,50,related_items,0.756,False,tìm nhà đất Phường Tân Định giá hợp lý tiềm năng tăng giá,investment,affordable,3.0,2.0
evt_100021,usr_1001,sess_1001_1,45228540,contact,2026-02-13T07:45:30Z,281,ai_recommendation,5.0,False,nhà đất Phường Tăng Nhơn Phú giá vừa phải cho gia đình,buy_for_living,affordable,2.7,2.0
evt_100437,usr_1028,sess_1028_2,45244632,save,2026-02-13T08:27:58Z,71,related_items,2.468,False,"nhà ở Phường Bảy Hiền thoáng mát 4pn, khu nhà giàu",buy_for_living,affordable,2.2,1.0
evt_103406,usr_1225,sess_1225_0,43504875,contact,2026-02-13T09:55:57Z,51,search_bar,3.8,False,"cần mua nhà đất 0 phòng ngủ ở Xã Trừ Văn Thố để ở, khu nhà giàu",buy_for_living,mid_range,7.0,2.0
evt_100998,usr_1067,sess_1067_2,42587414,view,2026-02-13T11:17:54Z,22,ai_recommendation,0.603,False,nhà đất Xã Nhà Bè khu nhà giàu cho thuê lại được,investment,luxury,29.4,2.0
evt_102138,usr_1146,sess_1146_1,44597730,view,2026-02-13T11:24:44Z,19,homepage,0.576,False,nhà đất Xã Hiệp Phước giá rẻ cho gia đình,buy_for_living,affordable,2.8,2.0
evt_103645,usr_1240,sess_1240_0,45166768,share,2026-02-13T11:41:38Z,61,ai_recommendation,3.176,False,"cần mua nhà đất 0 phòng ngủ ở Phường Tăng Nhơn Phú để ở, giá tốt",buy_for_living,mid_range,5.9,2.0
evt_101530,usr_1103,sess_1103_1,44827098,view,2026-02-13T11:58:37Z,137,homepage,0.948,False,nhà đất Phường Cầu Ông Lãnh khu nhà giàu cho thuê gần metro,rent,affordable,2.7,2.0
evt_101975,usr_1134,sess_1134_1,45156251,view,2026-02-13T12:12:08Z,98,ai_recommendation,0.884,False,nhà đất Phường An Nhơn giá vừa phải cho vợ chồng mới cưới,buy_for_living,mid_range,6.1,2.0
evt_102079,usr_1141,sess_1141_0,45157792,view,2026-02-13T13:06:46Z,53,ai_recommendation,0.767,False,"mua nhà đất đầu tư ở Xã Nhà Bè pháp lý rõ ràng, giá hợp lý",investment,mid_range,5.7,2.0
evt_103792,usr_1250,sess_1250_1,44887604,view,2026-02-13T13:34:56Z,281,related_items,1.0,False,căn hộ Xã Nhà Bè rẻ một chút cho gia đình,buy_for_living,mid_range,5.5,1.0
evt_103832,usr_1253,sess_1253_0,45135481,view,2026-02-13T13:40:20Z,38,search_bar,0.705,False,tìm nhà đất Phường Tân Định giá mềm tiềm năng tăng giá,investment,affordable,2.6,2.0
evt_102706,usr_1180,sess_1180_2,38237735,view,2026-02-13T14:04:17Z,21,search_bar,0.595,False,nhà đất Xã Nhà Bè giá vừa phải dòng tiền tốt,investment,luxury,27.1,2.0
evt_100236,usr_1014,sess_1014_0,44094490,view,2026-02-13T15:11:28Z,53,search_bar,0.767,False,tìm nhà đất Xã Trừ Văn Thố giá hợp lý gần trường học,buy_for_living,mid_range,7.7,3.0
evt_104154,usr_1275,sess_1275_0,44684469,contact,2026-02-13T15:32:31Z,63,search_bar,4.0,False,"mua nhà đất đầu tư ở Phường Gò Vấp pháp lý rõ ràng, giá hợp lý",investment,affordable,2.5,3.0
evt_102000,usr_1136,sess_1136_0,45246152,save,2026-02-13T16:10:54Z,26,homepage,1.902,False,nhà đất Phường Phước Long giá tốt cho thuê gần metro,rent,affordable,3.0,2.0
evt_102469,usr_1165,sess_1165_0,45253098,view,2026-02-13T16:29:02Z,170,ai_recommendation,0.989,False,"nhà ở Phường Tam Bình thoáng mát 3pn, vị trí đẹp",buy_for_living,luxury,26.4,2.0
evt_100916,usr_1061,sess_1061_1,45151591,save,2026-02-13T16:53:05Z,116,ai_recommendation,2.748,False,"cần thuê nhà đất Phường Cầu Kiệu full nội thất, giá rẻ",rent,mid_range,7.4,2.0
evt_100507,usr_1032,sess_1032_0,45207388,view,2026-02-13T17:20:23Z,39,homepage,0.71,False,"nhà ở Phường Thới Hòa thoáng mát 0pn, sang trọng",buy_for_living,affordable,2.8,2.0
evt_103881,usr_1257,sess_1257_0,45075879,view,2026-02-13T19:34:43Z,146,ai_recommendation,0.96,False,tìm nhà đất Phường Cầu Kiệu ổn định gần trường học,buy_for_living,affordable,2.6,2.0
evt_101008,usr_1068,sess_1068_0,45245534,save,2026-02-13T21:21:17Z,34,ai_recommendation,2.052,False,nhà đất Phường Tân Thuận giá vừa phải dòng tiền tốt,investment,mid_range,6.1,2.0
evt_104002,usr_1265,sess_1265_1,45075295,view,2026-02-13T21:41:28Z,122,search_bar,0.926,False,tìm phòng nhà đất ở Phường Phú Thuận giá mềm,rent,mid_range,6.5,1.0
evt_100922,usr_1061,sess_1061_1,40950675,view,2026-02-13T22:55:49Z,88,search_bar,0.863,False,thuê nhà đất Xã Nhà Bè 4 phòng ngủ sang trọng,rent,mid_range,7.4,2.0
evt_104333,usr_1287,sess_1287_0,44748012,view,2026-02-13T23:01:57Z,19,ai_recommendation,0.576,False,"cần mua căn hộ 0 phòng ngủ ở Phường Long Bình để ở, giá tốt",buy_for_living,affordable,2.4,2.0
evt_101591,usr_1108,sess_1108_1,44786304,view,2026-02-13T23:36:27Z,70,search_bar,0.82,False,tìm nhà đất Phường An Phú Đông vị trí đẹp gần trường học,buy_for_living,affordable,2.5,2.0
evt_101102,usr_1076,sess_1076_2,45197120,view,2026-02-13T23:51:25Z,17,ai_recommendation,0.556,False,nhà đất Phường Tam Thắng ổn định dòng tiền tốt,investment,affordable,2.8,2.0
evt_101991,usr_1135,sess_1135_0,44242335,view,2026-02-14T00:13:26Z,14,related_items,0.521,False,"cần mua nhà đất 0 phòng ngủ ở Phường Diên Hồng để ở, ổn định",buy_for_living,affordable,2.8,1.0
evt_101235,usr_1084,sess_1084_0,45240745,save,2026-02-14T01:07:34Z,41,search_bar,2.157,False,"nhà ở Phường Bàn Cờ thoáng mát 3pn, giá vừa phải",buy_for_living,mid_range,7.2,2.0
evt_103691,usr_1244,sess_1244_1,45025864,view,2026-02-14T02:15:04Z,38,search_bar,0.705,False,"cần mua căn hộ 2 phòng ngủ ở Phường Phú Thọ Hòa để ở, giá vừa phải",buy_for_living,affordable,2.8,2.0
evt_102714,usr_1181,sess_1181_1,45179775,view,2026-02-14T03:42:35Z,75,search_bar,0.833,False,căn hộ Phường Đông Hưng Thuận bình dân cho gia đình,buy_for_living,mid_range,6.0,1.0
evt_104125,usr_1273,sess_1273_2,45038070,contact,2026-02-14T03:50:39Z,70,ai_recommendation,4.1,False,thuê căn hộ Phường Phú Thuận 2 phòng ngủ bình dân,rent,mid_range,7.2,1.0
evt_104382,usr_1290,sess_1290_0,45201374,view,2026-02-14T04:11:28Z,236,ai_recommendation,1.0,False,nhà đất Phường Cát Lái sang trọng cho thuê lại được,investment,affordable,3.0,2.0
evt_101907,usr_1130,sess_1130_0,43552850,view,2026-02-14T04:44:36Z,38,ai_recommendation,0.705,False,tìm nhà đất Phường Chợ Quán sang trọng tiềm năng tăng giá,investment,affordable,2.5,1.0
evt_102859,usr_1190,sess_1190_0,45222094,view,2026-02-14T06:07:45Z,14,homepage,0.521,False,tìm nhà đất Phường Phú Thuận giá vừa phải gần trường học,buy_for_living,affordable,2.8,2.0
evt_100176,usr_1011,sess_1011_1,45074990,view,2026-02-14T06:35:53Z,116,search_bar,0.916,False,"nhà ở Phường Bình Tân thoáng mát 2pn, giá mềm",buy_for_living,mid_range,7.4,2.0
evt_100530,usr_1034,sess_1034_0,44963403,save,2026-02-14T06:47:20Z,22,ai_recommendation,1.809,False,nhà đất Xã Nhà Bè ổn định dòng tiền tốt,investment,luxury,27.7,2.0
evt_101662,usr_1113,sess_1113_2,41866409,view,2026-02-14T06:49:19Z,14,ai_recommendation,0.521,False,nhà đất Phường Phú Thuận giá hợp lý cho gia đình,buy_for_living,affordable,2.8,2.0
evt_100996,usr_1067,sess_1067_2,44984569,view,2026-02-14T06:52:25Z,94,search_bar,0.876,False,"mua nhà đất đầu tư ở Phường Xuân Hòa pháp lý rõ ràng, khu nhà giàu",investment,luxury,29.4,2.0
evt_101127,usr_1077,sess_1077_0,45004927,view,2026-02-14T07:58:54Z,10,homepage,0.461,False,"cần mua nhà đất 4 phòng ngủ ở Phường An Phú Đông để ở, giá tốt",buy_for_living,luxury,29.0,1.0
evt_102052,usr_1139,sess_1139_1,44106429,view,2026-02-14T08:10:25Z,100,ai_recommendation,0.888,False,nhà đất Phường Hòa Hưng cao cấp cho thuê lại được,investment,luxury,25.1,3.0
evt_103487,usr_1230,sess_1230_1,45186272,view,2026-02-14T13:01:04Z,67,related_items,0.812,False,nhà đất Phường Thới An bình dân cho gia đình,buy_for_living,affordable,2.5,2.0
evt_100728,usr_1048,sess_1048_0,44949894,share,2026-02-14T13:38:10Z,45,ai_recommendation,2.946,False,"cần mua nhà đất 2 phòng ngủ ở Xã Nhà Bè để ở, giá mềm",buy_for_living,mid_range,7.4,3.0
evt_104355,usr_1288,sess_1288_0,41774490,view,2026-02-14T14:50:27Z,40,ai_recommendation,0.714,False,nhà đất Xã Nhà Bè vị trí đẹp cho vợ chồng mới cưới,buy_for_living,mid_range,5.8,1.0
evt_100543,usr_1035,sess_1035_0,45157388,view,2026-02-14T15:20:38Z,27,homepage,0.641,False,nhà đất Phường Phú Thuận bình dân dòng tiền tốt,investment,affordable,2.4,1.0
evt_101928,usr_1132,sess_1132_0,44494201,view,2026-02-14T15:45:51Z,224,search_bar,1.0,False,nhà đất Phường Tân Mỹ cao cấp cho thuê lại được,investment,luxury,20.8,1.0
evt_102687,usr_1179,sess_1179_2,45237194,view,2026-02-14T17:43:08Z,17,search_bar,0.556,False,nhà đất Phường Phú Thọ Hòa vị trí đẹp cho thuê lại được,investment,mid_range,6.4,1.0
evt_100167,usr_1011,sess_1011_0,44960320,view,2026-02-14T18:55:01Z,14,homepage,0.521,False,nhà đất Phường Thông Tây Hội sang trọng cho vợ chồng mới cưới,buy_for_living,mid_range,7.4,2.0
evt_100792,usr_1053,sess_1053_1,45205957,view,2026-02-14T20:20:12Z,19,ai_recommendation,0.576,False,nhà đất Phường Bình Thạnh rẻ một chút cho gia đình,buy_for_living,affordable,2.8,1.0
evt_101665,usr_1113,sess_1113_0,44984569,view,2026-02-14T20:22:37Z,112,search_bar,0.909,False,tìm nhà đất Phường Xuân Hòa khu nhà giàu gần trường học,buy_for_living,affordable,2.8,2.0
evt_101758,usr_1120,sess_1120_1,44046412,view,2026-02-14T20:37:05Z,96,search_bar,0.88,False,"cần mua nhà đất 2 phòng ngủ ở Phường Tân Mỹ để ở, bình dân",buy_for_living,affordable,2.6,2.0
evt_100203,usr_1012,sess_1012_1,44050057,view,2026-02-14T22:00:20Z,15,ai_recommendation,0.533,False,nhà đất Phường Diên Hồng cao cấp cho thuê lại được,investment,affordable,2.8,1.0
evt_101289,usr_1087,sess_1087_0,44948688,view,2026-02-14T23:13:53Z,104,ai_recommendation,0.895,False,tìm căn hộ Xã Tân Nhựt rẻ một chút tiềm năng tăng giá,investment,affordable,2.4,2.0
evt_102348,usr_1158,sess_1158_0,40990762,view,2026-02-15T00:25:18Z,501,ai_recommendation,1.0,False,căn hộ Phường An Khánh rẻ một chút cho vợ chồng mới cưới,buy_for_living,mid_range,5.9,2.0
evt_104441,usr_1294,sess_1294_1,44857911,share,2026-02-15T01:27:58Z,153,search_bar,3.876,False,tìm nhà đất Phường Phú Thuận giá hợp lý tiềm năng tăng giá,investment,luxury,22.2,2.0
evt_100606,usr_1039,sess_1039_0,45032566,contact,2026-02-15T02:20:42Z,83,ai_recommendation,4.262,False,"cần mua căn hộ 2 phòng ngủ ở Phường An Khánh để ở, giá mềm",buy_for_living,mid_range,7.9,2.0
evt_104245,usr_1281,sess_1281_0,45189941,view,2026-02-15T02:24:26Z,22,ai_recommendation,0.603,False,tìm nhà đất Phường Tân Thuận rẻ một chút tiềm năng tăng giá,investment,affordable,2.9,2.0
evt_104072,usr_1269,sess_1269_1,44908022,view,2026-02-15T03:33:48Z,96,homepage,0.88,False,tìm nhà đất Phường Hòa Hưng sang trọng gần trường học,buy_for_living,affordable,2.5,3.0
evt_104380,usr_1289,sess_1289_2,45201686,share,2026-02-15T03:49:11Z,22,search_bar,2.413,False,nhà đất Xã Hiệp Phước sang trọng dòng tiền tốt,investment,affordable,3.0,1.0
evt_101099,usr_1076,sess_1076_0,45055698,save,2026-02-15T04:10:56Z,90,search_bar,2.603,False,"mua căn hộ đầu tư ở Phường Cầu Ông Lãnh pháp lý rõ ràng, rẻ một chút",investment,affordable,2.8,2.0
evt_103705,usr_1245,sess_1245_0,44887265,share,2026-02-15T04:33:05Z,23,homepage,2.445,False,"nhà ở Phường Phú Thuận thoáng mát 3pn, giá tốt",buy_for_living,mid_range,8.0,3.0
evt_102501,usr_1167,sess_1167_0,44538856,save,2026-02-15T05:32:39Z,964,ai_recommendation,3.0,False,nhà đất Phường Tân Sơn Hòa giá hợp lý cho gia đình,buy_for_living,affordable,2.5,3.0
evt_103924,usr_1259,sess_1259_1,44956234,view,2026-02-15T06:34:55Z,32,ai_recommendation,0.673,False,tìm nhà đất Xã Bình Chánh cao cấp gần trường học,buy_for_living,affordable,2.3,2.0
evt_102192,usr_1150,sess_1150_0,45037120,view,2026-02-15T06:54:43Z,65,ai_recommendation,0.806,False,nhà đất Phường Bình Tân vị trí đẹp dòng tiền tốt,investment,affordable,2.9,2.0
evt_100430,usr_1028,sess_1028_2,44913725,view,2026-02-15T07:06:56Z,62,related_items,0.797,False,"nhà ở Phường Chợ Quán thoáng mát 5pn, ổn định",buy_for_living,affordable,2.2,1.0
evt_104104,usr_1271,sess_1271_0,44285831,view,2026-02-15T07:23:35Z,74,search_bar,0.831,False,"cần mua nhà đất 4 phòng ngủ ở Phường Hạnh Thông để ở, giá rẻ",buy_for_living,affordable,2.8,2.0
evt_100244,usr_1015,sess_1015_0,44841772,share,2026-02-15T07:34:08Z,68,homepage,3.258,False,căn hộ Xã Tân Nhựt giá mềm cho thuê lại được,investment,affordable,2.1,2.0
evt_104506,usr_1299,sess_1299_0,44779505,view,2026-02-15T11:10:07Z,15,ai_recommendation,0.533,False,nhà đất Xã Nhà Bè giá hợp lý cho gia đình,buy_for_living,affordable,2.2,2.0
evt_103770,usr_1249,sess_1249_1,43832511,save,2026-02-15T11:27:07Z,19,ai_recommendation,1.729,False,tìm phòng nhà đất ở Phường Phú Thuận vị trí đẹp,rent,luxury,25.2,2.0
evt_100890,usr_1059,sess_1059_2,45082255,save,2026-02-15T11:34:32Z,21,search_bar,1.784,False,"nhà ở Phường An Khánh thoáng mát 4pn, ổn định",buy_for_living,affordable,2.3,2.0
evt_101508,usr_1102,sess_1102_0,45103700,view,2026-02-15T11:42:04Z,83,ai_recommendation,0.852,False,nhà đất Phường Bình Trưng rẻ một chút cho thuê lại được,investment,mid_range,7.7,2.0
evt_101613,usr_1109,sess_1109_0,45252025,contact,2026-02-15T12:19:35Z,152,homepage,4.838,False,"cần mua nhà đất 3 phòng ngủ ở Phường Thông Tây Hội để ở, tầm trung",buy_for_living,affordable,2.1,2.0
evt_100389,usr_1025,sess_1025_0,45039157,view,2026-02-15T13:07:22Z,126,ai_recommendation,0.932,False,"nhà ở Phường Long Bình thoáng mát 3pn, giá vừa phải",buy_for_living,affordable,2.5,2.0
evt_100182,usr_1011,sess_1011_0,45201395,view,2026-02-15T13:51:56Z,38,ai_recommendation,0.705,False,tìm nhà đất Xã Hiệp Phước khu nhà giàu gần trường học,buy_for_living,mid_range,7.4,2.0
evt_103693,usr_1244,sess_1244_0,45214777,view,2026-02-15T14:08:30Z,66,related_items,0.809,False,"nhà ở Phường Bình Trị Đông thoáng mát 4pn, khu nhà giàu",buy_for_living,affordable,2.8,2.0
evt_101871,usr_1128,sess_1128_1,44806114,share,2026-02-15T14:37:56Z,13,ai_recommendation,2.031,False,nhà đất Xã Nhà Bè giá tốt cho gia đình,buy_for_living,luxury,24.8,2.0
evt_100105,usr_1006,sess_1006_1,43797634,view,2026-02-15T14:46:00Z,151,ai_recommendation,0.966,False,tìm căn hộ Phường Chợ Quán giá rẻ tiềm năng tăng giá,investment,affordable,2.5,2.0
evt_102025,usr_1137,sess_1137_0,45235201,view,2026-02-15T15:22:11Z,4,homepage,0.31,True,tìm căn hộ Phường Long Bình giá tốt tiềm năng tăng giá,investment,affordable,2.2,2.0
evt_101946,usr_1132,sess_1132_0,45205679,view,2026-02-15T15:24:57Z,16,search_bar,0.545,False,"mua nhà đất đầu tư ở Phường Vĩnh Hội pháp lý rõ ràng, ổn định",investment,luxury,20.8,1.0
evt_101388,usr_1094,sess_1094_0,45203517,view,2026-02-15T16:46:25Z,53,homepage,0.767,False,"cần mua nhà đất 2 phòng ngủ ở Xã Nhà Bè để ở, giá mềm",buy_for_living,affordable,2.8,1.0
evt_104181,usr_1277,sess_1277_0,44869380,view,2026-02-15T16:59:41Z,8,ai_recommendation,0.423,True,nhà đất Phường Tân Thới Hiệp giá vừa phải cho gia đình,buy_for_living,luxury,21.6,2.0
evt_103878,usr_1257,sess_1257_0,45245900,view,2026-02-15T17:03:37Z,30,related_items,0.661,False,nhà đất Phường Bình Lợi Trung giá rẻ cho gia đình,buy_for_living,affordable,2.6,2.0
evt_100794,usr_1053,sess_1053_1,44884297,view,2026-02-15T17:51:06Z,23,search_bar,0.611,False,nhà đất Phường Tân Hưng khu nhà giàu cho gia đình,buy_for_living,affordable,2.8,1.0
evt_101870,usr_1128,sess_1128_2,45114829,view,2026-02-15T19:37:49Z,12,homepage,0.493,False,"nhà ở Phường Hòa Hưng thoáng mát 0pn, giá vừa phải",buy_for_living,luxury,24.8,2.0
evt_103867,usr_1256,sess_1256_0,44014133,view,2026-02-15T20:48:31Z,173,ai_recommendation,0.992,False,"nhà ở Xã Nhà Bè thoáng mát 4pn, giá hợp lý",buy_for_living,affordable,2.9,2.0
evt_103890,usr_1257,sess_1257_0,45166768,contact,2026-02-15T23:25:09Z,58,ai_recommendation,3.922,False,"cần mua nhà đất 0 phòng ngủ ở Phường Tăng Nhơn Phú để ở, giá mềm",buy_for_living,affordable,2.6,2.0
evt_103523,usr_1232,sess_1232_1,40970351,view,2026-02-15T23:36:14Z,13,ai_recommendation,0.508,False,nhà đất Phường Hiệp Bình cao cấp cho thuê gần metro,rent,mid_range,6.1,2.0
evt_101887,usr_1129,sess_1129_1,44403119,view,2026-02-16T00:05:11Z,397,search_bar,1.0,False,"cần mua căn hộ 2 phòng ngủ ở Phường Long Bình để ở, bình dân",buy_for_living,mid_range,6.4,1.0
evt_102054,usr_1139,sess_1139_0,45260467,save,2026-02-16T00:25:11Z,44,search_bar,2.197,False,căn hộ Phường Hòa Hưng giá mềm cho thuê lại được,investment,luxury,25.1,3.0
evt_103646,usr_1240,sess_1240_0,44506557,view,2026-02-16T00:41:49Z,86,ai_recommendation,0.859,False,"nhà ở Phường Tân Bình thoáng mát 4pn, giá vừa phải",buy_for_living,mid_range,5.9,2.0
evt_100321,usr_1019,sess_1019_0,45205027,view,2026-02-16T00:49:06Z,30,search_bar,0.661,False,tìm nhà đất Phường An Phú Đông cao cấp gần trường học,buy_for_living,luxury,21.7,2.0
evt_100285,usr_1018,sess_1018_0,44867479,save,2026-02-16T01:26:09Z,56,ai_recommendation,2.333,False,"mua nhà đất đầu tư ở Phường Phú Nhuận pháp lý rõ ràng, vị trí đẹp",investment,luxury,27.1,2.0
evt_100656,usr_1042,sess_1042_0,45215996,view,2026-02-16T01:57:00Z,11,ai_recommendation,0.478,False,nhà đất Phường Bảy Hiền rẻ một chút cho gia đình,buy_for_living,affordable,2.3,2.0
evt_100563,usr_1036,sess_1036_1,44718891,view,2026-02-16T01:58:15Z,20,ai_recommendation,0.586,False,nhà đất Xã Nhà Bè sang trọng dòng tiền tốt,investment,mid_range,5.6,2.0
evt_102963,usr_1196,sess_1196_0,43903476,view,2026-02-16T03:51:09Z,40,related_items,0.714,False,"cần mua nhà đất 0 phòng ngủ ở Xã Trừ Văn Thố để ở, giá mềm",buy_for_living,affordable,2.5,2.0
evt_100825,usr_1054,sess_1054_0,44102522,view,2026-02-16T04:11:04Z,196,search_bar,1.0,False,nhà đất Phường Phú Nhuận bình dân dòng tiền tốt,investment,affordable,3.0,1.0
evt_101698,usr_1116,sess_1116_0,44932247,view,2026-02-16T04:33:05Z,96,related_items,0.88,False,tìm nhà đất Phường Hiệp Bình sang trọng tiềm năng tăng giá,investment,mid_range,7.6,1.0
evt_103368,usr_1222,sess_1222_1,45210408,view,2026-02-16T04:55:08Z,19,search_bar,0.576,False,tìm căn hộ Xã Tân Nhựt vị trí đẹp gần trường học,buy_for_living,affordable,2.7,2.0
evt_100187,usr_1012,sess_1012_0,44186994,contact,2026-02-16T05:41:33Z,78,ai_recommendation,4.203,False,nhà đất Phường Tân Thuận giá rẻ cho thuê lại được,investment,affordable,2.8,1.0
evt_104158,usr_1275,sess_1275_0,43899485,contact,2026-02-16T06:28:41Z,121,ai_recommendation,4.621,False,tìm nhà đất Phường Cầu Ông Lãnh khu nhà giàu tiềm năng tăng giá,investment,affordable,2.5,3.0
evt_100378,usr_1024,sess_1024_2,43537623,save,2026-02-16T06:29:38Z,185,homepage,3.0,False,"cần thuê căn hộ Phường Long Bình full nội thất, giá vừa phải",rent,mid_range,6.4,2.0
evt_102039,usr_1138,sess_1138_1,45095398,view,2026-02-16T06:32:21Z,131,ai_recommendation,0.939,False,"cần mua nhà đất 3 phòng ngủ ở Phường Đức Nhuận để ở, bình dân",buy_for_living,luxury,25.7,2.0
evt_101347,usr_1091,sess_1091_0,44797709,view,2026-02-16T06:33:32Z,22,search_bar,0.603,False,"nhà ở Xã Nhà Bè thoáng mát 4pn, giá hợp lý",buy_for_living,mid_range,6.9,2.0
evt_103295,usr_1217,sess_1217_0,45222811,contact,2026-02-16T07:02:49Z,42,search_bar,3.618,False,tìm căn hộ Phường Chợ Lớn giá tốt gần trường học,buy_for_living,affordable,2.3,2.0
evt_102765,usr_1184,sess_1184_0,45050074,save,2026-02-16T08:47:40Z,16,search_bar,1.635,False,"cần mua nhà đất 2 phòng ngủ ở Phường Thủ Đức để ở, ổn định",buy_for_living,luxury,24.9,1.0
evt_100551,usr_1035,sess_1035_1,45189967,save,2026-02-16T08:57:24Z,12,homepage,1.48,False,tìm căn hộ Phường Bình Quới bình dân tiềm năng tăng giá,investment,affordable,2.4,1.0
evt_103584,usr_1236,sess_1236_0,45105255,save,2026-02-16T09:06:39Z,944,ai_recommendation,3.0,False,tìm nhà đất Phường Phú Thuận giá hợp lý gần trường học,buy_for_living,mid_range,7.2,2.0
evt_100257,usr_1016,sess_1016_0,45124350,view,2026-02-16T09:57:22Z,15,ai_recommendation,0.533,False,nhà đất Phường Hiệp Bình rẻ một chút cho gia đình,buy_for_living,mid_range,7.3,3.0
evt_100668,usr_1043,sess_1043_0,45129561,view,2026-02-16T10:04:10Z,6,ai_recommendation,0.374,True,"nhà ở Phường Thới An thoáng mát 5pn, sang trọng",buy_for_living,mid_range,7.6,2.0
evt_102605,usr_1173,sess_1173_1,44950030,view,2026-02-16T10:58:34Z,165,search_bar,0.983,False,nhà đất Phường An Hội Tây giá rẻ cho thuê gần metro,rent,affordable,2.5,2.0
evt_101291,usr_1087,sess_1087_0,44432789,save,2026-02-16T12:12:07Z,117,search_bar,2.753,False,nhà đất Phường Tân Sơn Hòa giá mềm dòng tiền tốt,investment,affordable,2.4,2.0
evt_102678,usr_1179,sess_1179_0,44847526,view,2026-02-16T12:16:54Z,25,homepage,0.627,False,căn hộ Phường Long Bình khu nhà giàu dòng tiền tốt,investment,mid_range,6.4,1.0
evt_102059,usr_1140,sess_1140_0,45238048,view,2026-02-16T13:16:59Z,229,ai_recommendation,1.0,False,tìm nhà đất Phường Tân Hưng cao cấp gần trường học,buy_for_living,affordable,2.4,2.0
evt_102097,usr_1142,sess_1142_2,44893598,view,2026-02-16T13:38:18Z,77,homepage,0.838,False,nhà đất Xã Nhà Bè bình dân cho thuê gần metro,rent,affordable,2.3,1.0
evt_101615,usr_1109,sess_1109_0,45148338,view,2026-02-16T15:15:00Z,60,search_bar,0.791,False,nhà đất Phường Tăng Nhơn Phú rẻ một chút cho vợ chồng mới cưới,buy_for_living,affordable,2.1,2.0
evt_103325,usr_1219,sess_1219_0,45198154,view,2026-02-16T15:38:59Z,60,search_bar,0.791,False,"cần thuê nhà đất Xã Trừ Văn Thố full nội thất, vị trí đẹp",rent,affordable,2.8,2.0
evt_101743,usr_1119,sess_1119_0,44900791,save,2026-02-16T15:40:31Z,47,ai_recommendation,2.234,False,"cần thuê nhà đất Phường Cát Lái full nội thất, bình dân",rent,luxury,24.2,2.0
evt_102529,usr_1168,sess_1168_1,45078935,view,2026-02-16T18:01:15Z,110,ai_recommendation,0.906,False,"mua nhà đất đầu tư ở Xã Tân An Hội pháp lý rõ ràng, giá tốt",investment,mid_range,6.7,2.0
evt_101612,usr_1109,sess_1109_0,45171910,save,2026-02-16T19:16:13Z,16,search_bar,1.635,False,"nhà ở Phường Minh Phụng thoáng mát 2pn, tầm trung",buy_for_living,affordable,2.1,2.0
evt_103547,usr_1234,sess_1234_1,44490870,view,2026-02-16T19:34:27Z,43,related_items,0.728,False,"nhà ở Phường Tân Sơn Nhất thoáng mát 5pn, giá hợp lý",buy_for_living,affordable,2.8,2.0
evt_100075,usr_1004,sess_1004_0,45184650,view,2026-02-16T19:49:48Z,33,ai_recommendation,0.678,False,tìm phòng căn hộ ở Xã Bình Hưng giá mềm,rent,affordable,2.2,2.0
evt_102544,usr_1169,sess_1169_0,45039093,view,2026-02-16T21:29:52Z,13,ai_recommendation,0.508,False,tìm nhà đất Phường Bình Hưng Hòa giá hợp lý tiềm năng tăng giá,investment,affordable,2.8,1.0
evt_103735,usr_1247,sess_1247_0,45237139,save,2026-02-16T21:59:00Z,38,related_items,2.114,False,nhà đất Phường Bàn Cờ giá hợp lý dòng tiền tốt,investment,affordable,2.4,2.0
evt_101744,usr_1119,sess_1119_0,45124968,view,2026-02-16T23:03:15Z,72,ai_recommendation,0.825,False,"cần thuê nhà đất Phường Bình Thạnh full nội thất, vị trí đẹp",rent,luxury,24.2,2.0
evt_104508,usr_1299,sess_1299_0,45255987,save,2026-02-17T00:27:53Z,107,search_bar,2.702,False,nhà đất Phường Thới Hòa ổn định cho vợ chồng mới cưới,buy_for_living,affordable,2.2,2.0
evt_102883,usr_1191,sess_1191_0,44420531,contact,2026-02-17T00:37:06Z,54,ai_recommendation,3.854,False,nhà đất Xã Nhà Bè sang trọng cho thuê gần metro,rent,mid_range,6.0,3.0
evt_101635,usr_1110,sess_1110_0,44994010,view,2026-02-17T00:52:15Z,27,search_bar,0.641,False,tìm phòng nhà đất ở Phường An Hội Tây sang trọng,rent,mid_range,5.6,1.0
evt_101182,usr_1081,sess_1081_0,45106540,view,2026-02-17T01:27:31Z,73,ai_recommendation,0.828,False,"nhà ở Phường Phú Thuận thoáng mát 3pn, vị trí đẹp",buy_for_living,affordable,2.3,1.0
evt_103328,usr_1219,sess_1219_0,45114829,view,2026-02-17T01:45:43Z,16,related_items,0.545,False,thuê nhà đất Phường Hòa Hưng 0 phòng ngủ giá hợp lý,rent,affordable,2.8,2.0
evt_102645,usr_1176,sess_1176_1,45132364,view,2026-02-17T02:45:24Z,41,ai_recommendation,0.719,False,căn hộ Phường Thạnh Mỹ Tây tầm trung cho vợ chồng mới cưới,buy_for_living,affordable,2.9,2.0
evt_103752,usr_1248,sess_1248_0,45266795,share,2026-02-17T03:31:55Z,51,related_items,3.04,False,tìm nhà đất Phường Gia Định giá mềm tiềm năng tăng giá,investment,affordable,2.3,2.0
evt_104287,usr_1283,sess_1283_0,45266829,view,2026-02-17T05:01:44Z,83,ai_recommendation,0.852,False,tìm nhà đất Phường Tân Mỹ vị trí đẹp tiềm năng tăng giá,investment,luxury,19.0,2.0
evt_101005,usr_1068,sess_1068_0,44813625,save,2026-02-17T06:39:45Z,96,ai_recommendation,2.64,False,nhà đất Phường Bình Lợi Trung giá tốt dòng tiền tốt,investment,mid_range,6.1,2.0
evt_102607,usr_1174,sess_1174_0,45050974,view,2026-02-17T07:02:04Z,29,related_items,0.654,False,"cần thuê nhà đất Phường Tân Bình full nội thất, cao cấp",rent,affordable,2.4,2.0
evt_101679,usr_1114,sess_1114_1,45076045,contact,2026-02-17T07:05:35Z,61,search_bar,3.97,False,"nhà ở Phường Tân Định thoáng mát 2pn, giá rẻ",buy_for_living,mid_range,6.3,3.0
evt_103951,usr_1261,sess_1261_0,45171095,view,2026-02-17T07:08:16Z,20,related_items,0.586,False,nhà đất Phường Hòa Bình giá vừa phải dòng tiền tốt,investment,affordable,2.1,2.0
evt_102761,usr_1184,sess_1184_0,45075802,view,2026-02-17T07:12:40Z,59,ai_recommendation,0.788,False,"nhà ở Phường Gò Vấp thoáng mát 3pn, giá tốt",buy_for_living,luxury,24.9,1.0
evt_101146,usr_1078,sess_1078_1,45241057,save,2026-02-17T07:21:01Z,319,homepage,3.0,False,"cần mua nhà đất 4 phòng ngủ ở Phường Tân Mỹ để ở, cao cấp",buy_for_living,affordable,2.8,2.0
evt_101268,usr_1086,sess_1086_1,45149886,view,2026-02-17T07:36:07Z,64,ai_recommendation,0.803,False,nhà đất Phường Bình Trị Đông giá tốt dòng tiền tốt,investment,affordable,2.7,2.0
evt_103050,usr_1202,sess_1202_0,45110126,contact,2026-02-17T09:23:09Z,50,ai_recommendation,3.782,False,nhà đất Phường Tân Sơn giá vừa phải cho gia đình,buy_for_living,affordable,2.8,3.0
evt_101409,usr_1095,sess_1095_1,42991175,view,2026-02-17T09:34:41Z,31,related_items,0.667,False,nhà đất Phường Tân Thới Hiệp giá vừa phải cho vợ chồng mới cưới,buy_for_living,affordable,3.0,2.0
evt_103859,usr_1255,sess_1255_1,44475272,contact,2026-02-17T09:52:00Z,222,search_bar,5.0,False,"cần mua nhà đất 4 phòng ngủ ở Phường Long Bình để ở, cao cấp",buy_for_living,mid_range,6.8,1.0
evt_102947,usr_1195,sess_1195_0,44738155,view,2026-02-17T10:37:45Z,41,related_items,0.719,False,nhà đất Xã Hóc Môn tầm trung dòng tiền tốt,investment,luxury,21.9,2.0
evt_100633,usr_1040,sess_1040_0,44574462,view,2026-02-17T12:42:50Z,15,ai_recommendation,0.533,False,"cần mua nhà đất 4 phòng ngủ ở Phường Thông Tây Hội để ở, khu nhà giàu",buy_for_living,luxury,25.7,3.0
evt_103145,usr_1208,sess_1208_0,44734340,save,2026-02-17T13:16:57Z,63,search_bar,2.4,False,nhà đất Phường Xóm Chiếu rẻ một chút cho gia đình,buy_for_living,affordable,2.3,2.0
evt_101219,usr_1083,sess_1083_0,45021961,contact,2026-02-17T13:50:22Z,23,ai_recommendation,3.057,False,"mua nhà đất đầu tư ở Phường An Lạc pháp lý rõ ràng, giá vừa phải",investment,affordable,2.5,2.0
evt_103817,usr_1252,sess_1252_1,44419144,save,2026-02-17T14:17:31Z,59,ai_recommendation,2.363,False,nhà đất Phường Tân Hưng giá hợp lý cho vợ chồng mới cưới,buy_for_living,luxury,28.5,2.0
evt_103745,usr_1247,sess_1247_2,45232770,contact,2026-02-17T14:19:13Z,42,search_bar,3.618,False,"mua nhà đất đầu tư ở Phường Cầu Ông Lãnh pháp lý rõ ràng, sang trọng",investment,affordable,2.4,2.0
evt_100350,usr_1021,sess_1021_0,45219816,contact,2026-02-17T14:52:32Z,29,search_bar,3.271,False,thuê nhà đất Phường Hiệp Bình 4 phòng ngủ ổn định,rent,mid_range,7.6,2.0
evt_100694,usr_1045,sess_1045_1,44902908,view,2026-02-17T15:13:39Z,61,search_bar,0.794,False,nhà đất Phường Thới An giá tốt cho vợ chồng mới cưới,buy_for_living,mid_range,6.1,3.0
evt_102854,usr_1189,sess_1189_0,45231927,view,2026-02-17T15:52:34Z,27,ai_recommendation,0.641,False,nhà đất Phường Phú Thuận giá vừa phải cho vợ chồng mới cưới,buy_for_living,affordable,2.2,2.0
evt_102720,usr_1181,sess_1181_0,44582359,view,2026-02-17T15:56:22Z,67,related_items,0.812,False,nhà đất Xã Nhà Bè giá rẻ cho gia đình,buy_for_living,mid_range,6.0,1.0
evt_104217,usr_1279,sess_1279_0,45215285,contact,2026-02-17T16:47:15Z,71,ai_recommendation,4.113,False,"cần mua nhà đất 4 phòng ngủ ở Phường Nhiêu Lộc để ở, giá vừa phải",buy_for_living,luxury,25.2,1.0
evt_103457,usr_1228,sess_1228_1,45255963,contact,2026-02-17T18:11:53Z,25,ai_recommendation,3.134,False,"nhà ở Phường Hòa Hưng thoáng mát 2pn, rẻ một chút",buy_for_living,affordable,2.8,2.0
evt_103632,usr_1239,sess_1239_1,45046696,view,2026-02-17T18:47:55Z,49,ai_recommendation,0.753,False,nhà đất Phường Thông Tây Hội giá rẻ dòng tiền tốt,investment,affordable,2.8,1.0
evt_101492,usr_1101,sess_1101_1,43839734,save,2026-02-17T20:16:52Z,23,homepage,1.834,False,căn hộ Phường Dĩ An ổn định cho thuê gần metro,rent,affordable,2.3,2.0
evt_102729,usr_1181,sess_1181_1,44814841,save,2026-02-17T21:11:32Z,38,ai_recommendation,2.114,False,nhà đất Phường An Hội Tây giá vừa phải cho vợ chồng mới cưới,buy_for_living,mid_range,6.0,1.0
evt_102398,usr_1161,sess_1161_2,44915233,contact,2026-02-17T21:44:56Z,30,ai_recommendation,3.303,False,nhà đất Phường Trung Mỹ Tây bình dân cho thuê lại được,investment,affordable,2.2,2.0
evt_100966,usr_1065,sess_1065_1,44493837,view,2026-02-17T22:33:14Z,71,ai_recommendation,0.823,False,tìm nhà đất Phường Tân Sơn Nhất tầm trung tiềm năng tăng giá,investment,affordable,2.6,2.0
evt_100090,usr_1005,sess_1005_1,45195893,view,2026-02-17T22:44:41Z,40,search_bar,0.714,False,tìm nhà đất Phường Hòa Hưng rẻ một chút gần trường học,buy_for_living,affordable,2.8,2.0
evt_103291,usr_1216,sess_1216_0,44419047,view,2026-02-17T23:28:31Z,29,ai_recommendation,0.654,False,tìm nhà đất Xã Nhà Bè giá vừa phải gần trường học,buy_for_living,affordable,2.1,1.0
evt_103177,usr_1209,sess_1209_0,45252025,view,2026-02-17T23:33:06Z,32,search_bar,0.673,False,"cần mua nhà đất 3 phòng ngủ ở Phường Thông Tây Hội để ở, tầm trung",buy_for_living,affordable,2.6,2.0
evt_104079,usr_1270,sess_1270_1,43732616,view,2026-02-17T23:37:47Z,170,related_items,0.989,False,nhà đất Phường Diên Hồng ổn định dòng tiền tốt,investment,mid_range,7.0,2.0
evt_100767,usr_1051,sess_1051_0,45265733,view,2026-02-17T23:53:20Z,187,homepage,1.0,False,tìm căn hộ Phường An Lạc giá mềm tiềm năng tăng giá,investment,affordable,2.7,2.0
evt_101382,usr_1093,sess_1093_0,44646439,view,2026-02-18T00:37:25Z,12,search_bar,0.493,False,nhà đất Phường Bến Thành vị trí đẹp dòng tiền tốt,investment,affordable,2.9,3.0
evt_102287,usr_1155,sess_1155_2,44026617,view,2026-02-18T00:58:50Z,36,ai_recommendation,0.695,False,nhà đất Phường Hiệp Bình khu nhà giàu cho vợ chồng mới cưới,buy_for_living,affordable,3.0,2.0
evt_103066,usr_1203,sess_1203_0,44023941,share,2026-02-18T01:05:38Z,55,search_bar,3.097,False,tìm căn hộ Phường Long Bình giá vừa phải tiềm năng tăng giá,investment,mid_range,7.8,2.0
evt_104249,usr_1281,sess_1281_1,43715977,view,2026-02-18T02:58:29Z,69,related_items,0.817,False,căn hộ Phường Long Bình rẻ một chút dòng tiền tốt,investment,affordable,2.9,2.0
evt_101270,usr_1086,sess_1086_2,45210229,view,2026-02-18T03:37:17Z,102,homepage,0.892,False,căn hộ Xã Tân Nhựt giá tốt cho thuê lại được,investment,affordable,2.7,2.0
evt_100117,usr_1007,sess_1007_0,45191822,view,2026-02-18T03:58:41Z,20,homepage,0.586,False,tìm nhà đất Phường An Hội Tây giá hợp lý gần trường học,buy_for_living,affordable,2.8,2.0
evt_103226,usr_1212,sess_1212_0,45111527,view,2026-02-18T05:26:09Z,25,ai_recommendation,0.627,False,thuê nhà đất Phường Phú Định 2 phòng ngủ khu nhà giàu,rent,mid_range,7.1,2.0
evt_102073,usr_1141,sess_1141_0,44845891,view,2026-02-18T05:51:31Z,175,search_bar,0.995,False,"mua nhà đất đầu tư ở Xã Nhà Bè pháp lý rõ ràng, ổn định",investment,mid_range,5.7,2.0
evt_103142,usr_1208,sess_1208_0,45186794,view,2026-02-18T06:02:25Z,41,ai_recommendation,0.719,False,nhà đất Phường Phú Thạnh giá rẻ cho vợ chồng mới cưới,buy_for_living,affordable,2.3,2.0
evt_100253,usr_1015,sess_1015_1,45133822,view,2026-02-18T07:08:12Z,54,search_bar,0.771,False,căn hộ Phường Phú Thuận giá mềm dòng tiền tốt,investment,affordable,2.1,2.0
evt_101833,usr_1125,sess_1125_0,45266104,share,2026-02-18T08:36:19Z,19,ai_recommendation,2.305,False,tìm căn hộ Phường Long Bình bình dân gần trường học,buy_for_living,affordable,3.0,2.0
evt_102807,usr_1186,sess_1186_1,45189282,contact,2026-02-18T09:28:30Z,234,related_items,5.0,False,nhà đất Phường Bình Trưng khu nhà giàu cho gia đình,buy_for_living,luxury,28.1,2.0
evt_102213,usr_1151,sess_1151_1,45161542,view,2026-02-18T10:21:24Z,352,search_bar,1.0,False,"cần mua nhà đất 0 phòng ngủ ở Phường Tân Thuận để ở, tầm trung",buy_for_living,mid_range,7.1,2.0
evt_104093,usr_1271,sess_1271_0,44631355,view,2026-02-18T10:41:13Z,303,search_bar,1.0,False,tìm căn hộ Phường Long Bình giá rẻ gần trường học,buy_for_living,affordable,2.8,2.0
evt_102203,usr_1150,sess_1150_0,45250648,view,2026-02-18T10:54:28Z,33,search_bar,0.678,False,"mua nhà đất đầu tư ở Phường Gò Vấp pháp lý rõ ràng, vị trí đẹp",investment,affordable,2.9,2.0
evt_101155,usr_1079,sess_1079_1,45210408,contact,2026-02-18T10:55:00Z,48,search_bar,3.743,False,tìm phòng căn hộ ở Xã Tân Nhựt khu nhà giàu,rent,affordable,3.0,2.0
evt_101484,usr_1100,sess_1100_0,44532538,view,2026-02-18T11:20:07Z,18,related_items,0.566,False,tìm phòng nhà đất ở Phường An Khánh sang trọng,rent,affordable,2.4,2.0
evt_103611,usr_1238,sess_1238_0,37178168,view,2026-02-18T11:28:24Z,152,ai_recommendation,0.968,False,nhà đất Xã Nhà Bè cao cấp cho thuê gần metro,rent,mid_range,7.2,2.0
evt_101727,usr_1118,sess_1118_0,44905888,contact,2026-02-18T11:29:32Z,24,search_bar,3.096,False,"mua nhà đất đầu tư ở Phường Thông Tây Hội pháp lý rõ ràng, rẻ một chút",investment,mid_range,6.3,2.0
evt_100343,usr_1021,sess_1021_0,43959995,save,2026-02-18T11:39:23Z,83,search_bar,2.557,False,"cần thuê căn hộ Phường Bến Thành full nội thất, giá tốt",rent,mid_range,7.6,2.0
evt_101068,usr_1073,sess_1073_1,44506594,view,2026-02-18T13:22:51Z,49,search_bar,0.753,False,"nhà ở Phường Thông Tây Hội thoáng mát 2pn, bình dân",buy_for_living,mid_range,5.9,2.0
evt_100975,usr_1065,sess_1065_0,43999966,save,2026-02-18T13:48:19Z,222,homepage,3.0,False,"mua căn hộ đầu tư ở Phường Long Bình pháp lý rõ ràng, bình dân",investment,affordable,2.6,2.0
evt_102076,usr_1141,sess_1141_0,45187744,view,2026-02-18T14:27:26Z,82,ai_recommendation,0.85,False,"mua nhà đất đầu tư ở Phường Hòa Hưng pháp lý rõ ràng, giá mềm",investment,mid_range,5.7,2.0
evt_100641,usr_1041,sess_1041_0,43788665,contact,2026-02-18T14:30:01Z,56,ai_recommendation,3.889,False,"nhà ở Phường Chợ Quán thoáng mát 7pn, ổn định",buy_for_living,affordable,2.2,2.0
evt_102279,usr_1155,sess_1155_2,44949894,view,2026-02-18T15:43:04Z,51,ai_recommendation,0.76,False,"cần mua nhà đất 2 phòng ngủ ở Xã Nhà Bè để ở, giá mềm",buy_for_living,affordable,3.0,2.0
evt_103644,usr_1240,sess_1240_0,44952277,view,2026-02-18T15:54:25Z,437,ai_recommendation,1.0,False,nhà đất Phường Tây Thạnh vị trí đẹp cho vợ chồng mới cưới,buy_for_living,mid_range,5.9,2.0
evt_102358,usr_1159,sess_1159_1,45019799,view,2026-02-18T15:58:04Z,47,search_bar,0.745,False,tìm nhà đất Phường Tân Sơn Hòa giá mềm gần trường học,buy_for_living,mid_range,5.7,2.0
evt_102006,usr_1136,sess_1136_1,42379055,view,2026-02-18T17:24:46Z,5,ai_recommendation,0.345,True,"cần thuê nhà đất Phường Tam Bình full nội thất, sang trọng",rent,affordable,3.0,2.0
evt_100277,usr_1017,sess_1017_0,44866587,save,2026-02-18T18:30:05Z,188,ai_recommendation,3.0,False,"cần thuê nhà đất Xã Nhà Bè full nội thất, tầm trung",rent,mid_range,7.6,2.0
evt_100603,usr_1039,sess_1039_0,45235999,view,2026-02-18T20:08:52Z,79,ai_recommendation,0.843,False,nhà đất Phường Thới An giá hợp lý cho vợ chồng mới cưới,buy_for_living,mid_range,7.9,2.0
evt_102005,usr_1136,sess_1136_0,45052937,view,2026-02-18T20:53:21Z,31,ai_recommendation,0.667,False,"cần thuê căn hộ Phường Phú Thọ Hòa full nội thất, bình dân",rent,affordable,3.0,2.0
evt_100759,usr_1050,sess_1050_1,44956234,view,2026-02-18T22:17:58Z,131,related_items,0.939,False,"cần thuê nhà đất Xã Bình Chánh full nội thất, vị trí đẹp",rent,luxury,28.7,2.0
evt_100053,usr_1003,sess_1003_0,44566729,view,2026-02-18T23:08:35Z,186,ai_recommendation,1.0,False,nhà đất Phường Bảy Hiền giá hợp lý dòng tiền tốt,investment,mid_range,6.0,1.0
evt_103380,usr_1223,sess_1223_0,45263200,view,2026-02-18T23:20:17Z,42,ai_recommendation,0.724,False,tìm nhà đất Phường Tăng Nhơn Phú bình dân gần trường học,buy_for_living,affordable,2.4,3.0
evt_100950,usr_1063,sess_1063_0,44886746,save,2026-02-18T23:41:55Z,86,ai_recommendation,2.577,False,"mua nhà đất đầu tư ở Phường Tân Sơn Hòa pháp lý rõ ràng, giá tốt",investment,affordable,3.0,2.0
evt_103908,usr_1258,sess_1258_0,45260967,view,2026-02-19T00:37:40Z,151,ai_recommendation,0.966,False,tìm phòng nhà đất ở Phường Bảy Hiền giá tốt,rent,affordable,2.6,1.0
evt_101622,usr_1110,sess_1110_0,45209430,save,2026-02-19T00:45:41Z,110,related_items,2.718,False,nhà đất Phường Bình Đông sang trọng cho thuê gần metro,rent,mid_range,5.6,1.0
evt_103155,usr_1208,sess_1208_0,44813625,contact,2026-02-19T01:40:03Z,12,related_items,2.467,False,"nhà ở Phường Bình Lợi Trung thoáng mát 4pn, giá tốt",buy_for_living,affordable,2.3,2.0
evt_104434,usr_1294,sess_1294_1,45109121,view,2026-02-19T01:50:07Z,15,search_bar,0.533,False,nhà đất Phường Thới An giá rẻ cho thuê lại được,investment,luxury,22.2,2.0
evt_100698,usr_1046,sess_1046_0,44797875,view,2026-02-19T04:57:13Z,146,homepage,0.96,False,"mua nhà đất đầu tư ở Xã Nhà Bè pháp lý rõ ràng, tầm trung",investment,affordable,2.7,2.0
evt_100322,usr_1019,sess_1019_0,45205916,view,2026-02-19T05:28:19Z,71,ai_recommendation,0.823,False,nhà đất Phường Thủ Đức giá tốt cho gia đình,buy_for_living,luxury,21.7,2.0
evt_101923,usr_1131,sess_1131_0,44854473,save,2026-02-19T05:38:17Z,42,homepage,2.171,False,"cần mua nhà đất 0 phòng ngủ ở Phường Linh Xuân để ở, giá vừa phải",buy_for_living,affordable,2.7,2.0
evt_102442,usr_1164,sess_1164_1,44979748,view,2026-02-19T05:51:11Z,220,ai_recommendation,1.0,False,"cần mua nhà đất 2 phòng ngủ ở Phường Thông Tây Hội để ở, giá vừa phải",buy_for_living,affordable,2.9,2.0
evt_101067,usr_1073,sess_1073_1,44568685,save,2026-02-19T05:56:20Z,71,related_items,2.468,False,tìm nhà đất Phường Tân Định sang trọng gần trường học,buy_for_living,mid_range,5.9,2.0
evt_101822,usr_1125,sess_1125_0,45186361,contact,2026-02-19T06:10:12Z,10,ai_recommendation,2.306,False,"nhà ở Phường Phú Thạnh thoáng mát 2pn, bình dân",buy_for_living,affordable,3.0,2.0
evt_101764,usr_1121,sess_1121_1,45205916,view,2026-02-19T06:20:02Z,32,ai_recommendation,0.673,False,"mua nhà đất đầu tư ở Phường Thủ Đức pháp lý rõ ràng, giá mềm",investment,affordable,2.9,2.0
evt_101144,usr_1078,sess_1078_1,43786316,share,2026-02-19T07:06:34Z,195,search_bar,4.0,False,nhà đất Phường Tân Bình giá hợp lý cho vợ chồng mới cưới,buy_for_living,affordable,2.8,2.0
evt_103288,usr_1216,sess_1216_0,45253260,contact,2026-02-19T07:15:56Z,26,homepage,3.17,False,nhà đất Xã Nhà Bè giá vừa phải cho gia đình,buy_for_living,affordable,2.1,1.0
evt_103551,usr_1234,sess_1234_0,45176118,view,2026-02-19T08:01:02Z,166,ai_recommendation,0.985,False,nhà đất Phường Bình Tân rẻ một chút cho gia đình,buy_for_living,affordable,2.8,2.0
evt_100093,usr_1005,sess_1005_1,44870654,view,2026-02-19T08:17:18Z,73,ai_recommendation,0.828,False,"cần mua căn hộ 2 phòng ngủ ở Phường Bến Thành để ở, rẻ một chút",buy_for_living,affordable,2.8,2.0
evt_101592,usr_1108,sess_1108_1,44897223,view,2026-02-19T09:27:19Z,31,search_bar,0.667,False,"cần mua căn hộ 2 phòng ngủ ở Xã Tân Nhựt để ở, giá tốt",buy_for_living,affordable,2.5,2.0
evt_103405,usr_1225,sess_1225_0,44894510,view,2026-02-19T09:36:41Z,47,ai_recommendation,0.745,False,tìm căn hộ Phường Tân Phú giá mềm gần trường học,buy_for_living,mid_range,7.0,2.0
evt_103799,usr_1250,sess_1250_1,42599412,view,2026-02-19T09:52:43Z,33,search_bar,0.678,False,nhà đất Phường Tân Hưng vị trí đẹp cho vợ chồng mới cưới,buy_for_living,mid_range,5.5,1.0
evt_103883,usr_1257,sess_1257_0,44046412,view,2026-02-19T09:58:32Z,124,search_bar,0.929,False,"cần mua nhà đất 2 phòng ngủ ở Phường Tân Mỹ để ở, rẻ một chút",buy_for_living,affordable,2.6,2.0
evt_103315,usr_1218,sess_1218_1,44891727,view,2026-02-19T10:04:43Z,84,homepage,0.855,False,nhà đất Phường An Lạc giá vừa phải dòng tiền tốt,investment,mid_range,6.1,3.0
evt_101721,usr_1118,sess_1118_1,45206999,view,2026-02-19T10:23:13Z,31,related_items,0.667,False,tìm nhà đất Xã Nhà Bè bình dân tiềm năng tăng giá,investment,mid_range,6.3,2.0
evt_100548,usr_1035,sess_1035_0,45093839,view,2026-02-19T11:13:03Z,47,search_bar,0.745,False,tìm nhà đất Phường Cầu Kiệu sang trọng tiềm năng tăng giá,investment,affordable,2.4,1.0
evt_101449,usr_1098,sess_1098_0,45142553,contact,2026-02-19T11:52:21Z,18,homepage,2.832,False,nhà đất Phường Vườn Lài rẻ một chút cho vợ chồng mới cưới,buy_for_living,affordable,2.1,2.0
evt_104027,usr_1266,sess_1266_0,44482077,view,2026-02-19T12:44:08Z,308,homepage,1.0,False,căn hộ Phường Thạnh Mỹ Tây rẻ một chút dòng tiền tốt,investment,mid_range,7.8,2.0
evt_101550,usr_1105,sess_1105_0,42972398,contact,2026-02-19T13:05:36Z,51,ai_recommendation,3.8,False,"mua nhà đất đầu tư ở Phường An Lạc pháp lý rõ ràng, giá mềm",investment,luxury,23.4,1.0
evt_101976,usr_1134,sess_1134_0,44432931,view,2026-02-19T13:10:04Z,27,ai_recommendation,0.641,False,nhà đất Phường Phú Lâm tầm trung cho vợ chồng mới cưới,buy_for_living,mid_range,6.1,2.0
evt_100050,usr_1002,sess_1002_0,44441867,view,2026-02-19T14:39:06Z,19,ai_recommendation,0.576,False,thuê nhà đất Phường Tân Hưng 3 phòng ngủ tầm trung,rent,affordable,2.1,1.0
evt_102533,usr_1169,sess_1169_0,44709669,view,2026-02-19T15:33:44Z,254,search_bar,1.0,False,"mua căn hộ đầu tư ở Phường Thạnh Mỹ Tây pháp lý rõ ràng, giá vừa phải",investment,affordable,2.8,1.0
evt_103201,usr_1211,sess_1211_1,44494201,view,2026-02-19T15:46:28Z,184,ai_recommendation,1.0,False,"cần thuê nhà đất Phường Tân Mỹ full nội thất, sang trọng",rent,affordable,2.4,2.0
evt_103199,usr_1211,sess_1211_1,42418438,contact,2026-02-19T17:07:14Z,29,homepage,3.271,False,tìm phòng nhà đất ở Phường Xóm Chiếu ổn định,rent,affordable,2.4,2.0
evt_102779,usr_1185,sess_1185_0,45016734,share,2026-02-19T18:17:55Z,388,homepage,4.0,False,tìm nhà đất Phường An Phú Đông giá hợp lý gần trường học,buy_for_living,mid_range,5.7,1.0
evt_101479,usr_1100,sess_1100_1,45203517,share,2026-02-19T18:26:29Z,40,search_bar,2.857,False,nhà đất Xã Nhà Bè giá tốt cho thuê gần metro,rent,affordable,2.4,2.0
evt_101664,usr_1113,sess_1113_1,45156885,contact,2026-02-19T18:52:40Z,41,homepage,3.595,False,"nhà ở Xã Xuân Thới Sơn thoáng mát 1pn, tầm trung",buy_for_living,affordable,2.8,2.0
evt_101460,usr_1098,sess_1098_0,45143221,view,2026-02-19T19:26:45Z,41,search_bar,0.719,False,nhà đất Xã Nhà Bè giá mềm cho vợ chồng mới cưới,buy_for_living,affordable,2.1,2.0
evt_103387,usr_1224,sess_1224_0,44713249,contact,2026-02-19T20:39:13Z,29,search_bar,3.271,False,nhà đất Phường Diên Hồng bình dân dòng tiền tốt,investment,luxury,21.3,3.0
evt_103038,usr_1201,sess_1201_0,45085092,view,2026-02-19T20:54:54Z,42,related_items,0.724,False,tìm nhà đất Phường An Hội Tây giá mềm gần trường học,buy_for_living,affordable,2.1,2.0
evt_103537,usr_1233,sess_1233_0,45069226,view,2026-02-19T22:21:21Z,79,ai_recommendation,0.843,False,tìm phòng nhà đất ở Xã Nhà Bè giá rẻ,rent,affordable,2.3,2.0
evt_103281,usr_1216,sess_1216_0,44607260,view,2026-02-19T23:35:00Z,14,homepage,0.521,False,nhà đất Phường Cát Lái rẻ một chút cho gia đình,buy_for_living,affordable,2.1,1.0
evt_101752,usr_1120,sess_1120_0,44971187,save,2026-02-19T23:41:42Z,81,homepage,2.543,False,nhà đất Xã Hiệp Phước khu nhà giàu cho vợ chồng mới cưới,buy_for_living,affordable,2.6,2.0
evt_102456,usr_1164,sess_1164_1,44816274,view,2026-02-19T23:59:52Z,4,ai_recommendation,0.31,True,tìm nhà đất Phường Thới An sang trọng gần trường học,buy_for_living,affordable,2.9,2.0
evt_103011,usr_1199,sess_1199_1,45220203,share,2026-02-20T00:37:44Z,31,ai_recommendation,2.667,False,thuê nhà đất Phường Tân Bình 2 phòng ngủ giá mềm,rent,affordable,2.2,2.0
evt_103870,usr_1256,sess_1256_0,44864335,view,2026-02-20T01:45:00Z,17,homepage,0.556,False,"cần mua căn hộ 2 phòng ngủ ở Xã Tân Nhựt để ở, rẻ một chút",buy_for_living,affordable,2.9,2.0
evt_102580,usr_1172,sess_1172_2,44077990,save,2026-02-20T02:16:11Z,25,related_items,1.88,False,căn hộ Phường Dĩ An bình dân cho vợ chồng mới cưới,buy_for_living,affordable,2.5,1.0
evt_102128,usr_1145,sess_1145_1,44746209,view,2026-02-20T04:03:35Z,13,ai_recommendation,0.508,False,nhà đất Phường Phú Thuận sang trọng dòng tiền tốt,investment,luxury,21.1,2.0
evt_103573,usr_1236,sess_1236_0,45188401,save,2026-02-20T04:03:59Z,18,related_items,1.699,False,nhà đất Phường Thới Hòa vị trí đẹp cho gia đình,buy_for_living,mid_range,7.2,2.0
evt_104330,usr_1287,sess_1287_0,44833424,save,2026-02-20T04:38:22Z,72,related_items,2.476,False,tìm nhà đất Phường Phú Lợi sang trọng gần trường học,buy_for_living,affordable,2.4,2.0
evt_104413,usr_1292,sess_1292_0,44693702,view,2026-02-20T05:17:28Z,45,related_items,0.736,False,"nhà ở Phường Phú Định thoáng mát 3pn, giá rẻ",buy_for_living,affordable,2.6,2.0
evt_102103,usr_1143,sess_1143_0,45267089,contact,2026-02-20T06:49:37Z,39,ai_recommendation,3.548,False,nhà đất Phường An Hội Tây cao cấp cho vợ chồng mới cưới,buy_for_living,mid_range,6.9,2.0
evt_100769,usr_1051,sess_1051_0,45112753,view,2026-02-20T06:50:04Z,46,search_bar,0.741,False,tìm nhà đất Phường Đức Nhuận cao cấp tiềm năng tăng giá,investment,affordable,2.7,2.0
evt_100580,usr_1037,sess_1037_2,44059695,share,2026-02-20T07:44:31Z,68,search_bar,3.258,False,"mua nhà đất đầu tư ở Phường Hòa Hưng pháp lý rõ ràng, giá vừa phải",investment,affordable,2.9,1.0
evt_104360,usr_1288,sess_1288_0,45171748,share,2026-02-20T07:59:15Z,69,ai_recommendation,3.269,False,"cần mua nhà đất 4 phòng ngủ ở Phường Tân Định để ở, bình dân",buy_for_living,mid_range,5.8,1.0
evt_102688,usr_1179,sess_1179_1,45028627,view,2026-02-20T08:09:15Z,60,ai_recommendation,0.791,False,tìm nhà đất Phường Phú Thuận rẻ một chút tiềm năng tăng giá,investment,mid_range,6.4,1.0
evt_101093,usr_1075,sess_1075_1,45002768,view,2026-02-20T09:46:05Z,46,related_items,0.741,False,nhà đất Phường Bình Trưng giá tốt cho thuê lại được,investment,mid_range,7.6,2.0
evt_104502,usr_1299,sess_1299_1,45211549,contact,2026-02-20T11:58:47Z,372,ai_recommendation,5.0,False,"cần mua nhà đất 4 phòng ngủ ở Xã Xuân Thới Sơn để ở, giá vừa phải",buy_for_living,affordable,2.2,2.0
evt_100252,usr_1015,sess_1015_0,44881140,contact,2026-02-20T12:12:40Z,31,ai_recommendation,3.333,False,căn hộ Phường Cầu Ông Lãnh giá rẻ cho thuê lại được,investment,affordable,2.1,2.0
evt_100806,usr_1053,sess_1053_2,45240090,view,2026-02-20T12:26:41Z,39,ai_recommendation,0.71,False,tìm nhà đất Phường Hòa Hưng rẻ một chút gần trường học,buy_for_living,affordable,2.8,1.0
evt_102498,usr_1167,sess_1167_0,45183885,view,2026-02-20T12:31:31Z,39,ai_recommendation,0.71,False,"nhà ở Phường Tân Sơn Hòa thoáng mát 2pn, giá rẻ",buy_for_living,affordable,2.5,3.0
evt_103726,usr_1246,sess_1246_1,45128056,view,2026-02-20T12:52:56Z,53,search_bar,0.767,False,nhà đất Phường Linh Xuân vị trí đẹp dòng tiền tốt,investment,luxury,21.4,3.0
evt_100880,usr_1058,sess_1058_0,43377676,save,2026-02-20T13:04:23Z,445,search_bar,3.0,False,tìm nhà đất Phường Hòa Hưng sang trọng tiềm năng tăng giá,investment,affordable,2.9,2.0
evt_102656,usr_1177,sess_1177_0,44995325,save,2026-02-20T13:18:32Z,35,ai_recommendation,2.068,False,"mua nhà đất đầu tư ở Phường Phú Thạnh pháp lý rõ ràng, tầm trung",investment,luxury,27.7,2.0
evt_103033,usr_1201,sess_1201_0,45174323,view,2026-02-20T13:47:44Z,17,ai_recommendation,0.556,False,tìm nhà đất Phường An Khánh giá vừa phải gần trường học,buy_for_living,affordable,2.1,2.0
evt_103680,usr_1243,sess_1243_0,45004644,contact,2026-02-20T13:52:29Z,99,search_bar,4.429,False,nhà đất Phường Tam Thắng giá tốt dòng tiền tốt,investment,mid_range,7.2,2.0
evt_103414,usr_1226,sess_1226_1,44604790,save,2026-02-20T14:00:49Z,117,homepage,2.753,False,nhà đất Phường Tân Hòa bình dân cho gia đình,buy_for_living,affordable,2.5,2.0
evt_103955,usr_1261,sess_1261_0,44974004,view,2026-02-20T14:12:11Z,45,ai_recommendation,0.736,False,nhà đất Phường Phú Nhuận tầm trung dòng tiền tốt,investment,affordable,2.1,2.0
evt_104219,usr_1279,sess_1279_0,45139928,view,2026-02-20T14:53:34Z,14,search_bar,0.521,False,"nhà ở Phường Hòa Bình thoáng mát 6pn, sang trọng",buy_for_living,luxury,25.2,1.0
evt_101563,usr_1106,sess_1106_0,44704691,view,2026-02-20T16:23:59Z,42,ai_recommendation,0.724,False,nhà đất Phường Tăng Nhơn Phú giá tốt cho vợ chồng mới cưới,buy_for_living,mid_range,5.6,1.0
evt_102372,usr_1159,sess_1159_1,45197258,view,2026-02-20T17:05:33Z,108,search_bar,0.902,False,căn hộ Phường Xóm Chiếu rẻ một chút cho vợ chồng mới cưới,buy_for_living,mid_range,5.7,2.0
evt_101837,usr_1126,sess_1126_1,44732090,view,2026-02-20T17:43:29Z,162,ai_recommendation,0.98,False,tìm nhà đất Phường Phú Thuận cao cấp tiềm năng tăng giá,investment,affordable,2.4,1.0
evt_102898,usr_1192,sess_1192_2,45088684,save,2026-02-20T18:08:34Z,14,search_bar,1.563,False,nhà đất Phường Thông Tây Hội giá rẻ cho thuê lại được,investment,affordable,2.3,3.0
evt_102991,usr_1198,sess_1198_0,43398089,save,2026-02-20T18:17:59Z,27,search_bar,1.923,False,"cần mua nhà đất 4 phòng ngủ ở Phường An Hội Tây để ở, ổn định",buy_for_living,affordable,2.2,2.0
evt_100925,usr_1062,sess_1062_0,44462542,view,2026-02-20T18:20:58Z,87,homepage,0.861,False,nhà đất Phường Chợ Lớn sang trọng dòng tiền tốt,investment,luxury,29.5,1.0
evt_102802,usr_1186,sess_1186_1,44759145,view,2026-02-20T18:28:53Z,20,related_items,0.586,False,"nhà ở Phường Chánh Hưng thoáng mát 3pn, khu nhà giàu",buy_for_living,luxury,28.1,2.0
evt_102752,usr_1183,sess_1183_0,45242428,view,2026-02-20T18:38:05Z,21,search_bar,0.595,False,tìm nhà đất Phường Đức Nhuận tầm trung gần trường học,buy_for_living,luxury,29.1,2.0
evt_102122,usr_1145,sess_1145_0,45085955,contact,2026-02-20T20:33:53Z,60,search_bar,3.954,False,nhà đất Phường Long Bình khu nhà giàu cho thuê lại được,investment,luxury,21.1,2.0
evt_102759,usr_1184,sess_1184_1,45218089,view,2026-02-20T20:58:36Z,57,ai_recommendation,0.781,False,tìm nhà đất Phường Trung Mỹ Tây vị trí đẹp gần trường học,buy_for_living,luxury,24.9,1.0
evt_101819,usr_1124,sess_1124_0,45005416,view,2026-02-20T22:18:19Z,88,search_bar,0.863,False,nhà đất Phường Tân Hưng sang trọng cho thuê lại được,investment,affordable,2.4,2.0
evt_102944,usr_1195,sess_1195_0,40503409,view,2026-02-20T23:07:44Z,25,search_bar,0.627,False,nhà đất Phường Tân Sơn Nhất vị trí đẹp dòng tiền tốt,investment,luxury,21.9,2.0
evt_103415,usr_1226,sess_1226_2,44602658,view,2026-02-20T23:49:06Z,28,ai_recommendation,0.648,False,nhà đất Phường Tam Bình giá mềm cho vợ chồng mới cưới,buy_for_living,affordable,2.5,2.0
evt_103113,usr_1206,sess_1206_0,45234494,save,2026-02-21T00:45:12Z,42,search_bar,2.171,False,nhà đất Phường Trung Mỹ Tây giá mềm dòng tiền tốt,investment,affordable,2.5,2.0
evt_101572,usr_1106,sess_1106_1,45236592,view,2026-02-21T00:58:18Z,24,ai_recommendation,0.619,False,"nhà ở Phường Thới An thoáng mát 4pn, giá tốt",buy_for_living,mid_range,5.6,1.0
evt_103557,usr_1235,sess_1235_2,45036689,view,2026-02-21T01:25:55Z,51,search_bar,0.76,False,"nhà ở Phường Phú Nhuận thoáng mát 2pn, bình dân",buy_for_living,affordable,2.3,3.0
evt_103100,usr_1205,sess_1205_0,45106450,save,2026-02-21T01:33:35Z,39,related_items,2.129,False,tìm nhà đất Phường An Hội Tây cao cấp gần trường học,buy_for_living,affordable,2.2,2.0
evt_101173,usr_1080,sess_1080_0,45066800,save,2026-02-21T01:49:32Z,54,ai_recommendation,2.313,False,"mua nhà đất đầu tư ở Phường Đông Hưng Thuận pháp lý rõ ràng, ổn định",investment,affordable,2.7,2.0
evt_101177,usr_1081,sess_1081_0,44773068,view,2026-02-21T02:01:15Z,84,related_items,0.855,False,nhà đất Phường Cầu Ông Lãnh giá hợp lý cho gia đình,buy_for_living,affordable,2.3,1.0
evt_100359,usr_1022,sess_1022_1,45228388,view,2026-02-21T02:11:31Z,26,related_items,0.634,False,"mua nhà đất đầu tư ở Phường Hòa Hưng pháp lý rõ ràng, rẻ một chút",investment,affordable,2.7,2.0
evt_100165,usr_1010,sess_1010_0,45257726,view,2026-02-21T02:57:25Z,38,ai_recommendation,0.705,False,tìm nhà đất Phường Chánh Hưng cao cấp gần trường học,buy_for_living,affordable,2.3,2.0
evt_103433,usr_1227,sess_1227_2,45216538,view,2026-02-21T03:00:18Z,175,ai_recommendation,0.995,False,nhà đất Phường Trung Mỹ Tây giá tốt dòng tiền tốt,investment,mid_range,6.3,2.0
evt_100080,usr_1004,sess_1004_0,44882777,view,2026-02-21T03:17:52Z,11,related_items,0.478,False,nhà đất Phường Xóm Chiếu bình dân cho thuê gần metro,rent,affordable,2.2,2.0
evt_101171,usr_1080,sess_1080_0,44590405,view,2026-02-21T04:08:03Z,22,ai_recommendation,0.603,False,căn hộ Phường An Khánh cao cấp cho thuê lại được,investment,affordable,2.7,2.0
evt_103485,usr_1230,sess_1230_1,44796007,share,2026-02-21T04:34:43Z,64,ai_recommendation,3.212,False,tìm căn hộ Phường Tăng Nhơn Phú rẻ một chút gần trường học,buy_for_living,affordable,2.5,2.0
evt_103202,usr_1211,sess_1211_0,45101930,save,2026-02-21T05:43:36Z,19,ai_recommendation,1.729,False,nhà đất Xã Tân Nhựt cao cấp cho thuê gần metro,rent,affordable,2.4,2.0
evt_100838,usr_1055,sess_1055_0,43478669,view,2026-02-21T05:54:50Z,48,ai_recommendation,0.749,False,"mua căn hộ đầu tư ở Phường Long Bình pháp lý rõ ràng, bình dân",investment,affordable,2.7,3.0
evt_100390,usr_1025,sess_1025_1,44288363,save,2026-02-21T06:35:46Z,106,ai_recommendation,2.697,False,căn hộ Phường Long Bình ổn định cho gia đình,buy_for_living,affordable,2.5,2.0
evt_103133,usr_1207,sess_1207_0,44843875,view,2026-02-21T06:38:28Z,30,homepage,0.661,False,tìm căn hộ Xã Tân Nhựt rẻ một chút gần trường học,buy_for_living,affordable,2.9,1.0
evt_101900,usr_1130,sess_1130_0,43533970,view,2026-02-21T06:54:38Z,55,homepage,0.774,False,nhà đất Phường Tân Thuận cao cấp cho thuê lại được,investment,affordable,2.5,1.0
evt_102994,usr_1198,sess_1198_0,45237701,save,2026-02-21T07:08:51Z,46,search_bar,2.222,False,"nhà ở Phường Vườn Lài thoáng mát 2pn, ổn định",buy_for_living,affordable,2.2,2.0
evt_103483,usr_1230,sess_1230_1,45114950,view,2026-02-21T09:09:30Z,60,ai_recommendation,0.791,False,nhà đất Phường Phú Nhuận ổn định cho vợ chồng mới cưới,buy_for_living,affordable,2.5,2.0
evt_104412,usr_1292,sess_1292_0,44640984,view,2026-02-21T10:44:19Z,20,search_bar,0.586,False,nhà đất Xã Trừ Văn Thố cao cấp cho vợ chồng mới cưới,buy_for_living,affordable,2.6,2.0
evt_102086,usr_1142,sess_1142_0,45204859,contact,2026-02-21T11:03:31Z,21,ai_recommendation,2.973,False,nhà đất Phường Bảy Hiền rẻ một chút cho thuê gần metro,rent,affordable,2.3,1.0
evt_100328,usr_1020,sess_1020_0,43873781,contact,2026-02-21T12:26:21Z,19,ai_recommendation,2.881,False,tìm phòng nhà đất ở Phường Tân Tạo tầm trung,rent,mid_range,6.9,2.0
evt_100147,usr_1009,sess_1009_2,43797911,view,2026-02-21T12:32:40Z,179,ai_recommendation,0.999,False,tìm nhà đất Phường Long Trường cao cấp gần trường học,buy_for_living,affordable,2.7,2.0
evt_102163,usr_1148,sess_1148_0,45104084,view,2026-02-21T13:01:20Z,40,ai_recommendation,0.714,False,nhà đất Phường Bình Hưng Hòa tầm trung cho thuê lại được,investment,mid_range,7.4,2.0
evt_100347,usr_1021,sess_1021_0,45026350,view,2026-02-21T13:12:56Z,41,related_items,0.719,False,"cần thuê nhà đất Phường Bình Hưng Hòa full nội thất, sang trọng",rent,mid_range,7.6,2.0
evt_101096,usr_1075,sess_1075_1,44635188,view,2026-02-21T14:18:57Z,108,related_items,0.902,False,"mua nhà đất đầu tư ở Phường Xuân Hòa pháp lý rõ ràng, cao cấp",investment,mid_range,7.6,2.0
evt_103987,usr_1263,sess_1263_0,44990934,view,2026-02-21T15:45:07Z,49,ai_recommendation,0.753,False,nhà đất Phường Tân Thuận giá hợp lý cho thuê lại được,investment,affordable,2.8,2.0
evt_101245,usr_1084,sess_1084_0,45177740,share,2026-02-21T16:10:59Z,223,related_items,4.0,False,"nhà ở Phường Hòa Hưng thoáng mát 5pn, tầm trung",buy_for_living,mid_range,7.2,2.0
evt_102214,usr_1151,sess_1151_0,44873591,view,2026-02-21T17:03:23Z,173,related_items,0.992,False,nhà đất Phường Chánh Hiệp giá tốt cho gia đình,buy_for_living,mid_range,7.1,2.0
evt_104375,usr_1289,sess_1289_2,44464667,view,2026-02-21T17:07:07Z,184,ai_recommendation,1.0,False,căn hộ Phường Long Bình tầm trung dòng tiền tốt,investment,affordable,3.0,1.0
evt_101862,usr_1127,sess_1127_0,44872041,view,2026-02-21T17:20:37Z,72,related_items,0.825,False,"cần mua nhà đất 3 phòng ngủ ở Phường Gò Vấp để ở, giá rẻ",buy_for_living,affordable,2.5,2.0
evt_102261,usr_1154,sess_1154_1,44899155,view,2026-02-21T19:44:29Z,44,homepage,0.732,False,"cần mua nhà đất 18 phòng ngủ ở Phường Tân Bình để ở, cao cấp",buy_for_living,affordable,2.6,3.0
evt_101009,usr_1068,sess_1068_0,44734340,view,2026-02-21T19:45:13Z,37,search_bar,0.7,False,nhà đất Phường Xóm Chiếu bình dân cho thuê lại được,investment,mid_range,6.1,2.0
evt_100696,usr_1046,sess_1046_0,45054822,contact,2026-02-21T19:52:47Z,150,search_bar,4.826,False,nhà đất Phường Nhiêu Lộc sang trọng dòng tiền tốt,investment,affordable,2.7,2.0
evt_104146,usr_1274,sess_1274_2,45085966,view,2026-02-21T20:34:39Z,104,ai_recommendation,0.895,False,"cần mua nhà đất 0 phòng ngủ ở Phường Tân Sơn Nhì để ở, vị trí đẹp",buy_for_living,mid_range,5.5,2.0
evt_101658,usr_1112,sess_1112_0,45224284,contact,2026-02-21T21:05:41Z,23,homepage,3.057,False,tìm phòng nhà đất ở Phường Bình Trị Đông sang trọng,rent,affordable,2.7,2.0
evt_103284,usr_1216,sess_1216_0,44714707,view,2026-02-21T21:10:56Z,21,homepage,0.595,False,căn hộ Phường Long Bình rẻ một chút cho vợ chồng mới cưới,buy_for_living,affordable,2.1,1.0
evt_103067,usr_1203,sess_1203_0,44857911,view,2026-02-21T21:29:16Z,111,ai_recommendation,0.908,False,nhà đất Phường Phú Thuận ổn định cho thuê lại được,investment,mid_range,7.8,2.0
evt_101497,usr_1101,sess_1101_1,44261451,view,2026-02-21T21:48:33Z,34,search_bar,0.684,False,"cần thuê nhà đất Xã Hiệp Phước full nội thất, rẻ một chút",rent,affordable,2.3,2.0
evt_100446,usr_1028,sess_1028_0,45205679,view,2026-02-21T23:20:44Z,51,search_bar,0.76,False,tìm nhà đất Phường Vĩnh Hội ổn định gần trường học,buy_for_living,affordable,2.2,1.0
evt_103440,usr_1227,sess_1227_0,44607479,save,2026-02-21T23:40:17Z,22,homepage,1.809,False,tìm nhà đất Xã Hiệp Phước tầm trung tiềm năng tăng giá,investment,mid_range,6.3,2.0
evt_102105,usr_1143,sess_1143_0,45119799,save,2026-02-22T00:44:47Z,51,search_bar,2.28,False,tìm nhà đất Phường An Phú Đông giá tốt gần trường học,buy_for_living,mid_range,6.9,2.0
evt_101448,usr_1098,sess_1098_0,44450031,save,2026-02-22T00:55:24Z,49,homepage,2.258,False,tìm căn hộ Phường An Khánh tầm trung gần trường học,buy_for_living,affordable,2.1,2.0
evt_100749,usr_1050,sess_1050_1,43238341,contact,2026-02-22T01:08:50Z,71,related_items,4.113,False,nhà đất Phường Hòa Hưng ổn định cho thuê gần metro,rent,luxury,28.7,2.0
evt_102304,usr_1156,sess_1156_0,36834013,contact,2026-02-22T01:44:15Z,164,homepage,4.911,False,tìm nhà đất Xã Nhà Bè tầm trung tiềm năng tăng giá,investment,luxury,19.7,3.0
evt_100732,usr_1048,sess_1048_0,45171934,view,2026-02-22T02:11:48Z,59,search_bar,0.788,False,"nhà ở Phường Minh Phụng thoáng mát 2pn, giá tốt",buy_for_living,mid_range,7.4,3.0
evt_103206,usr_1211,sess_1211_1,42561310,save,2026-02-22T02:18:07Z,144,homepage,2.872,False,căn hộ Phường An Khánh khu nhà giàu cho thuê gần metro,rent,affordable,2.4,2.0
evt_100786,usr_1052,sess_1052_0,44738732,view,2026-02-22T02:52:48Z,190,search_bar,1.0,False,nhà đất Phường Hiệp Bình sang trọng cho thuê lại được,investment,luxury,20.9,2.0
evt_103649,usr_1240,sess_1240_0,44873106,contact,2026-02-22T03:05:09Z,68,ai_recommendation,4.072,False,nhà đất Phường Thủ Đức tầm trung cho vợ chồng mới cưới,buy_for_living,mid_range,5.9,2.0
evt_102539,usr_1169,sess_1169_0,43376549,view,2026-02-22T03:10:18Z,29,search_bar,0.654,False,tìm nhà đất Phường Bàn Cờ khu nhà giàu tiềm năng tăng giá,investment,affordable,2.8,1.0
evt_102588,usr_1172,sess_1172_2,44146411,view,2026-02-22T04:49:41Z,49,ai_recommendation,0.753,False,nhà đất Phường Tam Thắng cao cấp cho gia đình,buy_for_living,affordable,2.5,1.0
evt_104365,usr_1288,sess_1288_1,43146761,share,2026-02-22T05:27:04Z,170,search_bar,3.956,False,tìm căn hộ Phường Thạnh Mỹ Tây giá tốt gần trường học,buy_for_living,mid_range,5.8,1.0
evt_101502,usr_1101,sess_1101_1,45065182,view,2026-02-22T05:37:24Z,35,ai_recommendation,0.689,False,"cần thuê nhà đất Phường Tân Sơn full nội thất, giá vừa phải",rent,affordable,2.3,2.0
evt_103047,usr_1201,sess_1201_0,45156333,share,2026-02-22T07:02:42Z,26,homepage,2.536,False,nhà đất Phường Bình Thạnh giá vừa phải cho gia đình,buy_for_living,affordable,2.1,2.0
evt_101198,usr_1082,sess_1082_0,45244754,view,2026-02-22T07:55:06Z,92,homepage,0.872,False,"nhà ở Phường An Hội Tây thoáng mát 4pn, khu nhà giàu",buy_for_living,affordable,2.6,2.0
evt_102050,usr_1139,sess_1139_1,45261561,view,2026-02-22T07:55:33Z,32,search_bar,0.673,False,nhà đất Phường Bình Thạnh khu nhà giàu dòng tiền tốt,investment,luxury,25.1,3.0
evt_101634,usr_1110,sess_1110_0,45247231,contact,2026-02-22T08:06:54Z,20,homepage,2.928,False,tìm phòng căn hộ ở Phường Phú Thuận giá tốt,rent,mid_range,5.6,1.0
evt_102024,usr_1137,sess_1137_1,44976878,save,2026-02-22T08:31:36Z,272,search_bar,3.0,False,căn hộ Phường Cầu Ông Lãnh giá rẻ cho thuê lại được,investment,affordable,2.2,2.0
evt_104260,usr_1282,sess_1282_0,45256231,save,2026-02-22T09:15:03Z,57,search_bar,2.343,False,nhà đất Phường Bình Trị Đông giá mềm cho gia đình,buy_for_living,affordable,2.6,2.0
evt_102592,usr_1173,sess_1173_2,43829753,view,2026-02-22T09:56:58Z,14,homepage,0.521,False,tìm phòng nhà đất ở Phường Tây Thạnh cao cấp,rent,affordable,2.5,2.0
evt_103130,usr_1207,sess_1207_0,44286055,share,2026-02-22T09:59:46Z,27,related_items,2.564,False,"nhà ở Phường Long Bình thoáng mát 1pn, giá rẻ",buy_for_living,affordable,2.9,1.0
evt_100781,usr_1052,sess_1052_0,45055915,view,2026-02-22T10:18:09Z,22,homepage,0.603,False,tìm nhà đất Phường Cầu Kiệu giá vừa phải tiềm năng tăng giá,investment,luxury,20.9,2.0
evt_102535,usr_1169,sess_1169_0,45015767,view,2026-02-22T10:39:39Z,8,related_items,0.423,True,tìm căn hộ Phường Tân Sơn Nhì giá mềm tiềm năng tăng giá,investment,affordable,2.8,1.0
evt_102137,usr_1146,sess_1146_1,45186591,view,2026-02-22T11:18:49Z,90,search_bar,0.868,False,"nhà ở Phường Tây Thạnh thoáng mát 3pn, bình dân",buy_for_living,affordable,2.8,2.0
evt_101456,usr_1098,sess_1098_0,45211234,save,2026-02-22T11:23:55Z,266,ai_recommendation,3.0,False,nhà đất Phường Bình Thạnh giá hợp lý cho vợ chồng mới cưới,buy_for_living,affordable,2.1,2.0
evt_104384,usr_1290,sess_1290_0,45067704,view,2026-02-22T11:55:25Z,9,related_items,0.443,True,căn hộ Phường Gia Định rẻ một chút cho thuê lại được,investment,affordable,3.0,2.0
evt_100436,usr_1028,sess_1028_2,45157943,save,2026-02-22T12:42:09Z,64,ai_recommendation,2.409,False,"cần mua nhà đất 3 phòng ngủ ở Phường Cát Lái để ở, giá rẻ",buy_for_living,affordable,2.2,1.0
evt_101294,usr_1087,sess_1087_0,45241974,view,2026-02-22T12:46:04Z,73,ai_recommendation,0.828,False,"mua nhà đất đầu tư ở Phường Bình Thới pháp lý rõ ràng, sang trọng",investment,affordable,2.4,2.0
evt_101708,usr_1117,sess_1117_2,45125181,view,2026-02-22T12:50:48Z,80,homepage,0.845,False,"nhà ở Phường Hòa Hưng thoáng mát 2pn, rẻ một chút",buy_for_living,mid_range,6.8,3.0
evt_101755,usr_1120,sess_1120_0,44742848,contact,2026-02-22T13:10:50Z,23,ai_recommendation,3.057,False,nhà đất Phường Nhiêu Lộc giá vừa phải cho gia đình,buy_for_living,affordable,2.6,2.0
evt_103238,usr_1213,sess_1213_0,45011708,save,2026-02-22T13:11:04Z,87,search_bar,2.584,False,"nhà ở Phường Tân Sơn Nhất thoáng mát 3pn, rẻ một chút",buy_for_living,mid_range,6.9,1.0
evt_103458,usr_1228,sess_1228_1,45100513,share,2026-02-22T13:56:56Z,49,search_bar,3.01,False,"cần mua căn hộ 2 phòng ngủ ở Phường Tân Bình để ở, giá tốt",buy_for_living,affordable,2.8,2.0
evt_100312,usr_1019,sess_1019_1,43919030,view,2026-02-22T14:07:28Z,122,homepage,0.926,False,"nhà ở Phường Thủ Dầu Một thoáng mát 3pn, sang trọng",buy_for_living,luxury,21.7,2.0
evt_102912,usr_1193,sess_1193_1,45093729,save,2026-02-22T14:29:56Z,95,homepage,2.634,False,tìm nhà đất Phường Tân Định giá hợp lý gần trường học,buy_for_living,mid_range,7.9,1.0
evt_100572,usr_1036,sess_1036_0,45269276,view,2026-02-22T15:15:11Z,155,ai_recommendation,0.971,False,nhà đất Phường Phú Định bình dân cho thuê lại được,investment,mid_range,5.6,2.0
evt_101062,usr_1072,sess_1072_1,44932544,share,2026-02-22T16:09:26Z,19,related_items,2.305,False,thuê nhà đất Phường Tân Phú 5 phòng ngủ giá vừa phải,rent,mid_range,7.4,1.0
evt_103171,usr_1209,sess_1209_0,44418681,view,2026-02-22T16:20:58Z,55,related_items,0.774,False,nhà đất Phường Tân Sơn Nhất giá tốt cho gia đình,buy_for_living,affordable,2.6,2.0
evt_102603,usr_1173,sess_1173_2,44878181,contact,2026-02-22T17:15:38Z,136,search_bar,4.732,False,thuê căn hộ Phường Bình Trưng 4 phòng ngủ sang trọng,rent,affordable,2.5,2.0
evt_103939,usr_1261,sess_1261_0,45201565,save,2026-02-22T17:29:34Z,29,ai_recommendation,1.963,False,tìm nhà đất Xã Trừ Văn Thố giá mềm tiềm năng tăng giá,investment,affordable,2.1,2.0
evt_101054,usr_1072,sess_1072_1,45202785,view,2026-02-22T19:13:44Z,272,related_items,1.0,False,nhà đất Phường Thới An giá vừa phải cho thuê gần metro,rent,mid_range,7.4,1.0
evt_101252,usr_1085,sess_1085_0,44286055,view,2026-02-22T19:18:03Z,151,ai_recommendation,0.966,False,căn hộ Phường Long Bình giá tốt cho thuê lại được,investment,affordable,2.7,2.0
evt_100349,usr_1021,sess_1021_0,45072572,save,2026-02-22T19:52:53Z,30,ai_recommendation,1.982,False,thuê nhà đất Phường Thủ Đức 4 phòng ngủ giá hợp lý,rent,mid_range,7.6,2.0
evt_102895,usr_1192,sess_1192_1,43605274,view,2026-02-22T21:05:26Z,24,homepage,0.619,False,nhà đất Xã Nhà Bè sang trọng cho thuê lại được,investment,affordable,2.3,3.0
evt_102129,usr_1145,sess_1145_0,45246198,save,2026-02-22T21:33:16Z,48,search_bar,2.246,False,nhà đất Phường An Lạc giá tốt dòng tiền tốt,investment,luxury,21.1,2.0
evt_100842,usr_1055,sess_1055_0,45222316,share,2026-02-23T01:20:15Z,56,search_bar,3.111,False,nhà đất Phường Bình Lợi Trung tầm trung dòng tiền tốt,investment,affordable,2.7,3.0
evt_100520,usr_1033,sess_1033_1,43548457,share,2026-02-23T01:26:17Z,17,homepage,2.224,False,căn hộ Phường Tân Thuận tầm trung cho gia đình,buy_for_living,affordable,2.8,2.0
evt_100027,usr_1001,sess_1001_1,45007050,view,2026-02-23T01:33:24Z,62,ai_recommendation,0.797,False,"cần mua căn hộ 2 phòng ngủ ở Phường Chợ Lớn để ở, khu nhà giàu",buy_for_living,affordable,2.7,2.0
evt_103413,usr_1226,sess_1226_2,45224328,save,2026-02-23T01:57:24Z,39,ai_recommendation,2.129,False,nhà đất Phường Bình Lợi Trung giá tốt cho gia đình,buy_for_living,affordable,2.5,2.0
evt_104149,usr_1274,sess_1274_1,44568685,view,2026-02-23T02:33:02Z,68,related_items,0.814,False,"nhà ở Phường Tân Định thoáng mát 4pn, vị trí đẹp",buy_for_living,mid_range,5.5,2.0
evt_101162,usr_1079,sess_1079_1,45239181,contact,2026-02-23T03:03:57Z,25,homepage,3.134,False,"cần thuê nhà đất Phường Cầu Kiệu full nội thất, bình dân",rent,affordable,3.0,2.0
evt_103363,usr_1222,sess_1222_1,44843875,save,2026-02-23T03:12:20Z,52,search_bar,2.291,False,"cần mua căn hộ 2 phòng ngủ ở Xã Tân Nhựt để ở, bình dân",buy_for_living,affordable,2.7,2.0
evt_102585,usr_1172,sess_1172_2,45226611,view,2026-02-23T03:19:11Z,82,ai_recommendation,0.85,False,"cần mua nhà đất 8 phòng ngủ ở Phường Phú Nhuận để ở, sang trọng",buy_for_living,affordable,2.5,1.0
evt_100673,usr_1044,sess_1044_0,40194916,view,2026-02-23T03:26:50Z,113,ai_recommendation,0.911,False,tìm nhà đất Phường Phú Nhuận giá hợp lý gần trường học,buy_for_living,affordable,2.9,1.0
evt_100660,usr_1042,sess_1042_0,45201565,view,2026-02-23T04:31:57Z,122,ai_recommendation,0.926,False,tìm nhà đất Xã Trừ Văn Thố bình dân gần trường học,buy_for_living,affordable,2.3,2.0
evt_100743,usr_1049,sess_1049_2,45007611,view,2026-02-23T04:44:58Z,31,ai_recommendation,0.667,False,nhà đất Phường An Lạc sang trọng cho vợ chồng mới cưới,buy_for_living,affordable,2.8,1.0
evt_100671,usr_1043,sess_1043_1,45067608,view,2026-02-23T04:51:51Z,19,ai_recommendation,0.576,False,nhà đất Phường Tân Định giá rẻ cho vợ chồng mới cưới,buy_for_living,mid_range,7.6,2.0
evt_102707,usr_1180,sess_1180_1,44235703,view,2026-02-23T05:49:27Z,38,related_items,0.705,False,"mua nhà đất đầu tư ở Phường Bảy Hiền pháp lý rõ ràng, sang trọng",investment,luxury,27.1,2.0
evt_100326,usr_1020,sess_1020_0,45267067,view,2026-02-23T06:28:12Z,26,ai_recommendation,0.634,False,tìm phòng nhà đất ở Phường Linh Xuân vị trí đẹp,rent,mid_range,6.9,2.0
evt_103761,usr_1248,sess_1248_0,45248570,view,2026-02-23T07:11:04Z,21,ai_recommendation,0.595,False,"mua nhà đất đầu tư ở Phường Tân Tạo pháp lý rõ ràng, bình dân",investment,affordable,2.3,2.0
evt_103072,usr_1204,sess_1204_0,45148629,contact,2026-02-23T07:12:27Z,122,ai_recommendation,4.628,False,"nhà ở Phường Phú Lợi thoáng mát 2pn, giá mềm",buy_for_living,affordable,2.7,2.0
evt_100290,usr_1018,sess_1018_0,45217838,contact,2026-02-23T07:58:13Z,17,ai_recommendation,2.78,False,"mua căn hộ đầu tư ở Xã Tân Nhựt pháp lý rõ ràng, tầm trung",investment,luxury,27.1,2.0
evt_103703,usr_1245,sess_1245_0,44998978,view,2026-02-23T08:06:26Z,65,ai_recommendation,0.806,False,"cần mua nhà đất 4 phòng ngủ ở Xã Nhà Bè để ở, tầm trung",buy_for_living,mid_range,8.0,3.0
evt_103674,usr_1242,sess_1242_1,44041264,view,2026-02-23T09:20:56Z,22,homepage,0.603,False,nhà đất Phường Tân Thới Hiệp rẻ một chút cho vợ chồng mới cưới,buy_for_living,mid_range,7.1,2.0
evt_100796,usr_1053,sess_1053_1,44506594,share,2026-02-23T09:33:26Z,32,ai_recommendation,2.69,False,"nhà ở Phường Thông Tây Hội thoáng mát 2pn, bình dân",buy_for_living,affordable,2.8,1.0
evt_100608,usr_1039,sess_1039_0,44723700,view,2026-02-23T09:48:01Z,200,ai_recommendation,1.0,False,căn hộ Phường Đức Nhuận giá tốt cho gia đình,buy_for_living,mid_range,7.9,2.0
evt_101113,usr_1077,sess_1077_2,45260467,view,2026-02-23T10:36:46Z,90,ai_recommendation,0.868,False,tìm căn hộ Phường Hòa Hưng giá mềm gần trường học,buy_for_living,luxury,29.0,1.0
evt_104221,usr_1279,sess_1279_1,44593015,view,2026-02-23T11:09:28Z,29,homepage,0.654,False,nhà đất Phường Tân Thuận giá vừa phải cho gia đình,buy_for_living,luxury,25.2,1.0
evt_100803,usr_1053,sess_1053_2,45151403,contact,2026-02-23T11:20:05Z,49,search_bar,3.763,False,nhà đất Phường Vườn Lài giá hợp lý cho vợ chồng mới cưới,buy_for_living,affordable,2.8,1.0
evt_102684,usr_1179,sess_1179_1,43228481,view,2026-02-23T11:57:21Z,31,homepage,0.667,False,căn hộ Phường Bình Hòa rẻ một chút cho thuê lại được,investment,mid_range,6.4,1.0
evt_102153,usr_1147,sess_1147_0,43286721,save,2026-02-23T12:27:35Z,39,ai_recommendation,2.129,False,nhà đất Xã Nhà Bè giá rẻ cho vợ chồng mới cưới,buy_for_living,affordable,2.6,1.0
evt_104035,usr_1266,sess_1266_0,44962461,view,2026-02-23T13:05:27Z,59,search_bar,0.788,False,tìm nhà đất Phường Tam Thắng khu nhà giàu tiềm năng tăng giá,investment,mid_range,7.8,2.0
evt_103797,usr_1250,sess_1250_1,45237701,view,2026-02-23T13:08:24Z,27,related_items,0.641,False,nhà đất Phường Vườn Lài tầm trung cho gia đình,buy_for_living,mid_range,5.5,1.0
evt_101778,usr_1122,sess_1122_1,45140183,share,2026-02-23T13:25:16Z,71,ai_recommendation,3.291,False,"mua nhà đất đầu tư ở Phường Hòa Hưng pháp lý rõ ràng, giá tốt",investment,luxury,28.5,2.0
evt_103161,usr_1208,sess_1208_0,45155867,view,2026-02-23T13:36:07Z,7,ai_recommendation,0.4,True,"nhà ở Phường An Hội Tây thoáng mát 0pn, cao cấp",buy_for_living,affordable,2.3,2.0
evt_103365,usr_1222,sess_1222_1,43955966,view,2026-02-23T14:11:08Z,50,ai_recommendation,0.756,False,nhà đất Phường An Khánh giá vừa phải cho gia đình,buy_for_living,affordable,2.7,2.0
evt_101629,usr_1110,sess_1110_0,45113170,view,2026-02-23T14:16:33Z,9,ai_recommendation,0.443,True,thuê nhà đất Phường Tân Thuận 0 phòng ngủ giá vừa phải,rent,mid_range,5.6,1.0
evt_103391,usr_1224,sess_1224_0,44781792,view,2026-02-23T14:59:56Z,113,ai_recommendation,0.911,False,căn hộ Phường Bình Trưng tầm trung cho thuê lại được,investment,luxury,21.3,3.0
evt_103220,usr_1212,sess_1212_1,44585453,view,2026-02-23T16:14:33Z,31,search_bar,0.667,False,căn hộ Phường Long Bình ổn định cho thuê gần metro,rent,mid_range,7.1,2.0
evt_102839,usr_1188,sess_1188_1,43517731,view,2026-02-23T17:34:35Z,52,search_bar,0.764,False,"cần mua nhà đất 10 phòng ngủ ở Phường Hòa Hưng để ở, vị trí đẹp",buy_for_living,mid_range,6.8,3.0
evt_102288,usr_1155,sess_1155_2,44855737,view,2026-02-23T17:41:30Z,75,search_bar,0.833,False,"cần mua nhà đất 3 phòng ngủ ở Phường Phú Thọ Hòa để ở, khu nhà giàu",buy_for_living,affordable,3.0,2.0
evt_103995,usr_1264,sess_1264_0,45116083,save,2026-02-23T18:03:38Z,86,ai_recommendation,2.577,False,nhà đất Phường Tân Sơn Hòa giá hợp lý cho vợ chồng mới cưới,buy_for_living,mid_range,6.7,1.0
evt_102689,usr_1179,sess_1179_1,45074461,save,2026-02-23T18:13:45Z,24,ai_recommendation,1.858,False,nhà đất Phường Tân Sơn Nhì khu nhà giàu cho thuê lại được,investment,mid_range,6.4,1.0
evt_102232,usr_1152,sess_1152_0,44693153,view,2026-02-23T19:11:28Z,49,homepage,0.753,False,nhà đất Phường Dĩ An sang trọng cho gia đình,buy_for_living,affordable,2.7,2.0
evt_100475,usr_1030,sess_1030_0,44653985,view,2026-02-23T19:20:37Z,120,search_bar,0.923,False,"cần mua nhà đất 4 phòng ngủ ở Phường Tăng Nhơn Phú để ở, giá hợp lý",buy_for_living,luxury,19.9,2.0
evt_100944,usr_1063,sess_1063_0,45025864,contact,2026-02-23T21:52:13Z,14,search_bar,2.605,False,căn hộ Phường Phú Thọ Hòa ổn định cho thuê lại được,investment,affordable,3.0,2.0
evt_104407,usr_1292,sess_1292_0,45096611,view,2026-02-23T23:09:22Z,43,related_items,0.728,False,tìm nhà đất Phường Hiệp Bình sang trọng gần trường học,buy_for_living,affordable,2.6,2.0
evt_103502,usr_1231,sess_1231_0,45150652,view,2026-02-23T23:27:56Z,58,ai_recommendation,0.784,False,nhà đất Phường Thới An giá mềm cho vợ chồng mới cưới,buy_for_living,affordable,2.2,2.0
evt_102443,usr_1164,sess_1164_0,45264249,save,2026-02-23T23:48:27Z,74,search_bar,2.492,False,"cần mua nhà đất 2 phòng ngủ ở Phường Phú Thuận để ở, giá mềm",buy_for_living,affordable,2.9,2.0
evt_101911,usr_1131,sess_1131_0,45082887,contact,2026-02-24T01:31:24Z,176,search_bar,4.979,False,"nhà ở Phường An Hội Tây thoáng mát 2pn, giá rẻ",buy_for_living,affordable,2.7,2.0
evt_104313,usr_1285,sess_1285_1,42434242,view,2026-02-24T02:04:24Z,24,homepage,0.619,False,nhà đất Phường Long Trường cao cấp cho thuê lại được,investment,affordable,2.4,2.0
evt_100440,usr_1028,sess_1028_1,44621627,view,2026-02-24T02:12:04Z,15,related_items,0.533,False,"cần mua nhà đất 0 phòng ngủ ở Xã Bàu Bàng để ở, giá mềm",buy_for_living,affordable,2.2,1.0
evt_104399,usr_1291,sess_1291_0,45269189,view,2026-02-24T02:33:27Z,201,ai_recommendation,1.0,False,nhà đất Phường Bình Trị Đông vị trí đẹp cho gia đình,buy_for_living,affordable,2.9,3.0
evt_104172,usr_1276,sess_1276_0,43919030,contact,2026-02-24T02:45:37Z,53,ai_recommendation,3.837,False,tìm phòng căn hộ ở Phường Thủ Dầu Một khu nhà giàu,rent,affordable,2.5,2.0
evt_104402,usr_1291,sess_1291_1,45125863,view,2026-02-24T02:49:52Z,153,related_items,0.969,False,tìm nhà đất Phường Bình Trị Đông giá vừa phải gần trường học,buy_for_living,affordable,2.9,3.0
evt_104190,usr_1277,sess_1277_0,45189213,view,2026-02-24T03:56:39Z,32,ai_recommendation,0.673,False,"cần mua nhà đất 0 phòng ngủ ở Phường Thủ Đức để ở, giá mềm",buy_for_living,luxury,21.6,2.0
evt_100130,usr_1008,sess_1008_0,45210622,save,2026-02-24T04:20:02Z,16,search_bar,1.635,False,căn hộ Phường An Lạc giá tốt cho gia đình,buy_for_living,affordable,2.3,2.0
evt_100947,usr_1063,sess_1063_1,44532538,contact,2026-02-24T05:25:09Z,96,search_bar,4.4,False,nhà đất Phường An Khánh khu nhà giàu cho thuê lại được,investment,affordable,3.0,2.0
evt_101153,usr_1079,sess_1079_0,45232672,save,2026-02-24T05:27:03Z,37,search_bar,2.099,False,tìm phòng nhà đất ở Phường Tân Hưng giá tốt,rent,affordable,3.0,2.0
evt_102636,usr_1175,sess_1175_0,43406083,save,2026-02-24T05:41:01Z,77,ai_recommendation,2.514,False,nhà đất Xã Trừ Văn Thố cao cấp cho gia đình,buy_for_living,mid_range,5.5,2.0
evt_104244,usr_1281,sess_1281_1,45161667,save,2026-02-24T06:06:21Z,71,homepage,2.468,False,nhà đất Phường Hòa Hưng giá mềm dòng tiền tốt,investment,affordable,2.9,2.0
evt_103267,usr_1215,sess_1215_0,40340780,save,2026-02-24T06:06:54Z,27,homepage,1.923,False,"mua căn hộ đầu tư ở Phường Phú Lợi pháp lý rõ ràng, bình dân",investment,affordable,2.8,2.0
evt_102642,usr_1176,sess_1176_1,45157460,view,2026-02-24T08:02:47Z,27,related_items,0.641,False,nhà đất Phường Thủ Đức vị trí đẹp cho vợ chồng mới cưới,buy_for_living,affordable,2.9,2.0
evt_103540,usr_1233,sess_1233_0,45132003,save,2026-02-24T08:17:18Z,47,related_items,2.234,False,nhà đất Xã Nhà Bè cao cấp cho thuê gần metro,rent,affordable,2.3,2.0
evt_104052,usr_1268,sess_1268_1,44732236,view,2026-02-24T08:19:44Z,63,homepage,0.8,False,thuê nhà đất Xã Nhà Bè 3 phòng ngủ bình dân,rent,mid_range,5.9,1.0
evt_102522,usr_1168,sess_1168_1,45078531,share,2026-02-24T08:22:12Z,136,search_bar,3.786,False,"mua căn hộ đầu tư ở Xã Xuân Thới Sơn pháp lý rõ ràng, bình dân",investment,mid_range,6.7,2.0
evt_101495,usr_1101,sess_1101_0,44969367,view,2026-02-24T10:00:27Z,46,search_bar,0.741,False,thuê nhà đất Phường Khánh Hội 4 phòng ngủ khu nhà giàu,rent,affordable,2.3,2.0
evt_103925,usr_1259,sess_1259_0,44744909,view,2026-02-24T11:45:12Z,30,ai_recommendation,0.661,False,"nhà ở Phường An Lạc thoáng mát 3pn, sang trọng",buy_for_living,affordable,2.3,2.0
evt_100144,usr_1009,sess_1009_1,43015737,view,2026-02-24T12:41:41Z,29,search_bar,0.654,False,"cần mua nhà đất 2 phòng ngủ ở Phường Thủ Đức để ở, cao cấp",buy_for_living,affordable,2.7,2.0
evt_104513,usr_1299,sess_1299_1,44134283,save,2026-02-24T13:04:40Z,351,related_items,3.0,False,tìm nhà đất Xã Nhà Bè sang trọng gần trường học,buy_for_living,affordable,2.2,2.0
evt_100237,usr_1014,sess_1014_1,45256250,contact,2026-02-24T14:09:41Z,99,search_bar,4.429,False,nhà đất Phường Bình Trị Đông giá rẻ cho gia đình,buy_for_living,mid_range,7.7,3.0
evt_103344,usr_1220,sess_1220_1,45178137,save,2026-02-24T16:10:27Z,103,ai_recommendation,2.68,False,nhà đất Phường An Lạc tầm trung cho vợ chồng mới cưới,buy_for_living,affordable,2.6,3.0
evt_101323,usr_1089,sess_1089_0,45089787,contact,2026-02-24T16:28:31Z,163,ai_recommendation,4.905,False,tìm nhà đất Phường Tam Bình vị trí đẹp gần trường học,buy_for_living,affordable,2.5,2.0
evt_103937,usr_1260,sess_1260_0,44218641,share,2026-02-24T16:57:55Z,169,ai_recommendation,3.952,False,tìm nhà đất Phường Tân Sơn Nhì rẻ một chút gần trường học,buy_for_living,affordable,2.8,2.0
evt_103270,usr_1215,sess_1215_0,45164575,view,2026-02-24T17:48:44Z,238,ai_recommendation,1.0,False,nhà đất Phường Long Hương cao cấp cho thuê lại được,investment,affordable,2.8,2.0
evt_101059,usr_1072,sess_1072_0,44624983,view,2026-02-24T18:22:50Z,59,related_items,0.788,False,tìm phòng nhà đất ở Phường Chánh Hưng sang trọng,rent,mid_range,7.4,1.0
evt_101238,usr_1084,sess_1084_0,45010170,view,2026-02-24T18:23:24Z,25,search_bar,0.627,False,"nhà ở Xã Tân Nhựt thoáng mát 2pn, giá mềm",buy_for_living,mid_range,7.2,2.0
evt_100908,usr_1060,sess_1060_1,44897223,contact,2026-02-24T20:38:23Z,23,ai_recommendation,3.057,False,căn hộ Xã Tân Nhựt bình dân cho thuê lại được,investment,mid_range,6.5,1.0
evt_103880,usr_1257,sess_1257_0,44532561,share,2026-02-24T21:38:57Z,20,ai_recommendation,2.343,False,tìm nhà đất Phường An Khánh sang trọng gần trường học,buy_for_living,affordable,2.6,2.0
evt_103426,usr_1226,sess_1226_0,45197239,view,2026-02-24T21:39:10Z,25,homepage,0.627,False,tìm nhà đất Phường Tân Mỹ giá hợp lý gần trường học,buy_for_living,affordable,2.5,2.0
evt_102610,usr_1174,sess_1174_0,45197820,contact,2026-02-24T21:43:16Z,57,ai_recommendation,3.905,False,nhà đất Phường Bàn Cờ rẻ một chút cho thuê gần metro,rent,affordable,2.4,2.0
evt_102221,usr_1151,sess_1151_0,45082533,save,2026-02-24T22:20:48Z,109,homepage,2.713,False,"cần mua nhà đất 1 phòng ngủ ở Phường Đức Nhuận để ở, bình dân",buy_for_living,mid_range,7.1,2.0
evt_101524,usr_1103,sess_1103_1,45088499,save,2026-02-24T23:07:35Z,47,homepage,2.234,False,thuê nhà đất Xã Nhà Bè 4 phòng ngủ giá rẻ,rent,affordable,2.7,2.0
evt_102941,usr_1195,sess_1195_1,45221343,contact,2026-02-24T23:27:05Z,93,related_items,4.37,False,nhà đất Phường Long Trường tầm trung dòng tiền tốt,investment,luxury,21.9,2.0
evt_103031,usr_1200,sess_1200_0,44427635,view,2026-02-24T23:32:56Z,62,search_bar,0.797,False,nhà đất Phường Bến Thành giá vừa phải cho thuê lại được,investment,mid_range,5.7,2.0
evt_103990,usr_1264,sess_1264_0,45253348,contact,2026-02-25T01:00:28Z,30,ai_recommendation,3.303,False,"cần mua nhà đất 3 phòng ngủ ở Phường Gò Vấp để ở, khu nhà giàu",buy_for_living,mid_range,6.7,1.0
evt_101614,usr_1109,sess_1109_0,45261902,share,2026-02-25T01:36:32Z,62,related_items,3.188,False,nhà đất Phường Phước Long giá tốt cho gia đình,buy_for_living,affordable,2.1,2.0
evt_100431,usr_1028,sess_1028_2,44483330,view,2026-02-25T01:57:22Z,35,ai_recommendation,0.689,False,"nhà ở Phường Cầu Ông Lãnh thoáng mát 1pn, bình dân",buy_for_living,affordable,2.2,1.0
evt_100226,usr_1014,sess_1014_0,44784446,contact,2026-02-25T03:57:53Z,35,related_items,3.447,False,tìm nhà đất Phường Khánh Hội khu nhà giàu gần trường học,buy_for_living,mid_range,7.7,3.0
evt_102820,usr_1187,sess_1187_1,44872041,view,2026-02-25T05:08:16Z,50,related_items,0.756,False,nhà đất Phường Gò Vấp giá mềm cho thuê lại được,investment,affordable,2.6,2.0
evt_102095,usr_1142,sess_1142_0,45204741,save,2026-02-25T05:44:03Z,110,search_bar,2.718,False,nhà đất Phường An Phú Đông giá vừa phải cho thuê gần metro,rent,affordable,2.3,1.0
evt_103075,usr_1204,sess_1204_0,45158901,view,2026-02-25T05:44:55Z,14,ai_recommendation,0.521,False,nhà đất Phường Trung Mỹ Tây sang trọng cho gia đình,buy_for_living,affordable,2.7,2.0
evt_103276,usr_1216,sess_1216_0,45246430,view,2026-02-25T05:58:24Z,121,search_bar,0.924,False,căn hộ Phường Phú Thuận rẻ một chút cho gia đình,buy_for_living,affordable,2.1,1.0
evt_102957,usr_1196,sess_1196_0,43851729,save,2026-02-25T06:01:41Z,30,ai_recommendation,1.982,False,"nhà ở Phường Thủ Đức thoáng mát 2pn, khu nhà giàu",buy_for_living,affordable,2.5,2.0
evt_102408,usr_1162,sess_1162_0,45158022,save,2026-02-25T06:06:30Z,44,search_bar,2.197,False,nhà đất Phường Bình Thạnh tầm trung cho gia đình,buy_for_living,affordable,2.6,1.0
evt_101292,usr_1087,sess_1087_0,44779505,view,2026-02-25T06:31:25Z,33,ai_recommendation,0.678,False,nhà đất Xã Nhà Bè giá hợp lý dòng tiền tốt,investment,affordable,2.4,2.0
evt_102350,usr_1158,sess_1158_0,42886620,view,2026-02-25T07:19:46Z,35,homepage,0.689,False,"nhà ở Phường Phú Định thoáng mát 0pn, cao cấp",buy_for_living,mid_range,5.9,2.0
evt_104341,usr_1287,sess_1287_0,44309039,save,2026-02-25T08:36:04Z,159,ai_recommendation,2.929,False,tìm nhà đất Xã Nhà Bè sang trọng gần trường học,buy_for_living,affordable,2.4,2.0
evt_100874,usr_1058,sess_1058_0,44845494,save,2026-02-25T08:36:59Z,17,ai_recommendation,1.668,False,"mua căn hộ đầu tư ở Xã Tân Nhựt pháp lý rõ ràng, giá tốt",investment,affordable,2.9,2.0
evt_104373,usr_1289,sess_1289_1,41321808,view,2026-02-25T08:51:23Z,8,ai_recommendation,0.423,True,"mua căn hộ đầu tư ở Phường Long Trường pháp lý rõ ràng, giá rẻ",investment,affordable,3.0,1.0
evt_103944,usr_1261,sess_1261_0,45025194,view,2026-02-25T09:41:31Z,51,search_bar,0.76,False,nhà đất Phường Phú Nhuận giá rẻ dòng tiền tốt,investment,affordable,2.1,2.0
evt_102818,usr_1187,sess_1187_0,45125181,view,2026-02-25T12:17:44Z,38,homepage,0.705,False,tìm nhà đất Phường Hòa Hưng bình dân tiềm năng tăng giá,investment,affordable,2.6,2.0
evt_102865,usr_1190,sess_1190_0,45217838,save,2026-02-25T12:42:22Z,76,search_bar,2.507,False,căn hộ Xã Tân Nhựt ổn định cho gia đình,buy_for_living,affordable,2.8,2.0
evt_102881,usr_1191,sess_1191_1,45223466,view,2026-02-25T12:59:14Z,90,ai_recommendation,0.868,False,"cần thuê nhà đất Phường Tân Sơn Nhì full nội thất, tầm trung",rent,mid_range,6.0,3.0
evt_101309,usr_1088,sess_1088_0,45200445,view,2026-02-25T14:58:04Z,7,search_bar,0.4,True,tìm nhà đất Phường Tam Thắng giá mềm gần trường học,buy_for_living,affordable,3.0,2.0
evt_102528,usr_1168,sess_1168_1,43377808,share,2026-02-25T15:41:07Z,45,ai_recommendation,2.946,False,nhà đất Phường Hòa Hưng cao cấp dòng tiền tốt,investment,mid_range,6.7,2.0
evt_101879,usr_1128,sess_1128_1,44466821,save,2026-02-25T17:18:36Z,23,ai_recommendation,1.834,False,"nhà ở Phường Phú Nhuận thoáng mát 2pn, bình dân",buy_for_living,luxury,24.8,2.0
evt_100416,usr_1027,sess_1027_1,45018689,save,2026-02-25T18:27:34Z,132,search_bar,2.822,False,"cần mua nhà đất 4 phòng ngủ ở Phường Vĩnh Hội để ở, sang trọng",buy_for_living,mid_range,7.8,3.0
evt_101455,usr_1098,sess_1098_0,45084852,view,2026-02-25T19:01:43Z,37,search_bar,0.7,False,"cần mua căn hộ 2 phòng ngủ ở Phường Đông Hưng Thuận để ở, giá tốt",buy_for_living,affordable,2.1,2.0
evt_100320,usr_1019,sess_1019_1,45178935,view,2026-02-25T19:10:39Z,35,ai_recommendation,0.689,False,tìm nhà đất Phường Bình Hưng Hòa vị trí đẹp gần trường học,buy_for_living,luxury,21.7,2.0
evt_104169,usr_1276,sess_1276_0,44976878,save,2026-02-25T19:53:09Z,16,ai_recommendation,1.635,False,thuê căn hộ Phường Cầu Ông Lãnh 2 phòng ngủ giá rẻ,rent,affordable,2.5,2.0
evt_102852,usr_1189,sess_1189_0,42666931,view,2026-02-25T19:56:43Z,196,search_bar,1.0,False,nhà đất Phường Bình Trưng cao cấp cho vợ chồng mới cưới,buy_for_living,affordable,2.2,2.0
evt_102356,usr_1159,sess_1159_0,44848669,save,2026-02-25T21:09:01Z,16,ai_recommendation,1.635,False,"nhà ở Xã Tân Nhựt thoáng mát 2pn, giá hợp lý",buy_for_living,mid_range,5.7,2.0
evt_102822,usr_1187,sess_1187_1,45124613,view,2026-02-25T21:14:57Z,15,ai_recommendation,0.533,False,tìm nhà đất Phường Gò Vấp giá mềm tiềm năng tăng giá,investment,affordable,2.6,2.0
evt_104228,usr_1280,sess_1280_0,45214116,contact,2026-02-25T21:41:42Z,18,related_items,2.832,False,nhà đất Phường Bình Tây tầm trung cho thuê gần metro,rent,mid_range,7.6,2.0
evt_102747,usr_1183,sess_1183_0,43400223,view,2026-02-25T22:38:46Z,112,search_bar,0.909,False,"nhà ở Phường Vườn Lài thoáng mát 0pn, giá hợp lý",buy_for_living,luxury,29.1,2.0
evt_100948,usr_1063,sess_1063_0,44971187,share,2026-02-25T23:47:16Z,42,homepage,2.894,False,nhà đất Xã Hiệp Phước cao cấp dòng tiền tốt,investment,affordable,3.0,2.0
evt_101704,usr_1116,sess_1116_0,44823393,view,2026-02-26T01:34:53Z,101,ai_recommendation,0.89,False,nhà đất Phường Bến Thành tầm trung cho thuê lại được,investment,mid_range,7.6,1.0
evt_100726,usr_1048,sess_1048_0,45236710,share,2026-02-26T02:08:22Z,56,ai_recommendation,3.111,False,căn hộ Xã Tân Nhựt ổn định cho vợ chồng mới cưới,buy_for_living,mid_range,7.4,3.0
evt_102525,usr_1168,sess_1168_1,45151591,save,2026-02-26T02:34:08Z,61,homepage,2.382,False,nhà đất Phường Cầu Kiệu bình dân dòng tiền tốt,investment,mid_range,6.7,2.0
evt_100711,usr_1047,sess_1047_0,45194190,view,2026-02-26T03:57:52Z,8,search_bar,0.423,True,nhà đất Phường Tam Thắng ổn định cho vợ chồng mới cưới,buy_for_living,luxury,22.7,3.0
evt_100565,usr_1036,sess_1036_0,45248570,contact,2026-02-26T04:02:54Z,37,ai_recommendation,3.499,False,"mua nhà đất đầu tư ở Phường Tân Tạo pháp lý rõ ràng, rẻ một chút",investment,mid_range,5.6,2.0
evt_102860,usr_1190,sess_1190_1,45095939,contact,2026-02-26T04:09:28Z,94,search_bar,4.38,False,nhà đất Xã Bình Chánh khu nhà giàu cho gia đình,buy_for_living,affordable,2.8,2.0
evt_103268,usr_1215,sess_1215_1,45236710,view,2026-02-26T05:19:03Z,66,ai_recommendation,0.809,False,căn hộ Xã Tân Nhựt giá hợp lý cho thuê lại được,investment,affordable,2.8,2.0
evt_100068,usr_1003,sess_1003_0,44442368,view,2026-02-26T06:02:34Z,22,search_bar,0.603,False,tìm nhà đất Phường Gia Định vị trí đẹp tiềm năng tăng giá,investment,mid_range,6.0,1.0
evt_100885,usr_1058,sess_1058_0,44965275,view,2026-02-26T06:07:18Z,10,search_bar,0.461,False,nhà đất Phường Hòa Hưng giá hợp lý dòng tiền tốt,investment,affordable,2.9,2.0
evt_104013,usr_1265,sess_1265_2,45133173,share,2026-02-26T06:28:54Z,29,homepage,2.617,False,"cần thuê nhà đất Phường Tân Sơn Hòa full nội thất, giá vừa phải",rent,mid_range,6.5,1.0
evt_101128,usr_1077,sess_1077_1,45113000,save,2026-02-26T06:45:01Z,17,ai_recommendation,1.668,False,"cần mua nhà đất 3 phòng ngủ ở Phường An Hội Đông để ở, giá mềm",buy_for_living,luxury,29.0,1.0
evt_103083,usr_1204,sess_1204_0,44990934,contact,2026-02-26T07:23:02Z,21,homepage,2.973,False,"cần mua nhà đất 4 phòng ngủ ở Phường Tân Thuận để ở, giá hợp lý",buy_for_living,affordable,2.7,2.0
evt_102238,usr_1152,sess_1152_0,42599412,view,2026-02-26T07:26:34Z,159,search_bar,0.976,False,nhà đất Phường Tân Hưng cao cấp cho gia đình,buy_for_living,affordable,2.7,2.0
evt_103106,usr_1205,sess_1205_0,45137809,contact,2026-02-26T07:59:48Z,37,homepage,3.499,False,"cần mua căn hộ 1 phòng ngủ ở Phường Đông Hòa để ở, rẻ một chút",buy_for_living,affordable,2.2,2.0
evt_103393,usr_1224,sess_1224_0,44633584,view,2026-02-26T08:31:06Z,167,ai_recommendation,0.986,False,tìm nhà đất Xã Nhà Bè sang trọng tiềm năng tăng giá,investment,luxury,21.3,3.0
evt_102984,usr_1197,sess_1197_0,44141551,save,2026-02-26T09:02:25Z,16,related_items,1.635,False,tìm nhà đất Phường Cát Lái tầm trung gần trường học,buy_for_living,affordable,2.4,2.0
evt_100086,usr_1005,sess_1005_1,44806114,contact,2026-02-26T09:33:29Z,28,search_bar,3.239,False,"cần mua nhà đất 3 phòng ngủ ở Xã Nhà Bè để ở, giá mềm",buy_for_living,affordable,2.8,2.0
evt_100727,usr_1048,sess_1048_0,44397207,view,2026-02-26T09:50:53Z,24,ai_recommendation,0.619,False,"nhà ở Phường Trung Mỹ Tây thoáng mát 8pn, khu nhà giàu",buy_for_living,mid_range,7.4,3.0
evt_103312,usr_1218,sess_1218_0,37178168,view,2026-02-26T10:47:00Z,27,homepage,0.641,False,nhà đất Xã Nhà Bè vị trí đẹp dòng tiền tốt,investment,mid_range,6.1,3.0
evt_102609,usr_1174,sess_1174_0,44845982,view,2026-02-26T10:49:37Z,456,homepage,1.0,False,thuê nhà đất Xã Nhà Bè 4 phòng ngủ giá rẻ,rent,affordable,2.4,2.0
evt_100653,usr_1042,sess_1042_0,45073001,save,2026-02-26T11:00:10Z,23,related_items,1.834,False,"nhà ở Phường Linh Xuân thoáng mát 2pn, giá rẻ",buy_for_living,affordable,2.3,2.0
evt_102499,usr_1167,sess_1167_0,45025943,contact,2026-02-26T12:13:14Z,85,ai_recommendation,4.284,False,nhà đất Phường Bình Hưng Hòa ổn định cho gia đình,buy_for_living,affordable,2.5,3.0
evt_104349,usr_1288,sess_1288_1,45081886,share,2026-02-26T13:06:08Z,37,homepage,2.799,False,tìm nhà đất Xã Bình Lợi bình dân gần trường học,buy_for_living,mid_range,5.8,1.0
evt_104044,usr_1267,sess_1267_0,45207948,view,2026-02-26T13:53:14Z,50,homepage,0.756,False,tìm nhà đất Phường Vườn Lài rẻ một chút gần trường học,buy_for_living,affordable,2.3,2.0
evt_101523,usr_1103,sess_1103_0,44734124,view,2026-02-26T14:00:43Z,42,search_bar,0.724,False,"cần thuê căn hộ Phường An Khánh full nội thất, tầm trung",rent,affordable,2.7,2.0
evt_103912,usr_1259,sess_1259_1,45247385,view,2026-02-26T14:18:54Z,23,ai_recommendation,0.611,False,nhà đất Phường Thủ Đức giá vừa phải cho vợ chồng mới cưới,buy_for_living,affordable,2.3,2.0
evt_104230,usr_1280,sess_1280_0,45155379,view,2026-02-26T14:54:53Z,50,search_bar,0.756,False,tìm phòng nhà đất ở Phường Cát Lái ổn định,rent,mid_range,7.6,2.0
evt_104243,usr_1281,sess_1281_0,45164175,view,2026-02-26T15:06:33Z,54,ai_recommendation,0.771,False,tìm nhà đất Phường Cầu Kiệu giá vừa phải tiềm năng tăng giá,investment,affordable,2.9,2.0
evt_104486,usr_1298,sess_1298_0,44348188,save,2026-02-26T15:11:15Z,22,ai_recommendation,1.809,False,nhà đất Xã Nhà Bè giá tốt cho thuê gần metro,rent,mid_range,5.7,3.0
evt_100141,usr_1009,sess_1009_2,45226656,share,2026-02-26T15:47:07Z,58,homepage,3.137,False,tìm nhà đất Phường Tân Sơn Nhất giá tốt gần trường học,buy_for_living,affordable,2.7,2.0
evt_102457,usr_1164,sess_1164_0,44901153,view,2026-02-26T15:52:14Z,27,search_bar,0.641,False,nhà đất Phường Nhiêu Lộc khu nhà giàu cho vợ chồng mới cưới,buy_for_living,affordable,2.9,2.0
evt_104205,usr_1278,sess_1278_0,45215745,view,2026-02-26T17:38:16Z,67,homepage,0.812,False,tìm nhà đất Phường Thới Hòa giá rẻ gần trường học,buy_for_living,mid_range,6.6,2.0
evt_102070,usr_1141,sess_1141_0,43284841,view,2026-02-26T18:13:02Z,51,ai_recommendation,0.76,False,căn hộ Phường Long Bình sang trọng cho thuê lại được,investment,mid_range,5.7,2.0
evt_102436,usr_1163,sess_1163_0,44290797,save,2026-02-26T18:53:11Z,262,ai_recommendation,3.0,False,"cần thuê nhà đất Phường Thạnh Mỹ Tây full nội thất, rẻ một chút",rent,mid_range,7.2,3.0
evt_101206,usr_1082,sess_1082_0,45054518,view,2026-02-26T19:51:31Z,118,ai_recommendation,0.919,False,tìm nhà đất Xã Nhà Bè ổn định gần trường học,buy_for_living,affordable,2.6,2.0
evt_103372,usr_1222,sess_1222_1,44766246,view,2026-02-26T20:22:49Z,93,ai_recommendation,0.874,False,"cần mua nhà đất 5 phòng ngủ ở Phường Tam Thắng để ở, giá hợp lý",buy_for_living,affordable,2.7,2.0
evt_102769,usr_1184,sess_1184_0,44687019,view,2026-02-26T20:57:14Z,49,ai_recommendation,0.753,False,"nhà ở Phường Gia Định thoáng mát 1pn, bình dân",buy_for_living,luxury,24.9,1.0
evt_101847,usr_1126,sess_1126_0,44186994,view,2026-02-26T21:11:08Z,61,ai_recommendation,0.794,False,tìm nhà đất Phường Tân Thuận giá mềm tiềm năng tăng giá,investment,affordable,2.4,1.0
evt_102658,usr_1177,sess_1177_1,45252025,save,2026-02-26T21:17:38Z,115,search_bar,2.743,False,"mua nhà đất đầu tư ở Phường Thông Tây Hội pháp lý rõ ràng, ổn định",investment,luxury,27.7,2.0
evt_101465,usr_1099,sess_1099_0,44130060,view,2026-02-26T21:22:29Z,58,search_bar,0.784,False,tìm nhà đất Phường Diên Hồng bình dân tiềm năng tăng giá,investment,affordable,2.6,2.0
evt_100254,usr_1015,sess_1015_1,44466877,view,2026-02-26T23:23:18Z,40,related_items,0.714,False,tìm nhà đất Phường Tân Sơn giá hợp lý tiềm năng tăng giá,investment,affordable,2.1,2.0
evt_101402,usr_1095,sess_1095_1,44210067,view,2026-02-27T00:21:22Z,22,ai_recommendation,0.603,False,"nhà ở Phường Tân Sơn thoáng mát 4pn, giá hợp lý",buy_for_living,affordable,3.0,2.0
evt_104275,usr_1283,sess_1283_2,44756981,share,2026-02-27T02:43:55Z,21,homepage,2.378,False,"mua nhà đất đầu tư ở Phường Tân Sơn pháp lý rõ ràng, khu nhà giàu",investment,luxury,19.0,2.0
evt_103717,usr_1246,sess_1246_1,45029240,save,2026-02-27T02:56:28Z,106,search_bar,2.697,False,nhà đất Phường Tân Thuận cao cấp cho thuê lại được,investment,luxury,21.4,3.0
evt_101906,usr_1130,sess_1130_0,44888767,view,2026-02-27T03:19:38Z,10,ai_recommendation,0.461,False,nhà đất Phường Hòa Hưng giá hợp lý cho thuê lại được,investment,affordable,2.5,1.0
evt_101934,usr_1132,sess_1132_0,44629864,contact,2026-02-27T03:54:36Z,19,search_bar,2.881,False,nhà đất Phường Hiệp Bình rẻ một chút cho thuê lại được,investment,luxury,20.8,1.0
evt_103374,usr_1223,sess_1223_0,45083827,view,2026-02-27T04:36:50Z,17,homepage,0.556,False,nhà đất Phường An Phú Đông giá tốt cho gia đình,buy_for_living,affordable,2.4,3.0
evt_103961,usr_1262,sess_1262_0,44786778,view,2026-02-27T05:25:12Z,257,related_items,1.0,False,nhà đất Phường Phú Nhuận cao cấp cho gia đình,buy_for_living,mid_range,8.0,2.0
evt_101414,usr_1095,sess_1095_0,45186557,view,2026-02-27T07:06:05Z,46,homepage,0.741,False,nhà đất Phường An Lạc giá mềm cho gia đình,buy_for_living,affordable,3.0,2.0
evt_104075,usr_1269,sess_1269_1,43152347,view,2026-02-27T08:15:13Z,35,ai_recommendation,0.689,False,"nhà ở Phường Phước Long thoáng mát 5pn, cao cấp",buy_for_living,affordable,2.5,3.0
evt_101824,usr_1125,sess_1125_0,44904491,view,2026-02-27T09:55:51Z,91,search_bar,0.87,False,"nhà ở Phường Thủ Đức thoáng mát 2pn, giá tốt",buy_for_living,affordable,3.0,2.0
evt_103398,usr_1225,sess_1225_0,45229038,view,2026-02-27T10:05:51Z,23,search_bar,0.611,False,"nhà ở Phường Tân Sơn thoáng mát 3pn, giá mềm",buy_for_living,mid_range,7.0,2.0
evt_101355,usr_1091,sess_1091_0,44854998,view,2026-02-27T11:29:43Z,19,search_bar,0.576,False,tìm nhà đất Phường Phú Thuận ổn định gần trường học,buy_for_living,mid_range,6.9,2.0
evt_101267,usr_1086,sess_1086_1,45199407,view,2026-02-27T12:18:01Z,53,ai_recommendation,0.767,False,tìm nhà đất Phường An Phú Đông giá mềm tiềm năng tăng giá,investment,affordable,2.7,2.0
evt_103064,usr_1203,sess_1203_0,45046696,view,2026-02-27T12:55:20Z,107,search_bar,0.901,False,nhà đất Phường Thông Tây Hội giá mềm cho thuê lại được,investment,mid_range,7.8,2.0
evt_100166,usr_1010,sess_1010_0,45006538,save,2026-02-27T13:08:07Z,88,related_items,2.59,False,nhà đất Phường Vũng Tàu giá vừa phải cho vợ chồng mới cưới,buy_for_living,affordable,2.3,2.0
evt_104293,usr_1284,sess_1284_1,45163698,view,2026-02-27T13:33:38Z,288,homepage,1.0,False,nhà đất Phường An Lạc giá mềm cho gia đình,buy_for_living,mid_range,7.1,1.0
evt_102271,usr_1154,sess_1154_2,44812725,view,2026-02-27T13:39:33Z,83,related_items,0.852,False,nhà đất Phường An Lạc tầm trung cho vợ chồng mới cưới,buy_for_living,affordable,2.6,3.0
evt_103633,usr_1239,sess_1239_1,44673808,save,2026-02-27T14:43:31Z,70,ai_recommendation,2.46,False,nhà đất Phường Thủ Đức cao cấp dòng tiền tốt,investment,affordable,2.8,1.0
evt_103837,usr_1254,sess_1254_0,44695109,view,2026-02-27T15:19:49Z,82,ai_recommendation,0.85,False,nhà đất Phường Bình Hưng Hòa khu nhà giàu cho thuê lại được,investment,affordable,2.3,1.0
evt_100625,usr_1040,sess_1040_1,44640570,share,2026-02-27T15:22:51Z,67,ai_recommendation,3.247,False,tìm nhà đất Xã Nhà Bè giá vừa phải gần trường học,buy_for_living,luxury,25.7,3.0
evt_102493,usr_1166,sess_1166_0,41321808,view,2026-02-27T15:31:50Z,16,ai_recommendation,0.545,False,căn hộ Phường Long Trường giá tốt cho vợ chồng mới cưới,buy_for_living,luxury,25.3,1.0
evt_100207,usr_1013,sess_1013_0,44477502,view,2026-02-27T16:04:27Z,23,ai_recommendation,0.611,False,"cần mua nhà đất 4 phòng ngủ ở Xã Nhà Bè để ở, giá hợp lý",buy_for_living,affordable,2.4,2.0
evt_104298,usr_1284,sess_1284_0,41851869,contact,2026-02-27T16:57:44Z,44,ai_recommendation,3.661,False,"cần mua nhà đất 4 phòng ngủ ở Phường Phú Thuận để ở, ổn định",buy_for_living,mid_range,7.1,1.0
evt_101436,usr_1097,sess_1097_2,45257289,view,2026-02-27T17:31:14Z,9,search_bar,0.443,True,căn hộ Phường An Lạc giá rẻ dòng tiền tốt,investment,affordable,2.4,2.0
evt_104269,usr_1282,sess_1282_1,44210067,view,2026-02-27T17:32:14Z,31,search_bar,0.667,False,tìm nhà đất Phường Tân Sơn giá vừa phải gần trường học,buy_for_living,affordable,2.6,2.0
evt_103428,usr_1226,sess_1226_0,45184928,view,2026-02-27T17:36:21Z,9,homepage,0.443,True,"nhà ở Phường Tân Phú thoáng mát 0pn, sang trọng",buy_for_living,affordable,2.5,2.0
evt_102292,usr_1155,sess_1155_1,45245743,view,2026-02-27T18:14:10Z,105,search_bar,0.897,False,tìm nhà đất Phường Chánh Hưng giá hợp lý gần trường học,buy_for_living,affordable,3.0,2.0
evt_103736,usr_1247,sess_1247_1,45186848,save,2026-02-27T18:55:39Z,81,related_items,2.543,False,căn hộ Phường Đông Hưng Thuận giá mềm dòng tiền tốt,investment,affordable,2.4,2.0
evt_102195,usr_1150,sess_1150_0,45207570,save,2026-02-27T19:17:56Z,103,homepage,2.68,False,tìm nhà đất Phường Tân Hưng giá tốt tiềm năng tăng giá,investment,affordable,2.9,2.0
evt_101364,usr_1092,sess_1092_1,44405523,view,2026-02-27T19:42:27Z,208,homepage,1.0,False,"cần mua nhà đất 2 phòng ngủ ở Xã Xuân Thới Sơn để ở, sang trọng",buy_for_living,mid_range,6.4,1.0
evt_100485,usr_1031,sess_1031_1,45232540,save,2026-02-27T19:56:41Z,75,related_items,2.499,False,"cần mua nhà đất 2 phòng ngủ ở Phường Bình Tân để ở, rẻ một chút",buy_for_living,affordable,2.9,2.0
evt_101038,usr_1071,sess_1071_0,45144414,view,2026-02-27T21:30:44Z,70,ai_recommendation,0.82,False,"cần mua nhà đất 3 phòng ngủ ở Phường Hiệp Bình để ở, bình dân",buy_for_living,affordable,2.1,2.0
evt_101125,usr_1077,sess_1077_1,45010170,view,2026-02-27T22:00:56Z,21,ai_recommendation,0.595,False,"nhà ở Xã Tân Nhựt thoáng mát 2pn, giá rẻ",buy_for_living,luxury,29.0,1.0
evt_104041,usr_1267,sess_1267_0,44555827,view,2026-02-27T22:56:07Z,12,related_items,0.493,False,"cần mua nhà đất 5 phòng ngủ ở Phường Bình Đông để ở, vị trí đẹp",buy_for_living,affordable,2.3,2.0
evt_103128,usr_1206,sess_1206_0,45090864,view,2026-02-27T23:28:25Z,470,homepage,1.0,False,"mua nhà đất đầu tư ở Phường Bình Trị Đông pháp lý rõ ràng, giá vừa phải",investment,affordable,2.5,2.0
evt_102641,usr_1176,sess_1176_0,44564031,view,2026-02-28T00:44:50Z,122,ai_recommendation,0.926,False,nhà đất Xã Hiệp Phước giá mềm cho vợ chồng mới cưới,buy_for_living,affordable,2.9,2.0
evt_102744,usr_1183,sess_1183_0,45179131,view,2026-02-28T01:53:38Z,28,related_items,0.648,False,"cần mua nhà đất 4 phòng ngủ ở Phường An Lạc để ở, giá rẻ",buy_for_living,luxury,29.1,2.0
evt_101101,usr_1076,sess_1076_2,45219725,contact,2026-02-28T02:06:14Z,71,search_bar,4.113,False,căn hộ Phường Long Bình giá rẻ cho thuê lại được,investment,affordable,2.8,2.0
evt_102887,usr_1191,sess_1191_1,45171910,view,2026-02-28T02:49:54Z,9,search_bar,0.443,True,thuê căn hộ Phường Minh Phụng 2 phòng ngủ giá vừa phải,rent,mid_range,6.0,3.0
evt_104320,usr_1286,sess_1286_0,45111527,contact,2026-02-28T04:13:48Z,14,search_bar,2.605,False,"cần thuê nhà đất Phường Phú Định full nội thất, khu nhà giàu",rent,affordable,2.6,1.0
evt_100278,usr_1017,sess_1017_1,44881140,save,2026-02-28T05:09:04Z,23,ai_recommendation,1.834,False,"cần thuê căn hộ Phường Cầu Ông Lãnh full nội thất, giá tốt",rent,mid_range,7.6,2.0
evt_102425,usr_1163,sess_1163_0,45265219,view,2026-02-28T06:31:36Z,67,homepage,0.812,False,tìm phòng nhà đất ở Phường Thới An sang trọng,rent,mid_range,7.2,3.0
evt_102429,usr_1163,sess_1163_0,44404341,view,2026-02-28T07:56:39Z,88,search_bar,0.863,False,thuê căn hộ Phường Long Bình 1 phòng ngủ giá tốt,rent,mid_range,7.2,3.0
evt_102156,usr_1147,sess_1147_0,44348188,contact,2026-02-28T07:59:52Z,25,ai_recommendation,3.134,False,nhà đất Xã Nhà Bè giá tốt cho vợ chồng mới cưới,buy_for_living,affordable,2.6,1.0
evt_100078,usr_1004,sess_1004_2,45028627,contact,2026-02-28T09:24:27Z,26,ai_recommendation,3.17,False,thuê nhà đất Phường Phú Thuận 2 phòng ngủ bình dân,rent,affordable,2.2,2.0
evt_103253,usr_1214,sess_1214_2,45197190,contact,2026-02-28T09:24:47Z,49,ai_recommendation,3.763,False,căn hộ Phường Phú Thọ Hòa giá mềm cho thuê gần metro,rent,affordable,2.6,2.0
evt_101536,usr_1104,sess_1104_1,44947883,contact,2026-02-28T09:44:08Z,18,related_items,2.832,False,nhà đất Phường Cầu Kiệu giá hợp lý cho vợ chồng mới cưới,buy_for_living,mid_range,6.1,3.0
evt_103620,usr_1238,sess_1238_0,45148623,save,2026-02-28T09:50:07Z,31,search_bar,2.0,False,nhà đất Phường Vũng Tàu giá vừa phải cho thuê gần metro,rent,mid_range,7.2,2.0
evt_102463,usr_1165,sess_1165_1,44827098,view,2026-02-28T10:05:29Z,131,ai_recommendation,0.939,False,"nhà ở Phường Cầu Ông Lãnh thoáng mát 8pn, sang trọng",buy_for_living,luxury,26.4,2.0
evt_102866,usr_1190,sess_1190_1,44482740,view,2026-02-28T10:06:06Z,34,related_items,0.684,False,căn hộ Phường Bến Thành rẻ một chút cho gia đình,buy_for_living,affordable,2.8,2.0
evt_102795,usr_1186,sess_1186_2,44612137,contact,2026-02-28T11:28:07Z,75,ai_recommendation,4.165,False,tìm căn hộ Phường An Khánh giá vừa phải gần trường học,buy_for_living,luxury,28.1,2.0
evt_101609,usr_1109,sess_1109_0,45267208,contact,2026-02-28T12:52:34Z,38,ai_recommendation,3.524,False,"nhà ở Phường An Hội Đông thoáng mát 3pn, giá vừa phải",buy_for_living,affordable,2.1,2.0
evt_100857,usr_1056,sess_1056_0,45196417,view,2026-02-28T13:06:44Z,65,ai_recommendation,0.806,False,"cần mua nhà đất 2 phòng ngủ ở Phường Cầu Kiệu để ở, rẻ một chút",buy_for_living,affordable,2.6,2.0
evt_104038,usr_1267,sess_1267_0,45118111,save,2026-02-28T13:17:54Z,25,homepage,1.88,False,nhà đất Phường Tăng Nhơn Phú giá vừa phải cho vợ chồng mới cưới,buy_for_living,affordable,2.3,2.0
evt_100009,usr_1000,sess_1000_1,44843130,view,2026-02-28T15:05:14Z,44,ai_recommendation,0.732,False,tìm căn hộ Phường Xuân Hòa rẻ một chút gần trường học,buy_for_living,affordable,2.4,2.0
evt_100470,usr_1030,sess_1030_1,43698090,view,2026-02-28T15:18:15Z,24,homepage,0.619,False,"nhà ở Phường Bến Thành thoáng mát 5pn, vị trí đẹp",buy_for_living,luxury,19.9,2.0
evt_103522,usr_1232,sess_1232_2,45060998,contact,2026-02-28T15:46:06Z,21,ai_recommendation,2.973,False,tìm phòng nhà đất ở Phường Bình Trưng giá rẻ,rent,mid_range,6.1,2.0
evt_100231,usr_1014,sess_1014_1,45121026,view,2026-02-28T15:50:46Z,66,search_bar,0.809,False,nhà đất Phường Thông Tây Hội tầm trung cho vợ chồng mới cưới,buy_for_living,mid_range,7.7,3.0
evt_102730,usr_1181,sess_1181_1,45263608,save,2026-02-28T16:56:39Z,160,search_bar,2.932,False,nhà đất Phường Hòa Hưng giá tốt cho vợ chồng mới cưới,buy_for_living,mid_range,6.0,1.0
evt_101853,usr_1127,sess_1127_0,43411719,view,2026-02-28T17:05:40Z,318,related_items,1.0,False,nhà đất Phường Gia Định cao cấp cho gia đình,buy_for_living,affordable,2.5,2.0
evt_101840,usr_1126,sess_1126_1,44701389,save,2026-02-28T17:31:22Z,84,search_bar,2.564,False,tìm nhà đất Phường Cầu Kiệu ổn định tiềm năng tăng giá,investment,affordable,2.4,1.0
evt_100327,usr_1020,sess_1020_0,44059221,view,2026-02-28T17:54:51Z,37,homepage,0.7,False,thuê nhà đất Phường Hòa Hưng 0 phòng ngủ giá hợp lý,rent,mid_range,6.9,2.0
evt_101607,usr_1109,sess_1109_0,44578203,view,2026-02-28T18:16:30Z,33,homepage,0.678,False,"cần mua nhà đất 3 phòng ngủ ở Phường Phú Thuận để ở, giá tốt",buy_for_living,affordable,2.1,2.0
evt_104178,usr_1276,sess_1276_1,45263608,view,2026-02-28T18:33:17Z,76,ai_recommendation,0.836,False,tìm phòng nhà đất ở Phường Hòa Hưng giá mềm,rent,affordable,2.5,2.0
evt_102680,usr_1179,sess_1179_1,44590405,view,2026-02-28T18:54:38Z,43,homepage,0.728,False,căn hộ Phường An Khánh khu nhà giàu dòng tiền tốt,investment,mid_range,6.4,1.0
evt_101950,usr_1133,sess_1133_0,44040604,view,2026-02-28T19:01:59Z,25,ai_recommendation,0.627,False,nhà đất Xã Nhà Bè tầm trung cho thuê gần metro,rent,luxury,26.3,2.0
evt_100247,usr_1015,sess_1015_0,45160970,view,2026-02-28T21:21:37Z,24,ai_recommendation,0.619,False,"mua nhà đất đầu tư ở Phường Tân Hưng pháp lý rõ ràng, giá hợp lý",investment,affordable,2.1,2.0
evt_102988,usr_1198,sess_1198_0,45253348,view,2026-02-28T21:28:48Z,31,homepage,0.667,False,"nhà ở Phường Gò Vấp thoáng mát 3pn, vị trí đẹp",buy_for_living,affordable,2.2,2.0
evt_101720,usr_1118,sess_1118_1,45007922,view,2026-02-28T21:34:26Z,58,search_bar,0.784,False,tìm nhà đất Phường Tăng Nhơn Phú ổn định tiềm năng tăng giá,investment,mid_range,6.3,2.0
evt_103600,usr_1237,sess_1237_2,44732057,view,2026-02-28T21:49:08Z,33,ai_recommendation,0.678,False,nhà đất Phường Nhiêu Lộc sang trọng cho thuê gần metro,rent,mid_range,6.5,2.0
evt_102202,usr_1150,sess_1150_1,44986327,view,2026-02-28T23:29:50Z,25,homepage,0.627,False,nhà đất Phường Xóm Chiếu giá rẻ cho thuê lại được,investment,affordable,2.9,2.0
evt_102159,usr_1147,sess_1147_0,44655376,contact,2026-03-01T00:18:43Z,51,homepage,3.8,False,"cần mua nhà đất 4 phòng ngủ ở Phường Long Phước để ở, sang trọng",buy_for_living,affordable,2.6,1.0
evt_102093,usr_1142,sess_1142_0,44156207,view,2026-03-01T01:18:22Z,30,search_bar,0.661,False,"cần thuê nhà đất Phường Bình Lợi Trung full nội thất, tầm trung",rent,affordable,2.3,1.0
evt_103079,usr_1204,sess_1204_0,45263838,view,2026-03-01T01:20:25Z,23,search_bar,0.611,False,nhà đất Phường An Lạc ổn định cho gia đình,buy_for_living,affordable,2.7,2.0
evt_100230,usr_1014,sess_1014_0,45061609,save,2026-03-01T02:05:21Z,75,homepage,2.499,False,"cần mua nhà đất 4 phòng ngủ ở Phường Long Trường để ở, ổn định",buy_for_living,mid_range,7.7,3.0
evt_103481,usr_1230,sess_1230_1,44957970,view,2026-03-01T02:17:41Z,142,ai_recommendation,0.955,False,tìm căn hộ Xã Tân Nhựt tầm trung gần trường học,buy_for_living,affordable,2.5,2.0
evt_103688,usr_1244,sess_1244_1,45138441,save,2026-03-01T02:44:49Z,129,search_bar,2.809,False,"cần mua nhà đất 4 phòng ngủ ở Phường Thủ Đức để ở, khu nhà giàu",buy_for_living,affordable,2.8,2.0
evt_102121,usr_1144,sess_1144_0,44634121,view,2026-03-01T02:45:30Z,59,search_bar,0.788,False,căn hộ Phường Gia Định bình dân dòng tiền tốt,investment,luxury,28.6,1.0
evt_103296,usr_1217,sess_1217_0,45000100,view,2026-03-01T03:05:01Z,22,search_bar,0.603,False,nhà đất Phường Bình Lợi Trung rẻ một chút cho gia đình,buy_for_living,affordable,2.3,2.0
evt_102343,usr_1158,sess_1158_0,45207627,save,2026-03-01T03:30:45Z,50,ai_recommendation,2.269,False,"nhà ở Phường Phú Thuận thoáng mát 2pn, giá rẻ",buy_for_living,mid_range,5.9,2.0
evt_101584,usr_1107,sess_1107_0,45060455,view,2026-03-01T04:09:47Z,42,search_bar,0.724,False,nhà đất Phường Tân Tạo rẻ một chút cho vợ chồng mới cưới,buy_for_living,mid_range,7.0,1.0
evt_101463,usr_1099,sess_1099_0,39078021,view,2026-03-01T08:13:08Z,14,ai_recommendation,0.521,False,nhà đất Xã Bà Điểm tầm trung dòng tiền tốt,investment,affordable,2.6,2.0
evt_102885,usr_1191,sess_1191_0,44420531,share,2026-03-01T08:33:37Z,54,homepage,3.083,False,nhà đất Xã Nhà Bè khu nhà giàu cho thuê gần metro,rent,mid_range,6.0,3.0
evt_101680,usr_1114,sess_1114_2,44048727,share,2026-03-01T08:42:08Z,17,homepage,2.224,False,"nhà ở Phường Long Bình thoáng mát 3pn, giá vừa phải",buy_for_living,mid_range,6.3,3.0
evt_101781,usr_1122,sess_1122_0,44851752,save,2026-03-01T08:54:27Z,423,related_items,3.0,False,nhà đất Phường Tân Định giá vừa phải dòng tiền tốt,investment,luxury,28.5,2.0
evt_103359,usr_1222,sess_1222_0,45260467,contact,2026-03-01T09:07:26Z,45,search_bar,3.682,False,căn hộ Phường Hòa Hưng bình dân cho gia đình,buy_for_living,affordable,2.7,2.0
evt_103416,usr_1226,sess_1226_1,45007564,view,2026-03-01T09:12:15Z,5,ai_recommendation,0.345,True,nhà đất Phường Bình Tân khu nhà giàu cho vợ chồng mới cưới,buy_for_living,affordable,2.5,2.0
evt_100570,usr_1036,sess_1036_1,44832555,view,2026-03-01T10:33:35Z,248,ai_recommendation,1.0,False,nhà đất Phường Chợ Quán cao cấp cho thuê lại được,investment,mid_range,5.6,2.0
evt_100385,usr_1025,sess_1025_1,45158225,contact,2026-03-01T11:01:45Z,29,related_items,3.271,False,tìm nhà đất Phường Tân Đông Hiệp rẻ một chút gần trường học,buy_for_living,affordable,2.5,2.0
evt_102064,usr_1140,sess_1140_0,45222510,view,2026-03-01T11:13:17Z,24,homepage,0.619,False,tìm nhà đất Phường Phú Nhuận cao cấp gần trường học,buy_for_living,affordable,2.4,2.0
evt_101739,usr_1119,sess_1119_0,45238719,view,2026-03-01T11:28:24Z,6,ai_recommendation,0.374,True,"cần thuê nhà đất Phường Hòa Hưng full nội thất, bình dân",rent,luxury,24.2,2.0
evt_102857,usr_1189,sess_1189_0,44953675,contact,2026-03-01T11:34:51Z,25,search_bar,3.134,False,"cần mua nhà đất 3 phòng ngủ ở Phường Thới An để ở, giá vừa phải",buy_for_living,affordable,2.2,2.0
evt_100382,usr_1024,sess_1024_2,45054515,view,2026-03-01T12:56:24Z,21,ai_recommendation,0.595,False,nhà đất Phường Thới An giá hợp lý cho thuê gần metro,rent,mid_range,6.4,2.0
evt_100933,usr_1063,sess_1063_1,45240745,save,2026-03-01T13:29:54Z,91,ai_recommendation,2.609,False,nhà đất Phường Bàn Cờ ổn định dòng tiền tốt,investment,affordable,3.0,2.0
evt_104176,usr_1276,sess_1276_0,45183463,view,2026-03-01T13:48:33Z,262,search_bar,1.0,False,thuê căn hộ Phường Gò Vấp 2 phòng ngủ giá mềm,rent,affordable,2.5,2.0
evt_100642,usr_1041,sess_1041_0,44864723,contact,2026-03-01T14:47:47Z,39,related_items,3.548,False,tìm nhà đất Phường Khánh Hội tầm trung gần trường học,buy_for_living,affordable,2.2,2.0
evt_103208,usr_1211,sess_1211_1,45231990,contact,2026-03-01T15:58:55Z,116,related_items,4.58,False,thuê nhà đất Phường Tân Mỹ 4 phòng ngủ giá rẻ,rent,affordable,2.4,2.0
evt_103945,usr_1261,sess_1261_0,45211234,view,2026-03-01T16:53:09Z,489,search_bar,1.0,False,nhà đất Phường Bình Thạnh ổn định dòng tiền tốt,investment,affordable,2.1,2.0
evt_101958,usr_1133,sess_1133_0,44838169,save,2026-03-01T17:20:11Z,28,homepage,1.943,False,nhà đất Phường Diên Hồng giá mềm cho thuê gần metro,rent,luxury,26.3,2.0
evt_102755,usr_1183,sess_1183_0,44925166,save,2026-03-01T18:24:25Z,118,homepage,2.758,False,"cần mua nhà đất 4 phòng ngủ ở Xã Nhà Bè để ở, giá hợp lý",buy_for_living,luxury,29.1,2.0
evt_100026,usr_1001,sess_1001_1,45155376,view,2026-03-01T19:16:40Z,220,ai_recommendation,1.0,False,tìm căn hộ Phường Bình Phú rẻ một chút gần trường học,buy_for_living,affordable,2.7,2.0
evt_102182,usr_1149,sess_1149_2,45236270,contact,2026-03-01T19:27:23Z,204,search_bar,5.0,False,"nhà ở Xã Tân Nhựt thoáng mát 2pn, ổn định",buy_for_living,affordable,2.6,2.0
evt_100110,usr_1006,sess_1006_1,43797911,view,2026-03-01T19:29:46Z,20,ai_recommendation,0.586,False,nhà đất Phường Long Trường vị trí đẹp dòng tiền tốt,investment,affordable,2.5,2.0
evt_103037,usr_1201,sess_1201_0,45005046,view,2026-03-01T20:04:05Z,46,ai_recommendation,0.741,False,"nhà ở Phường Tân Hưng thoáng mát 4pn, giá vừa phải",buy_for_living,affordable,2.1,2.0
evt_102326,usr_1157,sess_1157_1,45073001,share,2026-03-01T20:17:36Z,154,ai_recommendation,3.881,False,nhà đất Phường Linh Xuân rẻ một chút cho gia đình,buy_for_living,affordable,2.3,2.0
evt_101025,usr_1069,sess_1069_1,45178416,contact,2026-03-01T21:25:57Z,37,search_bar,3.499,False,"mua nhà đất đầu tư ở Phường Tân Sơn Nhì pháp lý rõ ràng, sang trọng",investment,affordable,2.2,1.0
evt_104354,usr_1288,sess_1288_0,45139928,save,2026-03-01T21:29:39Z,97,search_bar,2.646,False,"nhà ở Phường Hòa Bình thoáng mát 6pn, vị trí đẹp",buy_for_living,mid_range,5.8,1.0
evt_100304,usr_1018,sess_1018_1,44773630,view,2026-03-01T23:07:48Z,29,related_items,0.654,False,tìm nhà đất Phường Tân Định giá vừa phải tiềm năng tăng giá,investment,luxury,27.1,2.0
evt_103094,usr_1205,sess_1205_0,44558312,contact,2026-03-01T23:18:33Z,26,related_items,3.17,False,"nhà ở Phường Tân Thuận thoáng mát 2pn, sang trọng",buy_for_living,affordable,2.2,2.0
evt_100578,usr_1037,sess_1037_2,44995126,view,2026-03-01T23:24:17Z,95,homepage,0.878,False,tìm nhà đất Phường Tân Sơn Hòa sang trọng tiềm năng tăng giá,investment,affordable,2.9,1.0
evt_101915,usr_1131,sess_1131_0,44125126,view,2026-03-02T00:09:15Z,28,ai_recommendation,0.648,False,tìm nhà đất Xã Hiệp Phước vị trí đẹp gần trường học,buy_for_living,affordable,2.7,2.0
evt_100807,usr_1053,sess_1053_0,44803935,contact,2026-03-02T00:10:42Z,21,ai_recommendation,2.973,False,tìm nhà đất Phường Cầu Ông Lãnh giá tốt gần trường học,buy_for_living,affordable,2.8,1.0
evt_102927,usr_1194,sess_1194_0,44640984,view,2026-03-02T00:17:46Z,127,homepage,0.933,False,nhà đất Xã Trừ Văn Thố cao cấp cho thuê gần metro,rent,mid_range,5.7,2.0
evt_104216,usr_1279,sess_1279_0,45097499,view,2026-03-02T00:55:13Z,281,search_bar,1.0,False,tìm nhà đất Phường Tân Sơn giá rẻ gần trường học,buy_for_living,luxury,25.2,1.0
evt_101669,usr_1113,sess_1113_0,45256231,contact,2026-03-02T01:18:35Z,131,search_bar,4.696,False,nhà đất Phường Bình Trị Đông giá tốt cho gia đình,buy_for_living,affordable,2.8,2.0
evt_102850,usr_1189,sess_1189_0,45255963,view,2026-03-02T01:20:34Z,71,search_bar,0.823,False,tìm căn hộ Phường Hòa Hưng rẻ một chút gần trường học,buy_for_living,affordable,2.2,2.0
evt_103353,usr_1221,sess_1221_1,45028711,view,2026-03-02T01:48:44Z,230,search_bar,1.0,False,tìm nhà đất Phường Đức Nhuận giá rẻ tiềm năng tăng giá,investment,affordable,2.7,3.0
evt_103263,usr_1215,sess_1215_1,44026617,view,2026-03-02T02:40:19Z,171,search_bar,0.99,False,nhà đất Phường Hiệp Bình cao cấp dòng tiền tốt,investment,affordable,2.8,2.0
evt_104254,usr_1281,sess_1281_1,44558902,view,2026-03-02T03:10:55Z,82,related_items,0.85,False,nhà đất Phường Bảy Hiền ổn định dòng tiền tốt,investment,affordable,2.9,2.0
evt_102652,usr_1177,sess_1177_0,43247491,contact,2026-03-02T04:11:52Z,164,ai_recommendation,4.911,False,căn hộ Phường Long Trường giá mềm dòng tiền tốt,investment,luxury,27.7,2.0
evt_103629,usr_1239,sess_1239_1,43241856,save,2026-03-02T04:22:00Z,61,ai_recommendation,2.382,False,căn hộ Phường Long Bình giá rẻ dòng tiền tốt,investment,affordable,2.8,1.0
evt_100013,usr_1000,sess_1000_1,45025194,view,2026-03-02T04:29:36Z,217,search_bar,1.0,False,nhà đất Phường Phú Nhuận giá rẻ cho gia đình,buy_for_living,affordable,2.4,2.0
evt_104120,usr_1272,sess_1272_1,45256250,save,2026-03-02T04:56:57Z,90,ai_recommendation,2.603,False,tìm nhà đất Phường Bình Trị Đông bình dân gần trường học,buy_for_living,affordable,2.7,2.0
evt_101676,usr_1113,sess_1113_0,45234228,save,2026-03-02T05:34:29Z,180,ai_recommendation,3.0,False,nhà đất Xã Nhà Bè rẻ một chút cho gia đình,buy_for_living,affordable,2.8,2.0
evt_102781,usr_1185,sess_1185_1,44857952,view,2026-03-02T05:42:23Z,173,homepage,0.992,False,tìm nhà đất Xã Nhà Bè khu nhà giàu gần trường học,buy_for_living,mid_range,5.7,1.0
evt_101016,usr_1069,sess_1069_0,44994255,contact,2026-03-02T05:55:40Z,109,ai_recommendation,4.521,False,tìm nhà đất Phường Cầu Kiệu vị trí đẹp tiềm năng tăng giá,investment,affordable,2.2,1.0
evt_100223,usr_1014,sess_1014_0,42034419,save,2026-03-02T06:11:41Z,71,ai_recommendation,2.468,False,tìm nhà đất Xã Hiệp Phước ổn định gần trường học,buy_for_living,mid_range,7.7,3.0
evt_102055,usr_1139,sess_1139_1,45206352,view,2026-03-02T06:27:32Z,95,search_bar,0.878,False,nhà đất Phường Phú Nhuận giá tốt dòng tiền tốt,investment,luxury,25.1,3.0
evt_101147,usr_1078,sess_1078_0,40484691,contact,2026-03-02T06:34:16Z,522,ai_recommendation,5.0,False,nhà đất Xã Bình Hưng giá hợp lý cho gia đình,buy_for_living,affordable,2.8,2.0
evt_104082,usr_1270,sess_1270_1,45226878,view,2026-03-02T06:40:16Z,73,homepage,0.828,False,"mua nhà đất đầu tư ở Phường Phú Nhuận pháp lý rõ ràng, tầm trung",investment,mid_range,7.0,2.0
evt_100063,usr_1003,sess_1003_0,45027406,view,2026-03-02T07:10:52Z,138,ai_recommendation,0.949,False,nhà đất Phường Cầu Kiệu rẻ một chút cho thuê lại được,investment,mid_range,6.0,1.0
evt_100024,usr_1001,sess_1001_1,44403119,save,2026-03-02T07:41:30Z,38,related_items,2.114,False,"nhà ở Phường Long Bình thoáng mát 2pn, giá rẻ",buy_for_living,affordable,2.7,2.0
evt_103765,usr_1248,sess_1248_0,45144302,view,2026-03-02T09:01:00Z,275,related_items,1.0,False,nhà đất Phường Hòa Hưng giá tốt cho thuê lại được,investment,affordable,2.3,2.0
evt_101073,usr_1073,sess_1073_0,45110527,view,2026-03-02T09:59:46Z,30,related_items,0.661,False,tìm nhà đất Phường Thông Tây Hội ổn định gần trường học,buy_for_living,mid_range,5.9,2.0
evt_101589,usr_1108,sess_1108_0,44907913,contact,2026-03-02T10:56:07Z,54,related_items,3.854,False,"cần mua nhà đất 5 phòng ngủ ở Phường Phú Nhuận để ở, vị trí đẹp",buy_for_living,affordable,2.5,2.0
evt_103618,usr_1238,sess_1238_0,44356263,contact,2026-03-02T11:09:49Z,23,ai_recommendation,3.057,False,tìm phòng nhà đất ở Phường Tân Thuận ổn định,rent,mid_range,7.2,2.0
evt_101232,usr_1084,sess_1084_0,45046256,save,2026-03-02T12:14:58Z,183,related_items,3.0,False,tìm nhà đất Phường An Lạc tầm trung gần trường học,buy_for_living,mid_range,7.2,2.0
evt_103074,usr_1204,sess_1204_0,44531634,contact,2026-03-02T12:55:26Z,22,ai_recommendation,3.016,False,căn hộ Phường Tăng Nhơn Phú giá tốt cho gia đình,buy_for_living,affordable,2.7,2.0
evt_102677,usr_1178,sess_1178_0,44635046,contact,2026-03-02T13:06:18Z,18,ai_recommendation,2.832,False,nhà đất Phường Tăng Nhơn Phú tầm trung cho gia đình,buy_for_living,mid_range,7.2,2.0
evt_103786,usr_1250,sess_1250_2,43748419,view,2026-03-02T13:13:03Z,11,ai_recommendation,0.478,False,tìm căn hộ Phường Thủ Dầu Một khu nhà giàu gần trường học,buy_for_living,mid_range,5.5,1.0
evt_104151,usr_1274,sess_1274_0,44940548,view,2026-03-02T15:28:02Z,23,ai_recommendation,0.611,False,nhà đất Phường Tân Hưng giá hợp lý cho gia đình,buy_for_living,mid_range,5.5,2.0
evt_102900,usr_1192,sess_1192_0,44770103,view,2026-03-02T16:12:49Z,45,ai_recommendation,0.736,False,nhà đất Phường Tăng Nhơn Phú sang trọng dòng tiền tốt,investment,affordable,2.3,3.0
evt_101725,usr_1118,sess_1118_2,45177146,view,2026-03-02T16:22:38Z,44,search_bar,0.732,False,"mua nhà đất đầu tư ở Phường Diên Hồng pháp lý rõ ràng, giá rẻ",investment,mid_range,6.3,2.0
evt_100847,usr_1056,sess_1056_0,45182521,view,2026-03-02T16:54:40Z,41,ai_recommendation,0.719,False,tìm nhà đất Phường Phú Thạnh vị trí đẹp gần trường học,buy_for_living,affordable,2.6,2.0
evt_104001,usr_1264,sess_1264_0,44727477,share,2026-03-02T17:09:09Z,25,ai_recommendation,2.507,False,nhà đất Phường Linh Xuân giá vừa phải cho gia đình,buy_for_living,mid_range,6.7,1.0
evt_103754,usr_1248,sess_1248_0,45105255,view,2026-03-02T17:37:05Z,57,related_items,0.781,False,tìm nhà đất Phường Phú Thuận giá vừa phải tiềm năng tăng giá,investment,affordable,2.3,2.0
evt_101310,usr_1088,sess_1088_0,45100589,view,2026-03-02T17:39:21Z,29,related_items,0.654,False,tìm căn hộ Phường Tân Thuận bình dân gần trường học,buy_for_living,affordable,3.0,2.0
evt_101306,usr_1088,sess_1088_0,44550792,view,2026-03-02T17:50:33Z,62,ai_recommendation,0.797,False,"cần mua nhà đất 3 phòng ngủ ở Xã Hiệp Phước để ở, bình dân",buy_for_living,affordable,3.0,2.0
evt_101608,usr_1109,sess_1109_0,45125514,contact,2026-03-02T19:18:24Z,64,ai_recommendation,4.015,False,nhà đất Xã Nhà Bè giá tốt cho gia đình,buy_for_living,affordable,2.1,2.0
evt_103619,usr_1238,sess_1238_0,44502536,save,2026-03-02T20:18:22Z,34,ai_recommendation,2.052,False,tìm phòng nhà đất ở Phường An Phú Đông bình dân,rent,mid_range,7.2,2.0
evt_103626,usr_1239,sess_1239_2,45160107,view,2026-03-02T20:27:26Z,16,related_items,0.545,False,"mua nhà đất đầu tư ở Phường Tân Sơn Hòa pháp lý rõ ràng, giá tốt",investment,affordable,2.8,1.0
evt_104433,usr_1293,sess_1293_0,45137809,contact,2026-03-02T22:26:14Z,21,search_bar,2.973,False,căn hộ Phường Đông Hòa rẻ một chút cho gia đình,buy_for_living,affordable,2.9,2.0
evt_100006,usr_1000,sess_1000_0,45072577,view,2026-03-02T22:53:30Z,46,search_bar,0.741,False,nhà đất Phường Phú Thuận giá vừa phải cho vợ chồng mới cưới,buy_for_living,affordable,2.4,2.0
evt_103358,usr_1222,sess_1222_1,45150817,save,2026-03-02T23:01:25Z,108,search_bar,2.707,False,tìm nhà đất Phường Tân Sơn tầm trung gần trường học,buy_for_living,affordable,2.7,2.0
evt_101499,usr_1101,sess_1101_1,45244476,view,2026-03-02T23:50:07Z,108,homepage,0.902,False,tìm phòng căn hộ ở Phường Gia Định giá tốt,rent,affordable,2.3,2.0
evt_103166,usr_1209,sess_1209_0,45157429,view,2026-03-02T23:55:45Z,23,ai_recommendation,0.611,False,"nhà ở Phường Long Bình thoáng mát 2pn, giá hợp lý",buy_for_living,affordable,2.6,2.0
evt_101910,usr_1131,sess_1131_0,45263838,view,2026-03-03T00:14:05Z,52,ai_recommendation,0.764,False,nhà đất Phường An Lạc ổn định cho gia đình,buy_for_living,affordable,2.7,2.0
evt_103828,usr_1253,sess_1253_0,44426090,view,2026-03-03T00:24:36Z,30,ai_recommendation,0.661,False,tìm nhà đất Phường Gia Định sang trọng tiềm năng tăng giá,investment,affordable,2.6,2.0
evt_103424,usr_1226,sess_1226_2,43899935,view,2026-03-03T01:08:17Z,5,homepage,0.345,True,"cần mua nhà đất 8 phòng ngủ ở Phường Hòa Hưng để ở, khu nhà giàu",buy_for_living,affordable,2.5,2.0
evt_100212,usr_1013,sess_1013_0,45099707,contact,2026-03-03T01:09:21Z,123,search_bar,4.636,False,tìm nhà đất Phường Long Phước vị trí đẹp gần trường học,buy_for_living,affordable,2.4,2.0
evt_100755,usr_1050,sess_1050_1,44657233,view,2026-03-03T01:34:26Z,43,homepage,0.728,False,"cần thuê nhà đất Phường Tam Thắng full nội thất, sang trọng",rent,luxury,28.7,2.0
evt_102566,usr_1170,sess_1170_0,44795201,view,2026-03-03T04:12:04Z,54,ai_recommendation,0.771,False,tìm nhà đất Phường Bàn Cờ tầm trung gần trường học,buy_for_living,affordable,2.5,2.0
evt_100783,usr_1052,sess_1052_0,45252747,share,2026-03-03T05:39:19Z,477,search_bar,4.0,False,tìm nhà đất Phường Cầu Kiệu tầm trung tiềm năng tăng giá,investment,luxury,20.9,2.0
evt_100397,usr_1026,sess_1026_1,43317425,save,2026-03-03T06:08:38Z,61,ai_recommendation,2.382,False,căn hộ Phường Long Bình giá tốt cho vợ chồng mới cưới,buy_for_living,mid_range,7.2,3.0
evt_104130,usr_1273,sess_1273_1,45116577,view,2026-03-03T07:05:16Z,55,search_bar,0.774,False,thuê nhà đất Phường Phú Định 5 phòng ngủ vị trí đẹp,rent,mid_range,7.2,1.0
evt_102018,usr_1137,sess_1137_2,44976878,view,2026-03-03T10:39:01Z,299,ai_recommendation,1.0,False,"mua căn hộ đầu tư ở Phường Cầu Ông Lãnh pháp lý rõ ràng, bình dân",investment,affordable,2.2,2.0
evt_100556,usr_1035,sess_1035_0,42991175,save,2026-03-03T11:32:15Z,122,search_bar,2.777,False,"mua nhà đất đầu tư ở Phường Tân Thới Hiệp pháp lý rõ ràng, ổn định",investment,affordable,2.4,1.0
evt_100245,usr_1015,sess_1015_1,43999966,view,2026-03-03T11:44:53Z,11,ai_recommendation,0.478,False,"mua căn hộ đầu tư ở Phường Long Bình pháp lý rõ ràng, giá tốt",investment,affordable,2.1,2.0
evt_103285,usr_1216,sess_1216_0,45159585,view,2026-03-03T12:15:11Z,135,search_bar,0.945,False,nhà đất Phường Hạnh Thông vị trí đẹp cho gia đình,buy_for_living,affordable,2.1,1.0
evt_102467,usr_1165,sess_1165_1,44827098,view,2026-03-03T13:26:16Z,9,related_items,0.443,True,"cần mua nhà đất 8 phòng ngủ ở Phường Cầu Ông Lãnh để ở, cao cấp",buy_for_living,luxury,26.4,2.0
evt_101514,usr_1103,sess_1103_0,44815299,view,2026-03-03T14:01:12Z,94,homepage,0.876,False,"cần thuê căn hộ Xã Tân Nhựt full nội thất, giá tốt",rent,affordable,2.7,2.0
evt_100116,usr_1007,sess_1007_0,45137642,view,2026-03-03T14:23:34Z,155,search_bar,0.971,False,nhà đất Phường Bàn Cờ giá vừa phải cho vợ chồng mới cưới,buy_for_living,affordable,2.8,2.0
evt_104006,usr_1265,sess_1265_1,44881140,view,2026-03-03T14:36:41Z,10,homepage,0.461,False,thuê căn hộ Phường Cầu Ông Lãnh 3 phòng ngủ giá tốt,rent,mid_range,6.5,1.0
evt_104452,usr_1295,sess_1295_1,45126351,view,2026-03-03T15:16:55Z,70,search_bar,0.82,False,"cần thuê nhà đất Phường Bảy Hiền full nội thất, cao cấp",rent,mid_range,7.0,2.0
evt_100994,usr_1067,sess_1067_1,45197397,view,2026-03-03T15:57:35Z,31,ai_recommendation,0.667,False,"mua nhà đất đầu tư ở Phường Hòa Hưng pháp lý rõ ràng, bình dân",investment,luxury,29.4,2.0
evt_103864,usr_1255,sess_1255_0,45073172,view,2026-03-03T16:22:26Z,56,search_bar,0.778,False,"nhà ở Phường Khánh Hội thoáng mát 4pn, giá vừa phải",buy_for_living,mid_range,6.8,1.0
evt_103538,usr_1233,sess_1233_0,44988313,view,2026-03-03T19:24:56Z,42,ai_recommendation,0.724,False,"cần thuê căn hộ Phường Long Bình full nội thất, giá mềm",rent,affordable,2.3,2.0
evt_104304,usr_1284,sess_1284_1,45084065,contact,2026-03-03T20:41:26Z,156,ai_recommendation,4.863,False,tìm nhà đất Phường Bình Tiên giá rẻ gần trường học,buy_for_living,mid_range,7.1,1.0
evt_100858,usr_1057,sess_1057_0,43478669,view,2026-03-03T21:25:12Z,47,homepage,0.745,False,"cần mua căn hộ 2 phòng ngủ ở Phường Long Bình để ở, giá tốt",buy_for_living,affordable,2.6,3.0
evt_102690,usr_1179,sess_1179_1,45004726,view,2026-03-03T21:29:36Z,8,ai_recommendation,0.423,True,"mua nhà đất đầu tư ở Phường Bình Trưng pháp lý rõ ràng, giá tốt",investment,mid_range,6.4,1.0
evt_102269,usr_1154,sess_1154_2,45205298,save,2026-03-03T21:57:44Z,53,related_items,2.302,False,nhà đất Phường An Phú Đông khu nhà giàu cho gia đình,buy_for_living,affordable,2.6,3.0
evt_101348,usr_1091,sess_1091_0,45038437,view,2026-03-03T22:59:09Z,27,ai_recommendation,0.641,False,nhà đất Phường Long Trường khu nhà giàu cho gia đình,buy_for_living,mid_range,6.9,2.0
evt_101181,usr_1081,sess_1081_0,43241856,view,2026-03-03T23:12:04Z,51,search_bar,0.76,False,tìm căn hộ Phường Long Bình giá rẻ gần trường học,buy_for_living,affordable,2.3,1.0
evt_104060,usr_1268,sess_1268_2,44177616,save,2026-03-03T23:27:33Z,58,homepage,2.353,False,tìm phòng nhà đất ở Phường Tăng Nhơn Phú khu nhà giàu,rent,mid_range,5.9,1.0
evt_100428,usr_1027,sess_1027_2,44488972,share,2026-03-03T23:29:27Z,34,search_bar,2.736,False,nhà đất Phường An Hội Tây cao cấp cho gia đình,buy_for_living,mid_range,7.8,3.0
evt_102683,usr_1179,sess_1179_2,45178962,contact,2026-03-04T00:19:14Z,13,search_bar,2.538,False,"mua nhà đất đầu tư ở Phường Tân Sơn pháp lý rõ ràng, giá tốt",investment,mid_range,6.4,1.0
evt_101571,usr_1106,sess_1106_1,44624881,view,2026-03-04T00:42:05Z,27,ai_recommendation,0.641,False,nhà đất Phường Chánh Hưng giá mềm cho vợ chồng mới cưới,buy_for_living,mid_range,5.6,1.0
evt_103898,usr_1258,sess_1258_0,45193938,view,2026-03-04T03:18:20Z,32,ai_recommendation,0.673,False,"cần thuê nhà đất Phường Bình Trị Đông full nội thất, giá tốt",rent,affordable,2.6,1.0
evt_100953,usr_1064,sess_1064_0,45215261,view,2026-03-04T03:59:43Z,8,search_bar,0.423,True,nhà đất Phường Linh Xuân giá mềm cho thuê lại được,investment,mid_range,6.7,2.0
evt_101431,usr_1097,sess_1097_0,45211549,share,2026-03-04T05:00:55Z,15,ai_recommendation,2.133,False,nhà đất Xã Xuân Thới Sơn ổn định cho thuê lại được,investment,affordable,2.4,2.0
evt_100107,usr_1006,sess_1006_0,45266517,view,2026-03-04T05:48:40Z,40,ai_recommendation,0.714,False,nhà đất Phường Phước Long giá vừa phải cho thuê lại được,investment,affordable,2.5,2.0
evt_103884,usr_1257,sess_1257_0,44623799,view,2026-03-04T07:21:37Z,32,ai_recommendation,0.673,False,nhà đất Phường Gia Định giá vừa phải cho vợ chồng mới cưới,buy_for_living,affordable,2.6,2.0
evt_102069,usr_1140,sess_1140_0,43693290,view,2026-03-04T08:18:33Z,48,ai_recommendation,0.749,False,"cần mua căn hộ 2 phòng ngủ ở Phường Long Bình để ở, giá hợp lý",buy_for_living,affordable,2.4,2.0
evt_102010,usr_1136,sess_1136_1,45124968,save,2026-03-04T09:02:46Z,45,search_bar,2.209,False,tìm phòng nhà đất ở Phường Bình Thạnh vị trí đẹp,rent,affordable,3.0,2.0
evt_102046,usr_1139,sess_1139_0,45039157,view,2026-03-04T09:24:57Z,50,related_items,0.756,False,tìm căn hộ Phường Long Bình tầm trung tiềm năng tăng giá,investment,luxury,25.1,3.0
evt_101994,usr_1135,sess_1135_0,45084742,contact,2026-03-04T09:31:13Z,172,homepage,4.957,False,"cần mua nhà đất 6 phòng ngủ ở Xã Tân Nhựt để ở, sang trọng",buy_for_living,affordable,2.8,1.0
evt_102229,usr_1152,sess_1152_0,44945981,view,2026-03-04T11:21:43Z,44,search_bar,0.732,False,nhà đất Phường Thới An bình dân cho gia đình,buy_for_living,affordable,2.7,2.0
evt_100121,usr_1007,sess_1007_0,44864665,save,2026-03-04T11:39:53Z,17,homepage,1.668,False,tìm nhà đất Phường Bình Lợi Trung tầm trung gần trường học,buy_for_living,affordable,2.8,2.0
evt_102386,usr_1160,sess_1160_1,44234748,contact,2026-03-04T13:02:32Z,46,search_bar,3.703,False,"nhà ở Phường Đức Nhuận thoáng mát 8pn, cao cấp",buy_for_living,affordable,2.2,2.0
evt_104510,usr_1299,sess_1299_0,43492362,view,2026-03-04T13:29:10Z,32,ai_recommendation,0.673,False,"nhà ở Phường Long Bình thoáng mát 3pn, giá hợp lý",buy_for_living,affordable,2.2,2.0
evt_103244,usr_1214,sess_1214_0,44959037,view,2026-03-04T13:44:27Z,24,homepage,0.619,False,thuê nhà đất Phường An Hội Tây 5 phòng ngủ cao cấp,rent,affordable,2.6,2.0
evt_101247,usr_1084,sess_1084_0,45177611,contact,2026-03-04T13:48:12Z,42,search_bar,3.618,False,"cần mua căn hộ 2 phòng ngủ ở Phường Minh Phụng để ở, tầm trung",buy_for_living,mid_range,7.2,2.0
evt_100895,usr_1059,sess_1059_0,44843831,view,2026-03-04T14:00:30Z,38,search_bar,0.705,False,"nhà ở Phường Bình Trưng thoáng mát 5pn, khu nhà giàu",buy_for_living,affordable,2.3,2.0
evt_104388,usr_1290,sess_1290_1,44623266,share,2026-03-04T15:49:14Z,45,ai_recommendation,2.946,False,nhà đất Phường Nhiêu Lộc giá mềm cho thuê lại được,investment,affordable,3.0,2.0
evt_103190,usr_1210,sess_1210_0,45187377,view,2026-03-04T16:00:11Z,96,homepage,0.88,False,căn hộ Phường Long Bình sang trọng cho gia đình,buy_for_living,luxury,26.3,2.0
evt_101074,usr_1073,sess_1073_1,44932544,save,2026-03-04T17:27:20Z,21,ai_recommendation,1.784,False,nhà đất Phường Tân Phú giá hợp lý cho gia đình,buy_for_living,mid_range,5.9,2.0
evt_100088,usr_1005,sess_1005_0,43585255,contact,2026-03-04T18:14:39Z,51,related_items,3.8,False,nhà đất Phường Diên Hồng giá vừa phải cho gia đình,buy_for_living,affordable,2.8,2.0
evt_100585,usr_1037,sess_1037_2,44766282,view,2026-03-04T19:27:20Z,35,homepage,0.689,False,tìm nhà đất Phường Đông Hưng Thuận vị trí đẹp tiềm năng tăng giá,investment,affordable,2.9,1.0
evt_102251,usr_1153,sess_1153_0,45017298,save,2026-03-04T19:46:05Z,48,search_bar,2.246,False,"mua căn hộ đầu tư ở Xã Tân Nhựt pháp lý rõ ràng, rẻ một chút",investment,affordable,2.4,1.0
evt_102241,usr_1152,sess_1152_0,45245437,view,2026-03-04T19:55:02Z,58,ai_recommendation,0.784,False,tìm nhà đất Phường Bàn Cờ rẻ một chút gần trường học,buy_for_living,affordable,2.7,2.0
evt_102200,usr_1150,sess_1150_0,45237954,view,2026-03-04T20:08:16Z,28,search_bar,0.648,False,nhà đất Xã Bình Hưng vị trí đẹp cho thuê lại được,investment,affordable,2.9,2.0
evt_103249,usr_1214,sess_1214_1,44877579,save,2026-03-04T20:11:08Z,56,search_bar,2.333,False,nhà đất Xã Nhà Bè giá hợp lý cho thuê gần metro,rent,affordable,2.6,2.0
evt_102194,usr_1150,sess_1150_1,45152823,view,2026-03-04T22:11:04Z,30,search_bar,0.661,False,tìm nhà đất Xã Tân Nhựt vị trí đẹp tiềm năng tăng giá,investment,affordable,2.9,2.0
evt_102003,usr_1136,sess_1136_1,45148799,save,2026-03-04T22:30:40Z,130,search_bar,2.813,False,thuê căn hộ Phường Dĩ An 2 phòng ngủ tầm trung,rent,affordable,3.0,2.0
evt_102875,usr_1191,sess_1191_0,42956794,view,2026-03-04T22:40:41Z,5,ai_recommendation,0.345,True,thuê nhà đất Phường Bến Thành 0 phòng ngủ sang trọng,rent,mid_range,6.0,3.0
evt_103788,usr_1250,sess_1250_2,45141065,share,2026-03-04T23:10:14Z,75,search_bar,3.332,False,nhà đất Xã Hiệp Phước tầm trung cho gia đình,buy_for_living,mid_range,5.5,1.0
evt_104472,usr_1297,sess_1297_1,45255721,save,2026-03-05T00:41:56Z,140,homepage,2.856,False,nhà đất Phường Phú Thạnh ổn định cho thuê gần metro,rent,luxury,22.3,2.0
evt_102472,usr_1165,sess_1165_0,45261561,save,2026-03-05T01:13:02Z,76,ai_recommendation,2.507,False,nhà đất Phường Bình Thạnh vị trí đẹp cho vợ chồng mới cưới,buy_for_living,luxury,26.4,2.0
evt_102966,usr_1196,sess_1196_0,45197650,view,2026-03-05T03:32:14Z,9,search_bar,0.443,True,"cần mua nhà đất 4 phòng ngủ ở Phường Tân Hòa để ở, khu nhà giàu",buy_for_living,affordable,2.5,2.0
evt_104050,usr_1267,sess_1267_0,44922562,view,2026-03-05T03:52:18Z,43,search_bar,0.728,False,tìm nhà đất Phường Tây Thạnh giá hợp lý gần trường học,buy_for_living,affordable,2.3,2.0
evt_103125,usr_1206,sess_1206_0,44668486,view,2026-03-05T04:28:21Z,26,homepage,0.634,False,tìm nhà đất Phường Cầu Ông Lãnh giá vừa phải tiềm năng tăng giá,investment,affordable,2.5,2.0
evt_100313,usr_1019,sess_1019_1,45232770,save,2026-03-05T08:38:05Z,19,ai_recommendation,1.729,False,"cần mua nhà đất 2 phòng ngủ ở Phường Cầu Ông Lãnh để ở, vị trí đẹp",buy_for_living,luxury,21.7,2.0
evt_101383,usr_1093,sess_1093_0,45085966,share,2026-03-05T09:35:25Z,88,search_bar,3.454,False,tìm nhà đất Phường Tân Sơn Nhì cao cấp tiềm năng tăng giá,investment,affordable,2.9,3.0
evt_100684,usr_1045,sess_1045_1,45075802,save,2026-03-05T10:13:40Z,36,homepage,2.084,False,nhà đất Phường Gò Vấp giá rẻ cho gia đình,buy_for_living,mid_range,6.1,3.0
evt_103229,usr_1212,sess_1212_1,45089787,contact,2026-03-05T10:54:55Z,34,search_bar,3.42,False,"cần thuê nhà đất Phường Tam Bình full nội thất, cao cấp",rent,mid_range,7.1,2.0
evt_100518,usr_1032,sess_1032_0,45140831,view,2026-03-05T11:09:51Z,139,ai_recommendation,0.951,False,"nhà ở Phường Thủ Đức thoáng mát 2pn, giá hợp lý",buy_for_living,affordable,2.8,2.0
evt_104100,usr_1271,sess_1271_0,44438384,save,2026-03-05T13:13:57Z,69,homepage,2.452,False,nhà đất Phường Phú Thuận vị trí đẹp cho vợ chồng mới cưới,buy_for_living,affordable,2.8,2.0
evt_100612,usr_1039,sess_1039_0,45232601,contact,2026-03-05T13:17:59Z,232,search_bar,5.0,False,"nhà ở Phường Thông Tây Hội thoáng mát 4pn, giá mềm",buy_for_living,mid_range,7.9,2.0
evt_104107,usr_1271,sess_1271_0,44928768,contact,2026-03-05T13:37:40Z,240,ai_recommendation,5.0,False,"cần mua nhà đất 4 phòng ngủ ở Phường Bình Tân để ở, ổn định",buy_for_living,affordable,2.8,2.0
evt_103593,usr_1237,sess_1237_0,44522452,contact,2026-03-05T13:44:12Z,28,ai_recommendation,3.239,False,"cần thuê nhà đất Xã Hiệp Phước full nội thất, vị trí đẹp",rent,mid_range,6.5,2.0
evt_101418,usr_1096,sess_1096_0,45255987,view,2026-03-05T13:59:01Z,27,search_bar,0.641,False,"nhà ở Phường Thới Hòa thoáng mát 0pn, giá vừa phải",buy_for_living,affordable,2.3,1.0
evt_101353,usr_1091,sess_1091_1,44107369,contact,2026-03-05T14:49:56Z,89,ai_recommendation,4.328,False,tìm căn hộ Phường Long Trường bình dân gần trường học,buy_for_living,mid_range,6.9,2.0
evt_103108,usr_1205,sess_1205_0,45183992,save,2026-03-05T15:11:15Z,241,ai_recommendation,3.0,False,"nhà ở Phường Tăng Nhơn Phú thoáng mát 0pn, tầm trung",buy_for_living,affordable,2.2,2.0
evt_101955,usr_1133,sess_1133_0,45209973,view,2026-03-05T15:15:39Z,21,search_bar,0.595,False,nhà đất Phường Bàn Cờ rẻ một chút cho thuê gần metro,rent,luxury,26.3,2.0
evt_103854,usr_1255,sess_1255_0,44907827,view,2026-03-05T15:41:29Z,54,search_bar,0.771,False,nhà đất Phường Hòa Hưng ổn định cho vợ chồng mới cưới,buy_for_living,mid_range,6.8,1.0
evt_101217,usr_1083,sess_1083_0,45267284,save,2026-03-05T15:59:52Z,29,ai_recommendation,1.963,False,nhà đất Phường Hòa Bình giá mềm cho thuê lại được,investment,affordable,2.5,2.0
evt_103431,usr_1227,sess_1227_0,44887604,share,2026-03-05T16:27:48Z,14,ai_recommendation,2.084,False,căn hộ Xã Nhà Bè bình dân dòng tiền tốt,investment,mid_range,6.3,2.0
evt_102931,usr_1194,sess_1194_0,44904039,view,2026-03-05T16:32:00Z,124,related_items,0.929,False,tìm phòng căn hộ ở Phường Tân Phú giá vừa phải,rent,mid_range,5.7,2.0
evt_104297,usr_1284,sess_1284_0,45236710,contact,2026-03-05T19:10:46Z,18,ai_recommendation,2.832,False,căn hộ Xã Tân Nhựt giá vừa phải cho vợ chồng mới cưới,buy_for_living,mid_range,7.1,1.0
evt_100724,usr_1048,sess_1048_0,44558909,view,2026-03-05T19:16:59Z,7,ai_recommendation,0.4,True,nhà đất Phường Tân Bình rẻ một chút cho gia đình,buy_for_living,mid_range,7.4,3.0
evt_104128,usr_1273,sess_1273_1,43941044,view,2026-03-05T21:31:09Z,61,search_bar,0.794,False,"cần thuê nhà đất Phường Phú Thọ Hòa full nội thất, sang trọng",rent,mid_range,7.2,1.0
evt_100592,usr_1038,sess_1038_0,45156507,save,2026-03-05T22:23:21Z,96,ai_recommendation,2.64,False,"nhà ở Phường An Hội Đông thoáng mát 3pn, giá vừa phải",buy_for_living,affordable,2.7,2.0
evt_102258,usr_1153,sess_1153_0,44464667,save,2026-03-06T00:00:33Z,191,homepage,3.0,False,"mua căn hộ đầu tư ở Phường Long Bình pháp lý rõ ràng, giá hợp lý",investment,affordable,2.4,1.0
evt_101936,usr_1132,sess_1132_0,45055816,view,2026-03-06T00:05:42Z,19,ai_recommendation,0.576,False,nhà đất Phường Bình Thạnh bình dân dòng tiền tốt,investment,luxury,20.8,1.0
evt_101667,usr_1113,sess_1113_1,45152520,contact,2026-03-06T01:03:15Z,47,related_items,3.723,False,nhà đất Phường Bình Lợi Trung bình dân cho vợ chồng mới cưới,buy_for_living,affordable,2.8,2.0
evt_103507,usr_1231,sess_1231_0,45197605,view,2026-03-06T01:06:58Z,51,ai_recommendation,0.76,False,nhà đất Phường Tam Thắng giá rẻ cho gia đình,buy_for_living,affordable,2.2,2.0
evt_101286,usr_1087,sess_1087_0,43552916,view,2026-03-06T01:51:28Z,72,ai_recommendation,0.825,False,"mua nhà đất đầu tư ở Phường Vườn Lài pháp lý rõ ràng, cao cấp",investment,affordable,2.4,2.0
evt_100149,usr_1009,sess_1009_0,45054328,contact,2026-03-06T02:22:26Z,15,search_bar,2.667,False,tìm nhà đất Phường Phú Định giá rẻ gần trường học,buy_for_living,affordable,2.7,2.0
evt_103577,usr_1236,sess_1236_0,44582802,view,2026-03-06T02:53:00Z,37,ai_recommendation,0.7,False,nhà đất Phường Phú Thuận cao cấp cho vợ chồng mới cưới,buy_for_living,mid_range,7.2,2.0
evt_102323,usr_1157,sess_1157_1,45158878,save,2026-03-06T03:05:14Z,18,ai_recommendation,1.699,False,tìm căn hộ Phường Bình Hòa giá rẻ gần trường học,buy_for_living,affordable,2.3,2.0
evt_102299,usr_1156,sess_1156_0,44920655,view,2026-03-06T03:31:54Z,28,search_bar,0.648,False,"mua nhà đất đầu tư ở Phường Bàn Cờ pháp lý rõ ràng, giá hợp lý",investment,luxury,19.7,3.0
evt_103504,usr_1231,sess_1231_0,45055698,save,2026-03-06T05:24:32Z,26,homepage,1.902,False,căn hộ Phường Cầu Ông Lãnh giá rẻ cho vợ chồng mới cưới,buy_for_living,affordable,2.2,2.0
evt_102013,usr_1137,sess_1137_1,40990762,view,2026-03-06T05:48:24Z,14,related_items,0.521,False,căn hộ Phường An Khánh bình dân dòng tiền tốt,investment,affordable,2.2,2.0
evt_100793,usr_1053,sess_1053_2,42850213,view,2026-03-06T05:50:27Z,88,ai_recommendation,0.863,False,nhà đất Phường Sài Gòn giá hợp lý cho vợ chồng mới cưới,buy_for_living,affordable,2.8,1.0
evt_100077,usr_1004,sess_1004_1,44723754,view,2026-03-06T07:25:14Z,35,homepage,0.689,False,"cần thuê nhà đất Phường Diên Hồng full nội thất, giá vừa phải",rent,affordable,2.2,2.0
evt_103860,usr_1255,sess_1255_0,44682333,save,2026-03-06T08:40:42Z,21,ai_recommendation,1.784,False,"cần mua căn hộ 2 phòng ngủ ở Phường Vườn Lài để ở, giá mềm",buy_for_living,mid_range,6.8,1.0
evt_104499,usr_1299,sess_1299_1,41321808,view,2026-03-06T10:55:38Z,20,homepage,0.586,False,"nhà ở Phường Long Trường thoáng mát 1pn, giá rẻ",buy_for_living,affordable,2.2,2.0
evt_103043,usr_1201,sess_1201_0,45020016,contact,2026-03-06T11:26:54Z,64,related_items,4.015,False,tìm nhà đất Phường Cầu Kiệu ổn định gần trường học,buy_for_living,affordable,2.1,2.0
evt_104206,usr_1279,sess_1279_0,45101997,save,2026-03-06T11:52:51Z,124,ai_recommendation,2.786,False,"nhà ở Phường Bình Trưng thoáng mát 2pn, giá rẻ",buy_for_living,luxury,25.2,1.0
evt_103174,usr_1209,sess_1209_0,44532610,view,2026-03-06T12:57:11Z,68,related_items,0.814,False,nhà đất Xã Nhà Bè cao cấp cho gia đình,buy_for_living,affordable,2.6,2.0
evt_101489,usr_1100,sess_1100_0,42298790,view,2026-03-06T13:24:00Z,30,related_items,0.661,False,nhà đất Phường Xuân Hòa ổn định cho thuê gần metro,rent,affordable,2.4,2.0
evt_100234,usr_1014,sess_1014_0,45116577,view,2026-03-06T13:31:40Z,61,ai_recommendation,0.794,False,tìm nhà đất Phường Phú Định sang trọng gần trường học,buy_for_living,mid_range,7.7,3.0
evt_100814,usr_1054,sess_1054_0,45143009,view,2026-03-06T13:49:37Z,31,related_items,0.667,False,"mua nhà đất đầu tư ở Phường Tân Sơn pháp lý rõ ràng, giá hợp lý",investment,affordable,3.0,1.0
evt_104372,usr_1289,sess_1289_2,45066800,save,2026-03-06T15:59:29Z,23,ai_recommendation,1.834,False,nhà đất Phường Đông Hưng Thuận ổn định cho thuê lại được,investment,affordable,3.0,1.0
evt_104312,usr_1285,sess_1285_0,44986073,view,2026-03-06T16:34:03Z,150,search_bar,0.965,False,nhà đất Phường Phước Long vị trí đẹp cho thuê lại được,investment,affordable,2.4,2.0
evt_103842,usr_1254,sess_1254_0,44632413,save,2026-03-06T16:48:22Z,111,ai_recommendation,2.723,False,căn hộ Phường Long Bình giá hợp lý dòng tiền tốt,investment,affordable,2.3,1.0
evt_100292,usr_1018,sess_1018_0,45183034,view,2026-03-06T16:54:13Z,101,search_bar,0.89,False,"mua nhà đất đầu tư ở Phường Cầu Kiệu pháp lý rõ ràng, vị trí đẹp",investment,luxury,27.1,2.0
evt_100136,usr_1009,sess_1009_0,44404341,view,2026-03-06T16:56:51Z,74,search_bar,0.831,False,căn hộ Phường Long Bình rẻ một chút cho gia đình,buy_for_living,affordable,2.7,2.0
evt_100179,usr_1011,sess_1011_0,45081962,view,2026-03-06T17:15:23Z,31,ai_recommendation,0.667,False,căn hộ Phường Tân Hưng giá rẻ cho vợ chồng mới cưới,buy_for_living,mid_range,7.4,2.0
evt_103234,usr_1213,sess_1213_0,45080276,save,2026-03-06T18:13:45Z,57,related_items,2.343,False,"cần mua nhà đất 3 phòng ngủ ở Phường Bình Lợi Trung để ở, giá tốt",buy_for_living,mid_range,6.9,1.0
evt_101707,usr_1117,sess_1117_2,44918394,save,2026-03-06T18:20:38Z,48,related_items,2.246,False,nhà đất Xã Nhà Bè giá hợp lý cho gia đình,buy_for_living,mid_range,6.8,3.0
evt_102950,usr_1195,sess_1195_1,45155260,save,2026-03-06T19:28:56Z,47,search_bar,2.234,False,căn hộ Phường Minh Phụng rẻ một chút cho thuê lại được,investment,luxury,21.9,2.0
evt_100967,usr_1065,sess_1065_2,44848669,view,2026-03-06T20:03:05Z,42,search_bar,0.724,False,căn hộ Xã Tân Nhựt giá vừa phải cho thuê lại được,investment,affordable,2.6,2.0
evt_101543,usr_1104,sess_1104_0,43011177,view,2026-03-06T21:46:29Z,31,ai_recommendation,0.667,False,tìm nhà đất Phường Tam Thắng giá tốt gần trường học,buy_for_living,mid_range,6.1,3.0
evt_103921,usr_1259,sess_1259_1,44781792,view,2026-03-06T22:06:49Z,5,search_bar,0.345,True,"nhà ở Phường Bình Trưng thoáng mát 2pn, giá vừa phải",buy_for_living,affordable,2.3,2.0
evt_101408,usr_1095,sess_1095_0,44742848,save,2026-03-06T22:36:16Z,35,ai_recommendation,2.068,False,"nhà ở Phường Nhiêu Lộc thoáng mát 3pn, giá vừa phải",buy_for_living,affordable,3.0,2.0
evt_101253,usr_1085,sess_1085_1,45217838,share,2026-03-06T22:53:12Z,16,ai_recommendation,2.18,False,"mua căn hộ đầu tư ở Xã Tân Nhựt pháp lý rõ ràng, ổn định",investment,affordable,2.7,2.0
evt_104182,usr_1277,sess_1277_0,43496938,view,2026-03-06T23:02:23Z,9,related_items,0.443,True,nhà đất Phường Long Bình vị trí đẹp cho vợ chồng mới cưới,buy_for_living,luxury,21.6,2.0
evt_101926,usr_1131,sess_1131_0,44905121,view,2026-03-06T23:32:58Z,96,homepage,0.88,False,"cần mua nhà đất 4 phòng ngủ ở Xã Nhà Bè để ở, bình dân",buy_for_living,affordable,2.7,2.0
evt_100678,usr_1044,sess_1044_1,45216160,save,2026-03-07T01:03:05Z,158,search_bar,2.925,False,tìm nhà đất Phường Bến Thành sang trọng gần trường học,buy_for_living,affordable,2.9,1.0
evt_101623,usr_1110,sess_1110_0,44396824,view,2026-03-07T01:12:23Z,24,ai_recommendation,0.619,False,tìm phòng nhà đất ở Phường Hiệp Bình sang trọng,rent,mid_range,5.6,1.0
evt_100153,usr_1010,sess_1010_0,44558312,save,2026-03-07T01:29:00Z,81,search_bar,2.543,False,nhà đất Phường Tân Thuận cao cấp cho gia đình,buy_for_living,affordable,2.3,2.0
evt_102922,usr_1193,sess_1193_1,44153316,view,2026-03-07T03:26:27Z,5,ai_recommendation,0.345,True,nhà đất Phường Linh Xuân tầm trung cho vợ chồng mới cưới,buy_for_living,mid_range,7.9,1.0
evt_101204,usr_1082,sess_1082_0,44860566,save,2026-03-07T03:49:45Z,40,homepage,2.143,False,"nhà ở Xã Tân Nhựt thoáng mát 2pn, cao cấp",buy_for_living,affordable,2.6,2.0
evt_101403,usr_1095,sess_1095_1,45236710,save,2026-03-07T05:34:34Z,54,ai_recommendation,2.313,False,căn hộ Xã Tân Nhựt giá hợp lý cho vợ chồng mới cưới,buy_for_living,affordable,3.0,2.0
evt_101561,usr_1106,sess_1106_1,43751182,view,2026-03-07T06:23:37Z,54,related_items,0.771,False,"nhà ở Phường Hiệp Bình thoáng mát 3pn, khu nhà giàu",buy_for_living,mid_range,5.6,1.0
evt_103448,usr_1228,sess_1228_1,45156885,contact,2026-03-07T06:31:02Z,27,ai_recommendation,3.205,False,nhà đất Xã Xuân Thới Sơn giá vừa phải cho vợ chồng mới cưới,buy_for_living,affordable,2.8,2.0
evt_103778,usr_1249,sess_1249_0,45012434,view,2026-03-07T07:07:47Z,121,related_items,0.924,False,nhà đất Phường Cát Lái giá mềm cho thuê gần metro,rent,luxury,25.2,2.0
evt_104286,usr_1283,sess_1283_0,43015737,contact,2026-03-07T07:15:22Z,34,search_bar,3.42,False,tìm nhà đất Phường Thủ Đức cao cấp tiềm năng tăng giá,investment,luxury,19.0,2.0
evt_102181,usr_1149,sess_1149_0,44732427,save,2026-03-07T07:25:50Z,64,search_bar,2.409,False,"cần mua nhà đất 4 phòng ngủ ở Phường Phước Thắng để ở, cao cấp",buy_for_living,affordable,2.6,2.0
evt_101094,usr_1075,sess_1075_2,43122633,save,2026-03-07T08:05:58Z,22,related_items,1.809,False,nhà đất Phường Vũng Tàu giá vừa phải cho thuê lại được,investment,mid_range,7.6,2.0
evt_101363,usr_1092,sess_1092_0,45138226,share,2026-03-07T09:37:57Z,130,ai_recommendation,3.751,False,"nhà ở Phường Bình Hưng Hòa thoáng mát 3pn, giá vừa phải",buy_for_living,mid_range,6.4,1.0
evt_100332,usr_1020,sess_1020_0,44972736,view,2026-03-07T12:06:07Z,41,ai_recommendation,0.719,False,tìm phòng nhà đất ở Phường Hạnh Thông giá mềm,rent,mid_range,6.9,2.0
evt_102995,usr_1198,sess_1198_0,44607479,save,2026-03-07T13:13:30Z,15,homepage,1.6,False,"cần mua nhà đất 4 phòng ngủ ở Xã Hiệp Phước để ở, giá vừa phải",buy_for_living,affordable,2.2,2.0
evt_101732,usr_1118,sess_1118_2,45250947,share,2026-03-07T13:22:52Z,23,ai_recommendation,2.445,False,tìm nhà đất Phường An Phú Đông tầm trung tiềm năng tăng giá,investment,mid_range,6.3,2.0
evt_100657,usr_1042,sess_1042_0,45186265,view,2026-03-07T14:35:37Z,26,related_items,0.634,False,nhà đất Phường Tân Phú giá mềm cho gia đình,buy_for_living,affordable,2.3,2.0
evt_100607,usr_1039,sess_1039_0,45146331,share,2026-03-07T14:44:01Z,16,related_items,2.18,False,nhà đất Phường Gò Vấp vị trí đẹp cho vợ chồng mới cưới,buy_for_living,mid_range,7.9,2.0
evt_102081,usr_1141,sess_1141_0,45032097,share,2026-03-07T15:51:09Z,199,homepage,4.0,False,"mua nhà đất đầu tư ở Phường Đức Nhuận pháp lý rõ ràng, giá rẻ",investment,mid_range,5.7,2.0
evt_103976,usr_1263,sess_1263_1,45039157,save,2026-03-07T16:14:29Z,59,ai_recommendation,2.363,False,căn hộ Phường Long Bình tầm trung dòng tiền tốt,investment,affordable,2.8,2.0
evt_104285,usr_1283,sess_1283_0,44542346,view,2026-03-07T16:49:45Z,72,ai_recommendation,0.825,False,nhà đất Phường Tân Sơn Hòa ổn định dòng tiền tốt,investment,luxury,19.0,2.0
evt_102464,usr_1165,sess_1165_0,45000212,view,2026-03-07T16:51:44Z,7,homepage,0.4,True,nhà đất Phường Tân Sơn Hòa tầm trung cho gia đình,buy_for_living,luxury,26.4,2.0
evt_100688,usr_1045,sess_1045_0,45189941,view,2026-03-07T17:08:25Z,54,ai_recommendation,0.771,False,tìm nhà đất Phường Tân Thuận giá mềm gần trường học,buy_for_living,mid_range,6.1,3.0
evt_100035,usr_1002,sess_1002_0,44897529,view,2026-03-07T17:34:53Z,27,ai_recommendation,0.641,False,thuê căn hộ Xã Tân Nhựt 2 phòng ngủ giá rẻ,rent,affordable,2.1,1.0
evt_100636,usr_1041,sess_1041_0,44943702,contact,2026-03-07T17:57:23Z,199,ai_recommendation,5.0,False,nhà đất Phường Bảy Hiền tầm trung cho vợ chồng mới cưới,buy_for_living,affordable,2.2,2.0
evt_101131,usr_1078,sess_1078_0,45238149,view,2026-03-07T18:13:47Z,64,search_bar,0.803,False,tìm nhà đất Phường Gò Vấp sang trọng gần trường học,buy_for_living,affordable,2.8,2.0
evt_100137,usr_1009,sess_1009_2,45236270,view,2026-03-07T18:43:53Z,25,search_bar,0.627,False,tìm căn hộ Xã Tân Nhựt tầm trung gần trường học,buy_for_living,affordable,2.7,2.0
evt_101316,usr_1089,sess_1089_0,43847525,view,2026-03-07T19:23:30Z,118,related_items,0.919,False,tìm nhà đất Phường Bảy Hiền vị trí đẹp gần trường học,buy_for_living,affordable,2.5,2.0
evt_103509,usr_1231,sess_1231_0,45095841,view,2026-03-07T19:36:56Z,39,ai_recommendation,0.71,False,nhà đất Phường Gò Vấp tầm trung cho gia đình,buy_for_living,affordable,2.2,2.0
evt_102458,usr_1165,sess_1165_0,44464667,save,2026-03-07T19:40:10Z,224,ai_recommendation,3.0,False,"cần mua căn hộ 1 phòng ngủ ở Phường Long Bình để ở, giá hợp lý",buy_for_living,luxury,26.4,2.0
evt_101610,usr_1109,sess_1109_0,45028711,save,2026-03-07T19:58:07Z,84,ai_recommendation,2.564,False,nhà đất Phường Đức Nhuận bình dân cho gia đình,buy_for_living,affordable,2.1,2.0
evt_101603,usr_1108,sess_1108_1,44607260,view,2026-03-07T20:13:18Z,151,homepage,0.966,False,"nhà ở Phường Cát Lái thoáng mát 4pn, giá tốt",buy_for_living,affordable,2.5,2.0
evt_102510,usr_1167,sess_1167_0,45240894,view,2026-03-07T21:07:32Z,101,homepage,0.89,False,"nhà ở Phường An Phú Đông thoáng mát 4pn, giá hợp lý",buy_for_living,affordable,2.5,3.0
evt_100652,usr_1042,sess_1042_0,45025831,save,2026-03-07T21:08:01Z,38,ai_recommendation,2.114,False,nhà đất Phường Tân Hưng rẻ một chút cho gia đình,buy_for_living,affordable,2.3,2.0
evt_104299,usr_1284,sess_1284_2,45140813,save,2026-03-07T21:09:24Z,104,ai_recommendation,2.686,False,nhà đất Phường Thủ Đức giá tốt cho vợ chồng mới cưới,buy_for_living,mid_range,7.1,1.0
evt_101200,usr_1082,sess_1082_0,43695382,view,2026-03-07T21:56:30Z,17,homepage,0.556,False,nhà đất Phường Tân Mỹ sang trọng cho vợ chồng mới cưới,buy_for_living,affordable,2.6,2.0
evt_100929,usr_1062,sess_1062_1,45026350,save,2026-03-07T23:12:46Z,22,homepage,1.809,False,"mua nhà đất đầu tư ở Phường Bình Hưng Hòa pháp lý rõ ràng, sang trọng",investment,luxury,29.5,1.0
evt_103667,usr_1242,sess_1242_0,45119458,view,2026-03-07T23:24:35Z,36,search_bar,0.695,False,"nhà ở Phường Tân Sơn Nhất thoáng mát 3pn, sang trọng",buy_for_living,mid_range,7.1,2.0
evt_100773,usr_1051,sess_1051_0,45093806,save,2026-03-08T00:19:10Z,55,search_bar,2.323,False,nhà đất Phường Tân Định rẻ một chút cho thuê lại được,investment,affordable,2.7,2.0
evt_100586,usr_1037,sess_1037_0,42991175,view,2026-03-08T00:25:06Z,12,related_items,0.493,False,nhà đất Phường Tân Thới Hiệp tầm trung dòng tiền tốt,investment,affordable,2.9,1.0
evt_100751,usr_1050,sess_1050_1,42962075,view,2026-03-08T00:53:52Z,11,ai_recommendation,0.478,False,thuê nhà đất Phường Tân Thuận 4 phòng ngủ tầm trung,rent,luxury,28.7,2.0
evt_103574,usr_1236,sess_1236_0,45237438,view,2026-03-08T01:08:35Z,57,homepage,0.781,False,tìm nhà đất Phường Gò Vấp khu nhà giàu gần trường học,buy_for_living,mid_range,7.2,2.0
evt_101097,usr_1075,sess_1075_1,44995198,view,2026-03-08T01:29:30Z,12,search_bar,0.493,False,tìm nhà đất Phường Tân Đông Hiệp tầm trung tiềm năng tăng giá,investment,mid_range,7.6,2.0
evt_101349,usr_1091,sess_1091_1,44348441,view,2026-03-08T02:06:13Z,48,homepage,0.749,False,nhà đất Phường Hiệp Bình ổn định cho vợ chồng mới cưới,buy_for_living,mid_range,6.9,2.0
evt_103625,usr_1239,sess_1239_2,45081807,view,2026-03-08T02:31:43Z,23,ai_recommendation,0.611,False,tìm căn hộ Phường Tân Hưng giá tốt tiềm năng tăng giá,investment,affordable,2.8,1.0
evt_103566,usr_1235,sess_1235_1,45004644,save,2026-03-08T02:49:52Z,53,search_bar,2.302,False,"nhà ở Phường Tam Thắng thoáng mát 7pn, bình dân",buy_for_living,affordable,2.3,3.0
evt_100020,usr_1001,sess_1001_0,44585453,save,2026-03-08T04:11:32Z,40,search_bar,2.143,False,căn hộ Phường Long Bình tầm trung cho vợ chồng mới cưới,buy_for_living,affordable,2.7,2.0
evt_101638,usr_1111,sess_1111_0,44125552,save,2026-03-08T04:13:02Z,131,ai_recommendation,2.818,False,nhà đất Phường Chợ Quán giá rẻ dòng tiền tốt,investment,affordable,2.4,2.0
evt_104467,usr_1297,sess_1297_0,42807823,view,2026-03-08T04:40:12Z,237,search_bar,1.0,False,tìm phòng nhà đất ở Phường Vũng Tàu giá tốt,rent,luxury,22.3,2.0
evt_103322,usr_1219,sess_1219_0,45196395,share,2026-03-08T04:44:08Z,23,search_bar,2.445,False,tìm phòng nhà đất ở Phường An Phú Đông sang trọng,rent,affordable,2.8,2.0
evt_102339,usr_1158,sess_1158_1,45239402,save,2026-03-08T04:56:37Z,240,ai_recommendation,3.0,False,"cần mua nhà đất 4 phòng ngủ ở Phường Gia Định để ở, giá hợp lý",buy_for_living,mid_range,5.9,2.0
evt_102548,usr_1170,sess_1170_0,45266775,view,2026-03-08T05:14:58Z,148,ai_recommendation,0.963,False,"cần mua nhà đất 5 phòng ngủ ở Phường Đức Nhuận để ở, tầm trung",buy_for_living,affordable,2.5,2.0
evt_101307,usr_1088,sess_1088_0,45032097,save,2026-03-08T05:46:34Z,18,ai_recommendation,1.699,False,tìm nhà đất Phường Đức Nhuận giá tốt gần trường học,buy_for_living,affordable,3.0,2.0
evt_100206,usr_1012,sess_1012_2,44994501,view,2026-03-08T06:16:47Z,9,ai_recommendation,0.443,True,"mua nhà đất đầu tư ở Phường An Phú Đông pháp lý rõ ràng, ổn định",investment,affordable,2.8,1.0
evt_102851,usr_1189,sess_1189_0,44244300,save,2026-03-08T06:36:45Z,141,search_bar,2.86,False,nhà đất Phường Bình Thạnh tầm trung cho gia đình,buy_for_living,affordable,2.2,2.0
evt_100812,usr_1054,sess_1054_0,43940956,view,2026-03-08T07:07:03Z,55,search_bar,0.774,False,"mua căn hộ đầu tư ở Phường Bến Thành pháp lý rõ ràng, giá mềm",investment,affordable,3.0,1.0
evt_102204,usr_1150,sess_1150_1,45263608,view,2026-03-08T08:31:48Z,305,related_items,1.0,False,nhà đất Phường Hòa Hưng bình dân dòng tiền tốt,investment,affordable,2.9,2.0
evt_101901,usr_1130,sess_1130_1,45213691,contact,2026-03-08T08:36:22Z,32,ai_recommendation,3.363,False,tìm nhà đất Phường Bình Hưng Hòa sang trọng tiềm năng tăng giá,investment,affordable,2.5,1.0
evt_102239,usr_1152,sess_1152_0,44493837,view,2026-03-08T09:42:47Z,27,related_items,0.641,False,nhà đất Phường Tân Sơn Nhất tầm trung cho vợ chồng mới cưới,buy_for_living,affordable,2.7,2.0
evt_103081,usr_1204,sess_1204_0,44416135,save,2026-03-08T09:53:38Z,48,ai_recommendation,2.246,False,căn hộ Phường Bến Thành giá tốt cho gia đình,buy_for_living,affordable,2.7,2.0
evt_103708,usr_1245,sess_1245_0,43696637,save,2026-03-08T10:45:07Z,349,ai_recommendation,3.0,False,tìm căn hộ Phường Long Bình giá tốt gần trường học,buy_for_living,mid_range,8.0,3.0
evt_102762,usr_1184,sess_1184_0,45016818,save,2026-03-08T10:53:53Z,56,search_bar,2.333,False,"cần mua nhà đất 5 phòng ngủ ở Phường Bình Lợi Trung để ở, vị trí đẹp",buy_for_living,luxury,24.9,1.0
evt_100271,usr_1017,sess_1017_0,45272297,share,2026-03-08T11:32:32Z,19,search_bar,2.305,False,tìm phòng nhà đất ở Phường Cầu Kiệu giá rẻ,rent,mid_range,7.6,2.0
evt_102349,usr_1158,sess_1158_0,44971187,view,2026-03-08T13:12:48Z,26,related_items,0.634,False,nhà đất Xã Hiệp Phước vị trí đẹp cho vợ chồng mới cưới,buy_for_living,mid_range,5.9,2.0
evt_101420,usr_1096,sess_1096_0,45261874,save,2026-03-08T14:08:48Z,86,search_bar,2.577,False,căn hộ Xã Xuân Thới Sơn giá tốt cho gia đình,buy_for_living,affordable,2.3,1.0
evt_101466,usr_1099,sess_1099_0,45211771,save,2026-03-08T16:03:36Z,25,ai_recommendation,1.88,False,nhà đất Phường An Lạc khu nhà giàu dòng tiền tốt,investment,affordable,2.6,2.0
evt_102741,usr_1182,sess_1182_0,44256277,view,2026-03-08T16:26:52Z,86,ai_recommendation,0.859,False,tìm phòng nhà đất ở Phường Khánh Hội vị trí đẹp,rent,affordable,2.5,2.0
evt_101886,usr_1128,sess_1128_2,45206979,view,2026-03-08T18:05:34Z,20,homepage,0.586,False,căn hộ Phường An Đông bình dân cho gia đình,buy_for_living,luxury,24.8,2.0
evt_101574,usr_1107,sess_1107_1,44368428,view,2026-03-08T18:05:45Z,65,ai_recommendation,0.806,False,tìm nhà đất Phường Nhiêu Lộc giá vừa phải gần trường học,buy_for_living,mid_range,7.0,1.0
evt_102441,usr_1164,sess_1164_0,44745637,view,2026-03-08T19:32:50Z,43,homepage,0.728,False,"cần mua nhà đất 5 phòng ngủ ở Phường Xuân Hòa để ở, giá vừa phải",buy_for_living,affordable,2.9,2.0
evt_101122,usr_1077,sess_1077_2,43513035,share,2026-03-08T21:07:21Z,53,search_bar,3.069,False,căn hộ Phường Long Trường giá tốt cho gia đình,buy_for_living,luxury,29.0,1.0
evt_101046,usr_1071,sess_1071_0,44125126,view,2026-03-08T21:10:55Z,63,ai_recommendation,0.8,False,"nhà ở Xã Hiệp Phước thoáng mát 8pn, khu nhà giàu",buy_for_living,affordable,2.1,2.0
evt_103978,usr_1263,sess_1263_2,45100628,contact,2026-03-08T21:58:38Z,133,search_bar,4.711,False,căn hộ Phường Phú Thọ Hòa giá mềm cho thuê lại được,investment,affordable,2.8,2.0
evt_104495,usr_1298,sess_1298_1,43471444,save,2026-03-08T22:24:28Z,32,ai_recommendation,2.018,False,tìm phòng nhà đất ở Phường Cầu Ông Lãnh cao cấp,rent,mid_range,5.7,3.0
evt_101682,usr_1114,sess_1114_1,44340134,contact,2026-03-08T23:18:21Z,61,ai_recommendation,3.97,False,nhà đất Xã Nhà Bè giá tốt cho gia đình,buy_for_living,mid_range,6.3,3.0
evt_101018,usr_1069,sess_1069_0,45247303,view,2026-03-08T23:20:47Z,36,homepage,0.695,False,nhà đất Xã Nhà Bè sang trọng cho thuê lại được,investment,affordable,2.2,1.0
evt_100059,usr_1003,sess_1003_0,44959065,view,2026-03-08T23:41:57Z,65,homepage,0.806,False,"mua nhà đất đầu tư ở Phường Tân Thuận pháp lý rõ ràng, sang trọng",investment,mid_range,6.0,1.0
evt_101659,usr_1112,sess_1112_0,44010041,save,2026-03-08T23:51:45Z,50,ai_recommendation,2.269,False,tìm phòng nhà đất ở Phường Xuân Hòa khu nhà giàu,rent,affordable,2.7,2.0
evt_103286,usr_1216,sess_1216_0,44869986,save,2026-03-08T23:53:47Z,32,related_items,2.018,False,nhà đất Phường Hiệp Bình giá rẻ cho vợ chồng mới cưới,buy_for_living,affordable,2.1,1.0
evt_103197,usr_1211,sess_1211_0,45104084,contact,2026-03-08T23:54:59Z,16,ai_recommendation,2.725,False,"cần thuê nhà đất Phường Bình Hưng Hòa full nội thất, giá hợp lý",rent,affordable,2.4,2.0
evt_102114,usr_1144,sess_1144_0,45090623,contact,2026-03-09T00:33:38Z,51,search_bar,3.8,False,nhà đất Phường Bình Thạnh giá vừa phải dòng tiền tốt,investment,luxury,28.6,1.0
evt_100725,usr_1048,sess_1048_0,44585453,save,2026-03-09T00:42:29Z,170,related_items,2.967,False,"cần mua căn hộ 3 phòng ngủ ở Phường Long Bình để ở, ổn định",buy_for_living,mid_range,7.4,3.0
evt_101467,usr_1099,sess_1099_0,44106049,save,2026-03-09T01:14:31Z,14,homepage,1.563,False,"mua nhà đất đầu tư ở Phường Hòa Hưng pháp lý rõ ràng, vị trí đẹp",investment,affordable,2.6,2.0
evt_102970,usr_1196,sess_1196_0,45188877,view,2026-03-09T02:00:04Z,10,search_bar,0.461,False,tìm nhà đất Phường Cầu Kiệu giá hợp lý gần trường học,buy_for_living,affordable,2.5,2.0
evt_101028,usr_1070,sess_1070_0,43339881,save,2026-03-09T02:15:37Z,62,search_bar,2.391,False,căn hộ Phường Long Bình giá rẻ cho gia đình,buy_for_living,mid_range,7.7,2.0
evt_101006,usr_1068,sess_1068_0,44857952,contact,2026-03-09T03:04:20Z,55,ai_recommendation,3.872,False,"mua nhà đất đầu tư ở Xã Nhà Bè pháp lý rõ ràng, sang trọng",investment,mid_range,6.1,2.0
evt_103169,usr_1209,sess_1209_0,42182617,contact,2026-03-09T03:47:57Z,33,homepage,3.392,False,tìm nhà đất Xã Trừ Văn Thố bình dân gần trường học,buy_for_living,affordable,2.6,2.0
evt_101244,usr_1084,sess_1084_0,45007564,view,2026-03-09T04:57:17Z,130,related_items,0.938,False,"cần mua nhà đất 5 phòng ngủ ở Phường Bình Tân để ở, vị trí đẹp",buy_for_living,mid_range,7.2,2.0
evt_101475,usr_1100,sess_1100_2,44089093,view,2026-03-09T05:15:01Z,86,search_bar,0.859,False,nhà đất Xã Hiệp Phước cao cấp cho thuê gần metro,rent,affordable,2.4,2.0
evt_103729,usr_1246,sess_1246_0,45010087,view,2026-03-09T05:42:26Z,119,related_items,0.921,False,nhà đất Phường Bình Thạnh khu nhà giàu cho thuê lại được,investment,luxury,21.4,3.0
evt_102327,usr_1157,sess_1157_0,45084721,view,2026-03-09T06:13:13Z,6,homepage,0.374,True,"cần mua căn hộ 1 phòng ngủ ở Phường Long Bình để ở, giá mềm",buy_for_living,affordable,2.3,2.0
evt_102285,usr_1155,sess_1155_1,45194899,contact,2026-03-09T06:23:06Z,41,ai_recommendation,3.595,False,căn hộ Xã Tân Nhựt bình dân cho vợ chồng mới cưới,buy_for_living,affordable,3.0,2.0
evt_103968,usr_1262,sess_1262_0,44845982,view,2026-03-09T06:35:42Z,73,ai_recommendation,0.828,False,tìm nhà đất Xã Nhà Bè giá mềm gần trường học,buy_for_living,mid_range,8.0,2.0
evt_103941,usr_1261,sess_1261_0,44586268,save,2026-03-09T06:56:47Z,162,ai_recommendation,2.94,False,căn hộ Phường Khánh Hội giá mềm cho thuê lại được,investment,affordable,2.1,2.0
evt_102764,usr_1184,sess_1184_1,44790440,view,2026-03-09T08:14:59Z,16,ai_recommendation,0.545,False,tìm nhà đất Phường Cầu Ông Lãnh tầm trung gần trường học,buy_for_living,luxury,24.9,1.0
evt_102164,usr_1148,sess_1148_0,44453924,contact,2026-03-09T09:02:01Z,282,ai_recommendation,5.0,False,tìm căn hộ Phường Long Bình ổn định tiềm năng tăng giá,investment,mid_range,7.4,2.0
evt_101042,usr_1071,sess_1071_0,41287063,view,2026-03-09T09:33:58Z,66,homepage,0.809,False,"nhà ở Phường Long Phước thoáng mát 4pn, sang trọng",buy_for_living,affordable,2.1,2.0
evt_100199,usr_1012,sess_1012_1,44178154,view,2026-03-09T10:44:45Z,10,related_items,0.461,False,"mua nhà đất đầu tư ở Xã Tân Nhựt pháp lý rõ ràng, khu nhà giàu",investment,affordable,2.8,1.0
evt_100464,usr_1030,sess_1030_0,44972736,contact,2026-03-09T10:55:21Z,132,search_bar,4.704,False,"nhà ở Phường Hạnh Thông thoáng mát 3pn, rẻ một chút",buy_for_living,luxury,19.9,2.0
evt_100072,usr_1004,sess_1004_2,45212157,view,2026-03-09T11:28:18Z,51,search_bar,0.76,False,nhà đất Phường Thông Tây Hội rẻ một chút cho thuê gần metro,rent,affordable,2.2,2.0
evt_103702,usr_1245,sess_1245_1,45238149,contact,2026-03-09T12:01:03Z,107,ai_recommendation,4.503,False,"cần mua nhà đất 5 phòng ngủ ở Phường Gò Vấp để ở, sang trọng",buy_for_living,mid_range,8.0,3.0
evt_102199,usr_1150,sess_1150_0,44817009,view,2026-03-09T12:42:22Z,17,search_bar,0.556,False,nhà đất Phường Khánh Hội giá mềm cho thuê lại được,investment,affordable,2.9,2.0
evt_100505,usr_1032,sess_1032_0,45042172,save,2026-03-09T13:10:22Z,67,related_items,2.435,False,căn hộ Phường Cầu Kiệu bình dân cho gia đình,buy_for_living,affordable,2.8,2.0
evt_101661,usr_1112,sess_1112_1,44077565,contact,2026-03-09T13:47:27Z,58,ai_recommendation,3.922,False,thuê căn hộ Phường Long Bình 3 phòng ngủ vị trí đẹp,rent,affordable,2.7,2.0
evt_103262,usr_1215,sess_1215_1,44620727,view,2026-03-09T13:49:43Z,80,ai_recommendation,0.845,False,nhà đất Xã Bình Lợi giá tốt dòng tiền tốt,investment,affordable,2.8,2.0
evt_101672,usr_1113,sess_1113_2,45261537,share,2026-03-09T14:51:10Z,15,search_bar,2.133,False,tìm nhà đất Phường Phú Nhuận giá mềm gần trường học,buy_for_living,affordable,2.8,2.0
evt_100146,usr_1009,sess_1009_1,45177740,view,2026-03-09T14:52:34Z,103,search_bar,0.893,False,"cần mua nhà đất 5 phòng ngủ ở Phường Hòa Hưng để ở, tầm trung",buy_for_living,affordable,2.7,2.0
evt_102674,usr_1178,sess_1178_1,44922460,view,2026-03-09T15:56:45Z,35,ai_recommendation,0.689,False,nhà đất Xã Nhà Bè giá hợp lý cho gia đình,buy_for_living,mid_range,7.2,2.0
evt_103099,usr_1205,sess_1205_0,43768536,view,2026-03-09T16:34:20Z,11,ai_recommendation,0.478,False,căn hộ Phường Long Bình ổn định cho vợ chồng mới cưới,buy_for_living,affordable,2.2,2.0
evt_103466,usr_1229,sess_1229_1,45115514,save,2026-03-09T17:24:31Z,185,related_items,3.0,False,tìm nhà đất Phường An Hội Tây bình dân tiềm năng tăng giá,investment,affordable,2.6,2.0
evt_101876,usr_1128,sess_1128_0,45061303,save,2026-03-09T18:33:34Z,33,ai_recommendation,2.035,False,"nhà ở Phường Bình Trị Đông thoáng mát 5pn, tầm trung",buy_for_living,luxury,24.8,2.0
evt_102420,usr_1162,sess_1162_1,43485499,save,2026-03-09T18:43:10Z,50,ai_recommendation,2.269,False,nhà đất Phường An Đông tầm trung cho gia đình,buy_for_living,affordable,2.6,1.0
evt_102838,usr_1188,sess_1188_1,43232221,contact,2026-03-09T19:15:30Z,16,homepage,2.725,False,tìm nhà đất Phường Hiệp Bình sang trọng gần trường học,buy_for_living,mid_range,6.8,3.0
evt_101370,usr_1092,sess_1092_1,45232540,view,2026-03-09T19:31:09Z,112,related_items,0.909,False,tìm nhà đất Phường Bình Tân giá mềm gần trường học,buy_for_living,mid_range,6.4,1.0
evt_102618,usr_1174,sess_1174_0,44716797,contact,2026-03-09T19:33:50Z,61,related_items,3.97,False,tìm phòng nhà đất ở Phường An Hội Tây giá tốt,rent,affordable,2.4,2.0
evt_101711,usr_1117,sess_1117_1,45266757,contact,2026-03-09T20:19:05Z,38,homepage,3.524,False,"cần mua nhà đất 3 phòng ngủ ở Phường Đức Nhuận để ở, ổn định",buy_for_living,mid_range,6.8,3.0
evt_100387,usr_1025,sess_1025_0,45222811,view,2026-03-09T21:50:05Z,53,ai_recommendation,0.767,False,"cần mua căn hộ 2 phòng ngủ ở Phường Chợ Lớn để ở, giá rẻ",buy_for_living,affordable,2.5,2.0
evt_100272,usr_1017,sess_1017_1,45178501,save,2026-03-09T22:18:42Z,21,search_bar,1.784,False,tìm phòng nhà đất ở Phường Long Trường giá hợp lý,rent,mid_range,7.6,2.0
evt_101391,usr_1094,sess_1094_0,44734124,view,2026-03-09T22:39:14Z,39,search_bar,0.71,False,tìm căn hộ Phường An Khánh giá vừa phải gần trường học,buy_for_living,affordable,2.8,1.0
evt_100780,usr_1051,sess_1051_0,45209882,view,2026-03-09T22:45:52Z,6,homepage,0.374,True,căn hộ Phường Cát Lái sang trọng dòng tiền tốt,investment,affordable,2.7,2.0
evt_103835,usr_1253,sess_1253_0,45235440,contact,2026-03-10T00:42:41Z,23,search_bar,3.057,False,nhà đất Phường Hòa Hưng giá mềm dòng tiền tốt,investment,affordable,2.6,2.0
evt_101037,usr_1070,sess_1070_1,44972736,view,2026-03-10T02:07:59Z,49,search_bar,0.753,False,nhà đất Phường Hạnh Thông giá mềm cho gia đình,buy_for_living,mid_range,7.7,2.0
evt_102560,usr_1170,sess_1170_1,43110040,view,2026-03-10T02:39:08Z,12,ai_recommendation,0.493,False,tìm nhà đất Phường An Lạc tầm trung gần trường học,buy_for_living,affordable,2.5,2.0
evt_102960,usr_1196,sess_1196_0,45179743,save,2026-03-10T05:46:35Z,22,search_bar,1.809,False,nhà đất Phường Tăng Nhơn Phú bình dân cho vợ chồng mới cưới,buy_for_living,affordable,2.5,2.0
evt_102450,usr_1164,sess_1164_2,44913725,save,2026-03-10T06:01:22Z,98,ai_recommendation,2.652,False,nhà đất Phường Chợ Quán giá vừa phải cho vợ chồng mới cưới,buy_for_living,affordable,2.9,2.0
evt_101630,usr_1110,sess_1110_0,45197452,share,2026-03-10T06:33:04Z,85,homepage,3.427,False,tìm phòng nhà đất ở Phường Bình Trị Đông ổn định,rent,mid_range,5.6,1.0
evt_103567,usr_1235,sess_1235_0,45039538,share,2026-03-10T06:38:51Z,62,homepage,3.188,False,"nhà ở Phường Tân Sơn thoáng mát 2pn, giá tốt",buy_for_living,affordable,2.3,3.0
evt_103160,usr_1208,sess_1208_0,44871367,view,2026-03-10T07:17:21Z,309,search_bar,1.0,False,"nhà ở Phường Tân Hưng thoáng mát 8pn, vị trí đẹp",buy_for_living,affordable,2.3,2.0
evt_100635,usr_1040,sess_1040_1,44964591,save,2026-03-10T08:13:38Z,352,related_items,3.0,False,nhà đất Phường Phú Thuận tầm trung cho gia đình,buy_for_living,luxury,25.7,3.0
evt_101022,usr_1069,sess_1069_2,45204718,view,2026-03-10T09:12:53Z,18,ai_recommendation,0.566,False,nhà đất Phường Tân Hưng tầm trung dòng tiền tốt,investment,affordable,2.2,1.0
evt_102815,usr_1187,sess_1187_0,45102993,contact,2026-03-10T10:16:36Z,28,homepage,3.239,False,nhà đất Phường Bình Tây giá tốt cho thuê lại được,investment,affordable,2.6,2.0
evt_101692,usr_1115,sess_1115_1,44998731,share,2026-03-10T10:22:27Z,22,ai_recommendation,2.413,False,nhà đất Phường Thạnh Mỹ Tây tầm trung dòng tiền tốt,investment,mid_range,7.4,1.0
evt_100372,usr_1023,sess_1023_0,45215592,view,2026-03-10T11:04:46Z,21,search_bar,0.595,False,"cần thuê nhà đất Phường Tăng Nhơn Phú full nội thất, giá hợp lý",rent,affordable,2.9,2.0
evt_101120,usr_1077,sess_1077_0,45266104,view,2026-03-10T11:16:12Z,16,homepage,0.545,False,"cần mua căn hộ 2 phòng ngủ ở Phường Long Bình để ở, giá tốt",buy_for_living,luxury,29.0,1.0
evt_101685,usr_1114,sess_1114_1,44515581,save,2026-03-10T11:53:53Z,36,related_items,2.084,False,"nhà ở Phường Tân Bình thoáng mát 5pn, giá vừa phải",buy_for_living,mid_range,6.3,3.0
evt_103114,usr_1206,sess_1206_0,45202945,view,2026-03-10T12:36:54Z,17,related_items,0.556,False,"mua căn hộ đầu tư ở Phường Phú Thuận pháp lý rõ ràng, giá mềm",investment,affordable,2.5,2.0
evt_101001,usr_1068,sess_1068_0,45054905,view,2026-03-10T13:11:10Z,145,search_bar,0.959,False,nhà đất Phường Tân Hưng rẻ một chút cho thuê lại được,investment,mid_range,6.1,2.0
evt_100198,usr_1012,sess_1012_2,44953673,view,2026-03-10T13:23:44Z,81,ai_recommendation,0.848,False,tìm nhà đất Phường Tân Thuận sang trọng tiềm năng tăng giá,investment,affordable,2.8,1.0
evt_104378,usr_1289,sess_1289_2,45062392,save,2026-03-10T14:39:53Z,74,homepage,2.492,False,tìm căn hộ Phường An Đông giá tốt tiềm năng tăng giá,investment,affordable,3.0,1.0
evt_104099,usr_1271,sess_1271_0,44107433,view,2026-03-10T14:40:33Z,77,ai_recommendation,0.838,False,"nhà ở Phường Long Trường thoáng mát 3pn, giá hợp lý",buy_for_living,affordable,2.8,2.0
evt_100910,usr_1061,sess_1061_0,45005046,view,2026-03-10T15:09:11Z,7,search_bar,0.4,True,thuê nhà đất Phường Tân Hưng 4 phòng ngủ ổn định,rent,mid_range,7.4,2.0
evt_104392,usr_1290,sess_1290_1,44034581,view,2026-03-10T15:29:26Z,101,ai_recommendation,0.89,False,"mua căn hộ đầu tư ở Phường Long Bình pháp lý rõ ràng, vị trí đẹp",investment,affordable,3.0,2.0
evt_103846,usr_1255,sess_1255_0,45085092,view,2026-03-10T16:20:56Z,34,ai_recommendation,0.684,False,"nhà ở Phường An Hội Tây thoáng mát 4pn, giá rẻ",buy_for_living,mid_range,6.8,1.0
evt_100616,usr_1039,sess_1039_0,45084852,view,2026-03-10T18:03:42Z,112,related_items,0.909,False,căn hộ Phường Đông Hưng Thuận giá tốt cho vợ chồng mới cưới,buy_for_living,mid_range,7.9,2.0
evt_103823,usr_1253,sess_1253_0,44863961,save,2026-03-10T18:20:10Z,250,homepage,3.0,False,căn hộ Xã Tân Nhựt bình dân dòng tiền tốt,investment,affordable,2.6,2.0
evt_100000,usr_1000,sess_1000_1,45055037,view,2026-03-10T18:21:18Z,40,ai_recommendation,0.714,False,nhà đất Phường Long Trường giá vừa phải cho gia đình,buy_for_living,affordable,2.4,2.0
evt_102265,usr_1154,sess_1154_2,45109121,view,2026-03-10T19:13:14Z,65,ai_recommendation,0.806,False,"cần mua nhà đất 2 phòng ngủ ở Phường Thới An để ở, giá mềm",buy_for_living,affordable,2.6,3.0
evt_103920,usr_1259,sess_1259_0,45012028,view,2026-03-10T19:43:40Z,34,homepage,0.684,False,nhà đất Phường Thông Tây Hội ổn định cho vợ chồng mới cưới,buy_for_living,affordable,2.3,2.0
evt_103518,usr_1232,sess_1232_1,45064603,contact,2026-03-10T19:44:55Z,57,related_items,3.905,False,thuê nhà đất Phường Bình Trưng 2 phòng ngủ giá rẻ,rent,mid_range,6.1,2.0
evt_103672,usr_1242,sess_1242_1,45209086,save,2026-03-10T20:33:25Z,25,homepage,1.88,False,nhà đất Phường Xuân Hòa rẻ một chút cho vợ chồng mới cưới,buy_for_living,mid_range,7.1,2.0
evt_104049,usr_1267,sess_1267_0,44742356,view,2026-03-10T21:27:15Z,74,ai_recommendation,0.831,False,"nhà ở Phường Vĩnh Hội thoáng mát 2pn, vị trí đẹp",buy_for_living,affordable,2.3,2.0
evt_103527,usr_1233,sess_1233_0,45077780,view,2026-03-10T21:32:44Z,81,related_items,0.848,False,thuê nhà đất Xã Tân Vĩnh Lộc 2 phòng ngủ giá tốt,rent,affordable,2.3,2.0
evt_104278,usr_1283,sess_1283_0,44729464,view,2026-03-10T21:38:44Z,39,related_items,0.71,False,căn hộ Phường Bình Trưng tầm trung cho thuê lại được,investment,luxury,19.0,2.0
evt_104250,usr_1281,sess_1281_0,44604418,view,2026-03-10T23:56:55Z,93,homepage,0.874,False,"mua nhà đất đầu tư ở Phường An Đông pháp lý rõ ràng, ổn định",investment,affordable,2.9,2.0
evt_100287,usr_1018,sess_1018_0,43715977,contact,2026-03-11T00:39:13Z,25,ai_recommendation,3.134,False,"mua căn hộ đầu tư ở Phường Long Bình pháp lý rõ ràng, giá rẻ",investment,luxury,27.1,2.0
evt_103684,usr_1243,sess_1243_0,45051736,view,2026-03-11T00:45:02Z,123,homepage,0.927,False,tìm nhà đất Phường Phước Long vị trí đẹp tiềm năng tăng giá,investment,mid_range,7.2,2.0
evt_101410,usr_1095,sess_1095_1,44627527,view,2026-03-11T01:27:38Z,7,ai_recommendation,0.4,True,"nhà ở Xã Hiệp Phước thoáng mát 4pn, sang trọng",buy_for_living,affordable,3.0,2.0
evt_104391,usr_1290,sess_1290_0,45248809,view,2026-03-11T01:27:53Z,62,homepage,0.797,False,nhà đất Phường Tân Sơn cao cấp dòng tiền tốt,investment,affordable,3.0,2.0
evt_101339,usr_1090,sess_1090_2,45179775,save,2026-03-11T01:51:04Z,56,related_items,2.333,False,"cần mua căn hộ 2 phòng ngủ ở Phường Đông Hưng Thuận để ở, giá tốt",buy_for_living,affordable,2.9,2.0
evt_102976,usr_1197,sess_1197_0,45052937,contact,2026-03-11T02:12:02Z,29,homepage,3.271,False,"nhà ở Phường Phú Thọ Hòa thoáng mát 1pn, giá tốt",buy_for_living,affordable,2.4,2.0
evt_102249,usr_1153,sess_1153_0,45186265,contact,2026-03-11T03:10:39Z,194,search_bar,5.0,False,"mua nhà đất đầu tư ở Phường Tân Phú pháp lý rõ ràng, rẻ một chút",investment,affordable,2.4,1.0
evt_103696,usr_1244,sess_1244_1,45253098,contact,2026-03-11T03:30:28Z,75,search_bar,4.165,False,nhà đất Phường Tam Bình cao cấp cho vợ chồng mới cưới,buy_for_living,affordable,2.8,2.0
evt_102298,usr_1156,sess_1156_0,44050394,contact,2026-03-11T05:03:35Z,135,ai_recommendation,4.725,False,căn hộ Phường Thạnh Mỹ Tây vị trí đẹp cho thuê lại được,investment,luxury,19.7,3.0
evt_100126,usr_1008,sess_1008_0,45019731,view,2026-03-11T05:05:47Z,76,related_items,0.836,False,nhà đất Phường An Hội Tây vị trí đẹp cho vợ chồng mới cưới,buy_for_living,affordable,2.3,2.0
evt_104301,usr_1284,sess_1284_1,45240090,save,2026-03-11T05:28:50Z,108,homepage,2.707,False,nhà đất Phường Hòa Hưng giá tốt cho vợ chồng mới cưới,buy_for_living,mid_range,7.1,1.0
evt_100864,usr_1057,sess_1057_0,45094154,view,2026-03-11T05:36:15Z,4,search_bar,0.31,True,nhà đất Phường Thạnh Mỹ Tây ổn định cho vợ chồng mới cưới,buy_for_living,affordable,2.6,3.0
evt_102918,usr_1193,sess_1193_0,45151591,contact,2026-03-11T06:28:36Z,26,search_bar,3.17,False,"cần mua nhà đất 3 phòng ngủ ở Phường Cầu Kiệu để ở, giá rẻ",buy_for_living,mid_range,7.9,1.0
evt_100154,usr_1010,sess_1010_0,40032422,view,2026-03-11T06:41:49Z,177,search_bar,0.997,False,"nhà ở Phường Phước Long thoáng mát 5pn, khu nhà giàu",buy_for_living,affordable,2.3,2.0
evt_102009,usr_1136,sess_1136_1,45195327,view,2026-03-11T06:48:56Z,35,homepage,0.689,False,tìm phòng căn hộ ở Phường Phú Thạnh bình dân,rent,affordable,3.0,2.0
evt_101411,usr_1095,sess_1095_0,45222811,save,2026-03-11T07:50:16Z,20,homepage,1.757,False,căn hộ Phường Chợ Lớn rẻ một chút cho gia đình,buy_for_living,affordable,3.0,2.0
evt_100740,usr_1049,sess_1049_0,45232672,view,2026-03-11T09:15:44Z,13,related_items,0.508,False,nhà đất Phường Tân Hưng giá tốt cho vợ chồng mới cưới,buy_for_living,affordable,2.8,1.0
evt_101197,usr_1082,sess_1082_1,44219885,view,2026-03-11T09:16:13Z,57,ai_recommendation,0.781,False,tìm nhà đất Phường Bến Thành khu nhà giàu gần trường học,buy_for_living,affordable,2.6,2.0
evt_100427,usr_1027,sess_1027_2,45267186,view,2026-03-11T09:34:41Z,33,search_bar,0.678,False,nhà đất Phường Tân Sơn Nhì giá mềm cho gia đình,buy_for_living,mid_range,7.8,3.0
evt_102476,usr_1165,sess_1165_1,45000100,view,2026-03-11T09:51:04Z,113,ai_recommendation,0.911,False,nhà đất Phường Bình Lợi Trung giá tốt cho gia đình,buy_for_living,luxury,26.4,2.0
evt_100550,usr_1035,sess_1035_1,45254034,view,2026-03-11T09:59:42Z,29,ai_recommendation,0.654,False,"mua căn hộ đầu tư ở Phường Long Trường pháp lý rõ ràng, giá mềm",investment,affordable,2.4,1.0
evt_103603,usr_1237,sess_1237_1,45257389,view,2026-03-11T09:59:48Z,6,ai_recommendation,0.374,True,nhà đất Phường Tân Sơn vị trí đẹp cho thuê gần metro,rent,mid_range,6.5,2.0
evt_103748,usr_1248,sess_1248_0,44496308,save,2026-03-11T10:36:17Z,10,homepage,1.384,False,"mua nhà đất đầu tư ở Phường Chợ Quán pháp lý rõ ràng, khu nhà giàu",investment,affordable,2.3,2.0
evt_102754,usr_1183,sess_1183_0,45047879,contact,2026-03-11T11:02:01Z,213,ai_recommendation,5.0,False,nhà đất Phường Phú Thọ giá rẻ cho vợ chồng mới cưới,buy_for_living,luxury,29.1,2.0
evt_101835,usr_1125,sess_1125_0,45163698,save,2026-03-11T11:20:43Z,68,ai_recommendation,2.443,False,tìm nhà đất Phường An Lạc giá rẻ gần trường học,buy_for_living,affordable,3.0,2.0
evt_100675,usr_1044,sess_1044_0,42687922,contact,2026-03-11T11:54:15Z,289,related_items,5.0,False,tìm nhà đất Phường Hòa Hưng giá vừa phải gần trường học,buy_for_living,affordable,2.9,1.0
evt_102117,usr_1144,sess_1144_2,44714707,save,2026-03-11T12:02:47Z,25,ai_recommendation,1.88,False,căn hộ Phường Long Bình giá mềm cho thuê lại được,investment,luxury,28.6,1.0
evt_103637,usr_1240,sess_1240_0,45140183,save,2026-03-11T12:11:54Z,40,search_bar,2.143,False,tìm nhà đất Phường Hòa Hưng giá tốt gần trường học,buy_for_living,mid_range,5.9,2.0
evt_101440,usr_1097,sess_1097_2,43578966,view,2026-03-11T13:07:17Z,28,related_items,0.648,False,nhà đất Phường Xuân Hòa vị trí đẹp dòng tiền tốt,investment,affordable,2.4,2.0
evt_103293,usr_1217,sess_1217_0,45204859,view,2026-03-11T14:20:46Z,201,search_bar,1.0,False,"nhà ở Phường Bảy Hiền thoáng mát 2pn, rẻ một chút",buy_for_living,affordable,2.3,2.0
evt_103189,usr_1210,sess_1210_1,44634511,contact,2026-03-11T15:36:46Z,14,homepage,2.605,False,nhà đất Phường Vườn Lài giá rẻ cho vợ chồng mới cưới,buy_for_living,luxury,26.3,2.0
evt_100213,usr_1013,sess_1013_1,40018547,contact,2026-03-11T15:48:30Z,107,search_bar,4.503,False,"cần mua nhà đất 0 phòng ngủ ở Phường Hòa Hưng để ở, vị trí đẹp",buy_for_living,affordable,2.4,2.0
evt_100443,usr_1028,sess_1028_1,43371877,save,2026-03-11T16:20:29Z,148,ai_recommendation,2.888,False,tìm nhà đất Phường Hòa Hưng giá mềm gần trường học,buy_for_living,affordable,2.2,1.0
evt_102227,usr_1152,sess_1152_0,44673808,contact,2026-03-11T16:27:13Z,90,homepage,4.339,False,"cần mua nhà đất 4 phòng ngủ ở Phường Thủ Đức để ở, khu nhà giàu",buy_for_living,affordable,2.7,2.0
evt_100558,usr_1035,sess_1035_2,45264187,save,2026-03-11T17:01:28Z,67,homepage,2.435,False,"mua nhà đất đầu tư ở Phường Bình Lợi Trung pháp lý rõ ràng, sang trọng",investment,affordable,2.4,1.0
evt_100023,usr_1001,sess_1001_1,44848669,view,2026-03-11T17:28:12Z,131,related_items,0.939,False,căn hộ Xã Tân Nhựt giá hợp lý cho vợ chồng mới cưới,buy_for_living,affordable,2.7,2.0
evt_100667,usr_1043,sess_1043_0,45025539,save,2026-03-11T17:38:55Z,38,ai_recommendation,2.114,False,"nhà ở Phường Bình Lợi Trung thoáng mát 3pn, ổn định",buy_for_living,mid_range,7.6,2.0
evt_101061,usr_1072,sess_1072_1,45150820,view,2026-03-11T18:45:37Z,79,ai_recommendation,0.843,False,"cần thuê nhà đất Phường Tân Đông Hiệp full nội thất, tầm trung",rent,mid_range,7.4,1.0
evt_104363,usr_1288,sess_1288_1,45246054,contact,2026-03-11T18:52:37Z,88,search_bar,4.317,False,tìm nhà đất Phường Linh Xuân giá vừa phải gần trường học,buy_for_living,mid_range,5.8,1.0
evt_103162,usr_1209,sess_1209_0,43572439,view,2026-03-11T19:08:13Z,12,homepage,0.493,False,tìm căn hộ Phường Long Bình ổn định gần trường học,buy_for_living,affordable,2.6,2.0
evt_101441,usr_1097,sess_1097_1,45192813,view,2026-03-11T19:35:20Z,76,search_bar,0.836,False,nhà đất Phường Bình Thạnh sang trọng dòng tiền tốt,investment,affordable,2.4,2.0
evt_102268,usr_1154,sess_1154_2,44309039,view,2026-03-11T20:27:09Z,24,homepage,0.619,False,"cần mua nhà đất 4 phòng ngủ ở Xã Nhà Bè để ở, vị trí đẹp",buy_for_living,affordable,2.6,3.0
evt_103683,usr_1243,sess_1243_0,45025539,contact,2026-03-11T21:57:53Z,79,search_bar,4.215,False,"mua nhà đất đầu tư ở Phường Bình Lợi Trung pháp lý rõ ràng, ổn định",investment,mid_range,7.2,2.0
evt_102220,usr_1151,sess_1151_1,43492362,save,2026-03-11T22:08:06Z,59,related_items,2.363,False,"cần mua căn hộ 3 phòng ngủ ở Phường Long Bình để ở, tầm trung",buy_for_living,mid_range,7.1,2.0
evt_102281,usr_1155,sess_1155_2,44130060,view,2026-03-11T22:43:52Z,83,related_items,0.852,False,"cần mua nhà đất 2 phòng ngủ ở Phường Diên Hồng để ở, giá rẻ",buy_for_living,affordable,3.0,2.0
evt_101078,usr_1074,sess_1074_0,44953993,view,2026-03-11T22:53:48Z,15,related_items,0.533,False,nhà đất Phường Tăng Nhơn Phú giá hợp lý cho gia đình,buy_for_living,mid_range,5.6,1.0
evt_103678,usr_1243,sess_1243_0,45112027,view,2026-03-11T23:36:48Z,53,search_bar,0.767,False,nhà đất Xã Nhà Bè rẻ một chút cho thuê lại được,investment,mid_range,7.2,2.0
evt_100363,usr_1023,sess_1023_1,44807125,save,2026-03-11T23:59:58Z,56,search_bar,2.333,False,"cần thuê nhà đất Phường Bến Thành full nội thất, giá vừa phải",rent,affordable,2.9,2.0
evt_100314,usr_1019,sess_1019_0,41287063,save,2026-03-12T01:17:43Z,89,search_bar,2.597,False,"nhà ở Phường Long Phước thoáng mát 4pn, sang trọng",buy_for_living,luxury,21.7,2.0
evt_103334,usr_1220,sess_1220_0,44873591,view,2026-03-12T03:04:59Z,91,search_bar,0.87,False,nhà đất Phường Chánh Hiệp rẻ một chút cho gia đình,buy_for_living,affordable,2.6,3.0
evt_101989,usr_1135,sess_1135_0,44239561,view,2026-03-12T03:56:56Z,46,search_bar,0.741,False,căn hộ Phường Long Bình rẻ một chút cho gia đình,buy_for_living,affordable,2.8,1.0
evt_103650,usr_1241,sess_1241_0,45215802,save,2026-03-12T04:24:56Z,29,ai_recommendation,1.963,False,nhà đất Phường Nhiêu Lộc giá mềm cho thuê lại được,investment,mid_range,7.2,2.0
evt_102303,usr_1156,sess_1156_0,45256662,contact,2026-03-12T04:44:54Z,94,search_bar,4.38,False,nhà đất Xã Nhà Bè bình dân cho thuê lại được,investment,luxury,19.7,3.0
evt_102867,usr_1190,sess_1190_0,44815299,share,2026-03-12T05:17:31Z,22,ai_recommendation,2.413,False,tìm căn hộ Xã Tân Nhựt giá rẻ gần trường học,buy_for_living,affordable,2.8,2.0
evt_101504,usr_1102,sess_1102_0,45182658,view,2026-03-12T06:45:54Z,68,ai_recommendation,0.814,False,nhà đất Phường Long Nguyên giá mềm dòng tiền tốt,investment,mid_range,7.7,2.0
evt_100344,usr_1021,sess_1021_0,44077990,save,2026-03-12T07:02:21Z,310,ai_recommendation,3.0,False,tìm phòng căn hộ ở Phường Dĩ An rẻ một chút,rent,mid_range,7.6,2.0
evt_102702,usr_1180,sess_1180_2,45207563,view,2026-03-12T08:03:07Z,109,ai_recommendation,0.904,False,tìm nhà đất Phường Tăng Nhơn Phú giá rẻ tiềm năng tăng giá,investment,luxury,27.1,2.0
evt_101211,usr_1083,sess_1083_0,45234636,save,2026-03-12T08:25:06Z,251,homepage,3.0,False,tìm căn hộ Phường An Đông bình dân tiềm năng tăng giá,investment,affordable,2.5,2.0
evt_103604,usr_1237,sess_1237_2,45159585,save,2026-03-12T08:34:15Z,154,ai_recommendation,2.911,False,nhà đất Phường Hạnh Thông khu nhà giàu cho thuê gần metro,rent,mid_range,6.5,2.0
evt_103021,usr_1200,sess_1200_0,45070876,view,2026-03-12T08:34:23Z,143,ai_recommendation,0.956,False,tìm nhà đất Phường Linh Xuân giá hợp lý tiềm năng tăng giá,investment,mid_range,5.7,2.0
evt_101977,usr_1134,sess_1134_1,45223376,save,2026-03-12T08:54:05Z,69,search_bar,2.452,False,tìm căn hộ Phường Phú Lâm giá tốt gần trường học,buy_for_living,mid_range,6.1,2.0
evt_103781,usr_1249,sess_1249_1,45127270,view,2026-03-12T08:59:56Z,46,search_bar,0.741,False,tìm phòng nhà đất ở Phường An Phú Đông tầm trung,rent,luxury,25.2,2.0
evt_102492,usr_1166,sess_1166_1,45144414,view,2026-03-12T09:56:23Z,50,ai_recommendation,0.756,False,"nhà ở Phường Hiệp Bình thoáng mát 3pn, bình dân",buy_for_living,luxury,25.3,1.0
evt_103533,usr_1233,sess_1233_0,44417445,view,2026-03-12T11:06:04Z,59,related_items,0.788,False,nhà đất Phường Thủ Đức giá tốt cho thuê gần metro,rent,affordable,2.3,2.0
evt_104406,usr_1292,sess_1292_0,45046256,contact,2026-03-12T11:32:57Z,23,search_bar,3.057,False,nhà đất Phường An Lạc giá hợp lý cho vợ chồng mới cưới,buy_for_living,affordable,2.6,2.0
evt_102649,usr_1177,sess_1177_1,45180105,view,2026-03-12T12:12:37Z,78,ai_recommendation,0.841,False,nhà đất Phường Đức Nhuận khu nhà giàu cho thuê lại được,investment,luxury,27.7,2.0
evt_103699,usr_1245,sess_1245_0,44709669,contact,2026-03-12T12:26:16Z,28,ai_recommendation,3.239,False,tìm căn hộ Phường Thạnh Mỹ Tây tầm trung gần trường học,buy_for_living,mid_range,8.0,3.0
evt_101783,usr_1122,sess_1122_1,44359327,share,2026-03-12T15:15:47Z,63,homepage,3.2,False,nhà đất Phường Hiệp Bình vị trí đẹp dòng tiền tốt,investment,luxury,28.5,2.0
evt_100094,usr_1005,sess_1005_0,45071051,view,2026-03-12T15:56:04Z,56,homepage,0.778,False,nhà đất Xã Bình Hưng sang trọng cho gia đình,buy_for_living,affordable,2.8,2.0
evt_101710,usr_1117,sess_1117_1,44281973,save,2026-03-12T16:07:23Z,487,ai_recommendation,3.0,False,nhà đất Phường Tân Thuận rẻ một chút cho vợ chồng mới cưới,buy_for_living,mid_range,6.8,3.0
evt_101796,usr_1123,sess_1123_0,44466982,view,2026-03-12T16:18:47Z,48,ai_recommendation,0.749,False,tìm căn hộ Phường Thạnh Mỹ Tây giá mềm tiềm năng tăng giá,investment,affordable,2.7,2.0
evt_102317,usr_1157,sess_1157_1,45263202,view,2026-03-12T17:02:12Z,30,ai_recommendation,0.661,False,căn hộ Phường Vĩnh Hội khu nhà giàu cho gia đình,buy_for_living,affordable,2.3,2.0
evt_104160,usr_1275,sess_1275_0,45180898,view,2026-03-12T18:38:37Z,22,search_bar,0.603,False,nhà đất Phường An Hội Tây giá rẻ cho thuê lại được,investment,affordable,2.5,3.0
evt_103013,usr_1199,sess_1199_0,43649617,view,2026-03-12T19:38:26Z,55,ai_recommendation,0.774,False,thuê nhà đất Phường Nhiêu Lộc 6 phòng ngủ khu nhà giàu,rent,affordable,2.2,2.0
evt_103460,usr_1229,sess_1229_0,45139147,view,2026-03-12T19:38:35Z,14,homepage,0.521,False,"mua nhà đất đầu tư ở Phường Tân Sơn Nhì pháp lý rõ ràng, giá rẻ",investment,affordable,2.6,2.0
evt_101872,usr_1128,sess_1128_0,44755067,view,2026-03-12T19:52:44Z,276,ai_recommendation,1.0,False,căn hộ Phường Long Bình khu nhà giàu cho vợ chồng mới cưới,buy_for_living,luxury,24.8,2.0
evt_103138,usr_1207,sess_1207_1,45188401,view,2026-03-12T20:37:16Z,17,search_bar,0.556,False,tìm nhà đất Phường Thới Hòa cao cấp gần trường học,buy_for_living,affordable,2.9,1.0
evt_100971,usr_1065,sess_1065_1,44870654,view,2026-03-12T21:32:50Z,19,search_bar,0.576,False,căn hộ Phường Bến Thành giá tốt cho thuê lại được,investment,affordable,2.6,2.0
evt_104339,usr_1287,sess_1287_0,45196522,save,2026-03-12T21:58:53Z,35,ai_recommendation,2.068,False,nhà đất Phường Cầu Kiệu giá rẻ cho gia đình,buy_for_living,affordable,2.4,2.0
evt_100250,usr_1015,sess_1015_1,44464713,view,2026-03-12T22:31:55Z,304,related_items,1.0,False,căn hộ Phường An Khánh giá rẻ dòng tiền tốt,investment,affordable,2.1,2.0
evt_103714,usr_1245,sess_1245_0,45105953,contact,2026-03-13T01:59:58Z,188,ai_recommendation,5.0,False,"cần mua nhà đất 2 phòng ngủ ở Phường Bình Đông để ở, rẻ một chút",buy_for_living,mid_range,8.0,3.0
evt_103570,usr_1236,sess_1236_0,43403469,view,2026-03-13T02:28:24Z,29,ai_recommendation,0.654,False,"nhà ở Phường Thủ Dầu Một thoáng mát 2pn, tầm trung",buy_for_living,mid_range,7.2,2.0
evt_102487,usr_1166,sess_1166_0,43941044,view,2026-03-13T02:40:42Z,34,ai_recommendation,0.684,False,tìm nhà đất Phường Phú Thọ Hòa vị trí đẹp gần trường học,buy_for_living,luxury,25.3,1.0
evt_104077,usr_1270,sess_1270_0,45020835,view,2026-03-13T03:37:09Z,25,homepage,0.627,False,"mua nhà đất đầu tư ở Phường Tân Hưng pháp lý rõ ràng, bình dân",investment,mid_range,7.0,2.0
evt_103180,usr_1209,sess_1209_0,45115875,share,2026-03-13T04:11:38Z,22,search_bar,2.413,False,nhà đất Xã Nhà Bè cao cấp cho gia đình,buy_for_living,affordable,2.6,2.0
evt_101734,usr_1118,sess_1118_0,45066832,save,2026-03-13T05:26:17Z,47,ai_recommendation,2.234,False,nhà đất Phường Long Trường giá mềm cho thuê lại được,investment,mid_range,6.3,2.0
evt_102840,usr_1188,sess_1188_0,45025864,view,2026-03-13T05:29:46Z,70,related_items,0.82,False,căn hộ Phường Phú Thọ Hòa ổn định cho vợ chồng mới cưới,buy_for_living,mid_range,6.8,3.0
evt_104497,usr_1298,sess_1298_2,44113870,view,2026-03-13T06:22:04Z,261,related_items,1.0,False,thuê nhà đất Phường Bảy Hiền 2 phòng ngủ giá hợp lý,rent,mid_range,5.7,3.0
evt_103204,usr_1211,sess_1211_1,45021580,view,2026-03-13T09:15:18Z,9,ai_recommendation,0.443,True,tìm phòng nhà đất ở Phường Cầu Kiệu giá tốt,rent,affordable,2.4,2.0
evt_104474,usr_1297,sess_1297_0,44970677,view,2026-03-13T09:31:51Z,21,ai_recommendation,0.595,False,tìm phòng nhà đất ở Phường Cầu Kiệu vị trí đẹp,rent,luxury,22.3,2.0
evt_101545,usr_1105,sess_1105_0,44892271,contact,2026-03-13T09:46:53Z,83,ai_recommendation,4.262,False,"mua căn hộ đầu tư ở Phường Long Trường pháp lý rõ ràng, rẻ một chút",investment,luxury,23.4,1.0
evt_100120,usr_1007,sess_1007_0,45128308,view,2026-03-13T09:57:09Z,67,ai_recommendation,0.812,False,"cần mua nhà đất 30 phòng ngủ ở Phường Tân Thuận để ở, vị trí đẹp",buy_for_living,affordable,2.8,2.0
evt_103743,usr_1247,sess_1247_1,44868190,view,2026-03-13T10:24:38Z,2,ai_recommendation,0.211,True,căn hộ Phường Bến Thành giá rẻ dòng tiền tốt,investment,affordable,2.4,2.0
evt_103960,usr_1262,sess_1262_0,45144414,save,2026-03-13T10:56:01Z,19,related_items,1.729,False,"cần mua nhà đất 3 phòng ngủ ở Phường Hiệp Bình để ở, rẻ một chút",buy_for_living,mid_range,8.0,2.0
evt_101579,usr_1107,sess_1107_0,44177616,save,2026-03-13T11:37:37Z,185,ai_recommendation,3.0,False,nhà đất Phường Tăng Nhơn Phú khu nhà giàu cho vợ chồng mới cưới,buy_for_living,mid_range,7.0,1.0
evt_104122,usr_1272,sess_1272_1,40990762,share,2026-03-13T11:46:07Z,273,ai_recommendation,4.0,False,"nhà ở Phường An Khánh thoáng mát 2pn, giá tốt",buy_for_living,affordable,2.7,2.0
evt_104342,usr_1287,sess_1287_0,45203351,share,2026-03-13T14:22:07Z,151,ai_recommendation,3.866,False,"cần mua nhà đất 15 phòng ngủ ở Phường Tăng Nhơn Phú để ở, cao cấp",buy_for_living,affordable,2.4,2.0
evt_103512,usr_1232,sess_1232_0,44130737,view,2026-03-13T15:23:31Z,64,ai_recommendation,0.803,False,"cần thuê căn hộ Phường Long Bình full nội thất, vị trí đẹp",rent,mid_range,6.1,2.0
evt_101648,usr_1111,sess_1111_0,45257389,share,2026-03-13T15:31:06Z,44,ai_recommendation,2.929,False,nhà đất Phường Tân Sơn khu nhà giàu dòng tiền tốt,investment,affordable,2.4,2.0
evt_100973,usr_1065,sess_1065_2,43716231,save,2026-03-13T15:31:11Z,89,search_bar,2.597,False,"mua căn hộ đầu tư ở Phường Long Bình pháp lý rõ ràng, ổn định",investment,affordable,2.6,2.0
evt_102471,usr_1165,sess_1165_0,44729464,view,2026-03-13T17:18:58Z,53,ai_recommendation,0.767,False,"nhà ở Phường Bình Trưng thoáng mát 2pn, tầm trung",buy_for_living,luxury,26.4,2.0
evt_103308,usr_1218,sess_1218_0,44487371,view,2026-03-13T17:31:42Z,53,search_bar,0.767,False,nhà đất Phường Tân Thuận sang trọng dòng tiền tốt,investment,mid_range,6.1,3.0
evt_100404,usr_1026,sess_1026_2,44762845,save,2026-03-13T17:45:36Z,134,search_bar,2.831,False,"nhà ở Xã Tân Nhựt thoáng mát 2pn, giá hợp lý",buy_for_living,mid_range,7.2,3.0
evt_101845,usr_1126,sess_1126_1,45060455,view,2026-03-13T19:40:33Z,46,homepage,0.741,False,nhà đất Phường Tân Tạo giá tốt cho thuê lại được,investment,affordable,2.4,1.0
evt_103468,usr_1229,sess_1229_1,45260350,view,2026-03-13T19:46:53Z,58,ai_recommendation,0.784,False,nhà đất Phường Tân Sơn Hòa giá rẻ dòng tiền tốt,investment,affordable,2.6,2.0
evt_100878,usr_1058,sess_1058_0,45268404,view,2026-03-13T21:02:55Z,41,search_bar,0.719,False,"mua nhà đất đầu tư ở Phường Phú Thuận pháp lý rõ ràng, tầm trung",investment,affordable,2.9,2.0
evt_104247,usr_1281,sess_1281_0,45172741,contact,2026-03-13T21:25:59Z,56,ai_recommendation,3.889,False,"mua nhà đất đầu tư ở Phường Thạnh Mỹ Tây pháp lý rõ ràng, giá vừa phải",investment,affordable,2.9,2.0
evt_100800,usr_1053,sess_1053_2,43605480,contact,2026-03-13T21:36:03Z,294,ai_recommendation,5.0,False,"cần mua căn hộ 1 phòng ngủ ở Phường An Đông để ở, giá mềm",buy_for_living,affordable,2.8,1.0
evt_101040,usr_1071,sess_1071_0,44538240,view,2026-03-13T21:38:46Z,73,homepage,0.828,False,"nhà ở Phường An Hội Đông thoáng mát 20pn, sang trọng",buy_for_living,affordable,2.1,2.0
evt_102438,usr_1163,sess_1163_0,44638795,view,2026-03-13T21:47:47Z,75,ai_recommendation,0.833,False,tìm phòng nhà đất ở Phường Nhiêu Lộc bình dân,rent,mid_range,7.2,3.0
evt_101978,usr_1134,sess_1134_1,45085966,view,2026-03-13T22:27:54Z,72,ai_recommendation,0.825,False,"cần mua nhà đất 0 phòng ngủ ở Phường Tân Sơn Nhì để ở, sang trọng",buy_for_living,mid_range,6.1,2.0
evt_103659,usr_1241,sess_1241_0,44992114,save,2026-03-13T22:52:57Z,49,ai_recommendation,2.258,False,tìm căn hộ Phường Gia Định giá tốt tiềm năng tăng giá,investment,mid_range,7.2,2.0
evt_101627,usr_1110,sess_1110_0,44841956,view,2026-03-13T22:55:23Z,126,homepage,0.932,False,tìm phòng nhà đất ở Xã Nhà Bè tầm trung,rent,mid_range,5.6,1.0
evt_102068,usr_1140,sess_1140_0,45256975,share,2026-03-13T23:21:38Z,103,search_bar,3.574,False,nhà đất Phường An Hội Tây vị trí đẹp cho gia đình,buy_for_living,affordable,2.4,2.0
evt_102253,usr_1153,sess_1153_0,44463660,view,2026-03-13T23:41:11Z,35,ai_recommendation,0.689,False,tìm căn hộ Phường Long Bình tầm trung tiềm năng tăng giá,investment,affordable,2.4,1.0
evt_100778,usr_1051,sess_1051_0,45218912,view,2026-03-14T01:16:35Z,25,search_bar,0.627,False,nhà đất Phường Bình Thạnh khu nhà giàu dòng tiền tốt,investment,affordable,2.7,2.0
evt_102555,usr_1170,sess_1170_1,44962765,save,2026-03-14T02:01:22Z,253,search_bar,3.0,False,nhà đất Xã Hiệp Phước giá hợp lý cho vợ chồng mới cưới,buy_for_living,affordable,2.5,2.0
evt_100122,usr_1007,sess_1007_0,42177453,save,2026-03-14T02:18:34Z,49,search_bar,2.258,False,"cần mua nhà đất 4 phòng ngủ ở Phường Phước Thắng để ở, giá hợp lý",buy_for_living,affordable,2.8,2.0
evt_104025,usr_1266,sess_1266_0,45240798,save,2026-03-14T02:34:26Z,79,search_bar,2.529,False,"mua nhà đất đầu tư ở Phường Bình Hưng Hòa pháp lý rõ ràng, khu nhà giàu",investment,mid_range,7.8,2.0
evt_101322,usr_1089,sess_1089_0,45217453,save,2026-03-14T03:36:13Z,19,search_bar,1.729,False,căn hộ Phường Bình Trưng rẻ một chút cho gia đình,buy_for_living,affordable,2.5,2.0
evt_100011,usr_1000,sess_1000_1,44494201,view,2026-03-14T04:32:32Z,47,search_bar,0.745,False,"nhà ở Phường Tân Mỹ thoáng mát 4pn, sang trọng",buy_for_living,affordable,2.4,2.0
evt_102205,usr_1150,sess_1150_0,44418456,view,2026-03-14T04:54:38Z,7,ai_recommendation,0.4,True,tìm nhà đất Phường Tân Thới Hiệp ổn định tiềm năng tăng giá,investment,affordable,2.9,2.0
evt_100594,usr_1038,sess_1038_0,44830541,view,2026-03-14T04:59:15Z,18,ai_recommendation,0.566,False,nhà đất Phường Tân Sơn Hòa ổn định cho gia đình,buy_for_living,affordable,2.7,2.0
evt_100028,usr_1001,sess_1001_0,45184650,contact,2026-03-14T05:47:18Z,33,homepage,3.392,False,căn hộ Xã Bình Hưng giá tốt cho gia đình,buy_for_living,affordable,2.7,2.0
evt_100709,usr_1047,sess_1047_0,44871995,view,2026-03-14T06:40:38Z,76,homepage,0.836,False,"nhà ở Phường Gia Định thoáng mát 5pn, khu nhà giàu",buy_for_living,luxury,22.7,3.0
evt_100772,usr_1051,sess_1051_0,44893598,view,2026-03-14T07:34:59Z,28,search_bar,0.648,False,"mua nhà đất đầu tư ở Xã Nhà Bè pháp lý rõ ràng, giá tốt",investment,affordable,2.7,2.0
evt_101992,usr_1135,sess_1135_0,45183885,contact,2026-03-14T07:36:19Z,27,search_bar,3.205,False,"nhà ở Phường Tân Sơn Hòa thoáng mát 2pn, giá mềm",buy_for_living,affordable,2.8,1.0
evt_100770,usr_1051,sess_1051_0,43866971,share,2026-03-14T07:43:36Z,137,ai_recommendation,3.791,False,nhà đất Xã Nhà Bè giá vừa phải dòng tiền tốt,investment,affordable,2.7,2.0
evt_102718,usr_1181,sess_1181_0,44841956,view,2026-03-14T08:42:51Z,61,search_bar,0.794,False,nhà đất Xã Nhà Bè giá vừa phải cho vợ chồng mới cưới,buy_for_living,mid_range,6.0,1.0
evt_100744,usr_1049,sess_1049_0,39078021,view,2026-03-14T09:20:10Z,99,search_bar,0.886,False,"nhà ở Xã Bà Điểm thoáng mát 4pn, giá vừa phải",buy_for_living,affordable,2.8,1.0
evt_100308,usr_1019,sess_1019_1,44153316,share,2026-03-14T10:51:27Z,77,search_bar,3.352,False,nhà đất Phường Linh Xuân giá vừa phải cho gia đình,buy_for_living,luxury,21.7,2.0
evt_100330,usr_1020,sess_1020_0,44482740,view,2026-03-14T12:18:29Z,10,ai_recommendation,0.461,False,căn hộ Phường Bến Thành giá tốt cho thuê gần metro,rent,mid_range,6.9,2.0
evt_103824,usr_1253,sess_1253_0,45237880,save,2026-03-14T12:38:28Z,26,ai_recommendation,1.902,False,căn hộ Phường An Hội Đông giá mềm cho thuê lại được,investment,affordable,2.6,2.0
evt_103017,usr_1199,sess_1199_0,43859732,view,2026-03-14T13:31:59Z,13,ai_recommendation,0.508,False,nhà đất Phường Bảy Hiền giá vừa phải cho thuê gần metro,rent,affordable,2.2,2.0
evt_101174,usr_1080,sess_1080_0,45014857,view,2026-03-14T13:45:47Z,58,search_bar,0.784,False,tìm căn hộ Phường Bến Thành giá rẻ tiềm năng tăng giá,investment,affordable,2.7,2.0
evt_103163,usr_1209,sess_1209_0,44927379,view,2026-03-14T13:53:34Z,13,search_bar,0.508,False,"nhà ở Phường Phú Thuận thoáng mát 4pn, tầm trung",buy_for_living,affordable,2.6,2.0
evt_100531,usr_1034,sess_1034_0,45217702,view,2026-03-14T15:42:37Z,141,homepage,0.953,False,nhà đất Phường Bình Dương vị trí đẹp cho thuê lại được,investment,luxury,27.7,2.0
evt_101535,usr_1104,sess_1104_2,45246006,view,2026-03-14T17:47:14Z,187,ai_recommendation,1.0,False,nhà đất Phường Linh Xuân khu nhà giàu cho vợ chồng mới cưới,buy_for_living,mid_range,6.1,3.0
evt_101223,usr_1083,sess_1083_0,45052349,view,2026-03-14T18:30:51Z,25,search_bar,0.627,False,nhà đất Phường Cầu Ông Lãnh sang trọng cho thuê lại được,investment,affordable,2.5,2.0
evt_102665,usr_1178,sess_1178_0,44125552,save,2026-03-14T18:32:38Z,58,homepage,2.353,False,nhà đất Phường Chợ Quán rẻ một chút cho gia đình,buy_for_living,mid_range,7.2,2.0
evt_101246,usr_1084,sess_1084_0,45223231,view,2026-03-14T18:44:31Z,12,ai_recommendation,0.493,False,"nhà ở Phường Bình Hưng Hòa thoáng mát 3pn, sang trọng",buy_for_living,mid_range,7.2,2.0
evt_102773,usr_1184,sess_1184_0,45096390,save,2026-03-14T19:19:10Z,70,ai_recommendation,2.46,False,"cần mua nhà đất 2 phòng ngủ ở Phường Tân Phú để ở, sang trọng",buy_for_living,luxury,24.9,1.0
evt_103246,usr_1214,sess_1214_0,45119799,view,2026-03-14T19:27:34Z,46,related_items,0.741,False,thuê nhà đất Phường An Phú Đông 3 phòng ngủ giá mềm,rent,affordable,2.6,2.0
evt_101532,usr_1104,sess_1104_2,40950675,view,2026-03-14T19:53:07Z,43,homepage,0.728,False,"cần mua nhà đất 4 phòng ngủ ở Xã Nhà Bè để ở, khu nhà giàu",buy_for_living,mid_range,6.1,3.0
evt_100469,usr_1030,sess_1030_0,45138973,view,2026-03-14T20:24:32Z,32,ai_recommendation,0.673,False,nhà đất Phường Bình Thạnh tầm trung cho vợ chồng mới cưới,buy_for_living,luxury,19.9,2.0
evt_100956,usr_1064,sess_1064_1,45138363,view,2026-03-14T20:43:09Z,17,related_items,0.556,False,tìm nhà đất Phường Tân Sơn sang trọng tiềm năng tăng giá,investment,mid_range,6.7,2.0
evt_103432,usr_1227,sess_1227_2,44730405,view,2026-03-14T21:15:41Z,22,homepage,0.603,False,nhà đất Phường Bình Trưng bình dân cho thuê lại được,investment,mid_range,6.3,2.0
evt_103333,usr_1219,sess_1219_0,45238719,save,2026-03-14T21:29:48Z,23,ai_recommendation,1.834,False,tìm phòng nhà đất ở Phường Hòa Hưng bình dân,rent,affordable,2.8,2.0
evt_101963,usr_1133,sess_1133_1,45197627,view,2026-03-14T22:41:27Z,44,search_bar,0.732,False,tìm phòng nhà đất ở Phường Hạnh Thông giá hợp lý,rent,luxury,26.3,2.0
evt_103251,usr_1214,sess_1214_0,44843875,contact,2026-03-14T22:43:20Z,10,ai_recommendation,2.306,False,căn hộ Xã Tân Nhựt rẻ một chút cho thuê gần metro,rent,affordable,2.6,2.0
evt_102145,usr_1147,sess_1147_0,43851729,view,2026-03-14T22:57:22Z,83,ai_recommendation,0.852,False,tìm nhà đất Phường Thủ Đức cao cấp gần trường học,buy_for_living,affordable,2.6,1.0
evt_103144,usr_1208,sess_1208_0,45205679,view,2026-03-14T22:57:38Z,5,ai_recommendation,0.345,True,"cần mua nhà đất 3 phòng ngủ ở Phường Vĩnh Hội để ở, giá hợp lý",buy_for_living,affordable,2.3,2.0
evt_102433,usr_1163,sess_1163_0,45227137,contact,2026-03-14T23:02:34Z,34,homepage,3.42,False,"cần thuê nhà đất Phường Tân Sơn Nhất full nội thất, giá tốt",rent,mid_range,7.2,3.0
evt_101632,usr_1110,sess_1110_0,45195267,contact,2026-03-14T23:52:38Z,68,search_bar,4.072,False,nhà đất Phường Tân Bình giá vừa phải cho thuê gần metro,rent,mid_range,5.6,1.0
evt_100926,usr_1062,sess_1062_0,45010087,view,2026-03-15T02:54:36Z,5,homepage,0.345,True,nhà đất Phường Bình Thạnh sang trọng dòng tiền tốt,investment,luxury,29.5,1.0
evt_104096,usr_1271,sess_1271_0,45189213,view,2026-03-15T03:49:22Z,46,ai_recommendation,0.741,False,"nhà ở Phường Thủ Đức thoáng mát 0pn, giá tốt",buy_for_living,affordable,2.8,2.0
evt_100524,usr_1033,sess_1033_2,44838922,view,2026-03-15T06:49:51Z,123,search_bar,0.927,False,tìm nhà đất Phường Cầu Ông Lãnh khu nhà giàu gần trường học,buy_for_living,affordable,2.8,2.0
evt_101766,usr_1121,sess_1121_0,45254034,share,2026-03-15T06:58:29Z,10,search_bar,1.845,False,căn hộ Phường Long Trường giá mềm dòng tiền tốt,investment,affordable,2.9,2.0
evt_102534,usr_1169,sess_1169_0,45270893,view,2026-03-15T07:11:11Z,37,ai_recommendation,0.7,False,nhà đất Xã Nhà Bè ổn định dòng tiền tốt,investment,affordable,2.8,1.0
evt_101660,usr_1112,sess_1112_0,44558909,view,2026-03-15T08:12:50Z,119,homepage,0.921,False,tìm phòng nhà đất ở Phường Tân Bình giá mềm,rent,affordable,2.7,2.0
evt_102904,usr_1192,sess_1192_0,44903222,share,2026-03-15T08:18:54Z,50,search_bar,3.025,False,"mua nhà đất đầu tư ở Phường Tân Sơn Nhì pháp lý rõ ràng, tầm trung",investment,affordable,2.3,3.0
evt_102336,usr_1158,sess_1158_0,44456588,share,2026-03-15T08:20:07Z,34,homepage,2.736,False,tìm căn hộ Phường Khánh Hội bình dân gần trường học,buy_for_living,mid_range,5.9,2.0
evt_101126,usr_1077,sess_1077_0,44466982,view,2026-03-15T08:38:51Z,69,homepage,0.817,False,tìm căn hộ Phường Thạnh Mỹ Tây giá mềm gần trường học,buy_for_living,luxury,29.0,1.0
evt_101191,usr_1081,sess_1081_0,45127299,contact,2026-03-15T09:10:26Z,66,homepage,4.044,False,tìm nhà đất Phường An Phú Đông khu nhà giàu gần trường học,buy_for_living,affordable,2.3,1.0
evt_101184,usr_1081,sess_1081_0,45040477,view,2026-03-15T09:14:10Z,29,search_bar,0.654,False,căn hộ Phường An Khánh bình dân cho gia đình,buy_for_living,affordable,2.3,1.0
evt_102135,usr_1146,sess_1146_1,44351675,view,2026-03-15T09:27:59Z,15,search_bar,0.533,False,tìm nhà đất Xã Bà Điểm giá vừa phải gần trường học,buy_for_living,affordable,2.8,2.0
evt_101719,usr_1118,sess_1118_1,44493837,view,2026-03-15T10:51:12Z,9,ai_recommendation,0.443,True,nhà đất Phường Tân Sơn Nhất ổn định dòng tiền tốt,investment,mid_range,6.3,2.0
evt_103339,usr_1220,sess_1220_1,42818522,view,2026-03-15T10:54:11Z,124,search_bar,0.929,False,nhà đất Phường Bình Hòa cao cấp cho vợ chồng mới cưới,buy_for_living,affordable,2.6,3.0
evt_101687,usr_1115,sess_1115_2,45248570,view,2026-03-15T11:26:18Z,163,ai_recommendation,0.981,False,nhà đất Phường Tân Tạo giá rẻ dòng tiền tốt,investment,mid_range,7.4,1.0
evt_102723,usr_1181,sess_1181_1,43988683,view,2026-03-15T11:38:43Z,17,search_bar,0.556,False,tìm nhà đất Xã Nhà Bè giá vừa phải gần trường học,buy_for_living,mid_range,6.0,1.0
evt_101812,usr_1124,sess_1124_0,45218919,view,2026-03-15T13:30:52Z,38,search_bar,0.705,False,"mua nhà đất đầu tư ở Phường Tăng Nhơn Phú pháp lý rõ ràng, tầm trung",investment,affordable,2.4,2.0
evt_100453,usr_1029,sess_1029_2,45066979,view,2026-03-15T13:42:01Z,26,homepage,0.634,False,"cần mua nhà đất 2 phòng ngủ ở Phường Long Trường để ở, giá mềm",buy_for_living,affordable,2.2,2.0
evt_104439,usr_1294,sess_1294_0,42539528,view,2026-03-15T13:43:34Z,54,related_items,0.771,False,tìm nhà đất Phường Vũng Tàu cao cấp tiềm năng tăng giá,investment,luxury,22.2,2.0
evt_100025,usr_1001,sess_1001_0,45021898,contact,2026-03-15T14:15:18Z,64,ai_recommendation,4.015,False,tìm nhà đất Phường Đức Nhuận giá hợp lý gần trường học,buy_for_living,affordable,2.7,2.0
evt_103555,usr_1234,sess_1234_1,45222354,view,2026-03-15T15:18:48Z,87,search_bar,0.861,False,"cần mua nhà đất 0 phòng ngủ ở Phường Cầu Kiệu để ở, cao cấp",buy_for_living,affordable,2.8,2.0
evt_103796,usr_1250,sess_1250_1,45253348,view,2026-03-15T16:33:14Z,64,ai_recommendation,0.803,False,tìm nhà đất Phường Gò Vấp sang trọng gần trường học,buy_for_living,mid_range,5.5,1.0
evt_103090,usr_1205,sess_1205_0,45010170,contact,2026-03-15T16:57:01Z,150,related_items,4.826,False,"cần mua căn hộ 2 phòng ngủ ở Xã Tân Nhựt để ở, giá mềm",buy_for_living,affordable,2.2,2.0
evt_100341,usr_1021,sess_1021_0,45102262,view,2026-03-15T18:51:27Z,77,ai_recommendation,0.838,False,căn hộ Phường Thạnh Mỹ Tây giá hợp lý cho thuê gần metro,rent,mid_range,7.6,2.0
evt_100980,usr_1066,sess_1066_1,45130115,view,2026-03-15T19:02:22Z,206,ai_recommendation,1.0,False,nhà đất Phường Khánh Hội ổn định cho vợ chồng mới cưới,buy_for_living,mid_range,6.7,2.0
evt_102017,usr_1137,sess_1137_0,44963713,save,2026-03-15T19:40:03Z,104,related_items,2.686,False,nhà đất Xã Nhà Bè giá hợp lý dòng tiền tốt,investment,affordable,2.2,2.0
evt_103700,usr_1245,sess_1245_1,45099055,view,2026-03-15T20:04:46Z,61,ai_recommendation,0.794,False,nhà đất Phường Bình Lợi Trung rẻ một chút cho vợ chồng mới cưới,buy_for_living,mid_range,8.0,3.0
evt_101446,usr_1098,sess_1098_0,45029240,view,2026-03-15T20:14:26Z,62,ai_recommendation,0.797,False,"nhà ở Phường Tân Thuận thoáng mát 2pn, vị trí đẹp",buy_for_living,affordable,2.1,2.0
evt_103497,usr_1231,sess_1231_0,44599657,contact,2026-03-15T21:25:30Z,95,related_items,4.39,False,"nhà ở Phường Tân Hòa thoáng mát 4pn, ổn định",buy_for_living,affordable,2.2,2.0
evt_104419,usr_1293,sess_1293_1,43693887,save,2026-03-15T22:00:02Z,200,related_items,3.0,False,"cần mua căn hộ 1 phòng ngủ ở Phường Long Bình để ở, giá mềm",buy_for_living,affordable,2.9,2.0
evt_100491,usr_1031,sess_1031_1,45113000,share,2026-03-15T22:19:31Z,14,search_bar,2.084,False,nhà đất Phường An Hội Đông giá tốt cho gia đình,buy_for_living,affordable,2.9,2.0
evt_100877,usr_1058,sess_1058_0,45039157,contact,2026-03-15T23:02:54Z,87,search_bar,4.306,False,căn hộ Phường Long Bình ổn định dòng tiền tốt,investment,affordable,2.9,2.0
evt_103439,usr_1227,sess_1227_0,45166768,save,2026-03-15T23:14:27Z,18,search_bar,1.699,False,"mua nhà đất đầu tư ở Phường Tăng Nhơn Phú pháp lý rõ ràng, giá rẻ",investment,mid_range,6.3,2.0
evt_100899,usr_1060,sess_1060_1,45179131,view,2026-03-15T23:36:13Z,5,homepage,0.345,True,nhà đất Phường An Lạc bình dân dòng tiền tốt,investment,mid_range,6.5,1.0
evt_102969,usr_1196,sess_1196_0,45104556,view,2026-03-15T23:45:04Z,75,ai_recommendation,0.833,False,tìm nhà đất Phường Bình Trưng giá mềm gần trường học,buy_for_living,affordable,2.5,2.0
evt_101285,usr_1087,sess_1087_0,43202640,view,2026-03-16T00:19:43Z,78,search_bar,0.841,False,"mua căn hộ đầu tư ở Phường Long Bình pháp lý rõ ràng, bình dân",investment,affordable,2.4,2.0
evt_103478,usr_1230,sess_1230_0,45207570,view,2026-03-16T00:51:13Z,21,related_items,0.595,False,nhà đất Phường Tân Hưng rẻ một chút cho vợ chồng mới cưới,buy_for_living,affordable,2.5,2.0
evt_100883,usr_1058,sess_1058_0,45190095,share,2026-03-16T00:52:42Z,32,search_bar,2.69,False,nhà đất Phường An Nhơn bình dân dòng tiền tốt,investment,affordable,2.9,2.0
evt_100538,usr_1034,sess_1034_0,44066956,view,2026-03-16T01:01:50Z,295,ai_recommendation,1.0,False,tìm nhà đất Phường Tân Mỹ giá vừa phải tiềm năng tăng giá,investment,luxury,27.7,2.0
evt_101844,usr_1126,sess_1126_0,45210343,save,2026-03-16T01:25:41Z,256,search_bar,3.0,False,nhà đất Phường Bình Lợi Trung vị trí đẹp dòng tiền tốt,investment,affordable,2.4,1.0
evt_100459,usr_1029,sess_1029_1,45231927,view,2026-03-16T01:34:51Z,148,search_bar,0.963,False,"cần mua nhà đất 6 phòng ngủ ở Phường Phú Thuận để ở, giá vừa phải",buy_for_living,affordable,2.2,2.0
evt_101160,usr_1079,sess_1079_0,44523302,view,2026-03-16T03:01:22Z,23,search_bar,0.611,False,nhà đất Phường Tân Hưng vị trí đẹp cho thuê gần metro,rent,affordable,3.0,2.0
evt_100771,usr_1051,sess_1051_0,44432931,view,2026-03-16T03:20:37Z,117,ai_recommendation,0.918,False,nhà đất Phường Phú Lâm ổn định cho thuê lại được,investment,affordable,2.7,2.0
evt_104095,usr_1271,sess_1271_0,43537036,view,2026-03-16T03:30:08Z,18,ai_recommendation,0.566,False,tìm căn hộ Phường Tăng Nhơn Phú bình dân gần trường học,buy_for_living,affordable,2.8,2.0
evt_101227,usr_1083,sess_1083_0,44282741,contact,2026-03-16T04:09:57Z,77,ai_recommendation,4.19,False,căn hộ Phường Long Bình khu nhà giàu dòng tiền tốt,investment,affordable,2.5,2.0
evt_104361,usr_1288,sess_1288_0,45202806,view,2026-03-16T05:08:56Z,18,ai_recommendation,0.566,False,nhà đất Phường Thủ Đức giá vừa phải cho gia đình,buy_for_living,mid_range,5.8,1.0
evt_101905,usr_1130,sess_1130_1,45096630,contact,2026-03-16T05:10:24Z,63,homepage,4.0,False,căn hộ Phường An Đông giá mềm dòng tiền tốt,investment,affordable,2.5,1.0
evt_101469,usr_1099,sess_1099_0,43696637,save,2026-03-16T05:15:18Z,35,related_items,2.068,False,tìm căn hộ Phường Long Bình bình dân tiềm năng tăng giá,investment,affordable,2.6,2.0
evt_104000,usr_1264,sess_1264_0,45263838,view,2026-03-16T05:27:45Z,6,ai_recommendation,0.374,True,nhà đất Phường An Lạc giá hợp lý cho vợ chồng mới cưới,buy_for_living,mid_range,6.7,1.0
evt_100201,usr_1012,sess_1012_1,45196132,save,2026-03-16T05:29:58Z,14,search_bar,1.563,False,nhà đất Phường Dĩ An vị trí đẹp cho thuê lại được,investment,affordable,2.8,1.0
evt_104048,usr_1267,sess_1267_0,44886466,view,2026-03-16T06:23:23Z,53,ai_recommendation,0.767,False,tìm nhà đất Phường Gia Định giá mềm gần trường học,buy_for_living,affordable,2.3,2.0
evt_100742,usr_1049,sess_1049_1,45244241,contact,2026-03-16T06:34:47Z,37,homepage,3.499,False,tìm nhà đất Phường Thới Hòa giá mềm gần trường học,buy_for_living,affordable,2.8,1.0
evt_102521,usr_1168,sess_1168_0,45128056,contact,2026-03-16T07:04:48Z,103,related_items,4.467,False,"mua nhà đất đầu tư ở Phường Linh Xuân pháp lý rõ ràng, vị trí đẹp",investment,mid_range,6.7,2.0
evt_103561,usr_1235,sess_1235_2,45233151,view,2026-03-16T07:39:13Z,69,search_bar,0.817,False,tìm nhà đất Phường Hạnh Thông cao cấp gần trường học,buy_for_living,affordable,2.3,3.0
evt_102541,usr_1169,sess_1169_0,45015767,view,2026-03-16T07:59:25Z,60,search_bar,0.791,False,tìm căn hộ Phường Tân Sơn Nhì giá rẻ tiềm năng tăng giá,investment,affordable,2.8,1.0
evt_104196,usr_1278,sess_1278_1,42034419,save,2026-03-16T08:26:18Z,123,ai_recommendation,2.782,False,"nhà ở Xã Hiệp Phước thoáng mát 3pn, giá hợp lý",buy_for_living,mid_range,6.6,2.0
evt_101856,usr_1127,sess_1127_0,44957970,save,2026-03-16T10:59:57Z,38,search_bar,2.114,False,căn hộ Xã Tân Nhựt ổn định cho vợ chồng mới cưới,buy_for_living,affordable,2.5,2.0
evt_103804,usr_1251,sess_1251_2,40503273,share,2026-03-16T11:41:44Z,41,search_bar,2.876,False,"cần mua căn hộ 2 phòng ngủ ở Phường Thủ Dầu Một để ở, giá rẻ",buy_for_living,affordable,2.6,2.0
evt_101041,usr_1071,sess_1071_0,44574182,save,2026-03-16T13:00:59Z,34,ai_recommendation,2.052,False,"cần mua nhà đất 3 phòng ngủ ở Phường Tân Thuận để ở, giá mềm",buy_for_living,affordable,2.1,2.0
evt_101187,usr_1081,sess_1081_0,44406217,view,2026-03-16T13:06:48Z,55,ai_recommendation,0.774,False,căn hộ Phường Long Bình giá tốt cho gia đình,buy_for_living,affordable,2.3,1.0
evt_104309,usr_1285,sess_1285_1,44667920,contact,2026-03-16T14:06:23Z,100,search_bar,4.439,False,nhà đất Phường Cầu Ông Lãnh giá rẻ dòng tiền tốt,investment,affordable,2.4,2.0
evt_100367,usr_1023,sess_1023_1,45207948,contact,2026-03-16T14:29:03Z,15,ai_recommendation,2.667,False,"cần thuê nhà đất Phường Vườn Lài full nội thất, giá rẻ",rent,affordable,2.9,2.0
evt_101760,usr_1120,sess_1120_0,45132220,save,2026-03-16T15:51:01Z,33,ai_recommendation,2.035,False,"cần mua nhà đất 3 phòng ngủ ở Phường Phú Nhuận để ở, giá vừa phải",buy_for_living,affordable,2.6,2.0
evt_100357,usr_1022,sess_1022_0,44817009,save,2026-03-16T16:30:40Z,32,ai_recommendation,2.018,False,tìm nhà đất Phường Khánh Hội bình dân tiềm năng tăng giá,investment,affordable,2.7,2.0
evt_100493,usr_1031,sess_1031_1,45166768,view,2026-03-16T16:48:33Z,62,homepage,0.797,False,nhà đất Phường Tăng Nhơn Phú giá tốt cho vợ chồng mới cưới,buy_for_living,affordable,2.9,2.0
evt_102066,usr_1140,sess_1140_0,45154817,view,2026-03-16T17:11:59Z,29,homepage,0.654,False,tìm nhà đất Phường Phú Thạnh cao cấp gần trường học,buy_for_living,affordable,2.4,2.0
evt_102864,usr_1190,sess_1190_1,45075802,contact,2026-03-16T18:17:26Z,55,homepage,3.872,False,nhà đất Phường Gò Vấp giá rẻ cho gia đình,buy_for_living,affordable,2.8,2.0
evt_100921,usr_1061,sess_1061_0,45162235,save,2026-03-16T18:21:30Z,41,search_bar,2.157,False,thuê căn hộ Xã Tân Nhựt 2 phòng ngủ giá mềm,rent,mid_range,7.4,2.0
evt_100370,usr_1023,sess_1023_1,44390382,view,2026-03-16T19:46:03Z,53,related_items,0.767,False,"cần thuê nhà đất Phường An Phú Đông full nội thất, giá vừa phải",rent,affordable,2.9,2.0
evt_100604,usr_1039,sess_1039_0,42807823,view,2026-03-16T21:51:16Z,8,search_bar,0.423,True,"cần mua nhà đất 2 phòng ngủ ở Phường Vũng Tàu để ở, giá tốt",buy_for_living,mid_range,7.9,2.0
evt_102942,usr_1195,sess_1195_1,45209430,view,2026-03-17T00:13:37Z,20,search_bar,0.586,False,tìm nhà đất Phường Bình Đông vị trí đẹp tiềm năng tăng giá,investment,luxury,21.9,2.0
evt_102842,usr_1189,sess_1189_0,44835622,save,2026-03-17T00:20:10Z,81,ai_recommendation,2.543,False,nhà đất Phường Sài Gòn giá vừa phải cho vợ chồng mới cưới,buy_for_living,affordable,2.2,2.0
evt_101026,usr_1069,sess_1069_2,45096390,save,2026-03-17T00:22:16Z,33,homepage,2.035,False,"mua nhà đất đầu tư ở Phường Tân Phú pháp lý rõ ràng, vị trí đẹp",investment,affordable,2.2,1.0
evt_100275,usr_1017,sess_1017_0,44543331,view,2026-03-17T01:00:44Z,50,homepage,0.756,False,thuê nhà đất Phường Cầu Kiệu 4 phòng ngủ vị trí đẹp,rent,mid_range,7.6,2.0
evt_102207,usr_1151,sess_1151_0,45193938,view,2026-03-17T02:05:51Z,9,ai_recommendation,0.443,True,"cần mua nhà đất 3 phòng ngủ ở Phường Bình Trị Đông để ở, giá rẻ",buy_for_living,mid_range,7.1,2.0
evt_100228,usr_1014,sess_1014_0,45215261,save,2026-03-17T02:10:28Z,25,search_bar,1.88,False,"cần mua nhà đất 2 phòng ngủ ở Phường Linh Xuân để ở, giá rẻ",buy_for_living,mid_range,7.7,3.0
evt_102739,usr_1182,sess_1182_0,44018332,view,2026-03-17T03:53:40Z,51,homepage,0.76,False,tìm phòng nhà đất ở Phường Chợ Quán giá rẻ,rent,affordable,2.5,2.0
evt_102110,usr_1143,sess_1143_0,44992654,view,2026-03-17T03:54:23Z,34,ai_recommendation,0.684,False,"nhà ở Phường Tân Sơn Nhất thoáng mát 3pn, cao cấp",buy_for_living,mid_range,6.9,2.0
evt_103757,usr_1248,sess_1248_0,43716508,save,2026-03-17T05:38:31Z,11,ai_recommendation,1.434,False,căn hộ Phường Long Bình cao cấp dòng tiền tốt,investment,affordable,2.3,2.0
evt_102643,usr_1176,sess_1176_1,45196514,view,2026-03-17T06:15:00Z,35,homepage,0.689,False,"cần mua nhà đất 2 phòng ngủ ở Phường Hòa Hưng để ở, giá mềm",buy_for_living,affordable,2.9,2.0
evt_104042,usr_1267,sess_1267_0,44980619,view,2026-03-17T06:43:04Z,44,search_bar,0.732,False,"nhà ở Phường Phú Lợi thoáng mát 3pn, giá vừa phải",buy_for_living,affordable,2.3,2.0
evt_103769,usr_1249,sess_1249_2,45232003,view,2026-03-17T06:46:27Z,32,ai_recommendation,0.673,False,nhà đất Phường Bình Thạnh cao cấp cho thuê gần metro,rent,luxury,25.2,2.0
evt_101723,usr_1118,sess_1118_2,45021898,view,2026-03-17T06:46:33Z,47,homepage,0.745,False,nhà đất Phường Đức Nhuận giá vừa phải dòng tiền tốt,investment,mid_range,6.3,2.0
evt_104279,usr_1283,sess_1283_2,45202954,view,2026-03-17T07:04:01Z,6,search_bar,0.374,True,căn hộ Phường Phú Thuận rẻ một chút cho thuê lại được,investment,luxury,19.0,2.0
evt_101930,usr_1132,sess_1132_0,44807468,contact,2026-03-17T08:22:07Z,16,ai_recommendation,2.725,False,nhà đất Phường Tân Thuận khu nhà giàu cho thuê lại được,investment,luxury,20.8,1.0
evt_101010,usr_1068,sess_1068_1,45193895,view,2026-03-17T08:33:17Z,30,search_bar,0.661,False,tìm nhà đất Phường Thông Tây Hội giá vừa phải tiềm năng tăng giá,investment,mid_range,6.1,2.0
evt_102648,usr_1176,sess_1176_0,45041250,view,2026-03-17T09:28:57Z,20,ai_recommendation,0.586,False,"cần mua nhà đất 29 phòng ngủ ở Phường An Hội Đông để ở, cao cấp",buy_for_living,affordable,2.9,2.0
evt_102972,usr_1196,sess_1196_0,45235999,view,2026-03-17T09:44:20Z,12,ai_recommendation,0.493,False,nhà đất Phường Thới An ổn định cho gia đình,buy_for_living,affordable,2.5,2.0
evt_101167,usr_1080,sess_1080_0,44738219,view,2026-03-17T10:21:29Z,40,search_bar,0.714,False,nhà đất Xã Nhà Bè vị trí đẹp dòng tiền tốt,investment,affordable,2.7,2.0
evt_100990,usr_1066,sess_1066_1,45078531,view,2026-03-17T11:56:06Z,39,homepage,0.71,False,"cần mua căn hộ 2 phòng ngủ ở Xã Xuân Thới Sơn để ở, giá tốt",buy_for_living,mid_range,6.7,2.0
evt_104029,usr_1266,sess_1266_0,45149520,save,2026-03-17T12:40:06Z,17,ai_recommendation,1.668,False,căn hộ Phường Thạnh Mỹ Tây ổn định dòng tiền tốt,investment,mid_range,7.8,2.0
evt_103640,usr_1240,sess_1240_0,43869611,save,2026-03-17T12:48:31Z,37,ai_recommendation,2.099,False,nhà đất Phường Thủ Đức vị trí đẹp cho gia đình,buy_for_living,mid_range,5.9,2.0
evt_100741,usr_1049,sess_1049_1,44838709,save,2026-03-17T13:32:43Z,28,homepage,1.943,False,nhà đất Phường Vườn Lài vị trí đẹp cho vợ chồng mới cưới,buy_for_living,affordable,2.8,1.0
evt_101942,usr_1132,sess_1132_0,44356263,contact,2026-03-17T14:46:06Z,31,search_bar,3.333,False,nhà đất Phường Tân Thuận giá hợp lý cho thuê lại được,investment,luxury,20.8,1.0
evt_102775,usr_1185,sess_1185_0,44759145,view,2026-03-17T15:05:35Z,27,ai_recommendation,0.641,False,"cần mua nhà đất 3 phòng ngủ ở Phường Chánh Hưng để ở, vị trí đẹp",buy_for_living,mid_range,5.7,1.0
evt_102212,usr_1151,sess_1151_1,45223173,view,2026-03-17T15:06:09Z,99,search_bar,0.886,False,nhà đất Phường Tân Thuận rẻ một chút cho gia đình,buy_for_living,mid_range,7.1,2.0
evt_101376,usr_1093,sess_1093_0,44945779,view,2026-03-17T16:45:57Z,30,search_bar,0.661,False,nhà đất Xã Hiệp Phước giá rẻ dòng tiền tốt,investment,affordable,2.9,3.0
evt_101909,usr_1130,sess_1130_2,45005604,share,2026-03-17T16:53:06Z,15,search_bar,2.133,False,nhà đất Phường An Lạc giá vừa phải dòng tiền tốt,investment,affordable,2.5,1.0
evt_101750,usr_1120,sess_1120_1,45235813,save,2026-03-17T17:01:33Z,15,ai_recommendation,1.6,False,"cần mua căn hộ 2 phòng ngủ ở Xã Tân Nhựt để ở, tầm trung",buy_for_living,affordable,2.6,2.0
evt_102280,usr_1155,sess_1155_1,44945736,share,2026-03-17T17:54:46Z,162,ai_recommendation,3.919,False,"cần mua nhà đất 2 phòng ngủ ở Phường Nhiêu Lộc để ở, giá tốt",buy_for_living,affordable,3.0,2.0
evt_100519,usr_1033,sess_1033_1,45202949,view,2026-03-17T18:03:51Z,57,ai_recommendation,0.781,False,"nhà ở Phường Phú Thuận thoáng mát 2pn, giá rẻ",buy_for_living,affordable,2.8,2.0
evt_102267,usr_1154,sess_1154_0,44023941,save,2026-03-17T18:04:40Z,325,search_bar,3.0,False,"cần mua căn hộ 2 phòng ngủ ở Phường Long Bình để ở, tầm trung",buy_for_living,affordable,2.6,3.0
evt_102180,usr_1148,sess_1148_0,45115514,contact,2026-03-17T18:22:15Z,117,ai_recommendation,4.589,False,nhà đất Phường An Hội Tây giá tốt dòng tiền tốt,investment,mid_range,7.4,2.0
evt_104324,usr_1286,sess_1286_0,45121026,view,2026-03-17T20:42:45Z,50,search_bar,0.756,False,nhà đất Phường Thông Tây Hội giá hợp lý cho thuê gần metro,rent,affordable,2.6,1.0
evt_103524,usr_1232,sess_1232_0,44790560,save,2026-03-17T22:48:51Z,288,ai_recommendation,3.0,False,thuê nhà đất Phường Thới An 4 phòng ngủ vị trí đẹp,rent,mid_range,6.1,2.0
evt_103918,usr_1259,sess_1259_1,45223376,view,2026-03-17T23:02:05Z,15,ai_recommendation,0.533,False,"cần mua căn hộ 2 phòng ngủ ở Phường Phú Lâm để ở, giá rẻ",buy_for_living,affordable,2.3,2.0
evt_100055,usr_1003,sess_1003_0,44892290,save,2026-03-17T23:47:49Z,19,homepage,1.729,False,nhà đất Phường Bình Tân vị trí đẹp dòng tiền tốt,investment,mid_range,6.0,1.0
evt_100479,usr_1030,sess_1030_0,44454285,save,2026-03-17T23:48:53Z,74,search_bar,2.492,False,nhà đất Phường Tân Sơn Hòa vị trí đẹp cho gia đình,buy_for_living,luxury,19.9,2.0
evt_103305,usr_1218,sess_1218_0,45109121,contact,2026-03-18T00:15:57Z,72,homepage,4.127,False,"mua nhà đất đầu tư ở Phường Thới An pháp lý rõ ràng, giá rẻ",investment,mid_range,6.1,3.0
evt_103140,usr_1207,sess_1207_1,45189623,contact,2026-03-18T00:45:13Z,41,homepage,3.595,False,"cần mua nhà đất 2 phòng ngủ ở Phường Bình Dương để ở, rẻ một chút",buy_for_living,affordable,2.9,1.0
evt_100333,usr_1020,sess_1020_0,45209564,share,2026-03-18T01:23:23Z,45,homepage,2.946,False,tìm phòng nhà đất ở Phường Diên Hồng giá mềm,rent,mid_range,6.9,2.0
evt_104237,usr_1280,sess_1280_2,45237780,view,2026-03-18T01:39:12Z,24,homepage,0.619,False,thuê nhà đất Phường Phú Định 4 phòng ngủ giá hợp lý,rent,mid_range,7.6,2.0
evt_100658,usr_1042,sess_1042_0,44404468,view,2026-03-18T01:41:29Z,30,ai_recommendation,0.661,False,tìm căn hộ Phường Long Bình giá tốt gần trường học,buy_for_living,affordable,2.3,2.0
evt_103282,usr_1216,sess_1216_0,45253987,view,2026-03-18T02:12:11Z,33,ai_recommendation,0.678,False,tìm nhà đất Phường Phước Long giá vừa phải gần trường học,buy_for_living,affordable,2.1,1.0
evt_103157,usr_1208,sess_1208_0,44390177,view,2026-03-18T03:10:36Z,121,ai_recommendation,0.924,False,tìm nhà đất Phường Cầu Kiệu giá hợp lý gần trường học,buy_for_living,affordable,2.3,2.0
evt_102155,usr_1147,sess_1147_0,44570832,save,2026-03-18T04:12:32Z,206,ai_recommendation,3.0,False,tìm nhà đất Xã Hiệp Phước sang trọng gần trường học,buy_for_living,affordable,2.6,1.0
evt_104376,usr_1289,sess_1289_1,44014133,view,2026-03-18T05:14:08Z,234,search_bar,1.0,False,tìm nhà đất Xã Nhà Bè tầm trung tiềm năng tăng giá,investment,affordable,3.0,1.0
evt_103484,usr_1230,sess_1230_0,40679443,view,2026-03-18T07:41:27Z,168,ai_recommendation,0.987,False,tìm nhà đất Phường Long Trường khu nhà giàu gần trường học,buy_for_living,affordable,2.5,2.0
evt_103959,usr_1262,sess_1262_0,44833424,view,2026-03-18T08:08:59Z,112,related_items,0.909,False,"cần mua nhà đất 10 phòng ngủ ở Phường Phú Lợi để ở, khu nhà giàu",buy_for_living,mid_range,8.0,2.0
evt_104315,usr_1285,sess_1285_0,44781667,view,2026-03-18T08:09:40Z,78,homepage,0.841,False,căn hộ Phường Bình Trưng ổn định dòng tiền tốt,investment,affordable,2.4,2.0
evt_100898,usr_1060,sess_1060_0,43544584,save,2026-03-18T08:53:03Z,91,ai_recommendation,2.609,False,"mua nhà đất đầu tư ở Phường Bình Thạnh pháp lý rõ ràng, giá mềm",investment,mid_range,6.5,1.0
evt_104379,usr_1289,sess_1289_2,43598350,view,2026-03-18T09:31:57Z,62,homepage,0.797,False,nhà đất Phường Hòa Hưng sang trọng cho thuê lại được,investment,affordable,3.0,1.0
evt_100190,usr_1012,sess_1012_1,44864335,share,2026-03-18T09:34:27Z,60,search_bar,3.163,False,căn hộ Xã Tân Nhựt giá rẻ cho thuê lại được,investment,affordable,2.8,1.0
evt_104408,usr_1292,sess_1292_0,45210408,view,2026-03-18T10:25:06Z,684,ai_recommendation,1.0,False,tìm căn hộ Xã Tân Nhựt sang trọng gần trường học,buy_for_living,affordable,2.6,2.0
evt_101967,usr_1134,sess_1134_1,45255963,save,2026-03-18T10:34:23Z,73,ai_recommendation,2.484,False,căn hộ Phường Hòa Hưng giá tốt cho vợ chồng mới cưới,buy_for_living,mid_range,6.1,2.0
evt_101266,usr_1086,sess_1086_0,45088684,view,2026-03-18T10:38:02Z,40,ai_recommendation,0.714,False,nhà đất Phường Thông Tây Hội bình dân cho thuê lại được,investment,affordable,2.7,2.0
evt_100691,usr_1045,sess_1045_0,45114247,view,2026-03-18T11:06:45Z,45,related_items,0.736,False,nhà đất Phường Chợ Quán rẻ một chút cho vợ chồng mới cưới,buy_for_living,mid_range,6.1,3.0
evt_101779,usr_1122,sess_1122_1,44961052,view,2026-03-18T12:02:33Z,137,homepage,0.948,False,nhà đất Phường An Lạc sang trọng cho thuê lại được,investment,luxury,28.5,2.0
evt_103093,usr_1205,sess_1205_0,44845494,contact,2026-03-18T12:59:54Z,210,related_items,5.0,False,căn hộ Xã Tân Nhựt bình dân cho vợ chồng mới cưới,buy_for_living,affordable,2.2,2.0
evt_100937,usr_1063,sess_1063_0,45127270,view,2026-03-18T13:04:18Z,152,ai_recommendation,0.968,False,tìm nhà đất Phường An Phú Đông tầm trung tiềm năng tăng giá,investment,affordable,3.0,2.0
evt_100083,usr_1005,sess_1005_1,44887265,view,2026-03-18T13:09:18Z,110,search_bar,0.906,False,tìm nhà đất Phường Phú Thuận giá mềm gần trường học,buy_for_living,affordable,2.8,2.0
evt_100555,usr_1035,sess_1035_1,45234835,save,2026-03-18T13:42:52Z,452,ai_recommendation,3.0,False,tìm nhà đất Phường Bình Dương bình dân tiềm năng tăng giá,investment,affordable,2.4,1.0
evt_102638,usr_1176,sess_1176_0,44748012,view,2026-03-18T14:07:30Z,52,homepage,0.764,False,căn hộ Phường Long Bình giá mềm cho vợ chồng mới cưới,buy_for_living,affordable,2.9,2.0
evt_103979,usr_1263,sess_1263_1,45077493,view,2026-03-18T15:26:03Z,53,ai_recommendation,0.767,False,căn hộ Phường Bình Phú giá mềm dòng tiền tốt,investment,affordable,2.8,2.0
evt_101375,usr_1093,sess_1093_0,45054518,view,2026-03-18T15:31:37Z,87,related_items,0.861,False,tìm nhà đất Xã Nhà Bè giá hợp lý tiềm năng tăng giá,investment,affordable,2.9,3.0
evt_103303,usr_1218,sess_1218_0,44671246,view,2026-03-18T15:38:54Z,111,search_bar,0.908,False,tìm nhà đất Phường Long Phước vị trí đẹp tiềm năng tăng giá,investment,mid_range,6.1,3.0
evt_100571,usr_1036,sess_1036_0,44953993,view,2026-03-18T15:51:34Z,45,homepage,0.736,False,tìm nhà đất Phường Tăng Nhơn Phú ổn định tiềm năng tăng giá,investment,mid_range,5.6,2.0
evt_103664,usr_1242,sess_1242_2,44759145,view,2026-03-18T16:18:14Z,23,search_bar,0.611,False,tìm nhà đất Phường Chánh Hưng khu nhà giàu gần trường học,buy_for_living,mid_range,7.1,2.0
evt_104515,usr_1299,sess_1299_0,45004726,save,2026-03-18T16:48:46Z,68,homepage,2.443,False,"cần mua nhà đất 2 phòng ngủ ở Phường Bình Trưng để ở, bình dân",buy_for_living,affordable,2.2,2.0
evt_101111,usr_1076,sess_1076_1,45025194,view,2026-03-18T17:01:25Z,12,related_items,0.493,False,tìm nhà đất Phường Phú Nhuận giá mềm tiềm năng tăng giá,investment,affordable,2.8,2.0
evt_100460,usr_1029,sess_1029_2,44621627,view,2026-03-18T19:00:18Z,41,search_bar,0.719,False,nhà đất Xã Bàu Bàng bình dân cho gia đình,buy_for_living,affordable,2.2,2.0
evt_100920,usr_1061,sess_1061_1,45101591,view,2026-03-18T19:01:41Z,74,ai_recommendation,0.831,False,thuê nhà đất Phường Hiệp Bình 4 phòng ngủ giá hợp lý,rent,mid_range,7.4,2.0
evt_102728,usr_1181,sess_1181_1,45235999,save,2026-03-18T19:02:11Z,84,homepage,2.564,False,"nhà ở Phường Thới An thoáng mát 4pn, giá vừa phải",buy_for_living,mid_range,6.0,1.0
evt_101569,usr_1106,sess_1106_0,44574462,view,2026-03-18T21:15:34Z,40,ai_recommendation,0.714,False,nhà đất Phường Thông Tây Hội sang trọng cho vợ chồng mới cưới,buy_for_living,mid_range,5.6,1.0
evt_103123,usr_1206,sess_1206_0,45223376,contact,2026-03-18T21:18:02Z,135,ai_recommendation,4.725,False,căn hộ Phường Phú Lâm bình dân dòng tiền tốt,investment,affordable,2.5,2.0
evt_102987,usr_1198,sess_1198_0,43686285,contact,2026-03-18T22:22:58Z,17,search_bar,2.78,False,tìm nhà đất Phường Tân Sơn Nhất giá hợp lý gần trường học,buy_for_living,affordable,2.2,2.0
evt_102490,usr_1166,sess_1166_0,44351096,share,2026-03-19T00:12:44Z,307,related_items,4.0,False,"nhà ở Phường Bình Lợi Trung thoáng mát 7pn, khu nhà giàu",buy_for_living,luxury,25.3,1.0
evt_100022,usr_1001,sess_1001_0,44732057,save,2026-03-19T00:41:54Z,170,ai_recommendation,2.967,False,tìm nhà đất Phường Nhiêu Lộc khu nhà giàu gần trường học,buy_for_living,affordable,2.7,2.0
evt_101616,usr_1109,sess_1109_0,44648582,view,2026-03-19T02:11:36Z,29,ai_recommendation,0.654,False,nhà đất Phường Hiệp Bình cao cấp cho vợ chồng mới cưới,buy_for_living,affordable,2.1,2.0
evt_103545,usr_1234,sess_1234_1,44920655,contact,2026-03-19T03:56:14Z,23,search_bar,3.057,False,"cần mua nhà đất 4 phòng ngủ ở Phường Bàn Cờ để ở, giá hợp lý",buy_for_living,affordable,2.8,2.0
evt_104335,usr_1287,sess_1287_0,44440058,contact,2026-03-19T04:27:39Z,19,ai_recommendation,2.881,False,"cần mua nhà đất 3 phòng ngủ ở Phường Tân Thuận để ở, bình dân",buy_for_living,affordable,2.4,2.0
evt_101406,usr_1095,sess_1095_0,45210609,save,2026-03-19T04:54:07Z,21,search_bar,1.784,False,nhà đất Phường Tân Thới Hiệp khu nhà giàu cho gia đình,buy_for_living,affordable,3.0,2.0
evt_101172,usr_1080,sess_1080_1,44404628,contact,2026-03-19T05:06:19Z,24,ai_recommendation,3.096,False,căn hộ Phường Long Bình giá vừa phải cho thuê lại được,investment,affordable,2.7,2.0
evt_101201,usr_1082,sess_1082_0,45051102,view,2026-03-19T05:52:15Z,70,related_items,0.82,False,"cần mua nhà đất 5 phòng ngủ ở Phường Long Phước để ở, ổn định",buy_for_living,affordable,2.6,2.0
evt_102661,usr_1177,sess_1177_0,45088221,view,2026-03-19T06:38:14Z,26,search_bar,0.634,False,"mua nhà đất đầu tư ở Phường Long Trường pháp lý rõ ràng, giá vừa phải",investment,luxury,27.7,2.0
evt_103073,usr_1204,sess_1204_0,45010170,save,2026-03-19T08:36:53Z,21,ai_recommendation,1.784,False,căn hộ Xã Tân Nhựt giá rẻ cho vợ chồng mới cưới,buy_for_living,affordable,2.7,2.0
evt_102171,usr_1148,sess_1148_0,45217702,view,2026-03-19T10:49:26Z,69,ai_recommendation,0.817,False,nhà đất Phường Bình Dương vị trí đẹp dòng tiền tốt,investment,mid_range,7.4,2.0
evt_100415,usr_1026,sess_1026_0,45246152,share,2026-03-19T12:08:53Z,111,ai_recommendation,3.631,False,"cần mua nhà đất 2 phòng ngủ ở Phường Phước Long để ở, rẻ một chút",buy_for_living,mid_range,7.2,3.0
evt_101765,usr_1121,sess_1121_0,42034419,contact,2026-03-19T12:37:08Z,33,homepage,3.392,False,nhà đất Xã Hiệp Phước giá hợp lý cho thuê lại được,investment,affordable,2.9,2.0
evt_100041,usr_1002,sess_1002_0,45233008,save,2026-03-19T13:27:25Z,35,search_bar,2.068,False,tìm phòng nhà đất ở Phường Chợ Lớn khu nhà giàu,rent,affordable,2.1,1.0
evt_101330,usr_1089,sess_1089_1,45170694,view,2026-03-19T13:44:05Z,138,homepage,0.949,False,"cần mua nhà đất 2 phòng ngủ ở Phường Tân Thới Hiệp để ở, rẻ một chút",buy_for_living,affordable,2.5,2.0
evt_104074,usr_1269,sess_1269_0,43478475,save,2026-03-19T15:39:33Z,59,related_items,2.363,False,"cần mua nhà đất 4 phòng ngủ ở Phường Cát Lái để ở, cao cấp",buy_for_living,affordable,2.5,3.0
evt_102028,usr_1137,sess_1137_2,45211193,save,2026-03-19T16:12:26Z,124,ai_recommendation,2.786,False,tìm căn hộ Xã Tân Nhựt ổn định tiềm năng tăng giá,investment,affordable,2.2,2.0
evt_101639,usr_1111,sess_1111_0,44907937,view,2026-03-19T16:47:16Z,70,related_items,0.82,False,nhà đất Phường Phú Thuận ổn định cho thuê lại được,investment,affordable,2.4,2.0
evt_102794,usr_1186,sess_1186_1,45222094,view,2026-03-19T17:00:34Z,37,related_items,0.7,False,"cần mua nhà đất 5 phòng ngủ ở Phường Phú Thuận để ở, giá hợp lý",buy_for_living,luxury,28.1,2.0
evt_102108,usr_1143,sess_1143_0,44006156,view,2026-03-19T18:18:02Z,33,related_items,0.678,False,"cần mua căn hộ 3 phòng ngủ ở Phường Long Bình để ở, tầm trung",buy_for_living,mid_range,6.9,2.0
evt_103302,usr_1217,sess_1217_0,42177453,save,2026-03-19T21:01:10Z,75,ai_recommendation,2.499,False,tìm nhà đất Phường Phước Thắng giá vừa phải gần trường học,buy_for_living,affordable,2.3,2.0
evt_100300,usr_1018,sess_1018_0,44718946,view,2026-03-19T21:25:39Z,20,ai_recommendation,0.586,False,nhà đất Phường An Hội Đông khu nhà giàu cho thuê lại được,investment,luxury,27.1,2.0
evt_101974,usr_1134,sess_1134_0,45043852,view,2026-03-19T21:36:30Z,185,homepage,1.0,False,"cần mua căn hộ 2 phòng ngủ ở Phường Xóm Chiếu để ở, giá vừa phải",buy_for_living,mid_range,6.1,2.0
evt_101298,usr_1087,sess_1087_0,45189864,contact,2026-03-19T22:01:28Z,313,search_bar,5.0,False,tìm nhà đất Phường Phú Nhuận giá mềm tiềm năng tăng giá,investment,affordable,2.4,2.0
evt_104489,usr_1298,sess_1298_0,44432931,view,2026-03-19T22:17:11Z,107,ai_recommendation,0.901,False,tìm phòng nhà đất ở Phường Phú Lâm giá hợp lý,rent,mid_range,5.7,3.0
evt_103974,usr_1263,sess_1263_1,45210229,contact,2026-03-19T22:28:13Z,66,homepage,4.044,False,căn hộ Xã Tân Nhựt giá mềm dòng tiền tốt,investment,affordable,2.8,2.0
evt_103723,usr_1246,sess_1246_0,45080935,view,2026-03-19T22:38:41Z,74,homepage,0.831,False,tìm nhà đất Phường Thông Tây Hội giá hợp lý tiềm năng tăng giá,investment,luxury,21.4,3.0
evt_102047,usr_1139,sess_1139_1,44432198,view,2026-03-19T22:41:29Z,67,search_bar,0.812,False,nhà đất Phường Vũng Tàu tầm trung dòng tiền tốt,investment,luxury,25.1,3.0
evt_100777,usr_1051,sess_1051_0,43960856,view,2026-03-19T23:05:47Z,130,ai_recommendation,0.938,False,căn hộ Phường Long Bình vị trí đẹp dòng tiền tốt,investment,affordable,2.7,2.0
evt_102835,usr_1188,sess_1188_0,45061303,save,2026-03-19T23:20:55Z,82,homepage,2.55,False,tìm nhà đất Phường Bình Trị Đông giá hợp lý gần trường học,buy_for_living,mid_range,6.8,3.0
evt_102056,usr_1139,sess_1139_0,45052349,share,2026-03-19T23:53:38Z,29,ai_recommendation,2.617,False,nhà đất Phường Cầu Ông Lãnh cao cấp cho thuê lại được,investment,luxury,25.1,3.0
evt_102953,usr_1196,sess_1196_0,43469217,view,2026-03-19T23:56:48Z,84,ai_recommendation,0.855,False,tìm nhà đất Phường Vũng Tàu giá hợp lý gần trường học,buy_for_living,affordable,2.5,2.0
evt_104488,usr_1298,sess_1298_0,44610935,view,2026-03-19T23:58:39Z,108,search_bar,0.902,False,thuê nhà đất Phường Long Trường 5 phòng ngủ sang trọng,rent,mid_range,5.7,3.0
evt_102188,usr_1149,sess_1149_2,45140058,view,2026-03-20T00:42:53Z,24,ai_recommendation,0.619,False,nhà đất Phường Tăng Nhơn Phú giá tốt cho vợ chồng mới cưới,buy_for_living,affordable,2.6,2.0
evt_100114,usr_1007,sess_1007_0,44278606,view,2026-03-20T01:48:09Z,84,related_items,0.855,False,nhà đất Phường Tân Định vị trí đẹp cho gia đình,buy_for_living,affordable,2.8,2.0
evt_102371,usr_1159,sess_1159_0,43229879,save,2026-03-20T02:24:48Z,53,ai_recommendation,2.302,False,"cần mua nhà đất 7 phòng ngủ ở Phường Tân Bình để ở, ổn định",buy_for_living,mid_range,5.7,2.0
evt_102461,usr_1165,sess_1165_0,45151591,view,2026-03-20T02:50:44Z,86,search_bar,0.859,False,tìm nhà đất Phường Cầu Kiệu rẻ một chút gần trường học,buy_for_living,luxury,26.4,2.0
evt_102845,usr_1189,sess_1189_0,43696637,view,2026-03-20T03:00:59Z,70,ai_recommendation,0.82,False,tìm căn hộ Phường Long Bình rẻ một chút gần trường học,buy_for_living,affordable,2.2,2.0
evt_101966,usr_1134,sess_1134_1,45229568,view,2026-03-20T03:05:34Z,25,related_items,0.627,False,nhà đất Phường Thủ Đức giá vừa phải cho vợ chồng mới cưới,buy_for_living,mid_range,6.1,2.0
evt_103822,usr_1253,sess_1253_0,44189753,view,2026-03-20T03:07:34Z,64,homepage,0.803,False,nhà đất Phường Thuận Giao sang trọng cho thuê lại được,investment,affordable,2.6,2.0
evt_101512,usr_1102,sess_1102_0,44841956,view,2026-03-20T03:39:24Z,45,search_bar,0.736,False,nhà đất Xã Nhà Bè giá vừa phải cho thuê lại được,investment,mid_range,7.7,2.0
evt_102537,usr_1169,sess_1169_0,45048044,view,2026-03-20T04:20:22Z,30,search_bar,0.661,False,tìm nhà đất Phường Bình Trị Đông tầm trung tiềm năng tăng giá,investment,affordable,2.8,1.0
evt_101169,usr_1080,sess_1080_1,45170744,save,2026-03-20T05:31:55Z,111,homepage,2.723,False,nhà đất Phường Đông Hưng Thuận giá mềm cho thuê lại được,investment,affordable,2.7,2.0
evt_101705,usr_1116,sess_1116_0,44518664,contact,2026-03-20T06:32:03Z,88,homepage,4.317,False,"mua nhà đất đầu tư ở Phường Tân Hòa pháp lý rõ ràng, ổn định",investment,mid_range,7.6,1.0
evt_101816,usr_1124,sess_1124_0,45206609,save,2026-03-20T07:22:29Z,28,ai_recommendation,1.943,False,"mua nhà đất đầu tư ở Phường Bảy Hiền pháp lý rõ ràng, rẻ một chút",investment,affordable,2.4,2.0
evt_101522,usr_1103,sess_1103_0,45131288,view,2026-03-20T07:27:03Z,278,related_items,1.0,False,"cần thuê nhà đất Phường Thới An full nội thất, giá tốt",rent,affordable,2.7,2.0
evt_103893,usr_1257,sess_1257_0,45189051,save,2026-03-20T07:34:56Z,74,ai_recommendation,2.492,False,"nhà ở Phường Thủ Đức thoáng mát 0pn, tầm trung",buy_for_living,affordable,2.6,2.0
evt_100101,usr_1006,sess_1006_0,43756300,save,2026-03-20T08:09:21Z,14,search_bar,1.563,False,căn hộ Phường Thủ Dầu Một rẻ một chút cho thuê lại được,investment,affordable,2.5,2.0
evt_101678,usr_1114,sess_1114_1,43682719,view,2026-03-20T08:43:12Z,57,search_bar,0.781,False,căn hộ Phường Xuân Hòa tầm trung cho gia đình,buy_for_living,mid_range,6.3,3.0
evt_101320,usr_1089,sess_1089_1,44091096,contact,2026-03-20T09:49:41Z,48,ai_recommendation,3.743,False,tìm nhà đất Phường Long Bình vị trí đẹp gần trường học,buy_for_living,affordable,2.5,2.0
evt_103704,usr_1245,sess_1245_1,44524721,view,2026-03-20T10:10:35Z,9,related_items,0.443,True,tìm nhà đất Phường Thủ Đức giá tốt gần trường học,buy_for_living,mid_range,8.0,3.0
evt_103579,usr_1236,sess_1236_0,44973206,share,2026-03-20T10:13:44Z,40,search_bar,2.857,False,"nhà ở Phường An Lạc thoáng mát 5pn, cao cấp",buy_for_living,mid_range,7.2,2.0
evt_103833,usr_1253,sess_1253_0,44857952,save,2026-03-20T11:19:20Z,106,search_bar,2.697,False,"mua nhà đất đầu tư ở Xã Nhà Bè pháp lý rõ ràng, khu nhà giàu",investment,affordable,2.6,2.0
evt_103085,usr_1204,sess_1204_0,45085955,share,2026-03-20T13:35:04Z,178,ai_recommendation,3.991,False,nhà đất Phường Long Bình khu nhà giàu cho gia đình,buy_for_living,affordable,2.7,2.0
evt_101813,usr_1124,sess_1124_0,40950675,save,2026-03-20T14:11:43Z,74,ai_recommendation,2.492,False,nhà đất Xã Nhà Bè vị trí đẹp cho thuê lại được,investment,affordable,2.4,2.0
evt_103879,usr_1257,sess_1257_0,44623291,save,2026-03-20T14:22:15Z,226,search_bar,3.0,False,căn hộ Phường An Lạc bình dân cho vợ chồng mới cưới,buy_for_living,affordable,2.6,2.0
evt_100508,usr_1032,sess_1032_0,45216684,view,2026-03-20T14:34:42Z,28,search_bar,0.648,False,"cần mua căn hộ 1 phòng ngủ ở Phường Bình Trưng để ở, ổn định",buy_for_living,affordable,2.8,2.0
evt_102778,usr_1185,sess_1185_0,45217235,view,2026-03-20T15:27:16Z,284,ai_recommendation,1.0,False,nhà đất Phường Dĩ An rẻ một chút cho vợ chồng mới cưới,buy_for_living,mid_range,5.7,1.0
evt_104393,usr_1290,sess_1290_0,44845494,contact,2026-03-20T15:30:37Z,206,search_bar,5.0,False,căn hộ Xã Tân Nhựt giá rẻ cho thuê lại được,investment,affordable,3.0,2.0
evt_100863,usr_1057,sess_1057_0,45179428,view,2026-03-20T15:31:22Z,45,homepage,0.736,False,nhà đất Phường Bình Lợi Trung giá hợp lý cho vợ chồng mới cưới,buy_for_living,affordable,2.6,3.0
evt_101020,usr_1069,sess_1069_0,44140279,view,2026-03-20T15:58:10Z,122,search_bar,0.926,False,nhà đất Phường Hòa Hưng giá vừa phải dòng tiền tốt,investment,affordable,2.2,1.0
evt_103589,usr_1236,sess_1236_0,44845494,view,2026-03-20T16:43:37Z,44,ai_recommendation,0.732,False,"nhà ở Xã Tân Nhựt thoáng mát 2pn, giá rẻ",buy_for_living,mid_range,7.2,2.0
evt_102147,usr_1147,sess_1147_0,45178705,view,2026-03-20T17:39:41Z,64,related_items,0.803,False,nhà đất Phường An Phú Đông ổn định cho gia đình,buy_for_living,affordable,2.6,1.0
evt_102075,usr_1141,sess_1141_0,45039157,contact,2026-03-20T17:48:38Z,109,search_bar,4.521,False,tìm căn hộ Phường Long Bình giá hợp lý tiềm năng tăng giá,investment,mid_range,5.7,2.0
evt_103596,usr_1237,sess_1237_2,44979444,view,2026-03-20T17:49:40Z,55,search_bar,0.774,False,thuê nhà đất Phường Thông Tây Hội 3 phòng ngủ giá tốt,rent,mid_range,6.5,2.0
evt_100067,usr_1003,sess_1003_0,45248655,contact,2026-03-20T18:21:38Z,99,homepage,4.429,False,"mua căn hộ đầu tư ở Phường Bình Trưng pháp lý rõ ràng, giá vừa phải",investment,mid_range,6.0,1.0
evt_100374,usr_1024,sess_1024_1,44287640,save,2026-03-20T18:55:54Z,91,ai_recommendation,2.609,False,tìm phòng căn hộ ở Phường Vườn Lài giá tốt,rent,mid_range,6.4,2.0
evt_104308,usr_1285,sess_1285_0,44059695,view,2026-03-20T19:26:11Z,145,related_items,0.959,False,"mua nhà đất đầu tư ở Phường Hòa Hưng pháp lý rõ ràng, giá vừa phải",investment,affordable,2.4,2.0
evt_101369,usr_1092,sess_1092_0,45263812,view,2026-03-20T20:07:29Z,38,search_bar,0.705,False,"cần mua nhà đất 8 phòng ngủ ở Phường Bình Trưng để ở, sang trọng",buy_for_living,mid_range,6.4,1.0
evt_101202,usr_1082,sess_1082_1,44432528,view,2026-03-20T20:20:49Z,32,ai_recommendation,0.673,False,tìm căn hộ Phường Bàn Cờ rẻ một chút gần trường học,buy_for_living,affordable,2.6,2.0
evt_103666,usr_1242,sess_1242_0,44565872,contact,2026-03-20T20:31:47Z,30,related_items,3.303,False,nhà đất Phường Vĩnh Hội khu nhà giàu cho gia đình,buy_for_living,mid_range,7.1,2.0
evt_103228,usr_1212,sess_1212_1,44713426,save,2026-03-20T22:01:49Z,48,ai_recommendation,2.246,False,"cần thuê nhà đất Phường Bàn Cờ full nội thất, khu nhà giàu",rent,mid_range,7.1,2.0
evt_101888,usr_1129,sess_1129_2,45245637,save,2026-03-20T22:04:02Z,43,search_bar,2.184,False,tìm căn hộ Phường Khánh Hội sang trọng gần trường học,buy_for_living,mid_range,6.4,1.0
evt_102629,usr_1175,sess_1175_0,45224328,view,2026-03-20T23:22:18Z,106,search_bar,0.899,False,"cần mua nhà đất 2 phòng ngủ ở Phường Bình Lợi Trung để ở, giá rẻ",buy_for_living,mid_range,5.5,2.0
evt_102964,usr_1196,sess_1196_0,45177634,save,2026-03-21T00:10:40Z,70,ai_recommendation,2.46,False,nhà đất Phường An Phú Đông sang trọng cho vợ chồng mới cưới,buy_for_living,affordable,2.5,2.0
evt_102965,usr_1196,sess_1196_0,43229879,save,2026-03-21T01:15:39Z,26,ai_recommendation,1.902,False,nhà đất Phường Tân Bình giá hợp lý cho gia đình,buy_for_living,affordable,2.5,2.0
evt_102029,usr_1137,sess_1137_0,45082646,view,2026-03-21T02:10:17Z,8,ai_recommendation,0.423,True,tìm nhà đất Xã Hiệp Phước khu nhà giàu tiềm năng tăng giá,investment,affordable,2.2,2.0
evt_100018,usr_1001,sess_1001_1,43797911,view,2026-03-21T03:22:51Z,18,related_items,0.566,False,"nhà ở Phường Long Trường thoáng mát 0pn, sang trọng",buy_for_living,affordable,2.7,2.0
evt_102379,usr_1160,sess_1160_0,44561082,view,2026-03-21T03:39:07Z,38,search_bar,0.705,False,tìm nhà đất Phường Đức Nhuận cao cấp gần trường học,buy_for_living,affordable,2.2,2.0
evt_100672,usr_1043,sess_1043_0,45066544,view,2026-03-21T04:52:18Z,23,related_items,0.611,False,nhà đất Phường Bình Tân giá vừa phải cho gia đình,buy_for_living,mid_range,7.6,2.0
evt_104501,usr_1299,sess_1299_1,45211549,view,2026-03-21T05:29:22Z,16,homepage,0.545,False,tìm nhà đất Xã Xuân Thới Sơn giá hợp lý gần trường học,buy_for_living,affordable,2.2,2.0
evt_101428,usr_1096,sess_1096_0,44342167,save,2026-03-21T06:55:32Z,20,search_bar,1.757,False,"cần mua căn hộ 2 phòng ngủ ở Phường Phú Thuận để ở, giá tốt",buy_for_living,affordable,2.3,1.0
evt_101929,usr_1132,sess_1132_0,43499957,view,2026-03-21T07:00:41Z,79,ai_recommendation,0.843,False,nhà đất Phường An Hội Tây bình dân dòng tiền tốt,investment,luxury,20.8,1.0
evt_100677,usr_1044,sess_1044_1,44621627,view,2026-03-21T07:08:12Z,33,homepage,0.678,False,"cần mua nhà đất 0 phòng ngủ ở Xã Bàu Bàng để ở, giá rẻ",buy_for_living,affordable,2.9,1.0
evt_104252,usr_1281,sess_1281_0,44617962,contact,2026-03-21T07:14:56Z,52,ai_recommendation,3.819,False,tìm căn hộ Phường Chợ Lớn giá mềm tiềm năng tăng giá,investment,affordable,2.9,2.0
evt_101580,usr_1107,sess_1107_1,45141065,save,2026-03-21T07:32:10Z,24,ai_recommendation,1.858,False,"cần mua nhà đất 4 phòng ngủ ở Xã Hiệp Phước để ở, giá hợp lý",buy_for_living,mid_range,7.0,1.0
evt_100912,usr_1061,sess_1061_1,45165004,view,2026-03-21T07:37:20Z,61,search_bar,0.794,False,thuê căn hộ Phường An Đông 2 phòng ngủ giá hợp lý,rent,mid_range,7.4,2.0
evt_102080,usr_1141,sess_1141_0,44617962,view,2026-03-21T08:00:19Z,124,ai_recommendation,0.929,False,căn hộ Phường Chợ Lớn giá tốt dòng tiền tốt,investment,mid_range,5.7,2.0
evt_102167,usr_1148,sess_1148_0,44974004,contact,2026-03-21T08:44:31Z,318,related_items,5.0,False,"mua nhà đất đầu tư ở Phường Phú Nhuận pháp lý rõ ràng, giá hợp lý",investment,mid_range,7.4,2.0
evt_100614,usr_1039,sess_1039_0,44043317,save,2026-03-21T11:08:23Z,43,related_items,2.184,False,"cần mua căn hộ 2 phòng ngủ ở Phường An Khánh để ở, tầm trung",buy_for_living,mid_range,7.9,2.0
evt_100256,usr_1016,sess_1016_0,44881508,contact,2026-03-21T11:27:32Z,30,search_bar,3.303,False,"nhà ở Phường Phú Nhuận thoáng mát 6pn, khu nhà giàu",buy_for_living,mid_range,7.3,3.0
evt_101805,usr_1123,sess_1123_1,44879590,view,2026-03-21T12:05:37Z,218,ai_recommendation,1.0,False,"mua nhà đất đầu tư ở Phường Phú Định pháp lý rõ ràng, khu nhà giàu",investment,affordable,2.7,2.0
evt_102385,usr_1160,sess_1160_1,43919030,save,2026-03-21T12:35:53Z,29,search_bar,1.963,False,căn hộ Phường Thủ Dầu Một cao cấp cho vợ chồng mới cưới,buy_for_living,affordable,2.2,2.0
evt_100215,usr_1013,sess_1013_1,43866123,view,2026-03-21T13:15:21Z,32,homepage,0.673,False,căn hộ Phường Long Trường bình dân cho gia đình,buy_for_living,affordable,2.4,2.0
evt_100887,usr_1059,sess_1059_0,44858898,share,2026-03-21T13:16:28Z,12,related_items,1.974,False,"cần mua nhà đất 3 phòng ngủ ở Phường Khánh Hội để ở, tầm trung",buy_for_living,affordable,2.3,2.0
evt_100442,usr_1028,sess_1028_1,44742828,contact,2026-03-21T14:11:04Z,94,search_bar,4.38,False,tìm căn hộ Phường Sài Gòn rẻ một chút gần trường học,buy_for_living,affordable,2.2,1.0
evt_103170,usr_1209,sess_1209_0,44006156,view,2026-03-21T15:05:54Z,61,related_items,0.794,False,tìm căn hộ Phường Long Bình giá hợp lý gần trường học,buy_for_living,affordable,2.6,2.0
evt_100782,usr_1052,sess_1052_0,45136662,save,2026-03-21T15:08:06Z,33,ai_recommendation,2.035,False,nhà đất Xã Nhà Bè giá rẻ cho thuê lại được,investment,luxury,20.9,2.0
evt_102089,usr_1142,sess_1142_2,44714707,view,2026-03-21T17:02:25Z,6,ai_recommendation,0.374,True,tìm phòng căn hộ ở Phường Long Bình rẻ một chút,rent,affordable,2.3,1.0
evt_103534,usr_1233,sess_1233_0,44794760,view,2026-03-21T17:20:21Z,26,ai_recommendation,0.634,False,tìm phòng căn hộ ở Phường Tân Mỹ giá hợp lý,rent,affordable,2.3,2.0
evt_102946,usr_1195,sess_1195_2,42981800,view,2026-03-21T17:22:03Z,123,search_bar,0.927,False,"mua nhà đất đầu tư ở Phường Gia Định pháp lý rõ ràng, sang trọng",investment,luxury,21.9,2.0
evt_104257,usr_1281,sess_1281_1,44829409,contact,2026-03-21T17:24:49Z,40,homepage,3.572,False,"mua nhà đất đầu tư ở Xã Nhà Bè pháp lý rõ ràng, giá hợp lý",investment,affordable,2.9,2.0
evt_100978,usr_1066,sess_1066_0,44849133,view,2026-03-21T17:51:35Z,75,ai_recommendation,0.833,False,tìm căn hộ Xã Tân Nhựt bình dân gần trường học,buy_for_living,mid_range,6.7,2.0
evt_101019,usr_1069,sess_1069_0,45230738,view,2026-03-21T18:54:26Z,24,homepage,0.619,False,nhà đất Phường Bình Thạnh giá hợp lý dòng tiền tốt,investment,affordable,2.2,1.0
evt_102040,usr_1138,sess_1138_0,44965275,contact,2026-03-21T19:30:35Z,72,homepage,4.127,False,"nhà ở Phường Hòa Hưng thoáng mát 0pn, ổn định",buy_for_living,luxury,25.7,2.0
evt_103443,usr_1227,sess_1227_0,43874379,view,2026-03-21T19:31:17Z,9,search_bar,0.443,True,căn hộ Phường Long Bình cao cấp cho thuê lại được,investment,mid_range,6.3,2.0
evt_101653,usr_1112,sess_1112_1,45211193,view,2026-03-21T19:33:43Z,187,search_bar,1.0,False,tìm phòng căn hộ ở Xã Tân Nhựt tầm trung,rent,affordable,2.7,2.0
evt_101086,usr_1075,sess_1075_2,45200981,view,2026-03-21T22:48:49Z,117,ai_recommendation,0.918,False,tìm nhà đất Phường Phú Thuận giá hợp lý tiềm năng tăng giá,investment,mid_range,7.6,2.0
evt_104194,usr_1278,sess_1278_1,44890005,view,2026-03-21T23:03:24Z,23,homepage,0.611,False,"nhà ở Phường Phú Nhuận thoáng mát 8pn, cao cấp",buy_for_living,mid_range,6.6,2.0
evt_103670,usr_1242,sess_1242_2,44519047,share,2026-03-21T23:09:00Z,40,homepage,2.857,False,tìm nhà đất Phường Gò Vấp vị trí đẹp gần trường học,buy_for_living,mid_range,7.1,2.0
evt_102932,usr_1194,sess_1194_0,45203024,contact,2026-03-21T23:26:22Z,36,ai_recommendation,3.473,False,thuê nhà đất Phường An Hội Tây 2 phòng ngủ giá mềm,rent,mid_range,5.7,2.0
evt_101565,usr_1106,sess_1106_0,43662693,view,2026-03-21T23:35:46Z,41,ai_recommendation,0.719,False,"nhà ở Phường Phú Định thoáng mát 4pn, khu nhà giàu",buy_for_living,mid_range,5.6,1.0
evt_104043,usr_1267,sess_1267_0,45182811,save,2026-03-22T00:11:51Z,142,search_bar,2.864,False,"nhà ở Phường Cầu Kiệu thoáng mát 7pn, khu nhà giàu",buy_for_living,affordable,2.3,2.0
evt_102540,usr_1169,sess_1169_0,44532175,view,2026-03-22T00:53:08Z,118,homepage,0.919,False,nhà đất Phường Phước Long giá rẻ cho thuê lại được,investment,affordable,2.8,1.0
evt_100279,usr_1017,sess_1017_0,44107433,contact,2026-03-22T01:49:02Z,14,ai_recommendation,2.605,False,tìm phòng căn hộ ở Phường Long Trường giá vừa phải,rent,mid_range,7.6,2.0
evt_104129,usr_1273,sess_1273_0,44886954,view,2026-03-22T01:51:38Z,71,homepage,0.823,False,tìm phòng nhà đất ở Phường An Lạc cao cấp,rent,mid_range,7.2,1.0
evt_100289,usr_1018,sess_1018_1,44921021,share,2026-03-22T03:47:26Z,23,related_items,2.445,False,nhà đất Phường Khánh Hội giá vừa phải dòng tiền tốt,investment,luxury,27.1,2.0
evt_103408,usr_1225,sess_1225_0,45236705,view,2026-03-22T03:51:48Z,132,homepage,0.941,False,"cần mua nhà đất 2 phòng ngủ ở Xã Nhà Bè để ở, bình dân",buy_for_living,mid_range,7.0,2.0
evt_100824,usr_1054,sess_1054_0,45104283,view,2026-03-22T04:34:54Z,77,ai_recommendation,0.838,False,tìm nhà đất Phường Bình Trưng khu nhà giàu tiềm năng tăng giá,investment,affordable,3.0,1.0
evt_102375,usr_1160,sess_1160_0,44694186,share,2026-03-22T05:38:25Z,35,homepage,2.757,False,nhà đất Phường Vườn Lài vị trí đẹp cho gia đình,buy_for_living,affordable,2.2,2.0
evt_103214,usr_1211,sess_1211_0,45192150,save,2026-03-22T06:33:33Z,42,search_bar,2.171,False,tìm phòng nhà đất ở Phường Tân Định giá rẻ,rent,affordable,2.4,2.0
evt_103148,usr_1208,sess_1208_0,45184555,view,2026-03-22T07:23:51Z,45,ai_recommendation,0.736,False,tìm nhà đất Phường Cầu Kiệu giá vừa phải gần trường học,buy_for_living,affordable,2.3,2.0
evt_103442,usr_1227,sess_1227_2,45091675,contact,2026-03-22T07:32:11Z,25,ai_recommendation,3.134,False,nhà đất Phường Thới An vị trí đẹp dòng tiền tốt,investment,mid_range,6.3,2.0
evt_101945,usr_1132,sess_1132_0,45187377,view,2026-03-22T07:44:36Z,84,ai_recommendation,0.855,False,tìm căn hộ Phường Long Bình cao cấp tiềm năng tăng giá,investment,luxury,20.8,1.0
evt_101652,usr_1112,sess_1112_1,45094154,save,2026-03-22T08:55:25Z,38,search_bar,2.114,False,nhà đất Phường Thạnh Mỹ Tây giá vừa phải cho thuê gần metro,rent,affordable,2.7,2.0
evt_104028,usr_1266,sess_1266_0,42418438,view,2026-03-22T09:17:11Z,24,related_items,0.619,False,tìm nhà đất Phường Xóm Chiếu tầm trung tiềm năng tăng giá,investment,mid_range,7.8,2.0
evt_104239,usr_1280,sess_1280_2,45062729,save,2026-03-22T09:18:56Z,27,ai_recommendation,1.923,False,tìm phòng nhà đất ở Phường Long Phước giá hợp lý,rent,mid_range,7.6,2.0
evt_102767,usr_1184,sess_1184_1,44633584,view,2026-03-22T10:19:52Z,133,ai_recommendation,0.942,False,"cần mua nhà đất 4 phòng ngủ ở Xã Nhà Bè để ở, sang trọng",buy_for_living,luxury,24.9,1.0
evt_101186,usr_1081,sess_1081_0,44836443,view,2026-03-22T10:38:30Z,50,search_bar,0.756,False,"cần mua nhà đất 7 phòng ngủ ở Phường Cát Lái để ở, khu nhà giàu",buy_for_living,affordable,2.3,1.0
evt_100526,usr_1033,sess_1033_2,45039157,view,2026-03-22T10:38:49Z,19,related_items,0.576,False,"cần mua căn hộ 3 phòng ngủ ở Phường Long Bình để ở, giá vừa phải",buy_for_living,affordable,2.8,2.0
evt_102971,usr_1196,sess_1196_0,42886620,view,2026-03-22T11:06:33Z,38,search_bar,0.705,False,"nhà ở Phường Phú Định thoáng mát 0pn, khu nhà giàu",buy_for_living,affordable,2.5,2.0
evt_102725,usr_1181,sess_1181_0,45088647,save,2026-03-22T11:15:19Z,21,search_bar,1.784,False,căn hộ Phường Tân Hưng ổn định cho vợ chồng mới cưới,buy_for_living,mid_range,6.0,1.0
evt_100906,usr_1060,sess_1060_0,44735546,view,2026-03-22T11:23:16Z,9,search_bar,0.443,True,"mua nhà đất đầu tư ở Phường Long Phước pháp lý rõ ràng, giá mềm",investment,mid_range,6.5,1.0
evt_103445,usr_1227,sess_1227_2,45039157,view,2026-03-22T11:32:59Z,9,search_bar,0.443,True,căn hộ Phường Long Bình giá vừa phải cho thuê lại được,investment,mid_range,6.3,2.0
evt_100871,usr_1057,sess_1057_0,44659061,view,2026-03-22T12:12:03Z,48,homepage,0.749,False,"cần mua căn hộ 1 phòng ngủ ở Phường Thạnh Mỹ Tây để ở, bình dân",buy_for_living,affordable,2.6,3.0
evt_102565,usr_1170,sess_1170_2,45197810,contact,2026-03-22T13:17:00Z,160,search_bar,4.887,False,"nhà ở Phường Gò Vấp thoáng mát 2pn, rẻ một chút",buy_for_living,affordable,2.5,2.0
evt_100818,usr_1054,sess_1054_0,45000100,view,2026-03-22T14:19:34Z,61,search_bar,0.794,False,tìm nhà đất Phường Bình Lợi Trung giá rẻ tiềm năng tăng giá,investment,affordable,3.0,1.0
evt_103716,usr_1245,sess_1245_1,45152166,view,2026-03-22T15:36:47Z,20,ai_recommendation,0.586,False,nhà đất Phường Tân Sơn Nhất giá mềm cho vợ chồng mới cưới,buy_for_living,mid_range,8.0,3.0
evt_100651,usr_1042,sess_1042_0,45219725,save,2026-03-22T16:02:30Z,28,ai_recommendation,1.943,False,căn hộ Phường Long Bình giá mềm cho vợ chồng mới cưới,buy_for_living,affordable,2.3,2.0
evt_102506,usr_1167,sess_1167_0,44936092,view,2026-03-22T16:19:10Z,86,related_items,0.859,False,nhà đất Phường Gia Định giá rẻ cho vợ chồng mới cưới,buy_for_living,affordable,2.5,3.0
evt_100601,usr_1039,sess_1039_0,45189941,view,2026-03-22T16:30:59Z,16,ai_recommendation,0.545,False,nhà đất Phường Tân Thuận bình dân cho gia đình,buy_for_living,mid_range,7.9,2.0
evt_103235,usr_1213,sess_1213_0,45230960,view,2026-03-22T16:33:00Z,57,search_bar,0.781,False,nhà đất Phường Rạch Dừa giá rẻ cho gia đình,buy_for_living,mid_range,6.9,1.0
evt_104282,usr_1283,sess_1283_0,45013698,view,2026-03-22T16:41:25Z,129,homepage,0.936,False,tìm nhà đất Phường Vĩnh Hội giá mềm tiềm năng tăng giá,investment,luxury,19.0,2.0
evt_101620,usr_1110,sess_1110_0,44506594,contact,2026-03-22T17:12:08Z,19,ai_recommendation,2.881,False,thuê nhà đất Phường Thông Tây Hội 2 phòng ngủ rẻ một chút,rent,mid_range,5.6,1.0
evt_104240,usr_1280,sess_1280_2,45019731,contact,2026-03-22T18:41:16Z,21,homepage,2.973,False,"cần thuê nhà đất Phường An Hội Tây full nội thất, khu nhà giàu",rent,mid_range,7.6,2.0
evt_102876,usr_1191,sess_1191_0,45127299,view,2026-03-22T19:48:56Z,53,ai_recommendation,0.767,False,nhà đất Phường An Phú Đông vị trí đẹp cho thuê gần metro,rent,mid_range,6.0,3.0
evt_103294,usr_1217,sess_1217_0,44453924,save,2026-03-22T19:56:16Z,20,search_bar,1.757,False,"cần mua căn hộ 2 phòng ngủ ở Phường Long Bình để ở, giá hợp lý",buy_for_living,affordable,2.3,2.0
evt_102871,usr_1190,sess_1190_1,45161751,view,2026-03-22T20:54:13Z,104,homepage,0.895,False,"nhà ở Phường Vũng Tàu thoáng mát 7pn, khu nhà giàu",buy_for_living,affordable,2.8,2.0
evt_102341,usr_1158,sess_1158_1,45162231,save,2026-03-22T20:59:02Z,38,ai_recommendation,2.114,False,"cần mua căn hộ 3 phòng ngủ ở Xã Tân Nhựt để ở, khu nhà giàu",buy_for_living,mid_range,5.9,2.0
evt_100434,usr_1028,sess_1028_2,43102591,view,2026-03-22T21:13:06Z,42,homepage,0.724,False,tìm nhà đất Phường Diên Hồng giá hợp lý gần trường học,buy_for_living,affordable,2.2,1.0
evt_100217,usr_1013,sess_1013_0,45002237,save,2026-03-22T21:54:14Z,12,homepage,1.48,False,nhà đất Phường Thông Tây Hội sang trọng cho gia đình,buy_for_living,affordable,2.4,2.0
evt_100869,usr_1057,sess_1057_0,43410630,view,2026-03-22T22:34:28Z,34,search_bar,0.684,False,tìm nhà đất Phường Bình Thạnh giá vừa phải gần trường học,buy_for_living,affordable,2.6,3.0
evt_102731,usr_1182,sess_1182_0,44006156,view,2026-03-22T22:37:11Z,40,homepage,0.714,False,căn hộ Phường Long Bình giá vừa phải cho thuê gần metro,rent,affordable,2.5,2.0
evt_101224,usr_1083,sess_1083_0,45051102,share,2026-03-22T23:07:24Z,126,ai_recommendation,3.727,False,nhà đất Phường Long Phước giá vừa phải dòng tiền tốt,investment,affordable,2.5,2.0
evt_103751,usr_1248,sess_1248_0,45248655,save,2026-03-22T23:21:35Z,31,ai_recommendation,2.0,False,"mua căn hộ đầu tư ở Phường Bình Trưng pháp lý rõ ràng, ổn định",investment,affordable,2.3,2.0
evt_103280,usr_1216,sess_1216_0,44554823,view,2026-03-22T23:53:26Z,47,ai_recommendation,0.745,False,tìm nhà đất Phường Tân Bình giá hợp lý gần trường học,buy_for_living,affordable,2.1,1.0
evt_101548,usr_1105,sess_1105_0,45056553,save,2026-03-23T00:18:27Z,108,ai_recommendation,2.707,False,nhà đất Xã Nhà Bè rẻ một chút cho thuê lại được,investment,luxury,23.4,1.0
evt_104446,usr_1295,sess_1295_1,44871995,save,2026-03-23T01:29:41Z,10,ai_recommendation,1.384,False,tìm phòng nhà đất ở Phường Gia Định cao cấp,rent,mid_range,7.0,2.0
evt_103800,usr_1250,sess_1250_2,45253987,view,2026-03-23T02:09:24Z,31,ai_recommendation,0.667,False,"nhà ở Phường Phước Long thoáng mát 2pn, ổn định",buy_for_living,mid_range,5.5,1.0
evt_101342,usr_1091,sess_1091_1,44922562,save,2026-03-23T02:28:33Z,57,ai_recommendation,2.343,False,"nhà ở Phường Tây Thạnh thoáng mát 5pn, ổn định",buy_for_living,mid_range,6.9,2.0
evt_100421,usr_1027,sess_1027_1,44804938,save,2026-03-23T02:45:04Z,319,related_items,3.0,False,"cần mua nhà đất 2 phòng ngủ ở Phường Hiệp Bình để ở, giá rẻ",buy_for_living,mid_range,7.8,3.0
evt_104180,usr_1276,sess_1276_1,45218235,contact,2026-03-23T02:49:43Z,210,ai_recommendation,5.0,False,tìm phòng nhà đất ở Phường Chợ Quán giá rẻ,rent,affordable,2.5,2.0
evt_102380,usr_1160,sess_1160_0,45212387,view,2026-03-23T03:17:55Z,226,homepage,1.0,False,nhà đất Phường Tân Sơn vị trí đẹp cho vợ chồng mới cưới,buy_for_living,affordable,2.2,2.0
evt_101461,usr_1098,sess_1098_0,45215169,view,2026-03-23T04:07:16Z,260,homepage,1.0,False,"cần mua nhà đất 0 phòng ngủ ở Phường Tây Thạnh để ở, cao cấp",buy_for_living,affordable,2.1,2.0
evt_103034,usr_1201,sess_1201_0,44838922,view,2026-03-23T04:14:07Z,6,related_items,0.374,True,"nhà ở Phường Cầu Ông Lãnh thoáng mát 0pn, sang trọng",buy_for_living,affordable,2.1,2.0
evt_104371,usr_1289,sess_1289_2,42505985,view,2026-03-23T04:17:37Z,64,ai_recommendation,0.803,False,"mua nhà đất đầu tư ở Phường An Lạc pháp lý rõ ràng, tầm trung",investment,affordable,3.0,1.0
evt_104192,usr_1277,sess_1277_0,45230659,contact,2026-03-23T04:29:35Z,135,homepage,4.725,False,nhà đất Phường Phú Thuận giá hợp lý cho gia đình,buy_for_living,luxury,21.6,2.0
evt_103357,usr_1222,sess_1222_1,45040159,share,2026-03-23T04:48:28Z,111,homepage,3.631,False,căn hộ Phường An Khánh giá tốt cho vợ chồng mới cưới,buy_for_living,affordable,2.7,2.0
evt_102409,usr_1162,sess_1162_0,45007564,view,2026-03-23T05:00:46Z,30,ai_recommendation,0.661,False,nhà đất Phường Bình Tân khu nhà giàu cho vợ chồng mới cưới,buy_for_living,affordable,2.6,1.0
evt_101881,usr_1128,sess_1128_0,44542346,view,2026-03-23T05:17:48Z,20,search_bar,0.586,False,"nhà ở Phường Tân Sơn Hòa thoáng mát 5pn, giá vừa phải",buy_for_living,luxury,24.8,2.0
evt_102647,usr_1176,sess_1176_0,43866123,view,2026-03-23T05:26:59Z,57,search_bar,0.781,False,căn hộ Phường Long Trường giá mềm cho vợ chồng mới cưới,buy_for_living,affordable,2.9,2.0
evt_101367,usr_1092,sess_1092_1,45247040,save,2026-03-23T06:12:10Z,52,search_bar,2.291,False,"nhà ở Phường Trung Mỹ Tây thoáng mát 3pn, giá vừa phải",buy_for_living,mid_range,6.4,1.0
evt_100465,usr_1030,sess_1030_0,43695382,view,2026-03-23T07:56:28Z,20,search_bar,0.586,False,"nhà ở Phường Tân Mỹ thoáng mát 4pn, khu nhà giàu",buy_for_living,luxury,19.9,2.0
evt_101361,usr_1092,sess_1092_0,45039157,view,2026-03-23T08:02:08Z,170,ai_recommendation,0.989,False,tìm căn hộ Phường Long Bình giá vừa phải gần trường học,buy_for_living,mid_range,6.4,1.0
evt_100152,usr_1010,sess_1010_0,44224180,view,2026-03-23T08:39:34Z,37,ai_recommendation,0.7,False,tìm căn hộ Phường Thạnh Mỹ Tây giá vừa phải gần trường học,buy_for_living,affordable,2.3,2.0
evt_102736,usr_1182,sess_1182_0,43146761,save,2026-03-23T08:41:27Z,52,ai_recommendation,2.291,False,thuê căn hộ Phường Thạnh Mỹ Tây 2 phòng ngủ giá rẻ,rent,affordable,2.5,2.0
evt_104209,usr_1279,sess_1279_0,43503286,view,2026-03-23T09:08:50Z,27,ai_recommendation,0.641,False,nhà đất Phường Thông Tây Hội vị trí đẹp cho gia đình,buy_for_living,luxury,25.2,1.0
evt_102042,usr_1138,sess_1138_0,45100589,view,2026-03-23T10:00:41Z,12,search_bar,0.493,False,"nhà ở Phường Tân Thuận thoáng mát 2pn, giá rẻ",buy_for_living,luxury,25.7,2.0
evt_100512,usr_1032,sess_1032_0,45020850,view,2026-03-23T10:14:41Z,222,related_items,1.0,False,"nhà ở Phường Tân Hưng thoáng mát 3pn, tầm trung",buy_for_living,affordable,2.8,2.0
evt_101873,usr_1128,sess_1128_0,45195267,contact,2026-03-23T10:33:20Z,64,homepage,4.015,False,nhà đất Phường Tân Bình giá vừa phải cho vợ chồng mới cưới,buy_for_living,luxury,24.8,2.0
evt_100301,usr_1018,sess_1018_0,44233616,contact,2026-03-23T11:21:44Z,148,homepage,4.813,False,nhà đất Phường Hòa Hưng ổn định cho thuê lại được,investment,luxury,27.1,2.0
evt_100680,usr_1044,sess_1044_1,45184505,view,2026-03-23T12:08:27Z,50,search_bar,0.756,False,"nhà ở Phường Bình Thạnh thoáng mát 3pn, giá rẻ",buy_for_living,affordable,2.9,1.0
evt_104332,usr_1287,sess_1287_1,44943702,view,2026-03-23T13:00:25Z,79,ai_recommendation,0.843,False,nhà đất Phường Bảy Hiền giá hợp lý cho vợ chồng mới cưới,buy_for_living,affordable,2.4,2.0
evt_103232,usr_1213,sess_1213_0,45195095,save,2026-03-23T13:06:37Z,180,search_bar,3.0,False,"nhà ở Phường Bình Trị Đông thoáng mát 3pn, ổn định",buy_for_living,mid_range,6.9,1.0
evt_103643,usr_1240,sess_1240_0,44729161,view,2026-03-23T13:22:04Z,9,ai_recommendation,0.443,True,"nhà ở Phường Nhiêu Lộc thoáng mát 1pn, rẻ một chút",buy_for_living,mid_range,5.9,2.0
evt_104369,usr_1289,sess_1289_2,44945779,save,2026-03-23T13:49:33Z,39,homepage,2.129,False,"mua nhà đất đầu tư ở Xã Hiệp Phước pháp lý rõ ràng, giá mềm",investment,affordable,3.0,1.0
evt_103900,usr_1258,sess_1258_0,44707165,save,2026-03-23T14:42:16Z,100,ai_recommendation,2.663,False,nhà đất Phường Long Bình khu nhà giàu cho thuê gần metro,rent,affordable,2.6,1.0
evt_100798,usr_1053,sess_1053_1,44732398,view,2026-03-23T16:17:40Z,21,ai_recommendation,0.595,False,"cần mua nhà đất 5 phòng ngủ ở Phường Long Trường để ở, khu nhà giàu",buy_for_living,affordable,2.8,1.0
evt_102489,usr_1166,sess_1166_1,44629805,view,2026-03-23T17:16:48Z,40,related_items,0.714,False,nhà đất Phường Hiệp Bình giá mềm cho gia đình,buy_for_living,luxury,25.3,1.0
evt_101374,usr_1093,sess_1093_0,44713493,view,2026-03-23T18:30:08Z,20,homepage,0.586,False,tìm căn hộ Phường Tân Hưng giá mềm tiềm năng tăng giá,investment,affordable,2.9,3.0
evt_103581,usr_1236,sess_1236_0,45197430,share,2026-03-23T18:32:54Z,100,ai_recommendation,3.551,False,nhà đất Phường An Lạc giá tốt cho vợ chồng mới cưới,buy_for_living,mid_range,7.2,2.0
evt_100861,usr_1057,sess_1057_0,45207061,view,2026-03-23T18:46:20Z,7,homepage,0.4,True,căn hộ Phường Chợ Lớn ổn định cho gia đình,buy_for_living,affordable,2.6,3.0
evt_103385,usr_1224,sess_1224_0,44242335,contact,2026-03-23T18:56:42Z,30,ai_recommendation,3.303,False,tìm nhà đất Phường Diên Hồng giá vừa phải tiềm năng tăng giá,investment,luxury,21.3,3.0
evt_100161,usr_1010,sess_1010_0,45075183,save,2026-03-23T19:49:29Z,117,ai_recommendation,2.753,False,"cần mua nhà đất 1 phòng ngủ ở Phường Đức Nhuận để ở, rẻ một chút",buy_for_living,affordable,2.3,2.0
evt_103091,usr_1205,sess_1205_0,45010170,view,2026-03-23T20:08:25Z,41,ai_recommendation,0.719,False,căn hộ Xã Tân Nhựt giá mềm cho vợ chồng mới cưới,buy_for_living,affordable,2.2,2.0
evt_100260,usr_1016,sess_1016_0,45114937,view,2026-03-23T22:19:11Z,328,ai_recommendation,1.0,False,"cần mua nhà đất 6 phòng ngủ ở Phường Thủ Đức để ở, khu nhà giàu",buy_for_living,mid_range,7.3,3.0
evt_100862,usr_1057,sess_1057_0,45212387,contact,2026-03-23T23:38:29Z,71,homepage,4.113,False,nhà đất Phường Tân Sơn cao cấp cho gia đình,buy_for_living,affordable,2.6,3.0
evt_100319,usr_1019,sess_1019_0,45113537,view,2026-03-23T23:53:24Z,21,ai_recommendation,0.595,False,"nhà ở Phường Tân Sơn Nhì thoáng mát 2pn, ổn định",buy_for_living,luxury,21.7,2.0
evt_103865,usr_1255,sess_1255_0,45203198,view,2026-03-23T23:53:59Z,27,search_bar,0.641,False,nhà đất Phường Bình Lợi Trung giá mềm cho vợ chồng mới cưới,buy_for_living,mid_range,6.8,1.0
evt_102248,usr_1153,sess_1153_0,45214926,share,2026-03-24T00:07:29Z,79,related_items,3.372,False,"mua nhà đất đầu tư ở Phường Vũng Tàu pháp lý rõ ràng, giá hợp lý",investment,affordable,2.4,1.0
evt_103367,usr_1222,sess_1222_1,44816803,view,2026-03-24T01:40:40Z,39,search_bar,0.71,False,nhà đất Phường An Hội Đông cao cấp cho vợ chồng mới cưới,buy_for_living,affordable,2.7,2.0
evt_101338,usr_1090,sess_1090_1,44825273,contact,2026-03-24T01:44:22Z,19,related_items,2.881,False,"nhà ở Xã Bình Hưng thoáng mát 2pn, rẻ một chút",buy_for_living,affordable,2.9,2.0
evt_101590,usr_1108,sess_1108_0,40503273,view,2026-03-24T02:03:25Z,54,homepage,0.771,False,tìm căn hộ Phường Thủ Dầu Một giá tốt gần trường học,buy_for_living,affordable,2.5,2.0
evt_101250,usr_1085,sess_1085_1,45203010,view,2026-03-24T02:46:33Z,28,search_bar,0.648,False,nhà đất Phường An Hội Tây giá vừa phải dòng tiền tốt,investment,affordable,2.7,2.0
evt_102161,usr_1148,sess_1148_0,44804938,view,2026-03-24T02:56:28Z,304,search_bar,1.0,False,"mua nhà đất đầu tư ở Phường Hiệp Bình pháp lý rõ ràng, giá tốt",investment,mid_range,7.4,2.0
evt_103042,usr_1201,sess_1201_0,45240735,save,2026-03-24T03:12:37Z,74,ai_recommendation,2.492,False,tìm căn hộ Phường Vĩnh Hội bình dân gần trường học,buy_for_living,affordable,2.1,2.0
evt_101808,usr_1124,sess_1124_0,44611580,save,2026-03-24T03:45:47Z,310,ai_recommendation,3.0,False,nhà đất Phường Bình Thạnh giá tốt cho thuê lại được,investment,affordable,2.4,2.0
evt_100099,usr_1006,sess_1006_1,44621627,view,2026-03-24T04:29:20Z,24,ai_recommendation,0.619,False,tìm nhà đất Xã Bàu Bàng bình dân tiềm năng tăng giá,investment,affordable,2.5,2.0
evt_101735,usr_1119,sess_1119_0,44974004,view,2026-03-24T05:05:50Z,11,ai_recommendation,0.478,False,"cần thuê nhà đất Phường Phú Nhuận full nội thất, giá hợp lý",rent,luxury,24.2,2.0
evt_101081,usr_1074,sess_1074_0,44827098,view,2026-03-24T05:13:03Z,18,search_bar,0.566,False,"nhà ở Phường Cầu Ông Lãnh thoáng mát 8pn, khu nhà giàu",buy_for_living,mid_range,5.6,1.0
evt_102803,usr_1186,sess_1186_2,44804549,view,2026-03-24T05:19:18Z,37,homepage,0.7,False,nhà đất Phường Đông Hưng Thuận vị trí đẹp cho gia đình,buy_for_living,luxury,28.1,2.0
evt_101343,usr_1091,sess_1091_1,45252225,contact,2026-03-24T05:27:40Z,98,related_items,4.42,False,"cần mua nhà đất 3 phòng ngủ ở Phường Tân Sơn Nhất để ở, giá mềm",buy_for_living,mid_range,6.9,2.0
evt_102246,usr_1153,sess_1153_0,44242606,view,2026-03-24T05:43:11Z,36,search_bar,0.695,False,nhà đất Phường Hòa Hưng cao cấp cho thuê lại được,investment,affordable,2.4,1.0
evt_102250,usr_1153,sess_1153_0,45195327,view,2026-03-24T06:11:56Z,28,search_bar,0.648,False,căn hộ Phường Phú Thạnh giá mềm dòng tiền tốt,investment,affordable,2.4,1.0
evt_100192,usr_1012,sess_1012_1,44281973,view,2026-03-24T06:17:27Z,5,homepage,0.345,True,nhà đất Phường Tân Thuận giá rẻ cho thuê lại được,investment,affordable,2.8,1.0
evt_100388,usr_1025,sess_1025_1,45081886,view,2026-03-24T06:48:59Z,31,ai_recommendation,0.667,False,"nhà ở Xã Bình Lợi thoáng mát 3pn, giá mềm",buy_for_living,affordable,2.5,2.0
evt_103005,usr_1199,sess_1199_0,44059773,view,2026-03-24T10:47:17Z,100,search_bar,0.888,False,"cần thuê nhà đất Phường Hòa Hưng full nội thất, giá hợp lý",rent,affordable,2.2,2.0
evt_103444,usr_1227,sess_1227_1,44275170,save,2026-03-24T11:56:27Z,68,search_bar,2.443,False,nhà đất Phường Phú Thuận sang trọng cho thuê lại được,investment,mid_range,6.3,2.0
evt_101384,usr_1094,sess_1094_0,45130272,save,2026-03-24T13:15:38Z,10,homepage,1.384,False,"nhà ở Phường Hiệp Bình thoáng mát 4pn, bình dân",buy_for_living,affordable,2.8,1.0
evt_100942,usr_1063,sess_1063_1,44843130,save,2026-03-24T13:18:36Z,47,homepage,2.234,False,tìm căn hộ Phường Xuân Hòa giá mềm tiềm năng tăng giá,investment,affordable,3.0,2.0
evt_100819,usr_1054,sess_1054_0,44907937,contact,2026-03-24T14:17:12Z,17,homepage,2.78,False,"mua nhà đất đầu tư ở Phường Phú Thuận pháp lý rõ ràng, ổn định",investment,affordable,3.0,1.0
evt_101544,usr_1104,sess_1104_0,43153771,save,2026-03-24T14:35:33Z,12,ai_recommendation,1.48,False,"cần mua nhà đất 0 phòng ngủ ở Phường Bình Trưng để ở, vị trí đẹp",buy_for_living,mid_range,6.1,3.0
evt_100992,usr_1067,sess_1067_0,45239086,view,2026-03-24T14:54:00Z,31,related_items,0.667,False,"mua nhà đất đầu tư ở Phường Xuân Hòa pháp lý rõ ràng, tầm trung",investment,luxury,29.4,2.0
evt_100591,usr_1038,sess_1038_0,45229038,view,2026-03-24T15:32:52Z,15,search_bar,0.533,False,"nhà ở Phường Tân Sơn thoáng mát 3pn, giá mềm",buy_for_living,affordable,2.7,2.0
evt_101510,usr_1102,sess_1102_0,45245900,save,2026-03-24T16:35:09Z,34,ai_recommendation,2.052,False,tìm nhà đất Phường Bình Lợi Trung giá rẻ tiềm năng tăng giá,investment,mid_range,7.7,2.0
evt_101447,usr_1098,sess_1098_0,45052563,contact,2026-03-24T19:35:38Z,51,search_bar,3.8,False,nhà đất Phường An Khánh khu nhà giàu cho vợ chồng mới cưới,buy_for_living,affordable,2.1,2.0
evt_103767,usr_1248,sess_1248_0,45218797,contact,2026-03-24T19:57:40Z,88,related_items,4.317,False,tìm nhà đất Phường Hiệp Bình tầm trung tiềm năng tăng giá,investment,affordable,2.3,2.0
evt_102505,usr_1167,sess_1167_0,42583860,view,2026-03-24T20:08:27Z,239,search_bar,1.0,False,nhà đất Phường Tân Sơn Nhất tầm trung cho gia đình,buy_for_living,affordable,2.5,3.0
evt_103437,usr_1227,sess_1227_2,45021271,view,2026-03-24T21:03:34Z,49,homepage,0.753,False,nhà đất Phường Long Trường giá hợp lý dòng tiền tốt,investment,mid_range,6.3,2.0
evt_101154,usr_1079,sess_1079_1,45191822,contact,2026-03-24T21:24:03Z,31,related_items,3.333,False,tìm phòng nhà đất ở Phường An Hội Tây giá vừa phải,rent,affordable,3.0,2.0
evt_100574,usr_1037,sess_1037_2,44812705,save,2026-03-24T22:17:52Z,649,ai_recommendation,3.0,False,nhà đất Phường An Lạc cao cấp cho thuê lại được,investment,affordable,2.9,1.0
evt_100846,usr_1056,sess_1056_0,45125647,view,2026-03-24T22:34:27Z,10,homepage,0.461,False,tìm nhà đất Phường Bình Trị Đông khu nhà giàu gần trường học,buy_for_living,affordable,2.6,2.0
evt_100159,usr_1010,sess_1010_0,45266012,view,2026-03-24T22:45:52Z,47,search_bar,0.745,False,tìm nhà đất Phường Thạnh Mỹ Tây sang trọng gần trường học,buy_for_living,affordable,2.3,2.0
evt_102453,usr_1164,sess_1164_1,45048496,view,2026-03-25T00:13:47Z,38,homepage,0.705,False,tìm nhà đất Xã Nhà Bè giá tốt gần trường học,buy_for_living,affordable,2.9,2.0
evt_103782,usr_1249,sess_1249_0,44334707,contact,2026-03-25T00:59:05Z,26,ai_recommendation,3.17,False,"cần thuê nhà đất Phường Bàn Cờ full nội thất, vị trí đẹp",rent,luxury,25.2,2.0
evt_103737,usr_1247,sess_1247_2,45197627,view,2026-03-25T00:59:41Z,75,related_items,0.833,False,nhà đất Phường Hạnh Thông ổn định cho thuê lại được,investment,affordable,2.4,2.0
evt_104198,usr_1278,sess_1278_1,44532561,view,2026-03-25T01:08:29Z,170,homepage,0.989,False,tìm nhà đất Phường An Khánh cao cấp gần trường học,buy_for_living,mid_range,6.6,2.0
evt_103071,usr_1203,sess_1203_0,45211253,view,2026-03-25T02:20:06Z,50,search_bar,0.756,False,nhà đất Phường Nhiêu Lộc giá rẻ cho thuê lại được,investment,mid_range,7.8,2.0
evt_100720,usr_1047,sess_1047_0,45236404,save,2026-03-25T02:22:27Z,12,homepage,1.48,False,"cần mua nhà đất 3 phòng ngủ ở Phường An Hội Tây để ở, rẻ một chút",buy_for_living,luxury,22.7,3.0
evt_101519,usr_1103,sess_1103_0,44690439,view,2026-03-25T03:44:24Z,294,ai_recommendation,1.0,False,thuê nhà đất Xã Trừ Văn Thố 3 phòng ngủ giá tốt,rent,affordable,2.7,2.0
evt_101780,usr_1122,sess_1122_0,45218954,view,2026-03-25T04:11:22Z,42,ai_recommendation,0.724,False,"mua nhà đất đầu tư ở Phường Bình Thạnh pháp lý rõ ràng, cao cấp",investment,luxury,28.5,2.0
evt_103500,usr_1231,sess_1231_0,45157792,view,2026-03-25T04:31:08Z,133,ai_recommendation,0.942,False,"nhà ở Xã Nhà Bè thoáng mát 4pn, giá hợp lý",buy_for_living,affordable,2.2,2.0
evt_102139,usr_1146,sess_1146_2,45266795,view,2026-03-25T04:32:09Z,70,ai_recommendation,0.82,False,nhà đất Phường Gia Định rẻ một chút cho gia đình,buy_for_living,affordable,2.8,2.0
evt_103829,usr_1253,sess_1253_0,45204306,view,2026-03-25T06:50:23Z,258,related_items,1.0,False,nhà đất Phường Bình Đông sang trọng cho thuê lại được,investment,affordable,2.6,2.0
evt_101731,usr_1118,sess_1118_2,45201332,contact,2026-03-25T09:56:03Z,81,ai_recommendation,4.238,False,nhà đất Xã Nhà Bè giá tốt dòng tiền tốt,investment,mid_range,6.3,2.0
evt_101124,usr_1077,sess_1077_2,45201332,save,2026-03-25T10:08:32Z,71,search_bar,2.468,False,nhà đất Xã Nhà Bè bình dân cho gia đình,buy_for_living,luxury,29.0,1.0
evt_101933,usr_1132,sess_1132_0,43158878,view,2026-03-25T10:36:27Z,29,search_bar,0.654,False,"mua nhà đất đầu tư ở Phường Phú Thuận pháp lý rõ ràng, giá hợp lý",investment,luxury,20.8,1.0
evt_100482,usr_1031,sess_1031_1,45133822,view,2026-03-25T10:40:00Z,128,search_bar,0.935,False,căn hộ Phường Phú Thuận giá tốt cho vợ chồng mới cưới,buy_for_living,affordable,2.9,2.0
evt_102226,usr_1151,sess_1151_1,45143221,view,2026-03-25T11:12:00Z,65,homepage,0.806,False,"cần mua nhà đất 4 phòng ngủ ở Xã Nhà Bè để ở, giá mềm",buy_for_living,mid_range,7.1,2.0
evt_102614,usr_1174,sess_1174_0,45007050,view,2026-03-25T11:38:53Z,60,related_items,0.791,False,"cần thuê căn hộ Phường Chợ Lớn full nội thất, sang trọng",rent,affordable,2.4,2.0
evt_100840,usr_1055,sess_1055_0,45210546,view,2026-03-25T12:26:43Z,57,homepage,0.781,False,"mua nhà đất đầu tư ở Phường Tam Bình pháp lý rõ ràng, sang trọng",investment,affordable,2.7,3.0
evt_100735,usr_1049,sess_1049_1,44193699,view,2026-03-25T12:39:14Z,64,ai_recommendation,0.803,False,tìm căn hộ Phường Long Bình khu nhà giàu gần trường học,buy_for_living,affordable,2.8,1.0
evt_101964,usr_1134,sess_1134_0,44855408,view,2026-03-25T14:17:38Z,74,homepage,0.831,False,nhà đất Phường Thới An tầm trung cho gia đình,buy_for_living,mid_range,6.1,2.0
evt_101605,usr_1108,sess_1108_1,44068847,view,2026-03-25T14:28:08Z,49,search_bar,0.753,False,"cần mua nhà đất 4 phòng ngủ ở Xã Nhà Bè để ở, sang trọng",buy_for_living,affordable,2.5,2.0
evt_103787,usr_1250,sess_1250_2,44823332,view,2026-03-25T14:44:15Z,19,ai_recommendation,0.576,False,"cần mua nhà đất 5 phòng ngủ ở Phường Tân Định để ở, giá vừa phải",buy_for_living,mid_range,5.5,1.0
evt_102698,usr_1180,sess_1180_1,44908020,share,2026-03-25T14:57:04Z,47,search_bar,2.979,False,tìm nhà đất Phường Hòa Hưng sang trọng tiềm năng tăng giá,investment,luxury,27.1,2.0
evt_104090,usr_1270,sess_1270_0,45079987,view,2026-03-25T15:09:52Z,20,search_bar,0.586,False,tìm nhà đất Phường Phú Nhuận bình dân tiềm năng tăng giá,investment,mid_range,7.0,2.0
evt_101229,usr_1084,sess_1084_0,45134992,view,2026-03-25T16:28:07Z,34,search_bar,0.684,False,tìm nhà đất Phường Tân Hưng sang trọng gần trường học,buy_for_living,mid_range,7.2,2.0
evt_102316,usr_1157,sess_1157_1,45268380,view,2026-03-25T16:28:38Z,25,related_items,0.627,False,tìm nhà đất Phường Tân Thuận giá tốt gần trường học,buy_for_living,affordable,2.3,2.0
evt_100707,usr_1047,sess_1047_0,44796007,save,2026-03-25T16:34:38Z,89,ai_recommendation,2.597,False,căn hộ Phường Tăng Nhơn Phú giá rẻ cho gia đình,buy_for_living,luxury,22.7,3.0
evt_100012,usr_1000,sess_1000_0,44950030,view,2026-03-25T17:22:32Z,42,homepage,0.724,False,nhà đất Phường An Hội Tây rẻ một chút cho gia đình,buy_for_living,affordable,2.4,2.0
evt_102470,usr_1165,sess_1165_0,45080508,share,2026-03-25T17:40:00Z,87,homepage,3.445,False,nhà đất Phường Tam Thắng giá tốt cho gia đình,buy_for_living,luxury,26.4,2.0
evt_102945,usr_1195,sess_1195_2,44636947,save,2026-03-25T17:48:05Z,45,ai_recommendation,2.209,False,nhà đất Phường Thới An vị trí đẹp dòng tiền tốt,investment,luxury,21.9,2.0
evt_100708,usr_1047,sess_1047_0,44607260,view,2026-03-25T17:59:51Z,16,homepage,0.545,False,"nhà ở Phường Cát Lái thoáng mát 4pn, giá rẻ",buy_for_living,luxury,22.7,3.0
evt_102434,usr_1163,sess_1163_0,45250023,save,2026-03-25T19:06:08Z,129,search_bar,2.809,False,thuê nhà đất Phường An Lạc 2 phòng ngủ giá tốt,rent,mid_range,7.2,3.0
evt_100038,usr_1002,sess_1002_0,45210622,contact,2026-03-25T19:06:11Z,169,homepage,4.94,False,tìm phòng căn hộ ở Phường An Lạc giá mềm,rent,affordable,2.1,1.0
evt_102523,usr_1168,sess_1168_0,44287640,view,2026-03-25T22:10:21Z,77,related_items,0.838,False,căn hộ Phường Vườn Lài giá mềm cho thuê lại được,investment,mid_range,6.7,2.0
evt_103665,usr_1242,sess_1242_2,44997886,view,2026-03-25T23:12:32Z,66,ai_recommendation,0.809,False,tìm nhà đất Xã Nhà Bè giá tốt gần trường học,buy_for_living,mid_range,7.1,2.0
evt_102217,usr_1151,sess_1151_0,44964591,view,2026-03-25T23:54:37Z,57,related_items,0.781,False,nhà đất Phường Phú Thuận ổn định cho gia đình,buy_for_living,mid_range,7.1,2.0
evt_100927,usr_1062,sess_1062_1,45235440,view,2026-03-26T00:13:45Z,95,search_bar,0.878,False,nhà đất Phường Hòa Hưng giá rẻ cho thuê lại được,investment,luxury,29.5,1.0
evt_104026,usr_1266,sess_1266_0,43531387,view,2026-03-26T00:16:54Z,10,search_bar,0.461,False,tìm nhà đất Phường Vườn Lài vị trí đẹp tiềm năng tăng giá,investment,mid_range,7.8,2.0
evt_103771,usr_1249,sess_1249_0,45085834,view,2026-03-26T00:25:13Z,36,related_items,0.695,False,tìm phòng nhà đất ở Phường Phú Định bình dân,rent,luxury,25.2,2.0
evt_101642,usr_1111,sess_1111_0,43963943,save,2026-03-26T01:00:03Z,25,related_items,1.88,False,căn hộ Phường Bình Đông giá mềm cho thuê lại được,investment,affordable,2.4,2.0
evt_100628,usr_1040,sess_1040_0,45083831,save,2026-03-26T01:11:40Z,64,ai_recommendation,2.409,False,nhà đất Phường An Lạc khu nhà giàu cho vợ chồng mới cưới,buy_for_living,luxury,25.7,3.0
evt_100173,usr_1011,sess_1011_0,45224442,view,2026-03-26T01:24:58Z,17,homepage,0.556,False,nhà đất Phường Thới Hòa tầm trung cho vợ chồng mới cưới,buy_for_living,mid_range,7.4,2.0
evt_100471,usr_1030,sess_1030_1,45229457,view,2026-03-26T01:30:31Z,56,related_items,0.778,False,căn hộ Xã Tân Nhựt ổn định cho vợ chồng mới cưới,buy_for_living,luxury,19.9,2.0
evt_101670,usr_1113,sess_1113_2,45211193,view,2026-03-26T01:49:27Z,250,homepage,1.0,False,tìm căn hộ Xã Tân Nhựt tầm trung gần trường học,buy_for_living,affordable,2.8,2.0
evt_101265,usr_1085,sess_1085_0,45067608,contact,2026-03-26T02:03:17Z,12,ai_recommendation,2.467,False,nhà đất Phường Tân Định bình dân dòng tiền tốt,investment,affordable,2.7,2.0
evt_100384,usr_1025,sess_1025_0,44288363,view,2026-03-26T02:18:30Z,66,ai_recommendation,0.809,False,"nhà ở Phường Long Bình thoáng mát 3pn, giá hợp lý",buy_for_living,affordable,2.5,2.0
evt_101293,usr_1087,sess_1087_0,45197229,view,2026-03-26T02:23:17Z,27,ai_recommendation,0.641,False,nhà đất Phường Thủ Đức giá tốt dòng tiền tốt,investment,affordable,2.4,2.0
evt_103517,usr_1232,sess_1232_1,42928021,save,2026-03-26T02:48:16Z,32,related_items,2.018,False,thuê nhà đất Phường Hiệp Bình 2 phòng ngủ tầm trung,rent,mid_range,6.1,2.0
evt_101534,usr_1104,sess_1104_2,45255987,share,2026-03-26T02:52:00Z,33,related_items,2.713,False,"nhà ở Phường Thới Hòa thoáng mát 0pn, giá vừa phải",buy_for_living,mid_range,6.1,3.0
evt_100195,usr_1012,sess_1012_2,44119364,save,2026-03-26T03:27:36Z,45,search_bar,2.209,False,"mua nhà đất đầu tư ở Xã Nhà Bè pháp lý rõ ràng, vị trí đẹp",investment,affordable,2.8,1.0
evt_102228,usr_1152,sess_1152_0,45230794,save,2026-03-26T04:15:04Z,85,search_bar,2.571,False,"nhà ở Phường Bình Thạnh thoáng mát 3pn, giá rẻ",buy_for_living,affordable,2.7,2.0
evt_104073,usr_1269,sess_1269_0,45270893,view,2026-03-26T04:26:26Z,23,search_bar,0.611,False,tìm nhà đất Xã Nhà Bè tầm trung gần trường học,buy_for_living,affordable,2.5,3.0
evt_102952,usr_1195,sess_1195_1,45183034,contact,2026-03-26T04:26:41Z,19,related_items,2.881,False,tìm nhà đất Phường Cầu Kiệu cao cấp tiềm năng tăng giá,investment,luxury,21.9,2.0
evt_101971,usr_1134,sess_1134_1,45221695,view,2026-03-26T04:36:53Z,42,search_bar,0.724,False,"cần mua nhà đất 3 phòng ngủ ở Phường An Phú Đông để ở, giá hợp lý",buy_for_living,mid_range,6.1,2.0
evt_100334,usr_1020,sess_1020_0,43136703,view,2026-03-26T04:54:46Z,7,homepage,0.4,True,thuê nhà đất Phường Phú Thuận 3 phòng ngủ giá tốt,rent,mid_range,6.9,2.0
evt_100423,usr_1027,sess_1027_2,43775873,view,2026-03-26T05:17:22Z,36,ai_recommendation,0.695,False,tìm nhà đất Phường An Đông cao cấp gần trường học,buy_for_living,mid_range,7.8,3.0
evt_103459,usr_1228,sess_1228_0,45265594,save,2026-03-26T05:30:47Z,12,search_bar,1.48,False,nhà đất Phường Đông Hưng Thuận tầm trung cho gia đình,buy_for_living,affordable,2.8,2.0
evt_103014,usr_1199,sess_1199_1,45268965,save,2026-03-26T05:33:39Z,86,search_bar,2.577,False,thuê nhà đất Xã Nhà Bè 4 phòng ngủ giá mềm,rent,affordable,2.2,2.0
evt_104145,usr_1274,sess_1274_0,43115714,view,2026-03-26T05:48:45Z,166,ai_recommendation,0.985,False,nhà đất Xã Bà Điểm sang trọng cho vợ chồng mới cưới,buy_for_living,mid_range,5.5,2.0
evt_103513,usr_1232,sess_1232_1,44942519,view,2026-03-26T06:01:43Z,54,ai_recommendation,0.771,False,tìm phòng nhà đất ở Phường Hạnh Thông giá rẻ,rent,mid_range,6.1,2.0
evt_102782,usr_1185,sess_1185_1,44903222,view,2026-03-26T06:47:03Z,170,homepage,0.989,False,"nhà ở Phường Tân Sơn Nhì thoáng mát 3pn, giá vừa phải",buy_for_living,mid_range,5.7,1.0
evt_101555,usr_1105,sess_1105_0,45222510,save,2026-03-26T07:55:17Z,151,ai_recommendation,2.899,False,tìm nhà đất Phường Phú Nhuận sang trọng tiềm năng tăng giá,investment,luxury,23.4,1.0
evt_101236,usr_1084,sess_1084_0,45251495,save,2026-03-26T08:48:24Z,73,related_items,2.484,False,"cần mua nhà đất 3 phòng ngủ ở Phường Bình Trị Đông để ở, cao cấp",buy_for_living,mid_range,7.2,2.0
evt_103103,usr_1205,sess_1205_0,45257389,share,2026-03-26T08:57:51Z,55,homepage,3.097,False,"cần mua nhà đất 5 phòng ngủ ở Phường Tân Sơn để ở, khu nhà giàu",buy_for_living,affordable,2.2,2.0
evt_102311,usr_1156,sess_1156_0,44893724,view,2026-03-26T09:40:36Z,77,related_items,0.838,False,tìm nhà đất Phường Gia Định giá hợp lý tiềm năng tăng giá,investment,luxury,19.7,3.0
evt_101897,usr_1129,sess_1129_1,44936128,view,2026-03-26T10:04:49Z,60,homepage,0.791,False,nhà đất Phường Thủ Đức khu nhà giàu cho gia đình,buy_for_living,mid_range,6.4,1.0
evt_100336,usr_1020,sess_1020_0,45189288,view,2026-03-26T10:49:30Z,16,search_bar,0.545,False,"cần thuê nhà đất Phường Tân Hưng full nội thất, giá tốt",rent,mid_range,6.9,2.0
evt_101738,usr_1119,sess_1119_0,44761704,save,2026-03-26T11:04:23Z,37,search_bar,2.099,False,thuê nhà đất Phường Tân Hưng 4 phòng ngủ khu nhà giàu,rent,luxury,24.2,2.0
evt_100891,usr_1059,sess_1059_0,43211541,view,2026-03-26T11:22:45Z,71,ai_recommendation,0.823,False,căn hộ Phường Tân Thuận tầm trung cho vợ chồng mới cưới,buy_for_living,affordable,2.3,2.0
evt_101855,usr_1127,sess_1127_0,44682333,save,2026-03-26T12:31:15Z,18,search_bar,1.699,False,căn hộ Phường Vườn Lài bình dân cho gia đình,buy_for_living,affordable,2.5,2.0
evt_103721,usr_1246,sess_1246_0,45160018,view,2026-03-26T13:42:55Z,93,related_items,0.874,False,nhà đất Phường Tân Định giá hợp lý dòng tiền tốt,investment,luxury,21.4,3.0
evt_102360,usr_1159,sess_1159_1,44805680,contact,2026-03-26T14:20:58Z,107,ai_recommendation,4.503,False,tìm nhà đất Phường Tân Bình bình dân gần trường học,buy_for_living,mid_range,5.7,2.0
evt_103407,usr_1225,sess_1225_0,45094868,contact,2026-03-26T14:46:39Z,55,search_bar,3.872,False,nhà đất Phường Cát Lái giá tốt cho gia đình,buy_for_living,mid_range,7.0,2.0
evt_102060,usr_1140,sess_1140_0,45109123,view,2026-03-26T15:05:02Z,9,homepage,0.443,True,nhà đất Phường Tân Tạo cao cấp cho vợ chồng mới cưới,buy_for_living,affordable,2.4,2.0
evt_100456,usr_1029,sess_1029_1,44957970,save,2026-03-26T15:25:31Z,18,homepage,1.699,False,căn hộ Xã Tân Nhựt tầm trung cho gia đình,buy_for_living,affordable,2.2,2.0
evt_104179,usr_1276,sess_1276_0,45216160,view,2026-03-26T15:25:42Z,24,homepage,0.619,False,"cần thuê nhà đất Phường Bến Thành full nội thất, khu nhà giàu",rent,affordable,2.5,2.0
evt_100597,usr_1038,sess_1038_0,45183992,save,2026-03-26T17:42:41Z,20,homepage,1.757,False,"nhà ở Phường Tăng Nhơn Phú thoáng mát 0pn, giá hợp lý",buy_for_living,affordable,2.7,2.0
evt_103928,usr_1259,sess_1259_1,45179775,view,2026-03-26T18:32:45Z,45,related_items,0.736,False,"nhà ở Phường Đông Hưng Thuận thoáng mát 2pn, giá mềm",buy_for_living,affordable,2.3,2.0
evt_100474,usr_1030,sess_1030_0,45054228,save,2026-03-26T18:48:50Z,26,ai_recommendation,1.902,False,"nhà ở Xã Nhà Bè thoáng mát 4pn, cao cấp",buy_for_living,luxury,19.9,2.0
evt_100789,usr_1052,sess_1052_0,40194916,view,2026-03-26T19:24:30Z,76,search_bar,0.836,False,nhà đất Phường Phú Nhuận giá hợp lý cho thuê lại được,investment,luxury,20.9,2.0
evt_100219,usr_1013,sess_1013_1,45248754,view,2026-03-26T19:26:09Z,55,homepage,0.774,False,"nhà ở Xã Hóc Môn thoáng mát 1pn, khu nhà giàu",buy_for_living,affordable,2.4,2.0
evt_100779,usr_1051,sess_1051_0,45138082,save,2026-03-26T20:17:25Z,13,homepage,1.523,False,nhà đất Phường Bình Tân giá tốt dòng tiền tốt,investment,affordable,2.7,2.0
evt_102452,usr_1164,sess_1164_1,43015737,view,2026-03-27T01:49:40Z,126,ai_recommendation,0.932,False,nhà đất Phường Thủ Đức sang trọng cho gia đình,buy_for_living,affordable,2.9,2.0
evt_103153,usr_1208,sess_1208_0,45177740,contact,2026-03-27T02:48:25Z,33,ai_recommendation,3.392,False,"cần mua nhà đất 5 phòng ngủ ở Phường Hòa Hưng để ở, giá hợp lý",buy_for_living,affordable,2.3,2.0
evt_101341,usr_1090,sess_1090_0,45143221,share,2026-03-27T03:11:56Z,161,homepage,3.915,False,nhà đất Xã Nhà Bè giá mềm cho vợ chồng mới cưới,buy_for_living,affordable,2.9,2.0
evt_100393,usr_1025,sess_1025_0,45256244,save,2026-03-27T04:04:46Z,71,search_bar,2.468,False,"cần mua nhà đất 3 phòng ngủ ở Phường Tân Sơn Nhất để ở, rẻ một chút",buy_for_living,affordable,2.5,2.0
evt_102570,usr_1171,sess_1171_1,44790683,view,2026-03-27T04:05:49Z,37,ai_recommendation,0.7,False,nhà đất Phường Thông Tây Hội bình dân cho vợ chồng mới cưới,buy_for_living,affordable,2.7,2.0
evt_100071,usr_1004,sess_1004_2,44023941,contact,2026-03-27T04:19:55Z,163,search_bar,4.905,False,"cần thuê căn hộ Phường Long Bình full nội thất, ổn định",rent,affordable,2.2,2.0
evt_101142,usr_1078,sess_1078_1,44453924,view,2026-03-27T06:43:17Z,40,related_items,0.714,False,tìm căn hộ Phường Long Bình giá hợp lý gần trường học,buy_for_living,affordable,2.8,2.0
evt_103760,usr_1248,sess_1248_0,44699370,view,2026-03-27T07:15:27Z,40,search_bar,0.714,False,"mua nhà đất đầu tư ở Phường Gia Định pháp lý rõ ràng, ổn định",investment,affordable,2.3,2.0
evt_104115,usr_1272,sess_1272_1,45244194,view,2026-03-27T08:04:31Z,16,ai_recommendation,0.545,False,"nhà ở Phường Vũng Tàu thoáng mát 2pn, giá mềm",buy_for_living,affordable,2.7,2.0
evt_101359,usr_1091,sess_1091_1,44738219,view,2026-03-27T08:24:22Z,17,search_bar,0.556,False,"cần mua nhà đất 4 phòng ngủ ở Xã Nhà Bè để ở, vị trí đẹp",buy_for_living,mid_range,6.9,2.0
evt_103063,usr_1203,sess_1203_0,44638795,contact,2026-03-27T09:02:51Z,62,search_bar,3.985,False,nhà đất Phường Nhiêu Lộc bình dân dòng tiền tốt,investment,mid_range,7.8,2.0
evt_103802,usr_1251,sess_1251_1,45215996,share,2026-03-27T09:06:50Z,22,ai_recommendation,2.413,False,tìm nhà đất Phường Bảy Hiền giá tốt gần trường học,buy_for_living,affordable,2.6,2.0
evt_103609,usr_1238,sess_1238_0,44965768,view,2026-03-27T10:23:28Z,8,search_bar,0.423,True,nhà đất Phường Bảy Hiền khu nhà giàu cho thuê gần metro,rent,mid_range,7.2,2.0
evt_103511,usr_1232,sess_1232_2,44958480,view,2026-03-27T10:54:13Z,59,search_bar,0.788,False,"cần thuê nhà đất Phường Tân Hưng full nội thất, rẻ một chút",rent,mid_range,6.1,2.0
evt_100345,usr_1021,sess_1021_0,44531634,view,2026-03-27T11:35:34Z,141,ai_recommendation,0.953,False,thuê căn hộ Phường Tăng Nhơn Phú 2 phòng ngủ giá rẻ,rent,mid_range,7.6,2.0
evt_103909,usr_1258,sess_1258_0,44139929,view,2026-03-27T11:56:04Z,15,ai_recommendation,0.533,False,thuê nhà đất Phường An Phú Đông 2 phòng ngủ rẻ một chút,rent,affordable,2.6,1.0
evt_100379,usr_1024,sess_1024_2,44317577,contact,2026-03-27T12:38:00Z,81,related_items,4.238,False,tìm phòng nhà đất ở Phường Trung Mỹ Tây cao cấp,rent,mid_range,6.4,2.0
evt_102141,usr_1146,sess_1146_0,44881676,view,2026-03-27T12:38:22Z,95,related_items,0.878,False,nhà đất Phường Phú Thuận sang trọng cho gia đình,buy_for_living,affordable,2.8,2.0
evt_102276,usr_1154,sess_1154_1,45244476,view,2026-03-27T13:52:48Z,27,search_bar,0.641,False,căn hộ Phường Gia Định bình dân cho gia đình,buy_for_living,affordable,2.6,3.0
evt_103311,usr_1218,sess_1218_0,45119935,view,2026-03-27T14:47:02Z,34,ai_recommendation,0.684,False,tìm nhà đất Phường Gò Vấp giá hợp lý tiềm năng tăng giá,investment,mid_range,6.1,3.0
evt_102589,usr_1172,sess_1172_0,45095507,view,2026-03-27T18:29:02Z,70,ai_recommendation,0.82,False,căn hộ Phường An Lạc giá rẻ cho gia đình,buy_for_living,affordable,2.5,1.0
evt_103903,usr_1258,sess_1258_0,45173672,contact,2026-03-27T18:36:21Z,13,ai_recommendation,2.538,False,nhà đất Xã Nhà Bè vị trí đẹp cho thuê gần metro,rent,affordable,2.6,1.0
evt_102211,usr_1151,sess_1151_0,45233856,contact,2026-03-27T19:42:14Z,17,related_items,2.78,False,nhà đất Phường Bàn Cờ rẻ một chút cho vợ chồng mới cưới,buy_for_living,mid_range,7.1,2.0
evt_103734,usr_1247,sess_1247_2,43715977,view,2026-03-27T19:43:33Z,31,related_items,0.667,False,căn hộ Phường Long Bình giá mềm dòng tiền tốt,investment,affordable,2.4,2.0
evt_102242,usr_1152,sess_1152_0,44049981,view,2026-03-27T20:07:08Z,30,ai_recommendation,0.661,False,tìm nhà đất Phường Cầu Ông Lãnh vị trí đẹp gần trường học,buy_for_living,affordable,2.7,2.0
evt_103057,usr_1202,sess_1202_1,45109123,view,2026-03-27T20:08:37Z,28,ai_recommendation,0.648,False,nhà đất Phường Tân Tạo vị trí đẹp cho vợ chồng mới cưới,buy_for_living,affordable,2.8,3.0
evt_100490,usr_1031,sess_1031_0,44237400,view,2026-03-27T21:01:36Z,82,homepage,0.85,False,tìm nhà đất Phường Hiệp Bình cao cấp gần trường học,buy_for_living,affordable,2.9,2.0
evt_101092,usr_1075,sess_1075_2,45081962,view,2026-03-27T21:18:49Z,56,ai_recommendation,0.778,False,căn hộ Phường Tân Hưng bình dân dòng tiền tốt,investment,mid_range,7.6,2.0
evt_102277,usr_1154,sess_1154_0,44652093,share,2026-03-27T21:19:19Z,772,ai_recommendation,4.0,False,nhà đất Phường An Phú Đông ổn định cho vợ chồng mới cưới,buy_for_living,affordable,2.6,3.0
evt_103606,usr_1237,sess_1237_2,44805963,view,2026-03-27T21:32:43Z,155,related_items,0.971,False,tìm phòng căn hộ ở Phường Cầu Kiệu giá mềm,rent,mid_range,6.5,2.0
evt_102484,usr_1166,sess_1166_0,44759145,view,2026-03-27T21:33:50Z,41,search_bar,0.719,False,"nhà ở Phường Chánh Hưng thoáng mát 3pn, vị trí đẹp",buy_for_living,luxury,25.3,1.0
evt_102917,usr_1193,sess_1193_0,43211541,save,2026-03-27T23:12:11Z,94,ai_recommendation,2.628,False,căn hộ Phường Tân Thuận ổn định cho gia đình,buy_for_living,mid_range,7.9,1.0
evt_101422,usr_1096,sess_1096_0,44945736,view,2026-03-27T23:25:14Z,14,homepage,0.521,False,"cần mua nhà đất 2 phòng ngủ ở Phường Nhiêu Lộc để ở, bình dân",buy_for_living,affordable,2.3,1.0
evt_103530,usr_1233,sess_1233_0,45175383,view,2026-03-28T00:29:06Z,9,search_bar,0.443,True,"cần thuê nhà đất Phường An Hội Đông full nội thất, giá vừa phải",rent,affordable,2.3,2.0
evt_101798,usr_1123,sess_1123_0,43733254,share,2026-03-28T00:31:19Z,43,homepage,2.912,False,tìm căn hộ Phường Long Bình giá mềm tiềm năng tăng giá,investment,affordable,2.7,2.0
evt_104411,usr_1292,sess_1292_0,44390177,view,2026-03-28T01:03:38Z,32,ai_recommendation,0.673,False,nhà đất Phường Cầu Kiệu giá hợp lý cho vợ chồng mới cưới,buy_for_living,affordable,2.6,2.0
evt_101998,usr_1135,sess_1135_0,45227501,save,2026-03-28T01:06:50Z,36,ai_recommendation,2.084,False,căn hộ Phường Phú Thuận bình dân cho gia đình,buy_for_living,affordable,2.8,1.0
evt_100354,usr_1022,sess_1022_0,45005189,save,2026-03-28T01:11:16Z,140,ai_recommendation,2.856,False,"mua nhà đất đầu tư ở Phường Xuân Hòa pháp lý rõ ràng, giá rẻ",investment,affordable,2.7,2.0
evt_104173,usr_1276,sess_1276_0,44873591,save,2026-03-28T02:15:44Z,27,ai_recommendation,1.923,False,"cần thuê nhà đất Phường Chánh Hiệp full nội thất, giá mềm",rent,affordable,2.5,2.0
evt_101242,usr_1084,sess_1084_0,45230960,save,2026-03-28T03:01:36Z,16,search_bar,1.635,False,nhà đất Phường Rạch Dừa giá tốt cho vợ chồng mới cưới,buy_for_living,mid_range,7.2,2.0
evt_100162,usr_1010,sess_1010_0,45239086,contact,2026-03-28T03:20:14Z,82,homepage,4.25,False,"cần mua nhà đất 5 phòng ngủ ở Phường Xuân Hòa để ở, giá hợp lý",buy_for_living,affordable,2.3,2.0
evt_103306,usr_1218,sess_1218_1,44952474,view,2026-03-28T03:40:06Z,49,related_items,0.753,False,"mua nhà đất đầu tư ở Phường Bình Phú pháp lý rõ ràng, tầm trung",investment,mid_range,6.1,3.0
evt_101562,usr_1106,sess_1106_0,44945981,share,2026-03-28T04:19:32Z,99,related_items,3.543,False,"cần mua nhà đất 4 phòng ngủ ở Phường Thới An để ở, giá rẻ",buy_for_living,mid_range,5.6,1.0
evt_100133,usr_1008,sess_1008_0,44210067,view,2026-03-28T04:32:46Z,32,ai_recommendation,0.673,False,"cần mua nhà đất 4 phòng ngủ ở Phường Tân Sơn để ở, giá hợp lý",buy_for_living,affordable,2.3,2.0
evt_100399,usr_1026,sess_1026_2,44709669,view,2026-03-28T04:54:16Z,109,ai_recommendation,0.904,False,căn hộ Phường Thạnh Mỹ Tây ổn định cho gia đình,buy_for_living,mid_range,7.2,3.0
evt_101745,usr_1119,sess_1119_0,45149886,view,2026-03-28T05:19:02Z,259,ai_recommendation,1.0,False,"cần thuê nhà đất Phường Bình Trị Đông full nội thất, giá tốt",rent,luxury,24.2,2.0
evt_100567,usr_1036,sess_1036_0,45004899,view,2026-03-28T05:32:43Z,200,ai_recommendation,1.0,False,nhà đất Phường Phú Thuận khu nhà giàu cho thuê lại được,investment,mid_range,5.6,2.0
evt_103181,usr_1210,sess_1210_0,43578966,view,2026-03-28T05:36:49Z,119,search_bar,0.921,False,"nhà ở Phường Xuân Hòa thoáng mát 9pn, sang trọng",buy_for_living,luxury,26.3,2.0
evt_104116,usr_1272,sess_1272_0,44731068,contact,2026-03-28T05:59:44Z,72,search_bar,4.127,False,"cần mua căn hộ 2 phòng ngủ ở Phường Long Bình để ở, bình dân",buy_for_living,affordable,2.7,2.0
evt_101138,usr_1078,sess_1078_0,43552916,view,2026-03-28T06:53:14Z,53,related_items,0.767,False,nhà đất Phường Vườn Lài cao cấp cho gia đình,buy_for_living,affordable,2.8,2.0
evt_103805,usr_1251,sess_1251_1,43228481,view,2026-03-28T07:25:22Z,30,search_bar,0.661,False,tìm căn hộ Phường Bình Hòa bình dân gần trường học,buy_for_living,affordable,2.6,2.0
evt_104385,usr_1290,sess_1290_1,44939217,view,2026-03-28T07:42:54Z,109,search_bar,0.904,False,căn hộ Phường Nhiêu Lộc bình dân cho thuê lại được,investment,affordable,3.0,2.0
evt_101457,usr_1098,sess_1098_0,44400338,save,2026-03-28T08:10:02Z,45,ai_recommendation,2.209,False,căn hộ Phường Cát Lái rẻ một chút cho vợ chồng mới cưới,buy_for_living,affordable,2.1,2.0
evt_102700,usr_1180,sess_1180_1,43529769,view,2026-03-28T08:29:58Z,45,search_bar,0.736,False,nhà đất Xã Nhà Bè giá vừa phải dòng tiền tốt,investment,luxury,27.1,2.0
evt_101050,usr_1071,sess_1071_0,44136516,view,2026-03-28T09:21:29Z,108,homepage,0.902,False,"nhà ở Phường Bình Trưng thoáng mát 2pn, giá hợp lý",buy_for_living,affordable,2.1,2.0
evt_101935,usr_1132,sess_1132_0,44030072,view,2026-03-28T09:41:11Z,81,search_bar,0.848,False,tìm nhà đất Xã Bà Điểm rẻ một chút tiềm năng tăng giá,investment,luxury,20.8,1.0
evt_100458,usr_1029,sess_1029_0,45142009,share,2026-03-28T09:57:11Z,164,ai_recommendation,3.929,False,tìm nhà đất Phường Tân Sơn Nhì tầm trung gần trường học,buy_for_living,affordable,2.2,2.0
evt_101377,usr_1093,sess_1093_0,44870565,contact,2026-03-28T10:06:24Z,29,related_items,3.271,False,nhà đất Phường Bình Trị Đông giá tốt cho thuê lại được,investment,affordable,2.9,3.0
evt_102208,usr_1151,sess_1151_1,45265219,view,2026-03-28T10:12:41Z,34,search_bar,0.684,False,"nhà ở Phường Thới An thoáng mát 0pn, khu nhà giàu",buy_for_living,mid_range,7.1,2.0
evt_102502,usr_1167,sess_1167_0,45263618,view,2026-03-28T13:32:28Z,211,homepage,1.0,False,"cần mua nhà đất 3 phòng ngủ ở Phường Phú Thạnh để ở, giá hợp lý",buy_for_living,affordable,2.5,3.0
evt_100573,usr_1037,sess_1037_1,45191822,save,2026-03-28T13:33:17Z,58,ai_recommendation,2.353,False,"mua nhà đất đầu tư ở Phường An Hội Tây pháp lý rõ ràng, giá vừa phải",investment,affordable,2.9,1.0
evt_100768,usr_1051,sess_1051_0,45232122,view,2026-03-28T13:52:20Z,89,search_bar,0.866,False,nhà đất Phường Thông Tây Hội sang trọng dòng tiền tốt,investment,affordable,2.7,2.0
evt_101866,usr_1127,sess_1127_0,45161272,save,2026-03-28T13:58:16Z,58,related_items,2.353,False,"cần mua căn hộ 1 phòng ngủ ở Phường Long Bình để ở, tầm trung",buy_for_living,affordable,2.5,2.0
evt_100196,usr_1012,sess_1012_0,45265594,save,2026-03-28T14:16:09Z,50,ai_recommendation,2.269,False,nhà đất Phường Đông Hưng Thuận giá hợp lý dòng tiền tốt,investment,affordable,2.8,1.0
evt_103412,usr_1226,sess_1226_0,44973206,view,2026-03-28T14:40:58Z,41,related_items,0.719,False,"cần mua nhà đất 5 phòng ngủ ở Phường An Lạc để ở, cao cấp",buy_for_living,affordable,2.5,2.0
evt_101666,usr_1113,sess_1113_1,45137052,contact,2026-03-28T14:54:15Z,21,related_items,2.973,False,nhà đất Xã Đất Đỏ rẻ một chút cho gia đình,buy_for_living,affordable,2.8,2.0
evt_101091,usr_1075,sess_1075_0,45219182,save,2026-03-28T15:04:51Z,285,ai_recommendation,3.0,False,căn hộ Phường Long Bình giá rẻ dòng tiền tốt,investment,mid_range,7.6,2.0
evt_100307,usr_1019,sess_1019_0,45181336,save,2026-03-28T15:12:53Z,40,search_bar,2.143,False,nhà đất Phường Bình Hưng Hòa giá tốt cho vợ chồng mới cưới,buy_for_living,luxury,21.7,2.0
evt_104288,usr_1283,sess_1283_2,44762845,contact,2026-03-28T17:44:26Z,65,ai_recommendation,4.03,False,căn hộ Xã Tân Nhựt giá hợp lý cho thuê lại được,investment,luxury,19.0,2.0
evt_102703,usr_1180,sess_1180_0,44315206,save,2026-03-28T18:12:34Z,49,search_bar,2.258,False,nhà đất Xã Nhà Bè giá tốt cho thuê lại được,investment,luxury,27.1,2.0
evt_104084,usr_1270,sess_1270_0,44440058,view,2026-03-28T19:34:53Z,57,related_items,0.781,False,tìm nhà đất Phường Tân Thuận rẻ một chút tiềm năng tăng giá,investment,mid_range,7.0,2.0
evt_102743,usr_1183,sess_1183_0,45233559,save,2026-03-28T20:16:38Z,87,search_bar,2.584,False,"cần mua nhà đất 7 phòng ngủ ở Phường Diên Hồng để ở, sang trọng",buy_for_living,luxury,29.1,2.0
evt_100402,usr_1026,sess_1026_1,45226611,view,2026-03-28T20:29:27Z,267,search_bar,1.0,False,"cần mua nhà đất 8 phòng ngủ ở Phường Phú Nhuận để ở, cao cấp",buy_for_living,mid_range,7.2,3.0
evt_101014,usr_1068,sess_1068_1,42171811,contact,2026-03-28T20:34:23Z,22,homepage,3.016,False,tìm nhà đất Phường Vũng Tàu tầm trung tiềm năng tăng giá,investment,mid_range,6.1,2.0
evt_102923,usr_1194,sess_1194_0,45232672,view,2026-03-28T20:40:56Z,287,related_items,1.0,False,tìm phòng nhà đất ở Phường Tân Hưng giá rẻ,rent,mid_range,5.7,2.0
evt_104248,usr_1281,sess_1281_0,44375534,view,2026-03-28T20:45:52Z,21,ai_recommendation,0.595,False,tìm căn hộ Phường An Khánh sang trọng tiềm năng tăng giá,investment,affordable,2.9,2.0
evt_100032,usr_1002,sess_1002_0,45262674,view,2026-03-28T22:23:14Z,4,search_bar,0.31,True,nhà đất Phường Linh Xuân khu nhà giàu cho thuê gần metro,rent,affordable,2.1,1.0
evt_101453,usr_1098,sess_1098_0,45015767,save,2026-03-28T22:47:15Z,47,ai_recommendation,2.234,False,căn hộ Phường Tân Sơn Nhì bình dân cho vợ chồng mới cưới,buy_for_living,affordable,2.1,2.0
evt_102873,usr_1191,sess_1191_1,45229581,contact,2026-03-28T23:03:50Z,22,ai_recommendation,3.016,False,thuê nhà đất Phường Cầu Kiệu 2 phòng ngủ bình dân,rent,mid_range,6.0,3.0
evt_101394,usr_1094,sess_1094_0,45238048,contact,2026-03-28T23:50:59Z,98,search_bar,4.42,False,"cần mua nhà đất 2 phòng ngủ ở Phường Tân Hưng để ở, vị trí đẹp",buy_for_living,affordable,2.8,1.0
evt_103651,usr_1241,sess_1241_0,43569738,contact,2026-03-29T00:12:03Z,113,search_bar,4.555,False,"mua căn hộ đầu tư ở Phường Long Bình pháp lý rõ ràng, cao cấp",investment,mid_range,7.2,2.0
evt_101970,usr_1134,sess_1134_0,44886954,view,2026-03-29T00:34:33Z,21,search_bar,0.595,False,"cần mua nhà đất 6 phòng ngủ ở Phường An Lạc để ở, cao cấp",buy_for_living,mid_range,6.1,2.0
evt_102637,usr_1176,sess_1176_0,44902908,view,2026-03-29T03:13:14Z,81,ai_recommendation,0.848,False,"cần mua nhà đất 5 phòng ngủ ở Phường Thới An để ở, giá tốt",buy_for_living,affordable,2.9,2.0
evt_104451,usr_1295,sess_1295_1,43605274,view,2026-03-29T03:47:57Z,155,ai_recommendation,0.971,False,tìm phòng nhà đất ở Xã Nhà Bè khu nhà giàu,rent,mid_range,7.0,2.0
evt_100868,usr_1057,sess_1057_0,44973643,view,2026-03-29T04:18:45Z,71,ai_recommendation,0.823,False,"nhà ở Phường Tân Bình thoáng mát 2pn, giá rẻ",buy_for_living,affordable,2.6,3.0
evt_100928,usr_1062,sess_1062_0,45104283,save,2026-03-29T04:52:21Z,28,search_bar,1.943,False,nhà đất Phường Bình Trưng khu nhà giàu cho thuê lại được,investment,luxury,29.5,1.0
evt_101503,usr_1102,sess_1102_0,44241249,view,2026-03-29T05:41:01Z,38,ai_recommendation,0.705,False,căn hộ Phường Long Bình giá hợp lý cho thuê lại được,investment,mid_range,7.7,2.0
evt_104420,usr_1293,sess_1293_1,44950030,save,2026-03-29T06:10:56Z,35,search_bar,2.068,False,tìm nhà đất Phường An Hội Tây giá tốt gần trường học,buy_for_living,affordable,2.9,2.0
evt_101899,usr_1129,sess_1129_0,43919030,save,2026-03-29T06:12:59Z,58,ai_recommendation,2.353,False,tìm căn hộ Phường Thủ Dầu Một khu nhà giàu gần trường học,buy_for_living,mid_range,6.4,1.0
evt_101756,usr_1120,sess_1120_0,44653498,view,2026-03-29T06:46:06Z,17,related_items,0.556,False,tìm nhà đất Phường Khánh Hội giá mềm gần trường học,buy_for_living,affordable,2.6,2.0
evt_103715,usr_1245,sess_1245_1,44841772,save,2026-03-29T07:35:29Z,85,search_bar,2.571,False,"cần mua căn hộ 2 phòng ngủ ở Xã Tân Nhựt để ở, giá tốt",buy_for_living,mid_range,8.0,3.0
evt_103366,usr_1222,sess_1222_0,45157429,view,2026-03-29T08:11:36Z,24,search_bar,0.619,False,căn hộ Phường Long Bình giá hợp lý cho vợ chồng mới cưới,buy_for_living,affordable,2.7,2.0
evt_102695,usr_1179,sess_1179_2,45074990,view,2026-03-29T08:32:12Z,42,ai_recommendation,0.724,False,nhà đất Phường Bình Tân rẻ một chút dòng tiền tốt,investment,mid_range,6.4,1.0
evt_101207,usr_1082,sess_1082_1,44956559,view,2026-03-29T08:36:00Z,98,search_bar,0.884,False,căn hộ Phường Vĩnh Hội khu nhà giàu cho vợ chồng mới cưới,buy_for_living,affordable,2.6,2.0
evt_103070,usr_1203,sess_1203_0,45221695,view,2026-03-29T08:42:05Z,46,search_bar,0.741,False,"mua nhà đất đầu tư ở Phường An Phú Đông pháp lý rõ ràng, giá vừa phải",investment,mid_range,7.8,2.0
evt_102435,usr_1163,sess_1163_0,44445558,contact,2026-03-29T09:42:57Z,124,ai_recommendation,4.644,False,nhà đất Phường Tân Sơn Hòa cao cấp cho thuê gần metro,rent,mid_range,7.2,3.0
evt_103019,usr_1200,sess_1200_0,45253141,view,2026-03-29T09:45:01Z,51,ai_recommendation,0.76,False,tìm nhà đất Xã Nhà Bè rẻ một chút tiềm năng tăng giá,investment,mid_range,5.7,2.0
evt_102353,usr_1158,sess_1158_1,45147484,view,2026-03-29T10:08:51Z,65,search_bar,0.806,False,"nhà ở Phường Cầu Kiệu thoáng mát 0pn, cao cấp",buy_for_living,mid_range,5.9,2.0
evt_103953,usr_1261,sess_1261_0,45228729,save,2026-03-29T10:35:34Z,101,ai_recommendation,2.669,False,"mua nhà đất đầu tư ở Phường Thới Hòa pháp lý rõ ràng, tầm trung",investment,affordable,2.1,2.0
evt_103562,usr_1235,sess_1235_2,45172741,view,2026-03-29T11:56:33Z,62,ai_recommendation,0.797,False,nhà đất Phường Thạnh Mỹ Tây tầm trung cho gia đình,buy_for_living,affordable,2.3,3.0
evt_100984,usr_1066,sess_1066_1,45162231,save,2026-03-29T12:12:47Z,49,search_bar,2.258,False,tìm căn hộ Xã Tân Nhựt cao cấp gần trường học,buy_for_living,mid_range,6.7,2.0
evt_102399,usr_1161,sess_1161_1,45240205,save,2026-03-29T12:24:20Z,89,homepage,2.597,False,căn hộ Phường Xuân Hòa bình dân dòng tiền tốt,investment,affordable,2.2,2.0
evt_101594,usr_1108,sess_1108_1,44914549,view,2026-03-29T12:50:15Z,15,search_bar,0.533,False,"nhà ở Phường Tam Thắng thoáng mát 4pn, sang trọng",buy_for_living,affordable,2.5,2.0
evt_103858,usr_1255,sess_1255_1,45109121,save,2026-03-29T12:55:44Z,52,search_bar,2.291,False,"cần mua nhà đất 2 phòng ngủ ở Phường Thới An để ở, giá rẻ",buy_for_living,mid_range,6.8,1.0
evt_100665,usr_1043,sess_1043_0,45232601,contact,2026-03-29T12:57:44Z,16,homepage,2.725,False,nhà đất Phường Thông Tây Hội giá tốt cho gia đình,buy_for_living,mid_range,7.6,2.0
evt_101675,usr_1113,sess_1113_1,45147884,view,2026-03-29T13:12:39Z,193,homepage,1.0,False,nhà đất Phường An Phú Đông giá rẻ cho gia đình,buy_for_living,affordable,2.8,2.0
evt_100008,usr_1000,sess_1000_0,45151591,save,2026-03-29T14:49:29Z,255,search_bar,3.0,False,tìm nhà đất Phường Cầu Kiệu giá tốt gần trường học,buy_for_living,affordable,2.4,2.0
evt_104450,usr_1295,sess_1295_1,45203024,contact,2026-03-29T15:05:09Z,19,homepage,2.881,False,"cần thuê nhà đất Phường An Hội Tây full nội thất, bình dân",rent,mid_range,7.0,2.0
evt_101751,usr_1120,sess_1120_0,45237440,contact,2026-03-29T15:15:08Z,33,ai_recommendation,3.392,False,tìm nhà đất Phường Thuận Giao giá rẻ gần trường học,buy_for_living,affordable,2.6,2.0
evt_103342,usr_1220,sess_1220_1,45180898,view,2026-03-29T15:42:43Z,59,ai_recommendation,0.788,False,tìm nhà đất Phường An Hội Tây rẻ một chút gần trường học,buy_for_living,affordable,2.6,3.0
evt_104024,usr_1266,sess_1266_0,45125514,save,2026-03-29T15:57:16Z,66,ai_recommendation,2.426,False,nhà đất Xã Nhà Bè giá rẻ cho thuê lại được,investment,mid_range,7.8,2.0
evt_101713,usr_1117,sess_1117_1,44469361,save,2026-03-29T16:47:58Z,27,search_bar,1.923,False,tìm nhà đất Phường Long Bình sang trọng gần trường học,buy_for_living,mid_range,6.8,3.0
evt_101280,usr_1086,sess_1086_0,45148623,view,2026-03-29T16:55:09Z,46,homepage,0.741,False,nhà đất Phường Vũng Tàu giá hợp lý cho thuê lại được,investment,affordable,2.7,2.0
evt_103553,usr_1234,sess_1234_0,45189288,contact,2026-03-29T17:58:17Z,48,search_bar,3.743,False,nhà đất Phường Tân Hưng giá tốt cho vợ chồng mới cưới,buy_for_living,affordable,2.8,2.0
evt_101490,usr_1101,sess_1101_1,45105255,save,2026-03-29T18:25:09Z,39,ai_recommendation,2.129,False,tìm phòng nhà đất ở Phường Phú Thuận tầm trung,rent,affordable,2.3,2.0
evt_100679,usr_1044,sess_1044_0,44532012,share,2026-03-29T18:36:54Z,22,ai_recommendation,2.413,False,"nhà ở Phường Long Bình thoáng mát 2pn, giá hợp lý",buy_for_living,affordable,2.9,1.0
evt_102928,usr_1194,sess_1194_0,44843130,contact,2026-03-29T18:39:08Z,92,homepage,4.36,False,tìm phòng căn hộ ở Phường Xuân Hòa giá tốt,rent,mid_range,5.7,2.0
evt_100902,usr_1060,sess_1060_1,45224442,view,2026-03-29T20:17:05Z,103,search_bar,0.893,False,"mua nhà đất đầu tư ở Phường Thới Hòa pháp lý rõ ràng, giá hợp lý",investment,mid_range,6.5,1.0
evt_103048,usr_1202,sess_1202_1,43927551,view,2026-03-29T21:22:28Z,55,ai_recommendation,0.774,False,căn hộ Phường Gia Định giá tốt cho vợ chồng mới cưới,buy_for_living,affordable,2.8,3.0
evt_104326,usr_1286,sess_1286_0,44615878,share,2026-03-29T21:40:31Z,50,ai_recommendation,3.025,False,thuê nhà đất Xã Bình Hưng 3 phòng ngủ tầm trung,rent,affordable,2.6,1.0
evt_104322,usr_1286,sess_1286_0,44407311,view,2026-03-29T22:03:11Z,94,search_bar,0.876,False,nhà đất Phường Hiệp Bình giá hợp lý cho thuê gần metro,rent,affordable,2.6,1.0
evt_102459,usr_1165,sess_1165_0,45257389,share,2026-03-29T22:10:12Z,15,ai_recommendation,2.133,False,nhà đất Phường Tân Sơn vị trí đẹp cho vợ chồng mới cưới,buy_for_living,luxury,26.4,2.0
evt_102577,usr_1172,sess_1172_1,45088511,view,2026-03-29T22:23:50Z,99,ai_recommendation,0.886,False,tìm nhà đất Phường Tân Sơn Nhì ổn định gần trường học,buy_for_living,affordable,2.5,1.0
evt_104222,usr_1279,sess_1279_0,44807125,view,2026-03-29T22:29:28Z,223,ai_recommendation,1.0,False,"nhà ở Phường Bến Thành thoáng mát 5pn, giá vừa phải",buy_for_living,luxury,25.2,1.0
evt_102814,usr_1187,sess_1187_1,45152520,view,2026-03-29T22:49:05Z,82,ai_recommendation,0.85,False,nhà đất Phường Bình Lợi Trung rẻ một chút cho thuê lại được,investment,affordable,2.6,2.0
evt_100129,usr_1008,sess_1008_0,45245637,view,2026-03-29T23:41:45Z,71,ai_recommendation,0.823,False,căn hộ Phường Khánh Hội vị trí đẹp cho gia đình,buy_for_living,affordable,2.3,2.0
evt_100056,usr_1003,sess_1003_0,45237438,save,2026-03-30T00:25:05Z,54,ai_recommendation,2.313,False,tìm nhà đất Phường Gò Vấp khu nhà giàu tiềm năng tăng giá,investment,mid_range,6.0,1.0
evt_100969,usr_1065,sess_1065_1,45197649,save,2026-03-30T01:11:27Z,50,ai_recommendation,2.269,False,"mua nhà đất đầu tư ở Phường Bình Hưng Hòa pháp lý rõ ràng, ổn định",investment,affordable,2.6,2.0
evt_103519,usr_1232,sess_1232_2,42235197,view,2026-03-30T01:17:05Z,43,ai_recommendation,0.728,False,"cần thuê nhà đất Phường Phú Thuận full nội thất, giá hợp lý",rent,mid_range,6.1,2.0
evt_102599,usr_1173,sess_1173_1,43406083,save,2026-03-30T02:01:37Z,76,search_bar,2.507,False,tìm phòng nhà đất ở Xã Trừ Văn Thố sang trọng,rent,affordable,2.5,2.0
evt_101931,usr_1132,sess_1132_0,44821134,view,2026-03-30T02:10:01Z,25,ai_recommendation,0.627,False,"mua nhà đất đầu tư ở Phường Tăng Nhơn Phú pháp lý rõ ràng, ổn định",investment,luxury,20.8,1.0
evt_102053,usr_1139,sess_1139_1,45146401,view,2026-03-30T02:12:48Z,30,search_bar,0.661,False,nhà đất Phường Phú Nhuận bình dân cho thuê lại được,investment,luxury,25.1,3.0
evt_104056,usr_1268,sess_1268_0,44518664,view,2026-03-30T02:49:39Z,148,ai_recommendation,0.963,False,"cần thuê nhà đất Phường Tân Hòa full nội thất, tầm trung",rent,mid_range,5.9,1.0
evt_100342,usr_1021,sess_1021_0,44315206,save,2026-03-30T04:04:55Z,72,homepage,2.476,False,"cần thuê nhà đất Xã Nhà Bè full nội thất, bình dân",rent,mid_range,7.6,2.0
evt_101749,usr_1120,sess_1120_1,45083934,view,2026-03-30T05:10:42Z,52,ai_recommendation,0.764,False,"nhà ở Phường An Lạc thoáng mát 4pn, cao cấp",buy_for_living,affordable,2.6,2.0
evt_103971,usr_1262,sess_1262_0,37920615,view,2026-03-30T05:38:32Z,7,ai_recommendation,0.4,True,nhà đất Phường Chánh Phú Hòa cao cấp cho vợ chồng mới cưới,buy_for_living,mid_range,8.0,2.0
evt_100853,usr_1056,sess_1056_0,44714219,save,2026-03-30T06:10:35Z,39,homepage,2.129,False,nhà đất Phường Tam Bình giá mềm cho gia đình,buy_for_living,affordable,2.6,2.0
evt_103158,usr_1208,sess_1208_0,44233647,save,2026-03-30T07:56:35Z,24,ai_recommendation,1.858,False,"nhà ở Xã Hiệp Phước thoáng mát 11pn, ổn định",buy_for_living,affordable,2.3,2.0
evt_104283,usr_1283,sess_1283_2,43410630,save,2026-03-30T08:46:39Z,26,homepage,1.902,False,nhà đất Phường Bình Thạnh tầm trung dòng tiền tốt,investment,luxury,19.0,2.0
evt_101215,usr_1083,sess_1083_0,45173815,contact,2026-03-30T09:11:48Z,46,homepage,3.703,False,"mua nhà đất đầu tư ở Phường Tân Hưng pháp lý rõ ràng, bình dân",investment,affordable,2.5,2.0
evt_102002,usr_1136,sess_1136_0,45268965,save,2026-03-30T09:13:20Z,41,homepage,2.157,False,thuê nhà đất Xã Nhà Bè 4 phòng ngủ rẻ một chút,rent,affordable,3.0,2.0
evt_103539,usr_1233,sess_1233_0,45080633,contact,2026-03-30T09:31:05Z,60,ai_recommendation,3.954,False,"cần thuê căn hộ Xã Bình Chánh full nội thất, giá rẻ",rent,affordable,2.3,2.0
evt_100457,usr_1029,sess_1029_2,44407762,view,2026-03-30T09:44:19Z,55,search_bar,0.774,False,nhà đất Phường Bình Thạnh giá rẻ cho gia đình,buy_for_living,affordable,2.2,2.0
evt_103882,usr_1257,sess_1257_0,44731068,view,2026-03-30T10:15:47Z,22,ai_recommendation,0.603,False,"cần mua căn hộ 2 phòng ngủ ở Phường Long Bình để ở, giá rẻ",buy_for_living,affordable,2.6,2.0
evt_103746,usr_1247,sess_1247_2,45222624,view,2026-03-30T10:31:41Z,219,search_bar,1.0,False,nhà đất Phường Phú Nhuận ổn định cho thuê lại được,investment,affordable,2.4,2.0
evt_103095,usr_1205,sess_1205_0,44610935,view,2026-03-30T10:46:41Z,28,homepage,0.648,False,"cần mua nhà đất 5 phòng ngủ ở Phường Long Trường để ở, sang trọng",buy_for_living,affordable,2.2,2.0
evt_103991,usr_1264,sess_1264_0,45253348,contact,2026-03-30T11:37:43Z,51,ai_recommendation,3.8,False,nhà đất Phường Gò Vấp cao cấp cho vợ chồng mới cưới,buy_for_living,mid_range,6.7,1.0
evt_103935,usr_1260,sess_1260_0,45260759,save,2026-03-30T12:01:44Z,56,homepage,2.333,False,tìm nhà đất Phường Tây Thạnh rẻ một chút gần trường học,buy_for_living,affordable,2.8,2.0
evt_102149,usr_1147,sess_1147_0,44628735,view,2026-03-30T12:41:36Z,49,ai_recommendation,0.753,False,"cần mua nhà đất 2 phòng ngủ ở Phường Dĩ An để ở, giá vừa phải",buy_for_living,affordable,2.6,1.0
evt_104323,usr_1286,sess_1286_0,45069226,view,2026-03-30T12:44:11Z,118,search_bar,0.919,False,nhà đất Xã Nhà Bè giá rẻ cho thuê gần metro,rent,affordable,2.6,1.0
evt_103791,usr_1250,sess_1250_0,44827360,view,2026-03-30T13:18:49Z,33,ai_recommendation,0.678,False,nhà đất Phường An Phú Đông ổn định cho gia đình,buy_for_living,mid_range,5.5,1.0
evt_103025,usr_1200,sess_1200_1,44477502,contact,2026-03-30T13:29:17Z,23,homepage,3.057,False,tìm nhà đất Xã Nhà Bè ổn định tiềm năng tăng giá,investment,mid_range,5.7,2.0
evt_104069,usr_1269,sess_1269_1,45240090,save,2026-03-30T15:13:50Z,70,homepage,2.46,False,"cần mua nhà đất 2 phòng ngủ ở Phường Hòa Hưng để ở, giá mềm",buy_for_living,affordable,2.5,3.0
evt_102612,usr_1174,sess_1174_0,45100628,save,2026-03-30T15:28:51Z,146,search_bar,2.88,False,căn hộ Phường Phú Thọ Hòa rẻ một chút cho thuê gần metro,rent,affordable,2.4,2.0
evt_101599,usr_1108,sess_1108_1,44034581,view,2026-03-30T15:54:39Z,92,ai_recommendation,0.872,False,căn hộ Phường Long Bình khu nhà giàu cho vợ chồng mới cưới,buy_for_living,affordable,2.5,2.0
evt_103001,usr_1198,sess_1198_0,45250023,contact,2026-03-30T16:33:59Z,28,ai_recommendation,3.239,False,"nhà ở Phường An Lạc thoáng mát 2pn, giá rẻ",buy_for_living,affordable,2.2,2.0
evt_100049,usr_1002,sess_1002_0,43499957,save,2026-03-30T17:18:20Z,26,related_items,1.902,False,tìm phòng nhà đất ở Phường An Hội Tây rẻ một chút,rent,affordable,2.1,1.0
evt_101999,usr_1136,sess_1136_1,44886466,view,2026-03-30T17:26:11Z,40,ai_recommendation,0.714,False,nhà đất Phường Gia Định giá rẻ cho thuê gần metro,rent,affordable,3.0,2.0
evt_102001,usr_1136,sess_1136_0,44939017,view,2026-03-30T18:18:21Z,24,search_bar,0.619,False,thuê nhà đất Phường Phước Long 0 phòng ngủ khu nhà giàu,rent,affordable,3.0,2.0
evt_103495,usr_1230,sess_1230_1,45262674,save,2026-03-30T18:24:47Z,15,ai_recommendation,1.6,False,nhà đất Phường Linh Xuân khu nhà giàu cho vợ chồng mới cưới,buy_for_living,affordable,2.5,2.0
evt_100949,usr_1063,sess_1063_1,44958631,view,2026-03-30T18:30:09Z,18,ai_recommendation,0.566,False,"mua nhà đất đầu tư ở Phường An Hội Tây pháp lý rõ ràng, khu nhà giàu",investment,affordable,3.0,2.0
evt_101799,usr_1123,sess_1123_1,36834013,save,2026-03-30T18:54:38Z,22,homepage,1.809,False,nhà đất Xã Nhà Bè giá vừa phải dòng tiền tốt,investment,affordable,2.7,2.0
evt_102766,usr_1184,sess_1184_0,44871995,view,2026-03-30T19:02:53Z,6,ai_recommendation,0.374,True,"cần mua nhà đất 5 phòng ngủ ở Phường Gia Định để ở, vị trí đẹp",buy_for_living,luxury,24.9,1.0
evt_104207,usr_1279,sess_1279_1,43472386,contact,2026-03-30T21:16:29Z,160,ai_recommendation,4.887,False,"cần mua nhà đất 0 phòng ngủ ở Phường Trung Mỹ Tây để ở, giá hợp lý",buy_for_living,luxury,25.2,1.0
evt_103852,usr_1255,sess_1255_1,45207948,view,2026-03-30T21:26:35Z,80,search_bar,0.845,False,"cần mua nhà đất 3 phòng ngủ ở Phường Vườn Lài để ở, giá tốt",buy_for_living,mid_range,6.8,1.0
evt_100499,usr_1032,sess_1032_0,45042172,view,2026-03-31T00:07:27Z,54,ai_recommendation,0.771,False,"cần mua căn hộ 2 phòng ngủ ở Phường Cầu Kiệu để ở, rẻ một chút",buy_for_living,affordable,2.8,2.0
evt_100172,usr_1011,sess_1011_1,44781792,view,2026-03-31T02:48:23Z,68,search_bar,0.814,False,"cần mua căn hộ 2 phòng ngủ ở Phường Bình Trưng để ở, tầm trung",buy_for_living,mid_range,7.4,2.0
evt_102447,usr_1164,sess_1164_0,45151537,view,2026-03-31T02:56:51Z,116,homepage,0.916,False,tìm nhà đất Phường Thới An giá tốt gần trường học,buy_for_living,affordable,2.9,2.0
evt_103896,usr_1258,sess_1258_0,45061945,contact,2026-03-31T03:03:01Z,46,ai_recommendation,3.703,False,"cần thuê căn hộ Phường Chợ Lớn full nội thất, bình dân",rent,affordable,2.6,1.0
evt_103411,usr_1226,sess_1226_1,45247231,view,2026-03-31T03:11:28Z,17,ai_recommendation,0.556,False,căn hộ Phường Phú Thuận bình dân cho vợ chồng mới cưới,buy_for_living,affordable,2.5,2.0
evt_100841,usr_1055,sess_1055_0,44847526,contact,2026-03-31T03:31:02Z,50,related_items,3.782,False,căn hộ Phường Long Bình sang trọng dòng tiền tốt,investment,affordable,2.7,3.0
evt_102799,usr_1186,sess_1186_2,44905790,view,2026-03-31T04:08:58Z,94,ai_recommendation,0.876,False,"cần mua nhà đất 7 phòng ngủ ở Phường Tân Hưng để ở, vị trí đẹp",buy_for_living,luxury,28.1,2.0
evt_103401,usr_1225,sess_1225_0,44390382,view,2026-03-31T04:09:32Z,11,search_bar,0.478,False,tìm nhà đất Phường An Phú Đông giá hợp lý gần trường học,buy_for_living,mid_range,7.0,2.0
evt_100544,usr_1035,sess_1035_2,45246268,contact,2026-03-31T04:34:57Z,12,related_items,2.467,False,nhà đất Phường Tam Thắng ổn định cho thuê lại được,investment,affordable,2.4,1.0
evt_103482,usr_1230,sess_1230_0,44967290,save,2026-03-31T04:48:40Z,93,ai_recommendation,2.622,False,"cần mua căn hộ 1 phòng ngủ ở Phường Tăng Nhơn Phú để ở, bình dân",buy_for_living,affordable,2.5,2.0
evt_104034,usr_1266,sess_1266_0,45152166,save,2026-03-31T05:08:32Z,29,ai_recommendation,1.963,False,nhà đất Phường Tân Sơn Nhất giá tốt cho thuê lại được,investment,mid_range,7.8,2.0
evt_100650,usr_1042,sess_1042_0,45118395,view,2026-03-31T05:47:59Z,277,search_bar,1.0,False,"cần mua nhà đất 3 phòng ngủ ở Phường Cầu Kiệu để ở, ổn định",buy_for_living,affordable,2.3,2.0
evt_100358,usr_1022,sess_1022_1,45150585,view,2026-03-31T05:55:13Z,109,ai_recommendation,0.904,False,"mua nhà đất đầu tư ở Phường Trung Mỹ Tây pháp lý rõ ràng, tầm trung",investment,affordable,2.7,2.0
evt_103777,usr_1249,sess_1249_2,45250947,contact,2026-03-31T07:06:57Z,55,homepage,3.872,False,tìm phòng nhà đất ở Phường An Phú Đông ổn định,rent,luxury,25.2,2.0
evt_100258,usr_1016,sess_1016_0,45197650,view,2026-03-31T07:40:26Z,81,search_bar,0.848,False,tìm nhà đất Phường Tân Hòa sang trọng gần trường học,buy_for_living,mid_range,7.3,3.0
evt_104143,usr_1274,sess_1274_1,44357586,contact,2026-03-31T08:21:32Z,46,homepage,3.703,False,nhà đất Phường Bình Phú vị trí đẹp cho gia đình,buy_for_living,mid_range,5.5,2.0
evt_103861,usr_1255,sess_1255_0,44940548,contact,2026-03-31T08:29:47Z,65,ai_recommendation,4.03,False,nhà đất Phường Tân Hưng giá vừa phải cho gia đình,buy_for_living,mid_range,6.8,1.0
evt_102653,usr_1177,sess_1177_0,44957835,view,2026-03-31T09:08:19Z,17,search_bar,0.556,False,tìm nhà đất Phường An Hội Đông giá hợp lý tiềm năng tăng giá,investment,luxury,27.7,2.0
evt_102893,usr_1192,sess_1192_1,45178622,view,2026-03-31T10:06:53Z,99,search_bar,0.886,False,"mua nhà đất đầu tư ở Phường Tam Bình pháp lý rõ ràng, tầm trung",investment,affordable,2.3,3.0
evt_100188,usr_1012,sess_1012_1,44582802,view,2026-03-31T10:41:13Z,28,search_bar,0.648,False,nhà đất Phường Phú Thuận khu nhà giàu dòng tiền tốt,investment,affordable,2.8,1.0
evt_100001,usr_1000,sess_1000_0,45218797,view,2026-03-31T10:41:36Z,49,search_bar,0.753,False,nhà đất Phường Hiệp Bình ổn định cho gia đình,buy_for_living,affordable,2.4,2.0
evt_101875,usr_1128,sess_1128_1,45161667,view,2026-03-31T12:00:10Z,139,ai_recommendation,0.951,False,tìm nhà đất Phường Hòa Hưng rẻ một chút gần trường học,buy_for_living,luxury,24.8,2.0
evt_100540,usr_1034,sess_1034_1,44900791,view,2026-03-31T12:15:16Z,27,homepage,0.641,False,tìm nhà đất Phường Cát Lái giá rẻ tiềm năng tăng giá,investment,luxury,27.7,2.0
evt_101576,usr_1107,sess_1107_0,45154603,view,2026-03-31T12:17:18Z,32,ai_recommendation,0.673,False,tìm nhà đất Phường Khánh Hội vị trí đẹp gần trường học,buy_for_living,mid_range,7.0,1.0
evt_101150,usr_1079,sess_1079_1,45246086,view,2026-03-31T12:40:49Z,96,ai_recommendation,0.88,False,"cần thuê nhà đất Phường Linh Xuân full nội thất, bình dân",rent,affordable,3.0,2.0
evt_100774,usr_1051,sess_1051_0,45212351,view,2026-03-31T12:41:55Z,69,ai_recommendation,0.817,False,căn hộ Phường Bình Đông giá rẻ dòng tiền tốt,investment,affordable,2.7,2.0
evt_100168,usr_1011,sess_1011_0,44881518,contact,2026-03-31T13:39:35Z,31,ai_recommendation,3.333,False,tìm nhà đất Phường Vườn Lài giá hợp lý gần trường học,buy_for_living,mid_range,7.4,2.0
evt_103531,usr_1233,sess_1233_0,45159337,view,2026-03-31T14:18:54Z,221,homepage,1.0,False,tìm phòng nhà đất ở Phường Long Trường khu nhà giàu,rent,affordable,2.3,2.0
evt_103622,usr_1238,sess_1238_0,45215158,save,2026-03-31T14:55:36Z,99,ai_recommendation,2.658,False,nhà đất Phường Cát Lái tầm trung cho thuê gần metro,rent,mid_range,7.2,2.0
evt_100897,usr_1060,sess_1060_0,45093376,save,2026-03-31T16:24:15Z,122,ai_recommendation,2.777,False,"mua nhà đất đầu tư ở Phường Chợ Quán pháp lý rõ ràng, giá tốt",investment,mid_range,6.5,1.0
evt_104459,usr_1296,sess_1296_1,43572439,share,2026-03-31T17:13:00Z,76,ai_recommendation,3.342,False,căn hộ Phường Long Bình tầm trung cho vợ chồng mới cưới,buy_for_living,affordable,2.8,2.0
evt_103088,usr_1204,sess_1204_0,45158517,share,2026-03-31T17:45:48Z,133,search_bar,3.769,False,"nhà ở Phường Tam Thắng thoáng mát 0pn, cao cấp",buy_for_living,affordable,2.7,2.0
evt_102826,usr_1188,sess_1188_0,45228388,view,2026-03-31T18:28:22Z,79,search_bar,0.843,False,nhà đất Phường Hòa Hưng rẻ một chút cho vợ chồng mới cưới,buy_for_living,mid_range,6.8,3.0
evt_102011,usr_1136,sess_1136_0,45195316,view,2026-03-31T18:56:34Z,26,search_bar,0.634,False,thuê nhà đất Phường Thủ Đức 2 phòng ngủ giá vừa phải,rent,affordable,3.0,2.0
evt_100438,usr_1028,sess_1028_2,44202556,save,2026-03-31T19:14:11Z,91,ai_recommendation,2.609,False,nhà đất Phường Bình Trưng khu nhà giàu cho vợ chồng mới cưới,buy_for_living,affordable,2.2,1.0
evt_100143,usr_1009,sess_1009_0,45241889,view,2026-03-31T19:23:47Z,20,search_bar,0.586,False,nhà đất Phường Long Phước ổn định cho gia đình,buy_for_living,affordable,2.7,2.0
evt_100408,usr_1026,sess_1026_1,45106540,view,2026-03-31T19:35:57Z,195,search_bar,1.0,False,tìm nhà đất Phường Phú Thuận sang trọng gần trường học,buy_for_living,mid_range,7.2,3.0
evt_100637,usr_1041,sess_1041_0,44814841,save,2026-03-31T19:54:58Z,19,search_bar,1.729,False,nhà đất Phường An Hội Tây tầm trung cho vợ chồng mới cưới,buy_for_living,affordable,2.2,2.0
evt_102201,usr_1150,sess_1150_0,45059567,save,2026-03-31T20:33:31Z,215,related_items,3.0,False,"mua nhà đất đầu tư ở Phường Diên Hồng pháp lý rõ ràng, khu nhà giàu",investment,affordable,2.9,2.0
evt_100804,usr_1053,sess_1053_0,44897223,contact,2026-03-31T20:58:01Z,66,homepage,4.044,False,"cần mua căn hộ 2 phòng ngủ ở Xã Tân Nhựt để ở, rẻ một chút",buy_for_living,affordable,2.8,1.0
evt_100500,usr_1032,sess_1032_0,45215802,save,2026-03-31T21:12:46Z,68,search_bar,2.443,False,nhà đất Phường Nhiêu Lộc giá rẻ cho vợ chồng mới cưới,buy_for_living,affordable,2.8,2.0
evt_100739,usr_1049,sess_1049_0,44427635,share,2026-03-31T22:19:54Z,18,ai_recommendation,2.266,False,"nhà ở Phường Bến Thành thoáng mát 5pn, giá vừa phải",buy_for_living,affordable,2.8,1.0
evt_100355,usr_1022,sess_1022_1,45200887,contact,2026-03-31T22:27:20Z,28,ai_recommendation,3.239,False,nhà đất Phường Bình Hưng Hòa tầm trung cho thuê lại được,investment,affordable,2.7,2.0
evt_100843,usr_1055,sess_1055_0,44905609,contact,2026-03-31T22:30:05Z,64,homepage,4.015,False,nhà đất Phường Đức Nhuận giá rẻ dòng tiền tốt,investment,affordable,2.7,3.0
evt_102568,usr_1171,sess_1171_1,45196397,share,2026-03-31T22:45:36Z,86,related_items,3.436,False,"cần mua nhà đất 4 phòng ngủ ở Phường Vũng Tàu để ở, vị trí đẹp",buy_for_living,affordable,2.7,2.0
evt_100366,usr_1023,sess_1023_0,44806114,view,2026-03-31T23:23:48Z,537,ai_recommendation,1.0,False,nhà đất Xã Nhà Bè giá rẻ cho thuê gần metro,rent,affordable,2.9,2.0
evt_103668,usr_1242,sess_1242_2,44798297,save,2026-03-31T23:39:03Z,33,search_bar,2.035,False,"nhà ở Phường An Lạc thoáng mát 5pn, giá hợp lý",buy_for_living,mid_range,7.1,2.0
evt_102176,usr_1148,sess_1148_0,44428066,view,2026-04-01T00:20:43Z,25,ai_recommendation,0.627,False,tìm nhà đất Phường Cầu Ông Lãnh bình dân tiềm năng tăng giá,investment,mid_range,7.4,2.0
evt_101082,usr_1074,sess_1074_0,44233647,view,2026-04-01T00:22:56Z,69,search_bar,0.817,False,nhà đất Xã Hiệp Phước giá vừa phải cho gia đình,buy_for_living,mid_range,5.6,1.0
evt_104430,usr_1293,sess_1293_0,44986524,share,2026-04-01T00:37:29Z,79,ai_recommendation,3.372,False,"nhà ở Xã Nhà Bè thoáng mát 1pn, rẻ một chút",buy_for_living,affordable,2.9,2.0
evt_103255,usr_1214,sess_1214_1,44000659,contact,2026-04-01T02:46:32Z,83,homepage,4.262,False,nhà đất Xã Nhà Bè cao cấp cho thuê gần metro,rent,affordable,2.6,2.0
evt_101060,usr_1072,sess_1072_1,44233376,view,2026-04-01T04:04:24Z,46,homepage,0.741,False,nhà đất Phường Tân Sơn Hòa vị trí đẹp cho thuê gần metro,rent,mid_range,7.4,1.0
evt_101577,usr_1107,sess_1107_0,44995636,view,2026-04-01T04:29:07Z,92,search_bar,0.872,False,"nhà ở Phường Long Trường thoáng mát 4pn, khu nhà giàu",buy_for_living,mid_range,7.0,1.0
evt_102084,usr_1142,sess_1142_0,43376549,view,2026-04-01T04:41:08Z,5,related_items,0.345,True,nhà đất Phường Bàn Cờ sang trọng cho thuê gần metro,rent,affordable,2.3,1.0
evt_103965,usr_1262,sess_1262_0,45236705,view,2026-04-01T06:09:30Z,60,search_bar,0.791,False,"cần mua nhà đất 2 phòng ngủ ở Xã Nhà Bè để ở, giá rẻ",buy_for_living,mid_range,8.0,2.0
evt_103410,usr_1225,sess_1225_0,44629864,view,2026-04-01T06:18:13Z,19,search_bar,0.576,False,"cần mua nhà đất 4 phòng ngủ ở Phường Hiệp Bình để ở, giá tốt",buy_for_living,mid_range,7.0,2.0
evt_104021,usr_1266,sess_1266_0,44648382,contact,2026-04-01T06:20:03Z,64,ai_recommendation,4.015,False,"mua nhà đất đầu tư ở Phường Hiệp Bình pháp lý rõ ràng, giá rẻ",investment,mid_range,7.8,2.0
evt_102329,usr_1157,sess_1157_0,45005790,view,2026-04-01T07:48:22Z,2,search_bar,0.211,True,tìm nhà đất Xã Trừ Văn Thố giá rẻ gần trường học,buy_for_living,affordable,2.3,2.0
evt_102119,usr_1144,sess_1144_2,44723754,view,2026-04-01T08:11:37Z,144,ai_recommendation,0.957,False,nhà đất Phường Diên Hồng giá vừa phải dòng tiền tốt,investment,luxury,28.6,1.0
evt_102671,usr_1178,sess_1178_2,45260759,view,2026-04-01T08:34:30Z,217,search_bar,1.0,False,"cần mua nhà đất 2 phòng ngủ ở Phường Tây Thạnh để ở, bình dân",buy_for_living,mid_range,7.2,2.0
evt_101852,usr_1127,sess_1127_0,45189288,view,2026-04-01T08:39:52Z,6,ai_recommendation,0.374,True,"cần mua nhà đất 2 phòng ngủ ở Phường Tân Hưng để ở, giá mềm",buy_for_living,affordable,2.5,2.0
evt_102611,usr_1174,sess_1174_0,45232003,view,2026-04-01T09:13:56Z,79,ai_recommendation,0.843,False,nhà đất Phường Bình Thạnh vị trí đẹp cho thuê gần metro,rent,affordable,2.4,2.0
evt_103985,usr_1263,sess_1263_2,44871874,save,2026-04-01T09:24:48Z,231,search_bar,3.0,False,nhà đất Phường Bình Lợi Trung giá hợp lý cho thuê lại được,investment,affordable,2.8,2.0
evt_101668,usr_1113,sess_1113_1,44150180,view,2026-04-01T09:26:22Z,77,ai_recommendation,0.838,False,căn hộ Phường Long Trường rẻ một chút cho vợ chồng mới cưới,buy_for_living,affordable,2.8,2.0
evt_103279,usr_1216,sess_1216_0,42521719,view,2026-04-01T10:34:47Z,221,search_bar,1.0,False,căn hộ Phường Thạnh Mỹ Tây cao cấp cho vợ chồng mới cưới,buy_for_living,affordable,2.1,1.0
evt_100513,usr_1032,sess_1032_0,44826933,view,2026-04-01T11:02:17Z,68,ai_recommendation,0.814,False,"cần mua nhà đất 3 phòng ngủ ở Phường Bình Trưng để ở, khu nhà giàu",buy_for_living,affordable,2.8,2.0
evt_102756,usr_1183,sess_1183_0,45160970,share,2026-04-01T12:38:20Z,28,ai_recommendation,2.591,False,"cần mua nhà đất 2 phòng ngủ ở Phường Tân Hưng để ở, giá vừa phải",buy_for_living,luxury,29.1,2.0
evt_102032,usr_1138,sess_1138_0,45054905,contact,2026-04-01T12:39:59Z,51,homepage,3.8,False,tìm nhà đất Phường Tân Hưng bình dân gần trường học,buy_for_living,luxury,25.7,2.0
evt_103655,usr_1241,sess_1241_0,44101006,save,2026-04-01T13:45:42Z,53,ai_recommendation,2.302,False,nhà đất Phường Đức Nhuận giá hợp lý cho thuê lại được,investment,mid_range,7.2,2.0
evt_101117,usr_1077,sess_1077_2,44867301,contact,2026-04-01T14:01:10Z,158,ai_recommendation,4.875,False,tìm nhà đất Phường Bình Lợi Trung ổn định gần trường học,buy_for_living,luxury,29.0,1.0
evt_103853,usr_1255,sess_1255_1,44893724,contact,2026-04-01T14:23:12Z,61,ai_recommendation,3.97,False,"nhà ở Phường Gia Định thoáng mát 3pn, giá hợp lý",buy_for_living,mid_range,6.8,1.0
evt_101551,usr_1105,sess_1105_0,44877964,view,2026-04-01T14:57:22Z,237,ai_recommendation,1.0,False,"mua nhà đất đầu tư ở Phường Tân Tạo pháp lý rõ ràng, vị trí đẹp",investment,luxury,23.4,1.0
evt_103994,usr_1264,sess_1264_0,45173915,view,2026-04-01T15:52:15Z,23,ai_recommendation,0.611,False,"cần mua nhà đất 2 phòng ngủ ở Phường Tân Sơn Hòa để ở, tầm trung",buy_for_living,mid_range,6.7,1.0
evt_101255,usr_1085,sess_1085_1,44233376,view,2026-04-01T16:14:09Z,40,search_bar,0.714,False,nhà đất Phường Tân Sơn Hòa sang trọng dòng tiền tốt,investment,affordable,2.7,2.0
evt_102940,usr_1195,sess_1195_2,44845494,view,2026-04-01T16:20:40Z,7,homepage,0.4,True,tìm căn hộ Xã Tân Nhựt giá tốt tiềm năng tăng giá,investment,luxury,21.9,2.0
evt_104103,usr_1271,sess_1271_0,45231197,view,2026-04-01T16:32:55Z,54,related_items,0.771,False,"cần mua nhà đất 5 phòng ngủ ở Phường Bình Tây để ở, sang trọng",buy_for_living,affordable,2.8,2.0
evt_101132,usr_1078,sess_1078_1,43873781,view,2026-04-01T16:37:54Z,80,homepage,0.845,False,nhà đất Phường Tân Tạo ổn định cho vợ chồng mới cưới,buy_for_living,affordable,2.8,2.0
evt_100202,usr_1012,sess_1012_0,44954044,save,2026-04-01T17:24:28Z,15,search_bar,1.6,False,"mua nhà đất đầu tư ở Phường Tân Hưng pháp lý rõ ràng, bình dân",investment,affordable,2.8,1.0
evt_101869,usr_1128,sess_1128_2,44599657,view,2026-04-01T17:51:27Z,37,ai_recommendation,0.7,False,"cần mua nhà đất 4 phòng ngủ ở Phường Tân Hòa để ở, giá hợp lý",buy_for_living,luxury,24.8,2.0
evt_103490,usr_1230,sess_1230_0,45210229,view,2026-04-01T18:33:01Z,22,homepage,0.603,False,tìm căn hộ Xã Tân Nhựt bình dân gần trường học,buy_for_living,affordable,2.5,2.0
evt_102363,usr_1159,sess_1159_0,45216684,view,2026-04-01T18:33:14Z,14,related_items,0.521,False,tìm căn hộ Phường Bình Trưng giá vừa phải gần trường học,buy_for_living,mid_range,5.7,2.0
evt_102012,usr_1136,sess_1136_1,44687572,save,2026-04-01T18:39:33Z,78,search_bar,2.522,False,"cần thuê nhà đất Phường Nhiêu Lộc full nội thất, giá vừa phải",rent,affordable,3.0,2.0
evt_101462,usr_1099,sess_1099_0,44832555,view,2026-04-01T18:49:05Z,66,ai_recommendation,0.809,False,"mua nhà đất đầu tư ở Phường Chợ Quán pháp lý rõ ràng, vị trí đẹp",investment,affordable,2.6,2.0
evt_100029,usr_1001,sess_1001_0,44285831,view,2026-04-01T20:07:17Z,66,homepage,0.809,False,"nhà ở Phường Hạnh Thông thoáng mát 4pn, rẻ một chút",buy_for_living,affordable,2.7,2.0
evt_103168,usr_1209,sess_1209_0,43173312,share,2026-04-01T20:12:34Z,53,search_bar,3.069,False,"nhà ở Phường Bình Trưng thoáng mát 0pn, vị trí đẹp",buy_for_living,affordable,2.6,2.0
evt_104267,usr_1282,sess_1282_0,44637401,view,2026-04-01T20:15:14Z,61,ai_recommendation,0.794,False,"cần mua nhà đất 4 phòng ngủ ở Xã Nhà Bè để ở, rẻ một chút",buy_for_living,affordable,2.6,2.0
evt_102366,usr_1159,sess_1159_0,44977592,view,2026-04-01T21:02:39Z,36,ai_recommendation,0.695,False,"nhà ở Phường An Hội Tây thoáng mát 3pn, giá vừa phải",buy_for_living,mid_range,5.7,2.0
evt_102615,usr_1174,sess_1174_0,45050074,view,2026-04-01T21:28:19Z,103,homepage,0.893,False,nhà đất Phường Thủ Đức tầm trung cho thuê gần metro,rent,affordable,2.4,2.0
evt_101701,usr_1116,sess_1116_0,43866123,share,2026-04-01T21:32:42Z,25,search_bar,2.507,False,căn hộ Phường Long Trường bình dân cho thuê lại được,investment,mid_range,7.6,1.0
evt_100676,usr_1044,sess_1044_2,44842530,view,2026-04-01T21:44:35Z,17,search_bar,0.556,False,"cần mua nhà đất 4 phòng ngủ ở Phường Hiệp Bình để ở, giá hợp lý",buy_for_living,affordable,2.9,1.0
evt_101077,usr_1074,sess_1074_0,44263973,contact,2026-04-01T21:56:10Z,10,ai_recommendation,2.306,False,nhà đất Phường Thủ Đức sang trọng cho vợ chồng mới cưới,buy_for_living,mid_range,5.6,1.0
evt_102318,usr_1157,sess_1157_0,45239592,contact,2026-04-01T22:05:09Z,90,search_bar,4.339,False,"cần mua nhà đất 4 phòng ngủ ở Phường Bình Lợi Trung để ở, tầm trung",buy_for_living,affordable,2.3,2.0
evt_100079,usr_1004,sess_1004_1,41491999,save,2026-04-01T22:41:59Z,43,homepage,2.184,False,tìm phòng nhà đất ở Phường Tân Sơn Nhất vị trí đẹp,rent,affordable,2.2,2.0
evt_104473,usr_1297,sess_1297_1,44057200,view,2026-04-01T22:53:33Z,110,homepage,0.906,False,thuê nhà đất Phường Phú Thuận 6 phòng ngủ cao cấp,rent,luxury,22.3,2.0
evt_102919,usr_1193,sess_1193_0,43692251,view,2026-04-01T23:04:15Z,95,ai_recommendation,0.878,False,căn hộ Phường Long Bình cao cấp cho gia đình,buy_for_living,mid_range,7.9,1.0
evt_101222,usr_1083,sess_1083_0,45057652,view,2026-04-01T23:54:32Z,74,search_bar,0.831,False,căn hộ Phường Cầu Ông Lãnh giá tốt cho thuê lại được,investment,affordable,2.5,2.0
evt_103176,usr_1209,sess_1209_0,45002768,view,2026-04-02T00:12:32Z,130,search_bar,0.938,False,tìm nhà đất Phường Bình Trưng rẻ một chút gần trường học,buy_for_living,affordable,2.6,2.0
evt_102878,usr_1191,sess_1191_1,43349917,view,2026-04-02T00:26:20Z,24,ai_recommendation,0.619,False,tìm phòng căn hộ ở Phường Tăng Nhơn Phú giá rẻ,rent,mid_range,6.0,3.0
evt_102421,usr_1162,sess_1162_2,44958480,share,2026-04-02T01:07:54Z,129,ai_recommendation,3.745,False,nhà đất Phường Tân Hưng giá mềm cho gia đình,buy_for_living,affordable,2.6,1.0
evt_101782,usr_1122,sess_1122_0,44817676,save,2026-04-02T01:42:21Z,34,related_items,2.052,False,"mua nhà đất đầu tư ở Phường Vĩnh Hội pháp lý rõ ràng, giá vừa phải",investment,luxury,28.5,2.0
evt_102559,usr_1170,sess_1170_1,45237440,contact,2026-04-02T02:14:25Z,187,ai_recommendation,5.0,False,nhà đất Phường Thuận Giao giá rẻ cho gia đình,buy_for_living,affordable,2.5,2.0
evt_100813,usr_1054,sess_1054_0,45194899,save,2026-04-02T02:33:43Z,84,search_bar,2.564,False,căn hộ Xã Tân Nhựt giá mềm cho thuê lại được,investment,affordable,3.0,1.0
evt_104259,usr_1281,sess_1281_1,45115875,view,2026-04-02T03:51:57Z,64,related_items,0.803,False,nhà đất Xã Nhà Bè sang trọng dòng tiền tốt,investment,affordable,2.9,2.0
evt_102848,usr_1189,sess_1189_0,45249214,save,2026-04-02T05:39:28Z,28,related_items,1.943,False,"nhà ở Phường Khánh Hội thoáng mát 5pn, cao cấp",buy_for_living,affordable,2.2,2.0
evt_101458,usr_1098,sess_1098_0,45215573,view,2026-04-02T05:51:04Z,48,ai_recommendation,0.749,False,"cần mua nhà đất 0 phòng ngủ ở Phường Tăng Nhơn Phú để ở, giá hợp lý",buy_for_living,affordable,2.1,2.0
evt_100961,usr_1064,sess_1064_1,45223173,view,2026-04-02T07:03:48Z,58,search_bar,0.784,False,nhà đất Phường Tân Thuận giá tốt cho thuê lại được,investment,mid_range,6.7,2.0
evt_104492,usr_1298,sess_1298_2,45214926,view,2026-04-02T07:25:02Z,23,search_bar,0.611,False,"cần thuê nhà đất Phường Vũng Tàu full nội thất, giá vừa phải",rent,mid_range,5.7,3.0
evt_101064,usr_1073,sess_1073_2,45195267,share,2026-04-02T07:58:41Z,52,homepage,3.055,False,tìm nhà đất Phường Tân Bình giá vừa phải gần trường học,buy_for_living,mid_range,5.9,2.0
evt_100999,usr_1067,sess_1067_1,44920655,save,2026-04-02T08:12:06Z,12,search_bar,1.48,False,nhà đất Phường Bàn Cờ giá hợp lý dòng tiền tốt,investment,luxury,29.4,2.0
evt_100536,usr_1034,sess_1034_1,44974281,view,2026-04-02T08:17:17Z,72,search_bar,0.825,False,nhà đất Phường Tân Hưng giá vừa phải dòng tiền tốt,investment,luxury,27.7,2.0
evt_100515,usr_1032,sess_1032_0,44241249,contact,2026-04-02T08:35:44Z,57,homepage,3.905,False,"nhà ở Phường Long Bình thoáng mát 3pn, ổn định",buy_for_living,affordable,2.8,2.0
evt_101404,usr_1095,sess_1095_0,42505985,contact,2026-04-02T09:22:29Z,34,ai_recommendation,3.42,False,"cần mua nhà đất 0 phòng ngủ ở Phường An Lạc để ở, tầm trung",buy_for_living,affordable,3.0,2.0
evt_103552,usr_1234,sess_1234_0,44930313,view,2026-04-02T10:18:12Z,8,ai_recommendation,0.423,True,"cần mua nhà đất 3 phòng ngủ ở Phường Vườn Lài để ở, giá hợp lý",buy_for_living,affordable,2.8,2.0
evt_100557,usr_1035,sess_1035_2,43697094,contact,2026-04-02T10:40:26Z,67,homepage,4.058,False,tìm nhà đất Xã Nhà Bè giá rẻ tiềm năng tăng giá,investment,affordable,2.4,1.0
evt_102992,usr_1198,sess_1198_0,44522452,save,2026-04-02T10:41:07Z,525,search_bar,3.0,False,nhà đất Xã Hiệp Phước sang trọng cho vợ chồng mới cưới,buy_for_living,affordable,2.2,2.0
evt_101959,usr_1133,sess_1133_1,44921476,view,2026-04-02T12:38:05Z,22,ai_recommendation,0.603,False,tìm phòng nhà đất ở Phường Cầu Kiệu vị trí đẹp,rent,luxury,26.3,2.0
evt_103215,usr_1211,sess_1211_0,44838709,save,2026-04-02T13:05:03Z,13,search_bar,1.523,False,tìm phòng nhà đất ở Phường Vườn Lài cao cấp,rent,affordable,2.4,2.0
evt_101528,usr_1103,sess_1103_0,44885592,view,2026-04-02T13:05:34Z,56,homepage,0.778,False,thuê nhà đất Xã Nhà Bè 4 phòng ngủ cao cấp,rent,affordable,2.7,2.0
evt_102296,usr_1155,sess_1155_2,44466877,view,2026-04-02T13:32:56Z,15,search_bar,0.533,False,tìm nhà đất Phường Tân Sơn ổn định gần trường học,buy_for_living,affordable,3.0,2.0
evt_104512,usr_1299,sess_1299_0,45184357,share,2026-04-02T13:45:16Z,45,ai_recommendation,2.946,False,"cần mua nhà đất 8 phòng ngủ ở Phường Phú Lợi để ở, tầm trung",buy_for_living,affordable,2.2,2.0
evt_103419,usr_1226,sess_1226_2,44477523,view,2026-04-02T14:09:26Z,43,ai_recommendation,0.728,False,tìm nhà đất Phường Phước Long sang trọng gần trường học,buy_for_living,affordable,2.5,2.0
evt_101430,usr_1097,sess_1097_1,45246430,view,2026-04-02T16:14:46Z,44,ai_recommendation,0.732,False,tìm căn hộ Phường Phú Thuận rẻ một chút tiềm năng tăng giá,investment,affordable,2.4,2.0
evt_103677,usr_1243,sess_1243_0,45025539,view,2026-04-02T17:11:28Z,58,ai_recommendation,0.784,False,"mua nhà đất đầu tư ở Phường Bình Lợi Trung pháp lý rõ ràng, ổn định",investment,mid_range,7.2,2.0
evt_103192,usr_1210,sess_1210_1,44818037,view,2026-04-02T19:24:45Z,33,related_items,0.678,False,nhà đất Phường Thới An bình dân cho vợ chồng mới cưới,buy_for_living,luxury,26.3,2.0
evt_103907,usr_1258,sess_1258_0,44525010,save,2026-04-02T19:36:06Z,25,search_bar,1.88,False,"cần thuê căn hộ Phường Tân Thuận full nội thất, tầm trung",rent,affordable,2.6,1.0
evt_103006,usr_1199,sess_1199_0,45218919,save,2026-04-02T20:37:56Z,68,search_bar,2.443,False,tìm phòng nhà đất ở Phường Tăng Nhơn Phú ổn định,rent,affordable,2.2,2.0
evt_100788,usr_1052,sess_1052_0,44526452,view,2026-04-02T20:39:49Z,113,search_bar,0.911,False,tìm nhà đất Phường Hiệp Bình cao cấp tiềm năng tăng giá,investment,luxury,20.9,2.0
evt_103351,usr_1221,sess_1221_0,45213093,save,2026-04-02T20:39:52Z,51,search_bar,2.28,False,nhà đất Xã Nhà Bè cao cấp dòng tiền tốt,investment,affordable,2.7,3.0
evt_100003,usr_1000,sess_1000_1,45247316,save,2026-04-02T20:44:28Z,62,search_bar,2.391,False,nhà đất Phường An Hội Tây giá vừa phải cho gia đình,buy_for_living,affordable,2.4,2.0
evt_103188,usr_1210,sess_1210_1,44969367,contact,2026-04-02T21:13:48Z,23,ai_recommendation,3.057,False,"nhà ở Phường Khánh Hội thoáng mát 4pn, sang trọng",buy_for_living,luxury,26.3,2.0
evt_101515,usr_1103,sess_1103_0,43696637,view,2026-04-02T21:21:06Z,322,search_bar,1.0,False,căn hộ Phường Long Bình bình dân cho thuê gần metro,rent,affordable,2.7,2.0
evt_102625,usr_1175,sess_1175_0,44976878,view,2026-04-02T22:19:07Z,33,search_bar,0.678,False,tìm căn hộ Phường Cầu Ông Lãnh rẻ một chút gần trường học,buy_for_living,mid_range,5.5,2.0
evt_103725,usr_1246,sess_1246_2,45186062,view,2026-04-02T22:33:33Z,61,related_items,0.794,False,tìm nhà đất Phường Vũng Tàu giá rẻ tiềm năng tăng giá,investment,luxury,21.4,3.0
evt_100112,usr_1006,sess_1006_1,45109123,share,2026-04-02T22:58:52Z,35,ai_recommendation,2.757,False,nhà đất Phường Tân Tạo cao cấp cho thuê lại được,investment,affordable,2.5,2.0
evt_100412,usr_1026,sess_1026_0,45178962,save,2026-04-02T23:03:21Z,219,search_bar,3.0,False,nhà đất Phường Tân Sơn giá mềm cho gia đình,buy_for_living,mid_range,7.2,3.0
evt_101815,usr_1124,sess_1124_0,44357586,view,2026-04-03T00:07:34Z,60,ai_recommendation,0.791,False,nhà đất Phường Bình Phú cao cấp dòng tiền tốt,investment,affordable,2.4,2.0
evt_102968,usr_1196,sess_1196_0,42886620,save,2026-04-03T02:01:30Z,17,search_bar,1.668,False,"cần mua nhà đất 0 phòng ngủ ở Phường Phú Định để ở, khu nhà giàu",buy_for_living,affordable,2.5,2.0
evt_102033,usr_1138,sess_1138_0,44275170,view,2026-04-03T03:37:59Z,62,search_bar,0.797,False,nhà đất Phường Phú Thuận cao cấp cho gia đình,buy_for_living,luxury,25.7,2.0
evt_102558,usr_1170,sess_1170_2,45093806,view,2026-04-03T03:39:25Z,17,ai_recommendation,0.556,False,tìm nhà đất Phường Tân Định rẻ một chút gần trường học,buy_for_living,affordable,2.5,2.0
evt_102575,usr_1171,sess_1171_0,44495738,contact,2026-04-03T05:22:07Z,51,ai_recommendation,3.8,False,"cần mua nhà đất 4 phòng ngủ ở Phường Rạch Dừa để ở, cao cấp",buy_for_living,affordable,2.7,2.0
evt_101445,usr_1098,sess_1098_0,45089787,view,2026-04-03T06:08:07Z,35,ai_recommendation,0.689,False,nhà đất Phường Tam Bình cao cấp cho gia đình,buy_for_living,affordable,2.1,2.0
evt_102165,usr_1148,sess_1148_0,45269189,view,2026-04-03T06:21:42Z,15,search_bar,0.533,False,tìm nhà đất Phường Bình Trị Đông cao cấp tiềm năng tăng giá,investment,mid_range,7.4,2.0
evt_102949,usr_1195,sess_1195_2,44041264,contact,2026-04-03T06:55:58Z,15,search_bar,2.667,False,nhà đất Phường Tân Thới Hiệp giá tốt cho thuê lại được,investment,luxury,21.9,2.0
evt_101728,usr_1118,sess_1118_1,45255963,save,2026-04-03T06:56:01Z,82,ai_recommendation,2.55,False,"mua căn hộ đầu tư ở Phường Hòa Hưng pháp lý rõ ràng, rẻ một chút",investment,mid_range,6.3,2.0
evt_100904,usr_1060,sess_1060_1,45259017,view,2026-04-03T08:04:05Z,108,ai_recommendation,0.902,False,"mua nhà đất đầu tư ở Phường Cầu Kiệu pháp lý rõ ràng, tầm trung",investment,mid_range,6.5,1.0
evt_104098,usr_1271,sess_1271_0,44991650,view,2026-04-03T08:38:19Z,38,ai_recommendation,0.705,False,nhà đất Phường Phú Thọ Hòa khu nhà giàu cho gia đình,buy_for_living,affordable,2.8,2.0
evt_102639,usr_1176,sess_1176_1,44845848,save,2026-04-03T08:45:55Z,191,ai_recommendation,3.0,False,tìm căn hộ Xã Tân Nhựt giá mềm gần trường học,buy_for_living,affordable,2.9,2.0
evt_100648,usr_1042,sess_1042_0,43513035,view,2026-04-03T09:46:10Z,48,search_bar,0.749,False,căn hộ Phường Long Trường bình dân cho vợ chồng mới cưới,buy_for_living,affordable,2.3,2.0
evt_100560,usr_1035,sess_1035_2,44577814,view,2026-04-03T09:46:12Z,99,ai_recommendation,0.886,False,nhà đất Phường Chánh Hưng ổn định dòng tiền tốt,investment,affordable,2.4,1.0
evt_102697,usr_1179,sess_1179_2,44755723,share,2026-04-03T10:02:29Z,32,ai_recommendation,2.69,False,nhà đất Phường Thạnh Mỹ Tây cao cấp dòng tiền tốt,investment,mid_range,6.4,1.0
evt_101588,usr_1107,sess_1107_0,45112663,view,2026-04-03T10:14:25Z,50,ai_recommendation,0.756,False,tìm nhà đất Phường Bình Tây bình dân gần trường học,buy_for_living,mid_range,7.0,1.0
evt_101145,usr_1078,sess_1078_1,43467650,save,2026-04-03T11:32:56Z,55,homepage,2.323,False,"cần mua nhà đất 0 phòng ngủ ở Phường Cát Lái để ở, vị trí đẹp",buy_for_living,affordable,2.8,2.0
evt_103821,usr_1252,sess_1252_1,45267976,view,2026-04-03T12:35:59Z,19,related_items,0.576,False,nhà đất Phường An Hội Đông tầm trung cho gia đình,buy_for_living,luxury,28.5,2.0
evt_101762,usr_1120,sess_1120_0,45136321,view,2026-04-03T12:36:39Z,34,homepage,0.684,False,nhà đất Phường Tam Bình giá vừa phải cho vợ chồng mới cưới,buy_for_living,affordable,2.6,2.0
evt_102600,usr_1173,sess_1173_1,44333099,view,2026-04-03T13:04:45Z,131,ai_recommendation,0.939,False,tìm phòng căn hộ ở Phường An Khánh sang trọng,rent,affordable,2.5,2.0
evt_101397,usr_1094,sess_1094_2,45173450,view,2026-04-03T14:14:42Z,282,search_bar,1.0,False,nhà đất Xã Hiệp Phước bình dân cho gia đình,buy_for_living,affordable,2.8,1.0
evt_102787,usr_1185,sess_1185_0,45257389,share,2026-04-03T15:04:53Z,200,ai_recommendation,4.0,False,"nhà ở Phường Tân Sơn thoáng mát 5pn, vị trí đẹp",buy_for_living,mid_range,5.7,1.0
evt_100736,usr_1049,sess_1049_1,45165437,contact,2026-04-03T16:10:07Z,149,search_bar,4.819,False,căn hộ Phường An Đông ổn định cho gia đình,buy_for_living,affordable,2.8,1.0
evt_100946,usr_1063,sess_1063_1,41315903,view,2026-04-03T16:49:45Z,4,search_bar,0.31,True,nhà đất Phường Phú Thuận sang trọng dòng tiền tốt,investment,affordable,3.0,2.0
evt_102497,usr_1167,sess_1167_0,45159325,view,2026-04-03T16:52:20Z,32,related_items,0.673,False,tìm nhà đất Phường Bình Lợi Trung giá tốt gần trường học,buy_for_living,affordable,2.5,3.0
evt_102403,usr_1161,sess_1161_1,45251169,view,2026-04-03T16:55:56Z,24,ai_recommendation,0.619,False,nhà đất Phường Vũng Tàu rẻ một chút cho thuê lại được,investment,affordable,2.2,2.0
evt_101273,usr_1086,sess_1086_1,44786591,view,2026-04-03T17:17:52Z,23,ai_recommendation,0.611,False,"mua căn hộ đầu tư ở Phường Tân Phú pháp lý rõ ràng, giá rẻ",investment,affordable,2.7,2.0
evt_100582,usr_1037,sess_1037_2,43553145,save,2026-04-03T18:46:49Z,30,homepage,1.982,False,tìm nhà đất Phường Bảy Hiền khu nhà giàu tiềm năng tăng giá,investment,affordable,2.9,1.0
evt_101918,usr_1131,sess_1131_0,43248160,view,2026-04-03T19:20:22Z,24,related_items,0.619,False,nhà đất Phường Phú Thuận giá mềm cho gia đình,buy_for_living,affordable,2.7,2.0
evt_100919,usr_1061,sess_1061_0,45021961,contact,2026-04-03T20:18:49Z,63,homepage,4.0,False,thuê nhà đất Phường An Lạc 3 phòng ngủ tầm trung,rent,mid_range,7.4,2.0
evt_101189,usr_1081,sess_1081_0,45210229,view,2026-04-03T22:19:21Z,50,related_items,0.756,False,tìm căn hộ Xã Tân Nhựt rẻ một chút gần trường học,buy_for_living,affordable,2.3,1.0
evt_102058,usr_1139,sess_1139_1,43286721,view,2026-04-03T22:34:30Z,11,search_bar,0.478,False,nhà đất Xã Nhà Bè bình dân cho thuê lại được,investment,luxury,25.1,3.0
evt_102157,usr_1147,sess_1147_0,45025194,view,2026-04-03T23:13:35Z,291,search_bar,1.0,False,tìm nhà đất Phường Phú Nhuận giá tốt gần trường học,buy_for_living,affordable,2.6,1.0
evt_102909,usr_1193,sess_1193_2,45140241,save,2026-04-03T23:37:41Z,166,search_bar,2.954,False,"nhà ở Phường Hạnh Thông thoáng mát 2pn, tầm trung",buy_for_living,mid_range,7.9,1.0
evt_101831,usr_1125,sess_1125_0,45111612,view,2026-04-03T23:50:23Z,36,related_items,0.695,False,nhà đất Phường Thới An giá vừa phải cho vợ chồng mới cưới,buy_for_living,affordable,3.0,2.0
evt_104051,usr_1267,sess_1267_0,45196346,save,2026-04-04T00:11:29Z,65,search_bar,2.418,False,tìm nhà đất Phường Phú Định bình dân gần trường học,buy_for_living,affordable,2.3,2.0
evt_104111,usr_1272,sess_1272_0,45171887,view,2026-04-04T00:27:14Z,20,ai_recommendation,0.586,False,"nhà ở Phường Gò Vấp thoáng mát 1pn, giá tốt",buy_for_living,affordable,2.7,2.0
evt_104017,usr_1265,sess_1265_1,44847215,view,2026-04-04T01:03:21Z,37,related_items,0.7,False,thuê nhà đất Phường Phú Nhuận 5 phòng ngủ giá tốt,rent,mid_range,6.5,1.0
evt_102259,usr_1153,sess_1153_0,45138226,view,2026-04-04T01:43:02Z,61,ai_recommendation,0.794,False,"mua nhà đất đầu tư ở Phường Bình Hưng Hòa pháp lý rõ ràng, tầm trung",investment,affordable,2.4,1.0
evt_103989,usr_1264,sess_1264_0,45182464,view,2026-04-04T02:02:39Z,256,ai_recommendation,1.0,False,tìm nhà đất Phường Tân Sơn Nhất vị trí đẹp gần trường học,buy_for_living,mid_range,6.7,1.0
evt_103086,usr_1204,sess_1204_0,45006538,view,2026-04-04T02:06:57Z,18,search_bar,0.566,False,"nhà ở Phường Vũng Tàu thoáng mát 8pn, ổn định",buy_for_living,affordable,2.7,2.0
evt_100472,usr_1030,sess_1030_0,43715977,save,2026-04-04T02:19:03Z,368,search_bar,3.0,False,tìm căn hộ Phường Long Bình bình dân gần trường học,buy_for_living,luxury,19.9,2.0
evt_102699,usr_1180,sess_1180_2,44965090,save,2026-04-04T02:29:54Z,12,ai_recommendation,1.48,False,tìm nhà đất Phường Tân Sơn Nhất cao cấp tiềm năng tăng giá,investment,luxury,27.1,2.0
evt_102901,usr_1192,sess_1192_1,45172574,contact,2026-04-04T03:51:55Z,39,ai_recommendation,3.548,False,"mua nhà đất đầu tư ở Phường Bảy Hiền pháp lý rõ ràng, giá tốt",investment,affordable,2.3,3.0
evt_104131,usr_1273,sess_1273_0,45047881,contact,2026-04-04T04:14:14Z,35,ai_recommendation,3.447,False,thuê nhà đất Phường Tân Tạo 6 phòng ngủ ổn định,rent,mid_range,7.2,1.0
evt_101225,usr_1083,sess_1083_0,44995869,view,2026-04-04T04:46:16Z,60,search_bar,0.791,False,nhà đất Xã Nhà Bè giá mềm cho thuê lại được,investment,affordable,2.5,2.0
evt_100405,usr_1026,sess_1026_0,44709669,contact,2026-04-04T05:39:29Z,64,ai_recommendation,4.015,False,căn hộ Phường Thạnh Mỹ Tây tầm trung cho gia đình,buy_for_living,mid_range,7.2,3.0
evt_102342,usr_1158,sess_1158_0,44558218,save,2026-04-04T06:19:58Z,25,search_bar,1.88,False,tìm nhà đất Phường Tân Thuận vị trí đẹp gần trường học,buy_for_living,mid_range,5.9,2.0
evt_100955,usr_1064,sess_1064_0,44422861,share,2026-04-04T06:32:04Z,22,ai_recommendation,2.413,False,"mua căn hộ đầu tư ở Phường Tăng Nhơn Phú pháp lý rõ ràng, giá tốt",investment,mid_range,6.7,2.0
evt_102256,usr_1153,sess_1153_0,45213093,view,2026-04-04T08:12:16Z,357,homepage,1.0,False,"mua nhà đất đầu tư ở Xã Nhà Bè pháp lý rõ ràng, cao cấp",investment,affordable,2.4,1.0
evt_102724,usr_1181,sess_1181_0,45188401,contact,2026-04-04T08:20:34Z,15,homepage,2.667,False,tìm nhà đất Phường Thới Hòa cao cấp gần trường học,buy_for_living,mid_range,6.0,1.0
evt_101513,usr_1103,sess_1103_1,45242724,view,2026-04-04T09:06:36Z,54,search_bar,0.771,False,nhà đất Phường Tăng Nhơn Phú cao cấp cho thuê gần metro,rent,affordable,2.7,2.0
evt_104398,usr_1291,sess_1291_0,45235509,save,2026-04-04T09:08:44Z,104,homepage,2.686,False,nhà đất Phường An Phú Đông giá mềm cho gia đình,buy_for_living,affordable,2.9,3.0
evt_101106,usr_1076,sess_1076_2,44740670,view,2026-04-04T10:44:27Z,143,search_bar,0.956,False,căn hộ Phường Long Bình giá rẻ dòng tiền tốt,investment,affordable,2.8,2.0
evt_101354,usr_1091,sess_1091_0,44985017,save,2026-04-04T11:01:35Z,39,ai_recommendation,2.129,False,"nhà ở Xã Tân Nhựt thoáng mát 3pn, vị trí đẹp",buy_for_living,mid_range,6.9,2.0
evt_102125,usr_1145,sess_1145_0,45190126,view,2026-04-04T11:49:30Z,68,search_bar,0.814,False,"mua nhà đất đầu tư ở Phường Tân Hưng pháp lý rõ ràng, tầm trung",investment,luxury,21.1,2.0
evt_104059,usr_1268,sess_1268_0,45221822,view,2026-04-04T13:25:26Z,46,ai_recommendation,0.741,False,nhà đất Phường Tân Tạo giá hợp lý cho thuê gần metro,rent,mid_range,5.9,1.0
evt_102359,usr_1159,sess_1159_0,45040159,view,2026-04-04T13:40:47Z,46,related_items,0.741,False,tìm căn hộ Phường An Khánh giá mềm gần trường học,buy_for_living,mid_range,5.7,2.0
evt_103911,usr_1259,sess_1259_1,45155376,contact,2026-04-04T14:36:40Z,100,related_items,4.439,False,"nhà ở Phường Bình Phú thoáng mát 2pn, giá rẻ",buy_for_living,affordable,2.3,2.0
evt_101736,usr_1119,sess_1119_0,45046256,view,2026-04-04T14:50:28Z,39,related_items,0.71,False,tìm phòng nhà đất ở Phường An Lạc tầm trung,rent,luxury,24.2,2.0
evt_103084,usr_1204,sess_1204_0,44110260,save,2026-04-04T15:00:24Z,58,ai_recommendation,2.353,False,nhà đất Phường Bến Thành giá vừa phải cho vợ chồng mới cưới,buy_for_living,affordable,2.7,2.0
evt_104135,usr_1273,sess_1273_0,45113783,view,2026-04-04T16:02:11Z,27,homepage,0.641,False,căn hộ Phường Thạnh Mỹ Tây ổn định cho thuê gần metro,rent,mid_range,7.2,1.0
evt_101697,usr_1116,sess_1116_0,44843130,view,2026-04-04T17:16:35Z,102,search_bar,0.892,False,tìm căn hộ Phường Xuân Hòa giá rẻ tiềm năng tăng giá,investment,mid_range,7.6,1.0
evt_101903,usr_1130,sess_1130_1,45206979,save,2026-04-04T17:27:34Z,120,search_bar,2.768,False,tìm căn hộ Phường An Đông rẻ một chút tiềm năng tăng giá,investment,affordable,2.5,1.0
evt_100627,usr_1040,sess_1040_0,45240745,view,2026-04-04T18:46:34Z,41,homepage,0.719,False,"nhà ở Phường Bàn Cờ thoáng mát 3pn, ổn định",buy_for_living,luxury,25.7,3.0
evt_101724,usr_1118,sess_1118_1,44954044,view,2026-04-04T18:55:31Z,276,ai_recommendation,1.0,False,tìm nhà đất Phường Tân Hưng giá rẻ tiềm năng tăng giá,investment,mid_range,6.3,2.0
evt_100191,usr_1012,sess_1012_0,45075802,view,2026-04-04T19:16:55Z,43,ai_recommendation,0.728,False,"mua nhà đất đầu tư ở Phường Gò Vấp pháp lý rõ ràng, rẻ một chút",investment,affordable,2.8,1.0
evt_103811,usr_1252,sess_1252_0,44957857,view,2026-04-04T19:38:18Z,16,ai_recommendation,0.545,False,nhà đất Phường Phú Thuận giá tốt cho vợ chồng mới cưới,buy_for_living,luxury,28.5,2.0
evt_100525,usr_1033,sess_1033_1,44842280,view,2026-04-04T20:00:34Z,228,search_bar,1.0,False,"nhà ở Phường Thông Tây Hội thoáng mát 5pn, ổn định",buy_for_living,affordable,2.8,2.0
evt_102538,usr_1169,sess_1169_0,45175377,view,2026-04-04T20:06:04Z,21,homepage,0.595,False,"mua nhà đất đầu tư ở Phường Đức Nhuận pháp lý rõ ràng, ổn định",investment,affordable,2.8,1.0
evt_103335,usr_1220,sess_1220_1,43531387,view,2026-04-04T20:14:52Z,88,ai_recommendation,0.863,False,"nhà ở Phường Vườn Lài thoáng mát 0pn, vị trí đẹp",buy_for_living,affordable,2.6,3.0
evt_100356,usr_1022,sess_1022_1,44783756,view,2026-04-04T20:20:40Z,2,search_bar,0.211,True,nhà đất Xã Nhà Bè tầm trung cho thuê lại được,investment,affordable,2.7,2.0
evt_103314,usr_1218,sess_1218_1,42764854,view,2026-04-04T21:05:38Z,17,ai_recommendation,0.556,False,tìm nhà đất Phường Hòa Hưng khu nhà giàu tiềm năng tăng giá,investment,mid_range,6.1,3.0
evt_100835,usr_1055,sess_1055_0,44425728,view,2026-04-04T21:50:43Z,64,homepage,0.803,False,"mua nhà đất đầu tư ở Phường Thới Hòa pháp lý rõ ràng, cao cấp",investment,affordable,2.7,3.0
evt_103207,usr_1211,sess_1211_0,41851869,view,2026-04-04T21:56:28Z,69,homepage,0.817,False,nhà đất Phường Phú Thuận giá vừa phải cho thuê gần metro,rent,affordable,2.4,2.0
evt_100477,usr_1030,sess_1030_0,45191977,view,2026-04-04T21:57:26Z,27,search_bar,0.641,False,"nhà ở Phường Bình Lợi Trung thoáng mát 0pn, ổn định",buy_for_living,luxury,19.9,2.0
evt_101937,usr_1132,sess_1132_0,45201015,contact,2026-04-04T23:47:36Z,151,homepage,4.832,False,nhà đất Xã Nhà Bè rẻ một chút dòng tiền tốt,investment,luxury,20.8,1.0
evt_100630,usr_1040,sess_1040_1,45127299,contact,2026-04-05T01:11:12Z,67,ai_recommendation,4.058,False,nhà đất Phường An Phú Đông sang trọng cho gia đình,buy_for_living,luxury,25.7,3.0
evt_100528,usr_1033,sess_1033_1,45197066,contact,2026-04-05T01:36:44Z,35,ai_recommendation,3.447,False,nhà đất Phường Gia Định giá vừa phải cho vợ chồng mới cưới,buy_for_living,affordable,2.8,2.0
evt_101925,usr_1131,sess_1131_0,42962075,view,2026-04-05T02:56:08Z,28,ai_recommendation,0.648,False,nhà đất Phường Tân Thuận giá hợp lý cho gia đình,buy_for_living,affordable,2.7,2.0
evt_103271,usr_1215,sess_1215_1,45200975,view,2026-04-05T03:08:28Z,42,homepage,0.724,False,"mua nhà đất đầu tư ở Xã Nhà Bè pháp lý rõ ràng, giá mềm",investment,affordable,2.8,2.0
evt_100581,usr_1037,sess_1037_2,39465019,view,2026-04-05T04:21:59Z,24,ai_recommendation,0.619,False,nhà đất Xã Nhà Bè khu nhà giàu dòng tiền tốt,investment,affordable,2.9,1.0
evt_100127,usr_1008,sess_1008_0,45205957,save,2026-04-05T04:31:39Z,29,ai_recommendation,1.963,False,nhà đất Phường Bình Thạnh giá tốt cho gia đình,buy_for_living,affordable,2.3,2.0
evt_102531,usr_1169,sess_1169_0,44795201,share,2026-04-05T05:26:57Z,125,ai_recommendation,3.721,False,nhà đất Phường Bàn Cờ giá vừa phải cho thuê lại được,investment,affordable,2.8,1.0
evt_103476,usr_1229,sess_1229_0,43551199,save,2026-04-05T05:30:13Z,264,homepage,3.0,False,căn hộ Phường Long Bình tầm trung dòng tiền tốt,investment,affordable,2.6,2.0
evt_102004,usr_1136,sess_1136_0,45210546,view,2026-04-05T07:06:06Z,205,related_items,1.0,False,thuê nhà đất Phường Tam Bình 3 phòng ngủ sang trọng,rent,affordable,3.0,2.0
evt_100659,usr_1042,sess_1042_0,45105755,view,2026-04-05T07:28:00Z,31,ai_recommendation,0.667,False,nhà đất Phường Thông Tây Hội cao cấp cho gia đình,buy_for_living,affordable,2.3,2.0
evt_101601,usr_1108,sess_1108_1,44425728,save,2026-04-05T07:33:20Z,39,search_bar,2.129,False,"nhà ở Phường Thới Hòa thoáng mát 0pn, sang trọng",buy_for_living,affordable,2.5,2.0
evt_102757,usr_1183,sess_1183_0,44046412,view,2026-04-05T07:36:40Z,15,ai_recommendation,0.533,False,"nhà ở Phường Tân Mỹ thoáng mát 2pn, giá tốt",buy_for_living,luxury,29.1,2.0
evt_102546,usr_1169,sess_1169_0,44699370,view,2026-04-05T07:41:36Z,48,search_bar,0.749,False,tìm nhà đất Phường Gia Định tầm trung tiềm năng tăng giá,investment,affordable,2.8,1.0
evt_103560,usr_1235,sess_1235_2,45233856,view,2026-04-05T07:47:02Z,30,ai_recommendation,0.661,False,"nhà ở Phường Bàn Cờ thoáng mát 3pn, giá tốt",buy_for_living,affordable,2.3,3.0
evt_104345,usr_1287,sess_1287_0,45060924,view,2026-04-05T08:27:32Z,80,ai_recommendation,0.845,False,"nhà ở Phường Chợ Lớn thoáng mát 1pn, giá mềm",buy_for_living,affordable,2.4,2.0
evt_100480,usr_1030,sess_1030_0,44786778,view,2026-04-05T09:07:19Z,153,ai_recommendation,0.969,False,"nhà ở Phường Phú Nhuận thoáng mát 6pn, khu nhà giàu",buy_for_living,luxury,19.9,2.0
evt_101282,usr_1086,sess_1086_2,45018689,contact,2026-04-05T09:26:14Z,62,related_items,3.985,False,tìm nhà đất Phường Vĩnh Hội khu nhà giàu tiềm năng tăng giá,investment,affordable,2.7,2.0
evt_101045,usr_1071,sess_1071_0,44908020,contact,2026-04-05T10:02:25Z,52,search_bar,3.819,False,"nhà ở Phường Hòa Hưng thoáng mát 15pn, sang trọng",buy_for_living,affordable,2.1,2.0
evt_100695,usr_1045,sess_1045_0,44241249,view,2026-04-05T10:35:40Z,46,homepage,0.741,False,căn hộ Phường Long Bình giá hợp lý cho gia đình,buy_for_living,mid_range,6.1,3.0
evt_101558,usr_1106,sess_1106_0,44403119,save,2026-04-05T10:39:45Z,38,search_bar,2.114,False,"nhà ở Phường Long Bình thoáng mát 2pn, giá tốt",buy_for_living,mid_range,5.6,1.0
evt_103582,usr_1236,sess_1236_0,45265868,save,2026-04-05T10:46:53Z,233,search_bar,3.0,False,nhà đất Phường Thông Tây Hội giá mềm cho gia đình,buy_for_living,mid_range,7.2,2.0
evt_101851,usr_1127,sess_1127_0,44984622,view,2026-04-05T11:19:47Z,5,homepage,0.345,True,nhà đất Phường Bình Tân giá rẻ cho gia đình,buy_for_living,affordable,2.5,2.0
evt_104469,usr_1297,sess_1297_1,43900461,view,2026-04-05T11:25:40Z,44,homepage,0.732,False,thuê nhà đất Phường Tân Bình 6 phòng ngủ vị trí đẹp,rent,luxury,22.3,2.0
evt_102113,usr_1144,sess_1144_2,45207570,view,2026-04-05T11:28:11Z,47,ai_recommendation,0.745,False,tìm nhà đất Phường Tân Hưng bình dân tiềm năng tăng giá,investment,luxury,28.6,1.0
evt_101619,usr_1110,sess_1110_0,43247491,view,2026-04-05T12:40:16Z,77,search_bar,0.838,False,căn hộ Phường Long Trường rẻ một chút cho thuê gần metro,rent,mid_range,5.6,1.0
evt_103349,usr_1221,sess_1221_0,45212387,view,2026-04-05T12:58:24Z,27,homepage,0.641,False,tìm nhà đất Phường Tân Sơn sang trọng tiềm năng tăng giá,investment,affordable,2.7,3.0
evt_104409,usr_1292,sess_1292_0,44860566,view,2026-04-05T14:49:08Z,14,search_bar,0.521,False,"cần mua căn hộ 2 phòng ngủ ở Xã Tân Nhựt để ở, vị trí đẹp",buy_for_living,affordable,2.6,2.0
evt_103614,usr_1238,sess_1238_0,42513639,view,2026-04-05T15:10:05Z,90,homepage,0.868,False,tìm phòng nhà đất ở Phường Phước Thắng khu nhà giàu,rent,mid_range,7.2,2.0
evt_102488,usr_1166,sess_1166_0,43220620,save,2026-04-05T15:32:38Z,115,homepage,2.743,False,nhà đất Phường Gia Định rẻ một chút cho vợ chồng mới cưới,buy_for_living,luxury,25.3,1.0
evt_103287,usr_1216,sess_1216_0,45251894,view,2026-04-05T15:35:00Z,11,homepage,0.478,False,"cần mua nhà đất 3 phòng ngủ ở Phường Tăng Nhơn Phú để ở, khu nhà giàu",buy_for_living,affordable,2.1,1.0
evt_101717,usr_1118,sess_1118_2,41315903,view,2026-04-05T15:39:15Z,48,ai_recommendation,0.749,False,nhà đất Phường Phú Thuận sang trọng cho thuê lại được,investment,mid_range,6.3,2.0
evt_101919,usr_1131,sess_1131_0,43751182,share,2026-04-05T16:04:22Z,75,search_bar,3.332,False,"nhà ở Phường Hiệp Bình thoáng mát 3pn, sang trọng",buy_for_living,affordable,2.7,2.0
evt_101296,usr_1087,sess_1087_0,43202640,view,2026-04-05T16:15:15Z,24,ai_recommendation,0.619,False,tìm căn hộ Phường Long Bình rẻ một chút tiềm năng tăng giá,investment,affordable,2.4,2.0
evt_100419,usr_1027,sess_1027_2,45200648,save,2026-04-05T17:25:45Z,50,search_bar,2.269,False,"nhà ở Xã Nhà Bè thoáng mát 4pn, giá rẻ",buy_for_living,mid_range,7.8,3.0
evt_102401,usr_1161,sess_1161_0,45052937,save,2026-04-05T17:49:45Z,35,search_bar,2.068,False,căn hộ Phường Phú Thọ Hòa bình dân cho thuê lại được,investment,affordable,2.2,2.0
evt_103396,usr_1225,sess_1225_0,44585936,view,2026-04-05T19:12:53Z,147,ai_recommendation,0.961,False,nhà đất Phường Bình Hưng Hòa giá mềm cho vợ chồng mới cưới,buy_for_living,mid_range,7.0,2.0
evt_103598,usr_1237,sess_1237_1,45125514,view,2026-04-05T19:42:32Z,12,ai_recommendation,0.493,False,thuê nhà đất Xã Nhà Bè 4 phòng ngủ rẻ một chút,rent,mid_range,6.5,2.0
evt_103592,usr_1237,sess_1237_1,44077565,view,2026-04-05T19:46:39Z,14,ai_recommendation,0.521,False,thuê căn hộ Phường Long Bình 3 phòng ngủ vị trí đẹp,rent,mid_range,6.5,2.0
evt_104316,usr_1285,sess_1285_1,44817698,save,2026-04-05T19:57:47Z,27,search_bar,1.923,False,"mua nhà đất đầu tư ở Phường Tân Mỹ pháp lý rõ ràng, vị trí đẹp",investment,affordable,2.4,2.0
evt_104374,usr_1289,sess_1289_2,44783081,share,2026-04-05T20:11:04Z,46,related_items,2.963,False,căn hộ Xã Tân Nhựt giá rẻ dòng tiền tốt,investment,affordable,3.0,1.0
evt_101716,usr_1117,sess_1117_2,45196132,view,2026-04-05T20:23:15Z,125,ai_recommendation,0.93,False,tìm nhà đất Phường Dĩ An sang trọng gần trường học,buy_for_living,mid_range,6.8,3.0
evt_104328,usr_1286,sess_1286_0,45177268,view,2026-04-05T21:01:53Z,55,search_bar,0.774,False,tìm phòng nhà đất ở Phường Bình Trưng giá mềm,rent,affordable,2.6,1.0
evt_101748,usr_1119,sess_1119_0,44524721,view,2026-04-05T21:39:33Z,226,homepage,1.0,False,nhà đất Phường Thủ Đức bình dân cho thuê gần metro,rent,luxury,24.2,2.0
evt_103392,usr_1224,sess_1224_1,44222475,view,2026-04-05T21:49:41Z,58,related_items,0.784,False,"mua nhà đất đầu tư ở Phường Nhiêu Lộc pháp lý rõ ràng, sang trọng",investment,luxury,21.3,3.0
evt_104358,usr_1288,sess_1288_1,45138926,contact,2026-04-05T21:59:04Z,91,ai_recommendation,4.349,False,căn hộ Phường Long Bình giá hợp lý cho vợ chồng mới cưới,buy_for_living,mid_range,5.8,1.0
evt_100828,usr_1055,sess_1055_0,45139928,save,2026-04-05T23:13:16Z,102,ai_recommendation,2.675,False,"mua nhà đất đầu tư ở Phường Hòa Bình pháp lý rõ ràng, khu nhà giàu",investment,affordable,2.7,3.0
evt_103568,usr_1235,sess_1235_1,44955264,contact,2026-04-05T23:32:30Z,185,search_bar,5.0,False,"cần mua nhà đất 4 phòng ngủ ở Xã Nhà Bè để ở, rẻ một chút",buy_for_living,affordable,2.3,3.0
evt_101327,usr_1089,sess_1089_0,43493098,view,2026-04-06T00:11:23Z,12,search_bar,0.493,False,nhà đất Phường Gia Định rẻ một chút cho gia đình,buy_for_living,affordable,2.5,2.0
evt_101326,usr_1089,sess_1089_0,45172315,view,2026-04-06T00:28:47Z,26,related_items,0.634,False,tìm nhà đất Phường Thạnh Mỹ Tây giá hợp lý gần trường học,buy_for_living,affordable,2.5,2.0
evt_101032,usr_1070,sess_1070_0,45037120,contact,2026-04-06T00:41:30Z,127,related_items,4.667,False,"nhà ở Phường Bình Tân thoáng mát 0pn, khu nhà giàu",buy_for_living,mid_range,7.7,2.0
evt_101321,usr_1089,sess_1089_1,43693887,view,2026-04-06T03:09:51Z,7,search_bar,0.4,True,tìm căn hộ Phường Long Bình bình dân gần trường học,buy_for_living,affordable,2.5,2.0
evt_101663,usr_1113,sess_1113_2,44935352,save,2026-04-06T03:16:53Z,76,ai_recommendation,2.507,False,nhà đất Xã Tân Nhựt vị trí đẹp cho gia đình,buy_for_living,affordable,2.8,2.0
evt_102198,usr_1150,sess_1150_1,41003332,contact,2026-04-06T04:50:30Z,17,homepage,2.78,False,"mua căn hộ đầu tư ở Phường Dĩ An pháp lý rõ ràng, sang trọng",investment,affordable,2.9,2.0
evt_100040,usr_1002,sess_1002_0,45194899,save,2026-04-06T05:04:54Z,70,search_bar,2.46,False,"cần thuê căn hộ Xã Tân Nhựt full nội thất, giá tốt",rent,affordable,2.1,1.0
evt_103756,usr_1248,sess_1248_0,45132003,share,2026-04-06T05:47:07Z,46,search_bar,2.963,False,"mua nhà đất đầu tư ở Xã Nhà Bè pháp lý rõ ràng, sang trọng",investment,affordable,2.3,2.0
evt_100644,usr_1041,sess_1041_0,45115150,view,2026-04-06T06:53:38Z,15,search_bar,0.533,False,"nhà ở Phường Bình Hưng Hòa thoáng mát 2pn, rẻ một chút",buy_for_living,affordable,2.2,2.0
evt_103671,usr_1242,sess_1242_0,45247231,view,2026-04-06T08:00:15Z,84,related_items,0.855,False,"cần mua căn hộ 2 phòng ngủ ở Phường Phú Thuận để ở, giá tốt",buy_for_living,mid_range,7.1,2.0
evt_103053,usr_1202,sess_1202_1,43817305,share,2026-04-06T08:03:50Z,107,ai_recommendation,3.603,False,nhà đất Phường Bảy Hiền giá hợp lý cho vợ chồng mới cưới,buy_for_living,affordable,2.8,3.0
evt_101471,usr_1099,sess_1099_0,44682333,view,2026-04-06T08:38:08Z,143,homepage,0.956,False,tìm căn hộ Phường Vườn Lài giá tốt tiềm năng tăng giá,investment,affordable,2.6,2.0
evt_103289,usr_1216,sess_1216_0,45015767,view,2026-04-06T08:46:19Z,93,ai_recommendation,0.874,False,tìm căn hộ Phường Tân Sơn Nhì giá rẻ gần trường học,buy_for_living,affordable,2.1,1.0
evt_100045,usr_1002,sess_1002_0,44619715,view,2026-04-06T08:50:05Z,62,search_bar,0.797,False,thuê nhà đất Phường An Phú Đông 2 phòng ngủ giá mềm,rent,affordable,2.1,1.0
evt_103541,usr_1233,sess_1233_0,45232770,view,2026-04-06T09:00:11Z,20,homepage,0.586,False,"cần thuê nhà đất Phường Cầu Ông Lãnh full nội thất, cao cấp",rent,affordable,2.3,2.0
evt_101547,usr_1105,sess_1105_0,44886937,view,2026-04-06T09:18:36Z,16,search_bar,0.545,False,"mua nhà đất đầu tư ở Phường Bến Thành pháp lý rõ ràng, giá vừa phải",investment,luxury,23.4,1.0
evt_100305,usr_1019,sess_1019_1,45239064,view,2026-04-06T09:54:02Z,34,search_bar,0.684,False,tìm nhà đất Phường Tam Thắng giá hợp lý gần trường học,buy_for_living,luxury,21.7,2.0
evt_100462,usr_1030,sess_1030_1,43825788,save,2026-04-06T10:40:28Z,37,ai_recommendation,2.099,False,căn hộ Phường Long Bình khu nhà giàu cho vợ chồng mới cưới,buy_for_living,luxury,19.9,2.0
evt_100156,usr_1010,sess_1010_0,44420531,view,2026-04-06T12:21:28Z,19,homepage,0.576,False,tìm nhà đất Xã Nhà Bè cao cấp gần trường học,buy_for_living,affordable,2.3,2.0
evt_101085,usr_1075,sess_1075_0,45110527,save,2026-04-06T12:40:58Z,33,ai_recommendation,2.035,False,"mua nhà đất đầu tư ở Phường Thông Tây Hội pháp lý rõ ràng, tầm trung",investment,mid_range,7.6,2.0
evt_100831,usr_1055,sess_1055_0,45200648,view,2026-04-06T13:13:32Z,38,related_items,0.705,False,nhà đất Xã Nhà Bè giá mềm cho thuê lại được,investment,affordable,2.7,3.0
evt_102376,usr_1160,sess_1160_1,45253348,view,2026-04-06T15:56:34Z,22,search_bar,0.603,False,"nhà ở Phường Gò Vấp thoáng mát 3pn, khu nhà giàu",buy_for_living,affordable,2.2,2.0
evt_100189,usr_1012,sess_1012_1,44624437,view,2026-04-06T17:30:29Z,68,homepage,0.814,False,nhà đất Phường Tam Bình giá tốt dòng tiền tốt,investment,affordable,2.8,1.0
evt_104102,usr_1271,sess_1271_0,44986315,share,2026-04-06T18:21:43Z,15,homepage,2.133,False,tìm căn hộ Phường Dĩ An bình dân gần trường học,buy_for_living,affordable,2.8,2.0
evt_101218,usr_1083,sess_1083_0,44732699,view,2026-04-06T18:24:04Z,66,search_bar,0.809,False,nhà đất Phường Bàn Cờ khu nhà giàu dòng tiền tốt,investment,affordable,2.5,2.0
evt_100085,usr_1005,sess_1005_0,45071051,view,2026-04-06T19:36:19Z,180,homepage,1.0,False,tìm nhà đất Xã Bình Hưng cao cấp gần trường học,buy_for_living,affordable,2.8,2.0
evt_100317,usr_1019,sess_1019_0,45040043,save,2026-04-06T20:06:05Z,32,search_bar,2.018,False,"cần mua căn hộ 2 phòng ngủ ở Phường An Khánh để ở, giá mềm",buy_for_living,luxury,21.7,2.0
evt_103722,usr_1246,sess_1246_0,45083831,view,2026-04-06T20:19:56Z,169,ai_recommendation,0.988,False,nhà đất Phường An Lạc cao cấp dòng tiền tốt,investment,luxury,21.4,3.0
evt_103041,usr_1201,sess_1201_0,44043317,view,2026-04-06T21:58:30Z,43,search_bar,0.728,False,"nhà ở Phường An Khánh thoáng mát 2pn, tầm trung",buy_for_living,affordable,2.1,2.0
evt_102294,usr_1155,sess_1155_0,45236333,view,2026-04-06T21:59:04Z,91,ai_recommendation,0.87,False,"cần mua nhà đất 4 phòng ngủ ở Phường Tân Đông Hiệp để ở, tầm trung",buy_for_living,affordable,3.0,2.0
evt_104270,usr_1282,sess_1282_2,45260658,share,2026-04-06T23:41:10Z,74,related_items,3.322,False,"nhà ở Phường Thuận Giao thoáng mát 4pn, giá tốt",buy_for_living,affordable,2.6,2.0
evt_100208,usr_1013,sess_1013_0,44477502,save,2026-04-07T01:33:05Z,52,homepage,2.291,False,"cần mua nhà đất 4 phòng ngủ ở Xã Nhà Bè để ở, giá hợp lý",buy_for_living,affordable,2.4,2.0
evt_103399,usr_1225,sess_1225_0,44564031,contact,2026-04-07T02:07:50Z,70,related_items,4.1,False,nhà đất Xã Hiệp Phước giá tốt cho gia đình,buy_for_living,mid_range,7.0,2.0
evt_104123,usr_1272,sess_1272_1,44404341,contact,2026-04-07T02:52:15Z,56,ai_recommendation,3.889,False,"nhà ở Phường Long Bình thoáng mát 1pn, rẻ một chút",buy_for_living,affordable,2.7,2.0
evt_101336,usr_1090,sess_1090_2,45024824,view,2026-04-07T03:13:35Z,341,search_bar,1.0,False,tìm nhà đất Phường Đức Nhuận giá tốt gần trường học,buy_for_living,affordable,2.9,2.0
evt_102889,usr_1191,sess_1191_1,45211536,view,2026-04-07T03:43:50Z,90,ai_recommendation,0.868,False,tìm phòng nhà đất ở Phường Phú Thuận khu nhà giàu,rent,mid_range,6.0,3.0
evt_102719,usr_1181,sess_1181_0,45174323,view,2026-04-07T04:02:15Z,184,ai_recommendation,1.0,False,"nhà ở Phường An Khánh thoáng mát 5pn, ổn định",buy_for_living,mid_range,6.0,1.0
evt_103455,usr_1228,sess_1228_0,45256237,view,2026-04-07T04:13:06Z,71,ai_recommendation,0.823,False,nhà đất Phường Bình Hưng Hòa giá tốt cho gia đình,buy_for_living,affordable,2.8,2.0
evt_102563,usr_1170,sess_1170_1,45058266,share,2026-04-07T04:38:12Z,112,ai_recommendation,3.638,False,nhà đất Phường Thủ Đức tầm trung cho gia đình,buy_for_living,affordable,2.5,2.0
evt_101637,usr_1111,sess_1111_0,45229051,save,2026-04-07T04:45:39Z,27,search_bar,1.923,False,tìm căn hộ Xã Bình Hưng giá tốt tiềm năng tăng giá,investment,affordable,2.4,2.0
evt_100766,usr_1051,sess_1051_0,44847526,save,2026-04-07T04:51:24Z,34,ai_recommendation,2.052,False,căn hộ Phường Long Bình sang trọng dòng tiền tốt,investment,affordable,2.7,2.0
evt_103946,usr_1261,sess_1261_0,45119127,view,2026-04-07T05:44:24Z,42,ai_recommendation,0.724,False,tìm nhà đất Phường Chợ Quán bình dân tiềm năng tăng giá,investment,affordable,2.1,2.0
evt_103016,usr_1199,sess_1199_0,44014157,save,2026-04-07T06:38:18Z,84,search_bar,2.564,False,thuê nhà đất Xã Nhà Bè 4 phòng ngủ khu nhà giàu,rent,affordable,2.2,2.0
evt_103129,usr_1207,sess_1207_0,45158225,save,2026-04-07T06:57:06Z,62,search_bar,2.391,False,nhà đất Phường Tân Đông Hiệp giá mềm cho vợ chồng mới cưới,buy_for_living,affordable,2.9,1.0
evt_101304,usr_1088,sess_1088_0,45194899,save,2026-04-07T07:38:03Z,59,homepage,2.363,False,căn hộ Xã Tân Nhựt giá mềm cho gia đình,buy_for_living,affordable,3.0,2.0
evt_102364,usr_1159,sess_1159_0,45021271,save,2026-04-07T07:52:26Z,69,homepage,2.452,False,nhà đất Phường Long Trường ổn định cho vợ chồng mới cưới,buy_for_living,mid_range,5.7,2.0
evt_103660,usr_1241,sess_1241_0,42818522,view,2026-04-07T09:57:55Z,116,ai_recommendation,0.916,False,tìm nhà đất Phường Bình Hòa vị trí đẹp tiềm năng tăng giá,investment,mid_range,7.2,2.0
evt_101437,usr_1097,sess_1097_2,43551199,view,2026-04-07T11:43:03Z,92,search_bar,0.872,False,"mua căn hộ đầu tư ở Phường Long Bình pháp lý rõ ràng, tầm trung",investment,affordable,2.4,2.0
evt_102126,usr_1145,sess_1145_0,45097287,save,2026-04-07T11:55:36Z,34,ai_recommendation,2.052,False,nhà đất Phường Hiệp Bình giá vừa phải cho thuê lại được,investment,luxury,21.1,2.0
evt_103556,usr_1234,sess_1234_1,45144385,view,2026-04-07T13:19:33Z,45,ai_recommendation,0.736,False,tìm nhà đất Phường Hiệp Bình rẻ một chút gần trường học,buy_for_living,affordable,2.8,2.0
evt_103009,usr_1199,sess_1199_1,44795201,view,2026-04-07T13:57:59Z,38,search_bar,0.705,False,"cần thuê nhà đất Phường Bàn Cờ full nội thất, giá vừa phải",rent,affordable,2.2,2.0
evt_101426,usr_1096,sess_1096_0,45088511,contact,2026-04-07T14:16:57Z,116,search_bar,4.58,False,tìm nhà đất Phường Tân Sơn Nhì tầm trung gần trường học,buy_for_living,affordable,2.3,1.0
evt_100269,usr_1016,sess_1016_0,44993942,view,2026-04-07T17:11:41Z,364,ai_recommendation,1.0,False,nhà đất Phường Gia Định vị trí đẹp cho gia đình,buy_for_living,mid_range,7.3,3.0
evt_104212,usr_1279,sess_1279_1,44954267,view,2026-04-07T17:28:55Z,22,ai_recommendation,0.603,False,"nhà ở Phường Nhiêu Lộc thoáng mát 2pn, giá tốt",buy_for_living,luxury,25.2,1.0
evt_102272,usr_1154,sess_1154_0,45150988,save,2026-04-07T17:49:40Z,40,related_items,2.143,False,"nhà ở Phường Bình Thạnh thoáng mát 3pn, giá mềm",buy_for_living,affordable,2.6,3.0
evt_101604,usr_1108,sess_1108_1,44391654,view,2026-04-07T17:50:28Z,27,related_items,0.641,False,nhà đất Phường Cầu Ông Lãnh tầm trung cho gia đình,buy_for_living,affordable,2.5,2.0
evt_100455,usr_1029,sess_1029_0,44848669,view,2026-04-07T18:57:04Z,22,search_bar,0.603,False,căn hộ Xã Tân Nhựt ổn định cho gia đình,buy_for_living,affordable,2.2,2.0
evt_102077,usr_1141,sess_1141_0,43817305,save,2026-04-07T19:12:05Z,40,homepage,2.143,False,tìm nhà đất Phường Bảy Hiền tầm trung tiềm năng tăng giá,investment,mid_range,5.7,2.0
evt_101501,usr_1101,sess_1101_0,45205140,contact,2026-04-07T21:57:30Z,23,homepage,3.057,False,nhà đất Phường Thủ Đức giá hợp lý cho thuê gần metro,rent,affordable,2.3,2.0
evt_104353,usr_1288,sess_1288_0,45138926,save,2026-04-07T22:43:14Z,157,homepage,2.922,False,tìm căn hộ Phường Long Bình tầm trung gần trường học,buy_for_living,mid_range,5.8,1.0
evt_100185,usr_1011,sess_1011_1,45152244,save,2026-04-07T22:53:40Z,44,ai_recommendation,2.197,False,tìm nhà đất Xã Bình Lợi sang trọng gần trường học,buy_for_living,mid_range,7.4,2.0
evt_101857,usr_1127,sess_1127_0,45133806,view,2026-04-07T23:32:09Z,15,ai_recommendation,0.533,False,tìm căn hộ Phường Phú Thuận giá tốt gần trường học,buy_for_living,affordable,2.5,2.0
evt_102967,usr_1196,sess_1196_0,45232540,view,2026-04-07T23:46:16Z,18,ai_recommendation,0.566,False,nhà đất Phường Bình Tân giá tốt cho gia đình,buy_for_living,affordable,2.5,2.0
evt_101157,usr_1079,sess_1079_1,44845494,view,2026-04-08T04:37:55Z,27,search_bar,0.641,False,thuê căn hộ Xã Tân Nhựt 2 phòng ngủ giá mềm,rent,affordable,3.0,2.0
evt_103711,usr_1245,sess_1245_1,44841956,view,2026-04-08T05:29:28Z,30,ai_recommendation,0.661,False,"nhà ở Xã Nhà Bè thoáng mát 4pn, ổn định",buy_for_living,mid_range,8.0,3.0
evt_101828,usr_1125,sess_1125_0,44967290,save,2026-04-08T06:02:17Z,46,related_items,2.222,False,tìm căn hộ Phường Tăng Nhơn Phú rẻ một chút gần trường học,buy_for_living,affordable,3.0,2.0
evt_101284,usr_1087,sess_1087_0,45190126,view,2026-04-08T06:06:00Z,17,search_bar,0.556,False,tìm nhà đất Phường Tân Hưng ổn định tiềm năng tăng giá,investment,affordable,2.4,2.0
evt_100817,usr_1054,sess_1054_0,43940956,contact,2026-04-08T06:54:57Z,51,ai_recommendation,3.8,False,căn hộ Phường Bến Thành giá rẻ dòng tiền tốt,investment,affordable,3.0,1.0
evt_103977,usr_1263,sess_1263_0,43605480,contact,2026-04-08T07:10:10Z,21,ai_recommendation,2.973,False,"mua căn hộ đầu tư ở Phường An Đông pháp lý rõ ràng, giá mềm",investment,affordable,2.8,2.0
evt_101878,usr_1128,sess_1128_2,45223953,view,2026-04-08T07:12:50Z,15,search_bar,0.533,False,nhà đất Phường Tân Sơn Nhì vị trí đẹp cho gia đình,buy_for_living,luxury,24.8,2.0
evt_103894,usr_1257,sess_1257_0,39547835,save,2026-04-08T08:23:54Z,31,homepage,2.0,False,nhà đất Phường Phú Nhuận ổn định cho vợ chồng mới cưới,buy_for_living,affordable,2.6,2.0
evt_102711,usr_1180,sess_1180_1,45022529,view,2026-04-08T09:00:11Z,90,ai_recommendation,0.868,False,nhà đất Phường Thủ Đức ổn định cho thuê lại được,investment,luxury,27.1,2.0
evt_103848,usr_1255,sess_1255_0,44852119,save,2026-04-08T09:40:16Z,25,ai_recommendation,1.88,False,nhà đất Xã Nhà Bè cao cấp cho gia đình,buy_for_living,mid_range,6.8,1.0
evt_102020,usr_1137,sess_1137_0,44558312,view,2026-04-08T10:02:30Z,8,search_bar,0.423,True,nhà đất Phường Tân Thuận khu nhà giàu cho thuê lại được,investment,affordable,2.2,2.0
evt_102307,usr_1156,sess_1156_0,44650774,save,2026-04-08T10:35:45Z,59,ai_recommendation,2.363,False,nhà đất Xã Nhà Bè cao cấp cho thuê lại được,investment,luxury,19.7,3.0
evt_104421,usr_1293,sess_1293_0,43551199,view,2026-04-08T10:53:37Z,21,search_bar,0.595,False,căn hộ Phường Long Bình ổn định cho gia đình,buy_for_living,affordable,2.9,2.0
evt_103679,usr_1243,sess_1243_0,45211123,save,2026-04-08T11:06:25Z,55,search_bar,2.323,False,căn hộ Xã Tân Nhựt cao cấp cho thuê lại được,investment,mid_range,7.2,2.0
evt_103310,usr_1218,sess_1218_0,44130737,view,2026-04-08T11:08:50Z,136,ai_recommendation,0.946,False,căn hộ Phường Long Bình cao cấp cho thuê lại được,investment,mid_range,6.1,3.0
evt_102074,usr_1141,sess_1141_0,45255392,contact,2026-04-08T12:41:19Z,35,ai_recommendation,3.447,False,nhà đất Phường Phú Thọ Hòa giá hợp lý dòng tiền tốt,investment,mid_range,5.7,2.0
evt_101715,usr_1117,sess_1117_1,45158736,view,2026-04-08T12:58:22Z,61,ai_recommendation,0.794,False,"cần mua nhà đất 3 phòng ngủ ở Phường Phú Thạnh để ở, giá hợp lý",buy_for_living,mid_range,6.8,3.0
evt_102841,usr_1188,sess_1188_0,44714219,view,2026-04-08T13:04:33Z,15,homepage,0.533,False,nhà đất Phường Tam Bình bình dân cho gia đình,buy_for_living,mid_range,6.8,3.0
evt_103423,usr_1226,sess_1226_0,45115514,view,2026-04-08T13:17:51Z,20,ai_recommendation,0.586,False,"nhà ở Phường An Hội Tây thoáng mát 3pn, rẻ một chút",buy_for_living,affordable,2.5,2.0
evt_103381,usr_1223,sess_1223_0,45266517,save,2026-04-08T13:28:09Z,179,homepage,2.997,False,nhà đất Phường Phước Long giá vừa phải cho gia đình,buy_for_living,affordable,2.4,3.0
evt_103738,usr_1247,sess_1247_2,44350831,view,2026-04-08T14:10:07Z,304,search_bar,1.0,False,"mua căn hộ đầu tư ở Phường Long Bình pháp lý rõ ràng, giá hợp lý",investment,affordable,2.4,2.0
evt_102102,usr_1143,sess_1143_0,45234494,view,2026-04-08T14:20:09Z,48,ai_recommendation,0.749,False,tìm nhà đất Phường Trung Mỹ Tây bình dân gần trường học,buy_for_living,mid_range,6.9,2.0
evt_102986,usr_1197,sess_1197_0,45209045,view,2026-04-08T14:24:19Z,167,homepage,0.986,False,"nhà ở Phường An Lạc thoáng mát 4pn, cao cấp",buy_for_living,affordable,2.4,2.0
evt_102983,usr_1197,sess_1197_0,43614651,view,2026-04-08T14:25:53Z,150,search_bar,0.965,False,"cần mua nhà đất 4 phòng ngủ ở Xã Nhà Bè để ở, rẻ một chút",buy_for_living,affordable,2.4,2.0
evt_101773,usr_1121,sess_1121_2,44996895,save,2026-04-08T14:38:14Z,64,related_items,2.409,False,nhà đất Phường Phú Định rẻ một chút dòng tiền tốt,investment,affordable,2.9,2.0
evt_101983,usr_1135,sess_1135_0,44833424,view,2026-04-08T16:17:09Z,297,ai_recommendation,1.0,False,"nhà ở Phường Phú Lợi thoáng mát 10pn, vị trí đẹp",buy_for_living,affordable,2.8,1.0
evt_102422,usr_1162,sess_1162_1,43344418,contact,2026-04-08T16:56:55Z,109,homepage,4.521,False,"nhà ở Phường Long Bình thoáng mát 1pn, giá rẻ",buy_for_living,affordable,2.6,1.0
evt_101116,usr_1077,sess_1077_2,45116577,save,2026-04-08T17:45:49Z,89,ai_recommendation,2.597,False,"nhà ở Phường Phú Định thoáng mát 5pn, sang trọng",buy_for_living,luxury,29.0,1.0
evt_101539,usr_1104,sess_1104_0,45270087,view,2026-04-08T18:09:52Z,144,ai_recommendation,0.957,False,"cần mua nhà đất 7 phòng ngủ ở Phường Chợ Quán để ở, tầm trung",buy_for_living,mid_range,6.1,3.0
evt_103247,usr_1214,sess_1214_2,44263973,contact,2026-04-08T20:24:41Z,31,homepage,3.333,False,tìm phòng nhà đất ở Phường Thủ Đức vị trí đẹp,rent,affordable,2.6,2.0
evt_102389,usr_1160,sess_1160_1,45066979,save,2026-04-08T20:37:12Z,34,search_bar,2.052,False,nhà đất Phường Long Trường bình dân cho gia đình,buy_for_living,affordable,2.2,2.0
evt_101889,usr_1129,sess_1129_1,43529622,view,2026-04-08T20:37:20Z,49,ai_recommendation,0.753,False,nhà đất Xã Nhà Bè ổn định cho vợ chồng mới cưới,buy_for_living,mid_range,6.4,1.0
evt_102640,usr_1176,sess_1176_0,45266745,view,2026-04-08T21:17:46Z,32,search_bar,0.673,False,"cần mua nhà đất 4 phòng ngủ ở Phường Thới An để ở, cao cấp",buy_for_living,affordable,2.9,2.0
evt_104429,usr_1293,sess_1293_0,45206027,view,2026-04-08T22:36:06Z,359,ai_recommendation,1.0,False,"nhà ở Phường Phú Nhuận thoáng mát 2pn, giá tốt",buy_for_living,affordable,2.9,2.0
evt_102870,usr_1190,sess_1190_1,43679734,view,2026-04-08T22:52:22Z,71,ai_recommendation,0.823,False,căn hộ Phường Long Bình tầm trung cho vợ chồng mới cưới,buy_for_living,affordable,2.8,2.0
evt_103807,usr_1251,sess_1251_1,44673234,contact,2026-04-08T23:00:20Z,43,search_bar,3.64,False,tìm căn hộ Phường Thạnh Mỹ Tây giá tốt gần trường học,buy_for_living,affordable,2.6,2.0
evt_100044,usr_1002,sess_1002_0,45104610,view,2026-04-09T00:16:46Z,110,search_bar,0.906,False,"cần thuê nhà đất Phường Cầu Kiệu full nội thất, giá vừa phải",rent,affordable,2.1,1.0
evt_102231,usr_1152,sess_1152_0,43981188,view,2026-04-09T01:13:49Z,37,homepage,0.7,False,nhà đất Phường Phú Thọ Hòa cao cấp cho gia đình,buy_for_living,affordable,2.7,2.0
evt_104395,usr_1290,sess_1290_1,45230255,view,2026-04-09T02:54:19Z,36,ai_recommendation,0.695,False,nhà đất Phường Bình Lợi Trung khu nhà giàu dòng tiền tốt,investment,affordable,3.0,2.0
evt_104435,usr_1294,sess_1294_0,45247355,save,2026-04-09T03:29:35Z,42,related_items,2.171,False,tìm nhà đất Phường Bình Hưng Hòa vị trí đẹp tiềm năng tăng giá,investment,luxury,22.2,2.0
evt_104157,usr_1275,sess_1275_0,45074986,view,2026-04-09T04:08:56Z,97,search_bar,0.882,False,nhà đất Phường Tân Sơn Nhất giá hợp lý cho thuê lại được,investment,affordable,2.5,3.0
evt_103508,usr_1231,sess_1231_0,44767620,view,2026-04-09T05:07:58Z,26,related_items,0.634,False,"nhà ở Phường Gia Định thoáng mát 4pn, giá vừa phải",buy_for_living,affordable,2.2,2.0
evt_103526,usr_1232,sess_1232_0,44348188,view,2026-04-09T05:15:45Z,96,search_bar,0.88,False,"cần thuê nhà đất Xã Nhà Bè full nội thất, giá mềm",rent,mid_range,6.1,2.0
evt_100494,usr_1031,sess_1031_0,44863961,view,2026-04-09T05:50:12Z,19,homepage,0.576,False,"nhà ở Xã Tân Nhựt thoáng mát 2pn, giá tốt",buy_for_living,affordable,2.9,2.0
evt_104336,usr_1287,sess_1287_0,44139929,view,2026-04-09T06:29:35Z,80,ai_recommendation,0.845,False,tìm nhà đất Phường An Phú Đông rẻ một chút gần trường học,buy_for_living,affordable,2.4,2.0
evt_102127,usr_1145,sess_1145_0,44755067,view,2026-04-09T07:27:36Z,262,ai_recommendation,1.0,False,"mua căn hộ đầu tư ở Phường Long Bình pháp lý rõ ràng, vị trí đẹp",investment,luxury,21.1,2.0
evt_103175,usr_1209,sess_1209_0,44900702,view,2026-04-09T07:30:47Z,79,homepage,0.843,False,"nhà ở Phường Bình Trưng thoáng mát 2pn, giá mềm",buy_for_living,affordable,2.6,2.0
evt_101965,usr_1134,sess_1134_0,43963943,view,2026-04-09T07:38:47Z,66,search_bar,0.809,False,tìm căn hộ Phường Bình Đông giá mềm gần trường học,buy_for_living,mid_range,6.1,2.0
evt_101027,usr_1070,sess_1070_2,43572792,share,2026-04-09T08:09:51Z,77,ai_recommendation,3.352,False,"nhà ở Phường Long Bình thoáng mát 2pn, giá vừa phải",buy_for_living,mid_range,7.7,2.0
evt_100135,usr_1009,sess_1009_0,45119458,view,2026-04-09T08:23:07Z,24,search_bar,0.619,False,"nhà ở Phường Tân Sơn Nhất thoáng mát 3pn, vị trí đẹp",buy_for_living,affordable,2.7,2.0
evt_102396,usr_1161,sess_1161_1,45014857,view,2026-04-09T08:52:00Z,8,search_bar,0.423,True,căn hộ Phường Bến Thành bình dân dòng tiền tốt,investment,affordable,2.2,2.0
evt_101826,usr_1125,sess_1125_0,45133806,share,2026-04-09T09:22:18Z,33,search_bar,2.713,False,căn hộ Phường Phú Thuận giá tốt cho vợ chồng mới cưới,buy_for_living,affordable,3.0,2.0
evt_101477,usr_1100,sess_1100_1,44754807,view,2026-04-09T11:02:59Z,7,homepage,0.4,True,tìm phòng nhà đất ở Phường Tân Định giá hợp lý,rent,affordable,2.4,2.0
evt_104509,usr_1299,sess_1299_1,45143537,view,2026-04-09T11:14:54Z,224,search_bar,1.0,False,"nhà ở Phường Tân Sơn thoáng mát 4pn, khu nhà giàu",buy_for_living,affordable,2.2,2.0
evt_100487,usr_1031,sess_1031_0,41321808,view,2026-04-09T11:36:04Z,41,related_items,0.719,False,căn hộ Phường Long Trường giá tốt cho gia đình,buy_for_living,affordable,2.9,2.0
evt_103394,usr_1224,sess_1224_1,44278606,view,2026-04-09T12:13:28Z,10,ai_recommendation,0.461,False,tìm nhà đất Phường Tân Định sang trọng tiềm năng tăng giá,investment,luxury,21.3,3.0
evt_103120,usr_1206,sess_1206_0,45148629,contact,2026-04-09T12:59:01Z,22,search_bar,3.016,False,căn hộ Phường Phú Lợi giá mềm dòng tiền tốt,investment,affordable,2.5,2.0
evt_101378,usr_1093,sess_1093_0,45088684,save,2026-04-09T13:55:08Z,11,homepage,1.434,False,tìm nhà đất Phường Thông Tây Hội rẻ một chút tiềm năng tăng giá,investment,affordable,2.9,3.0
evt_104133,usr_1273,sess_1273_1,43614651,contact,2026-04-09T14:59:27Z,17,search_bar,2.78,False,thuê nhà đất Xã Nhà Bè 4 phòng ngủ bình dân,rent,mid_range,7.2,1.0
evt_100386,usr_1025,sess_1025_1,44468549,contact,2026-04-09T15:15:05Z,49,ai_recommendation,3.763,False,căn hộ Phường Bàn Cờ giá tốt cho gia đình,buy_for_living,affordable,2.5,2.0
evt_101254,usr_1085,sess_1085_0,44290797,save,2026-04-09T15:34:22Z,28,ai_recommendation,1.943,False,nhà đất Phường Thạnh Mỹ Tây giá mềm dòng tiền tốt,investment,affordable,2.7,2.0
evt_101960,usr_1133,sess_1133_1,45269189,view,2026-04-09T15:45:12Z,21,ai_recommendation,0.595,False,nhà đất Phường Bình Trị Đông sang trọng cho thuê gần metro,rent,luxury,26.3,2.0
evt_103731,usr_1246,sess_1246_0,45054263,view,2026-04-09T15:45:25Z,26,homepage,0.634,False,nhà đất Xã Nhà Bè giá mềm cho thuê lại được,investment,luxury,21.4,3.0
evt_102101,usr_1143,sess_1143_0,44366917,view,2026-04-09T16:17:26Z,8,ai_recommendation,0.423,True,nhà đất Xã Bàu Bàng giá mềm cho gia đình,buy_for_living,mid_range,6.9,2.0
evt_102862,usr_1190,sess_1190_1,45207061,contact,2026-04-09T16:50:03Z,34,ai_recommendation,3.42,False,"nhà ở Phường Chợ Lớn thoáng mát 1pn, giá vừa phải",buy_for_living,affordable,2.8,2.0
evt_104117,usr_1272,sess_1272_1,44634511,view,2026-04-09T16:58:25Z,80,search_bar,0.845,False,"nhà ở Phường Vườn Lài thoáng mát 4pn, bình dân",buy_for_living,affordable,2.7,2.0
evt_104471,usr_1297,sess_1297_1,44269504,save,2026-04-09T17:37:42Z,51,ai_recommendation,2.28,False,"cần thuê nhà đất Phường An Phú Đông full nội thất, giá mềm",rent,luxury,22.3,2.0
evt_102634,usr_1175,sess_1175_0,44515581,view,2026-04-09T18:04:41Z,31,search_bar,0.667,False,nhà đất Phường Tân Bình giá vừa phải cho vợ chồng mới cưới,buy_for_living,mid_range,5.5,2.0
evt_103758,usr_1248,sess_1248_0,42583860,save,2026-04-09T18:32:47Z,34,ai_recommendation,2.052,False,nhà đất Phường Tân Sơn Nhất giá hợp lý dòng tiền tốt,investment,affordable,2.3,2.0
evt_103324,usr_1219,sess_1219_0,45211771,view,2026-04-09T19:48:11Z,58,related_items,0.784,False,nhà đất Phường An Lạc cao cấp cho thuê gần metro,rent,affordable,2.8,2.0
evt_102996,usr_1198,sess_1198_0,45148629,share,2026-04-09T19:48:30Z,51,related_items,3.04,False,"cần mua căn hộ 2 phòng ngủ ở Phường Phú Lợi để ở, rẻ một chút",buy_for_living,affordable,2.2,2.0
evt_100985,usr_1066,sess_1066_0,45221498,share,2026-04-09T20:11:03Z,45,homepage,2.946,False,"nhà ở Phường Thới An thoáng mát 4pn, bình dân",buy_for_living,mid_range,6.7,2.0
evt_104161,usr_1275,sess_1275_0,43503286,view,2026-04-09T20:29:57Z,54,search_bar,0.771,False,nhà đất Phường Thông Tây Hội vị trí đẹp cho thuê lại được,investment,affordable,2.5,3.0
evt_102956,usr_1196,sess_1196_0,45093850,save,2026-04-09T20:33:28Z,11,related_items,1.434,False,căn hộ Phường Đông Hưng Thuận rẻ một chút cho vợ chồng mới cưới,buy_for_living,affordable,2.5,2.0
evt_101641,usr_1111,sess_1111_0,40194916,save,2026-04-09T21:22:10Z,57,search_bar,2.343,False,tìm nhà đất Phường Phú Nhuận giá vừa phải tiềm năng tăng giá,investment,affordable,2.4,2.0
evt_100986,usr_1066,sess_1066_1,44453924,view,2026-04-09T22:56:32Z,52,ai_recommendation,0.764,False,căn hộ Phường Long Bình giá hợp lý cho gia đình,buy_for_living,mid_range,6.7,2.0
evt_103580,usr_1236,sess_1236_0,44855737,contact,2026-04-10T00:00:24Z,216,ai_recommendation,5.0,False,"cần mua nhà đất 3 phòng ngủ ở Phường Phú Thọ Hòa để ở, cao cấp",buy_for_living,mid_range,7.2,2.0
evt_100036,usr_1002,sess_1002_0,42712261,save,2026-04-10T00:49:17Z,105,related_items,2.691,False,thuê nhà đất Phường Bình Tây 5 phòng ngủ sang trọng,rent,affordable,2.1,1.0
evt_103167,usr_1209,sess_1209_0,44542530,view,2026-04-10T01:47:16Z,14,related_items,0.521,False,"cần mua nhà đất 3 phòng ngủ ở Phường Tân Sơn Nhất để ở, rẻ một chút",buy_for_living,affordable,2.6,2.0
evt_100339,usr_1021,sess_1021_0,45082489,view,2026-04-10T02:13:44Z,29,ai_recommendation,0.654,False,thuê nhà đất Phường Tân Phú 3 phòng ngủ giá vừa phải,rent,mid_range,7.6,2.0
evt_102166,usr_1148,sess_1148_0,44640984,view,2026-04-10T02:24:19Z,12,homepage,0.493,False,tìm nhà đất Xã Trừ Văn Thố khu nhà giàu tiềm năng tăng giá,investment,mid_range,7.4,2.0
evt_102306,usr_1156,sess_1156_0,43504875,view,2026-04-10T02:54:13Z,13,search_bar,0.508,False,tìm nhà đất Xã Trừ Văn Thố sang trọng tiềm năng tăng giá,investment,luxury,19.7,3.0
evt_103690,usr_1244,sess_1244_1,45154817,view,2026-04-10T03:33:01Z,35,search_bar,0.689,False,nhà đất Phường Phú Thạnh khu nhà giàu cho vợ chồng mới cưới,buy_for_living,affordable,2.8,2.0
evt_101260,usr_1085,sess_1085_0,45239247,save,2026-04-10T06:39:03Z,10,ai_recommendation,1.384,False,nhà đất Phường Diên Hồng giá tốt dòng tiền tốt,investment,affordable,2.7,2.0
evt_100398,usr_1026,sess_1026_0,45202884,share,2026-04-10T07:04:28Z,26,search_bar,2.536,False,tìm nhà đất Phường An Hội Tây rẻ một chút gần trường học,buy_for_living,mid_range,7.2,3.0
evt_104085,usr_1270,sess_1270_0,45017788,share,2026-04-10T08:02:39Z,30,homepage,2.642,False,tìm căn hộ Phường Tân Sơn Nhì giá tốt tiềm năng tăng giá,investment,mid_range,7.0,2.0
evt_102185,usr_1149,sess_1149_1,44984666,view,2026-04-10T08:02:54Z,35,related_items,0.689,False,nhà đất Phường Xuân Hòa cao cấp cho vợ chồng mới cưới,buy_for_living,affordable,2.6,2.0
evt_100362,usr_1022,sess_1022_1,45229984,view,2026-04-10T09:05:50Z,27,related_items,0.641,False,"mua nhà đất đầu tư ở Phường Phú Thuận pháp lý rõ ràng, ổn định",investment,affordable,2.7,2.0
evt_100010,usr_1000,sess_1000_1,44932665,view,2026-04-10T09:22:30Z,20,search_bar,0.586,False,nhà đất Phường Tân Tạo rẻ một chút cho gia đình,buy_for_living,affordable,2.4,2.0
evt_104193,usr_1278,sess_1278_0,44419047,view,2026-04-10T09:29:28Z,41,search_bar,0.719,False,nhà đất Xã Nhà Bè ổn định cho gia đình,buy_for_living,mid_range,6.6,2.0
evt_103913,usr_1259,sess_1259_1,45258521,share,2026-04-10T09:36:54Z,193,ai_recommendation,4.0,False,"cần mua nhà đất 1 phòng ngủ ở Phường Thạnh Mỹ Tây để ở, giá rẻ",buy_for_living,affordable,2.3,2.0
evt_101644,usr_1111,sess_1111_0,43751182,view,2026-04-10T09:50:52Z,133,search_bar,0.942,False,nhà đất Phường Hiệp Bình vị trí đẹp cho thuê lại được,investment,affordable,2.4,2.0
evt_101208,usr_1082,sess_1082_0,44732057,view,2026-04-10T09:55:13Z,112,related_items,0.909,False,nhà đất Phường Nhiêu Lộc cao cấp cho vợ chồng mới cưới,buy_for_living,affordable,2.6,2.0
evt_100533,usr_1034,sess_1034_1,45038422,contact,2026-04-10T10:49:52Z,240,ai_recommendation,5.0,False,nhà đất Phường An Hội Tây vị trí đẹp dòng tiền tốt,investment,luxury,27.7,2.0
evt_102324,usr_1157,sess_1157_0,45070787,view,2026-04-10T11:23:24Z,77,ai_recommendation,0.838,False,"cần mua căn hộ 2 phòng ngủ ở Phường Đông Hưng Thuận để ở, tầm trung",buy_for_living,affordable,2.3,2.0
evt_103378,usr_1223,sess_1223_0,43941044,view,2026-04-10T11:56:52Z,39,related_items,0.71,False,tìm nhà đất Phường Phú Thọ Hòa khu nhà giàu gần trường học,buy_for_living,affordable,2.4,3.0
evt_102115,usr_1144,sess_1144_0,44186833,save,2026-04-10T12:42:49Z,32,homepage,2.018,False,căn hộ Phường Vĩnh Hội bình dân dòng tiền tốt,investment,luxury,28.6,1.0
evt_100721,usr_1047,sess_1047_0,45200981,view,2026-04-10T13:26:55Z,101,search_bar,0.89,False,nhà đất Phường Phú Thuận giá hợp lý cho gia đình,buy_for_living,luxury,22.7,3.0
evt_102958,usr_1196,sess_1196_0,44587740,view,2026-04-10T14:25:35Z,62,related_items,0.797,False,nhà đất Xã Hiệp Phước rẻ một chút cho vợ chồng mới cưới,buy_for_living,affordable,2.5,2.0
evt_104019,usr_1266,sess_1266_0,44936092,view,2026-04-10T15:25:28Z,23,related_items,0.611,False,nhà đất Phường Gia Định giá tốt cho thuê lại được,investment,mid_range,7.8,2.0
evt_100109,usr_1006,sess_1006_1,44877964,share,2026-04-10T15:53:09Z,36,search_bar,2.778,False,tìm nhà đất Phường Tân Tạo khu nhà giàu tiềm năng tăng giá,investment,affordable,2.5,2.0
evt_104463,usr_1296,sess_1296_1,45147617,share,2026-04-10T15:59:11Z,140,ai_recommendation,3.808,False,tìm nhà đất Phường Tam Bình ổn định gần trường học,buy_for_living,affordable,2.8,2.0
evt_101264,usr_1085,sess_1085_1,45260967,view,2026-04-10T15:59:55Z,14,ai_recommendation,0.521,False,"mua nhà đất đầu tư ở Phường Bảy Hiền pháp lý rõ ràng, giá rẻ",investment,affordable,2.7,2.0
evt_102863,usr_1190,sess_1190_1,45269300,save,2026-04-10T16:37:45Z,141,search_bar,2.86,False,"nhà ở Phường Bình Tân thoáng mát 0pn, bình dân",buy_for_living,affordable,2.8,2.0
evt_102400,usr_1161,sess_1161_2,44477261,view,2026-04-10T17:15:32Z,147,ai_recommendation,0.961,False,"mua nhà đất đầu tư ở Phường Long Trường pháp lý rõ ràng, giá tốt",investment,affordable,2.2,2.0
evt_103036,usr_1201,sess_1201_0,44942882,contact,2026-04-10T17:21:39Z,13,ai_recommendation,2.538,False,"nhà ở Phường Thới An thoáng mát 4pn, giá tốt",buy_for_living,affordable,2.1,2.0
evt_101011,usr_1068,sess_1068_0,42886620,save,2026-04-10T17:51:28Z,10,homepage,1.384,False,nhà đất Phường Phú Định khu nhà giàu cho thuê lại được,investment,mid_range,6.1,2.0
evt_100119,usr_1007,sess_1007_0,45057690,view,2026-04-10T18:01:48Z,37,search_bar,0.7,False,tìm căn hộ Phường Long Bình bình dân gần trường học,buy_for_living,affordable,2.8,2.0
evt_100495,usr_1031,sess_1031_0,44558555,save,2026-04-10T18:36:30Z,19,homepage,1.729,False,nhà đất Phường Tân Bình giá mềm cho vợ chồng mới cưới,buy_for_living,affordable,2.9,2.0
evt_101332,usr_1090,sess_1090_1,44920943,view,2026-04-10T18:40:41Z,170,homepage,0.989,False,nhà đất Xã Nhà Bè giá hợp lý cho vợ chồng mới cưới,buy_for_living,affordable,2.9,2.0
evt_102631,usr_1175,sess_1175_0,44829678,view,2026-04-10T19:29:09Z,58,search_bar,0.784,False,"cần mua nhà đất 4 phòng ngủ ở Phường Hiệp Bình để ở, giá rẻ",buy_for_living,mid_range,5.5,2.0
evt_100097,usr_1005,sess_1005_0,45158878,view,2026-04-10T21:19:53Z,9,search_bar,0.443,True,"cần mua căn hộ 2 phòng ngủ ở Phường Bình Hòa để ở, bình dân",buy_for_living,affordable,2.8,2.0
evt_100552,usr_1035,sess_1035_2,45194358,view,2026-04-10T22:44:06Z,101,search_bar,0.89,False,"mua nhà đất đầu tư ở Phường An Phú Đông pháp lý rõ ràng, sang trọng",investment,affordable,2.4,1.0
evt_103967,usr_1262,sess_1262_0,44714219,view,2026-04-10T22:44:45Z,110,ai_recommendation,0.906,False,"nhà ở Phường Tam Bình thoáng mát 2pn, bình dân",buy_for_living,mid_range,8.0,2.0
evt_101517,usr_1103,sess_1103_0,44635046,view,2026-04-10T22:55:26Z,21,ai_recommendation,0.595,False,thuê nhà đất Phường Tăng Nhơn Phú 3 phòng ngủ ổn định,rent,affordable,2.7,2.0
evt_100785,usr_1052,sess_1052_0,44807125,view,2026-04-10T22:56:32Z,29,ai_recommendation,0.654,False,"mua nhà đất đầu tư ở Phường Bến Thành pháp lý rõ ràng, ổn định",investment,luxury,20.9,2.0
evt_100974,usr_1065,sess_1065_2,45114829,view,2026-04-10T23:01:45Z,109,homepage,0.904,False,nhà đất Phường Hòa Hưng giá hợp lý cho thuê lại được,investment,affordable,2.6,2.0
evt_100535,usr_1034,sess_1034_1,45212157,view,2026-04-10T23:09:01Z,18,search_bar,0.566,False,tìm nhà đất Phường Thông Tây Hội giá rẻ tiềm năng tăng giá,investment,luxury,27.7,2.0
evt_104150,usr_1274,sess_1274_2,44823393,view,2026-04-10T23:25:52Z,46,related_items,0.741,False,"nhà ở Phường Bến Thành thoáng mát 5pn, ổn định",buy_for_living,mid_range,5.5,2.0
evt_102273,usr_1154,sess_1154_0,44404628,view,2026-04-11T00:01:55Z,6,search_bar,0.374,True,căn hộ Phường Long Bình ổn định cho gia đình,buy_for_living,affordable,2.6,3.0
evt_103653,usr_1241,sess_1241_0,44994529,save,2026-04-11T00:08:12Z,181,ai_recommendation,3.0,False,nhà đất Phường Gò Vấp giá tốt cho thuê lại được,investment,mid_range,7.2,2.0
evt_101980,usr_1134,sess_1134_1,42712261,view,2026-04-11T00:09:14Z,32,ai_recommendation,0.673,False,nhà đất Phường Bình Tây vị trí đẹp cho gia đình,buy_for_living,mid_range,6.1,2.0
evt_104018,usr_1266,sess_1266_0,45230255,share,2026-04-11T00:44:41Z,81,search_bar,3.391,False,nhà đất Phường Bình Lợi Trung cao cấp cho thuê lại được,investment,mid_range,7.8,2.0
evt_101390,usr_1094,sess_1094_1,45055545,view,2026-04-11T01:49:42Z,43,related_items,0.728,False,"nhà ở Phường Phú Thuận thoáng mát 2pn, rẻ một chút",buy_for_living,affordable,2.8,1.0
evt_100138,usr_1009,sess_1009_0,45019432,view,2026-04-11T02:10:40Z,22,ai_recommendation,0.603,False,nhà đất Phường An Lạc vị trí đẹp cho vợ chồng mới cưới,buy_for_living,affordable,2.7,2.0
evt_101956,usr_1133,sess_1133_0,43136703,view,2026-04-11T02:32:46Z,30,homepage,0.661,False,thuê nhà đất Phường Phú Thuận 3 phòng ngủ giá mềm,rent,luxury,26.3,2.0
evt_102338,usr_1158,sess_1158_0,45104453,save,2026-04-11T02:56:16Z,36,homepage,2.084,False,căn hộ Phường Cầu Ông Lãnh giá tốt cho vợ chồng mới cưới,buy_for_living,mid_range,5.9,2.0
evt_101385,usr_1094,sess_1094_2,44992114,view,2026-04-11T03:06:20Z,9,homepage,0.443,True,"cần mua căn hộ 2 phòng ngủ ở Phường Gia Định để ở, giá tốt",buy_for_living,affordable,2.8,1.0
evt_101269,usr_1086,sess_1086_1,45165004,contact,2026-04-11T04:19:44Z,15,search_bar,2.667,False,"mua căn hộ đầu tư ở Phường An Đông pháp lý rõ ràng, tầm trung",investment,affordable,2.7,2.0
evt_100758,usr_1050,sess_1050_2,44635046,contact,2026-04-11T05:06:08Z,22,homepage,3.016,False,tìm phòng nhà đất ở Phường Tăng Nhơn Phú ổn định,rent,luxury,28.7,2.0
evt_101237,usr_1084,sess_1084_0,45194838,view,2026-04-11T05:18:09Z,6,search_bar,0.374,True,tìm nhà đất Phường Bình Trị Đông rẻ một chút gần trường học,buy_for_living,mid_range,7.2,2.0
evt_100523,usr_1033,sess_1033_2,45102937,view,2026-04-11T05:29:02Z,32,homepage,0.673,False,căn hộ Phường Phú Thọ Hòa giá mềm cho vợ chồng mới cưới,buy_for_living,affordable,2.8,2.0
evt_100410,usr_1026,sess_1026_2,44530340,view,2026-04-11T05:45:14Z,37,search_bar,0.7,False,căn hộ Phường Xóm Chiếu sang trọng cho gia đình,buy_for_living,mid_range,7.2,3.0
evt_102790,usr_1185,sess_1185_0,44882777,view,2026-04-11T05:58:54Z,7,search_bar,0.4,True,"nhà ở Phường Xóm Chiếu thoáng mát 3pn, rẻ một chút",buy_for_living,mid_range,5.7,1.0
evt_102974,usr_1197,sess_1197_0,43797634,view,2026-04-11T06:09:21Z,154,search_bar,0.97,False,"cần mua căn hộ 2 phòng ngủ ở Phường Chợ Quán để ở, giá mềm",buy_for_living,affordable,2.4,2.0
evt_102305,usr_1156,sess_1156_0,45067608,view,2026-04-11T06:46:38Z,82,ai_recommendation,0.85,False,tìm nhà đất Phường Tân Định bình dân tiềm năng tăng giá,investment,luxury,19.7,3.0
evt_103493,usr_1230,sess_1230_0,44810953,view,2026-04-11T08:34:52Z,152,search_bar,0.968,False,nhà đất Xã Bà Điểm giá rẻ cho gia đình,buy_for_living,affordable,2.5,2.0
evt_101407,usr_1095,sess_1095_1,44784446,view,2026-04-11T09:21:13Z,78,ai_recommendation,0.841,False,"cần mua nhà đất 4 phòng ngủ ở Phường Khánh Hội để ở, cao cấp",buy_for_living,affordable,3.0,2.0
evt_100113,usr_1007,sess_1007_0,45124957,contact,2026-04-11T09:27:55Z,36,homepage,3.473,False,"nhà ở Phường An Hội Đông thoáng mát 2pn, giá tốt",buy_for_living,affordable,2.8,2.0
evt_101287,usr_1087,sess_1087_0,44857911,view,2026-04-11T09:41:11Z,43,ai_recommendation,0.728,False,nhà đất Phường Phú Thuận giá vừa phải cho thuê lại được,investment,affordable,2.4,2.0
evt_102660,usr_1177,sess_1177_1,44654114,view,2026-04-11T09:43:59Z,28,ai_recommendation,0.648,False,tìm nhà đất Phường Tam Thắng rẻ một chút tiềm năng tăng giá,investment,luxury,27.7,2.0
evt_102911,usr_1193,sess_1193_2,45096611,share,2026-04-11T09:53:03Z,159,search_bar,3.905,False,tìm nhà đất Phường Hiệp Bình sang trọng gần trường học,buy_for_living,mid_range,7.9,1.0
evt_101485,usr_1100,sess_1100_0,45158404,view,2026-04-11T11:45:32Z,62,ai_recommendation,0.797,False,tìm phòng nhà đất ở Phường An Phú Đông giá mềm,rent,affordable,2.4,2.0
evt_104462,usr_1296,sess_1296_0,43696637,view,2026-04-11T12:46:28Z,21,ai_recommendation,0.595,False,"cần mua căn hộ 1 phòng ngủ ở Phường Long Bình để ở, giá tốt",buy_for_living,affordable,2.8,2.0
evt_103224,usr_1212,sess_1212_2,45217453,save,2026-04-11T13:06:32Z,65,ai_recommendation,2.418,False,thuê căn hộ Phường Bình Trưng 2 phòng ngủ giá mềm,rent,mid_range,7.1,2.0
evt_101105,usr_1076,sess_1076_1,45204306,contact,2026-04-11T13:22:15Z,82,homepage,4.25,False,nhà đất Phường Bình Đông khu nhà giàu dòng tiền tốt,investment,affordable,2.8,2.0
evt_100115,usr_1007,sess_1007_0,45136082,share,2026-04-11T13:30:20Z,22,search_bar,2.413,False,nhà đất Phường Phú Nhuận rẻ một chút cho vợ chồng mới cưới,buy_for_living,affordable,2.8,2.0
evt_100338,usr_1021,sess_1021_0,45054263,view,2026-04-11T14:00:53Z,22,homepage,0.603,False,nhà đất Xã Nhà Bè giá rẻ cho thuê gần metro,rent,mid_range,7.6,2.0
evt_103191,usr_1210,sess_1210_1,45084852,contact,2026-04-11T15:04:17Z,207,homepage,5.0,False,căn hộ Phường Đông Hưng Thuận rẻ một chút cho vợ chồng mới cưới,buy_for_living,luxury,26.3,2.0
evt_102613,usr_1174,sess_1174_0,45236908,view,2026-04-11T15:34:08Z,69,ai_recommendation,0.817,False,tìm phòng nhà đất ở Phường Bình Phú vị trí đẹp,rent,affordable,2.4,2.0
evt_102999,usr_1198,sess_1198_0,45145097,view,2026-04-11T15:39:23Z,10,search_bar,0.461,False,"cần mua nhà đất 29 phòng ngủ ở Phường An Hội Tây để ở, vị trí đẹp",buy_for_living,affordable,2.2,2.0
evt_101360,usr_1091,sess_1091_0,42616372,view,2026-04-11T16:37:59Z,268,homepage,1.0,False,căn hộ Phường An Khánh cao cấp cho vợ chồng mới cưới,buy_for_living,mid_range,6.9,2.0
evt_101249,usr_1085,sess_1085_1,45129450,view,2026-04-11T17:21:43Z,46,ai_recommendation,0.741,False,tìm nhà đất Phường Thới An cao cấp tiềm năng tăng giá,investment,affordable,2.7,2.0
evt_102328,usr_1157,sess_1157_1,45197650,share,2026-04-11T18:17:14Z,41,homepage,2.876,False,nhà đất Phường Tân Hòa cao cấp cho vợ chồng mới cưới,buy_for_living,affordable,2.3,2.0
evt_103964,usr_1262,sess_1262_0,44068847,view,2026-04-11T18:33:34Z,30,ai_recommendation,0.661,False,"cần mua nhà đất 4 phòng ngủ ở Xã Nhà Bè để ở, vị trí đẹp",buy_for_living,mid_range,8.0,2.0
evt_101398,usr_1094,sess_1094_1,45004644,view,2026-04-11T18:45:38Z,30,search_bar,0.661,False,tìm nhà đất Phường Tam Thắng rẻ một chút gần trường học,buy_for_living,affordable,2.8,1.0
evt_100639,usr_1041,sess_1041_0,45095398,view,2026-04-11T18:47:12Z,42,homepage,0.724,False,tìm nhà đất Phường Đức Nhuận rẻ một chút gần trường học,buy_for_living,affordable,2.2,2.0
evt_101234,usr_1084,sess_1084_0,40990762,contact,2026-04-11T19:54:54Z,91,search_bar,4.349,False,tìm căn hộ Phường An Khánh bình dân gần trường học,buy_for_living,mid_range,7.2,2.0
evt_102355,usr_1159,sess_1159_0,45181375,view,2026-04-11T20:04:33Z,108,homepage,0.902,False,nhà đất Phường Bình Trị Đông giá mềm cho gia đình,buy_for_living,mid_range,5.7,2.0
evt_101221,usr_1083,sess_1083_0,42928021,contact,2026-04-11T20:10:20Z,72,ai_recommendation,4.127,False,"mua nhà đất đầu tư ở Phường Hiệp Bình pháp lý rõ ràng, giá hợp lý",investment,affordable,2.5,2.0
evt_102344,usr_1158,sess_1158_0,43697094,view,2026-04-11T20:24:11Z,39,homepage,0.71,False,nhà đất Xã Nhà Bè giá mềm cho vợ chồng mới cưới,buy_for_living,mid_range,5.9,2.0
evt_103316,usr_1218,sess_1218_1,45109389,save,2026-04-11T20:46:38Z,107,search_bar,2.702,False,nhà đất Phường Chánh Hưng giá vừa phải cho thuê lại được,investment,mid_range,6.1,3.0
evt_101362,usr_1092,sess_1092_0,44014149,view,2026-04-11T21:57:11Z,49,ai_recommendation,0.753,False,"nhà ở Xã Nhà Bè thoáng mát 4pn, khu nhà giàu",buy_for_living,mid_range,6.4,1.0
evt_101650,usr_1112,sess_1112_0,43376549,contact,2026-04-11T22:44:40Z,23,ai_recommendation,3.057,False,"cần thuê nhà đất Phường Bàn Cờ full nội thất, khu nhà giàu",rent,affordable,2.7,2.0
evt_103689,usr_1244,sess_1244_1,44610935,view,2026-04-12T00:33:43Z,65,homepage,0.806,False,tìm nhà đất Phường Long Trường vị trí đẹp gần trường học,buy_for_living,affordable,2.8,2.0
evt_104397,usr_1291,sess_1291_0,45140583,view,2026-04-12T01:50:31Z,88,homepage,0.863,False,tìm nhà đất Xã Nhà Bè bình dân gần trường học,buy_for_living,affordable,2.9,3.0
evt_104314,usr_1285,sess_1285_1,44796007,view,2026-04-12T01:55:36Z,17,related_items,0.556,False,căn hộ Phường Tăng Nhơn Phú rẻ một chút cho thuê lại được,investment,affordable,2.4,2.0
evt_101559,usr_1106,sess_1106_0,45175429,share,2026-04-12T02:09:45Z,114,ai_recommendation,3.651,False,"nhà ở Phường Tân Sơn Nhất thoáng mát 0pn, khu nhà giàu",buy_for_living,mid_range,5.6,1.0
evt_103658,usr_1241,sess_1241_0,44258163,view,2026-04-12T03:20:08Z,79,ai_recommendation,0.843,False,tìm nhà đất Phường Xuân Hòa giá hợp lý tiềm năng tăng giá,investment,mid_range,7.2,2.0
evt_100522,usr_1033,sess_1033_2,44880023,view,2026-04-12T04:27:02Z,28,ai_recommendation,0.648,False,"cần mua căn hộ 3 phòng ngủ ở Xã Tân Nhựt để ở, sang trọng",buy_for_living,affordable,2.8,2.0
evt_103245,usr_1214,sess_1214_1,43775385,view,2026-04-12T04:39:16Z,40,related_items,0.714,False,thuê nhà đất Phường Phú Nhuận 6 phòng ngủ khu nhà giàu,rent,affordable,2.6,2.0
evt_102836,usr_1188,sess_1188_1,45029262,view,2026-04-12T06:05:39Z,79,homepage,0.843,False,tìm nhà đất Xã Bình Lợi tầm trung gần trường học,buy_for_living,mid_range,6.8,3.0
evt_102770,usr_1184,sess_1184_1,45043691,save,2026-04-12T06:25:44Z,36,homepage,2.084,False,nhà đất Phường Bình Thạnh vị trí đẹp cho vợ chồng mới cưới,buy_for_living,luxury,24.9,1.0
evt_102243,usr_1152,sess_1152_0,45246980,view,2026-04-12T06:35:00Z,115,ai_recommendation,0.914,False,nhà đất Phường Thạnh Mỹ Tây sang trọng cho gia đình,buy_for_living,affordable,2.7,2.0
evt_103623,usr_1238,sess_1238_0,45255223,save,2026-04-12T07:14:24Z,28,homepage,1.943,False,nhà đất Phường Hòa Hưng bình dân cho thuê gần metro,rent,mid_range,7.2,2.0
evt_101158,usr_1079,sess_1079_0,44890005,view,2026-04-12T07:33:53Z,869,homepage,1.0,False,nhà đất Phường Phú Nhuận khu nhà giàu cho thuê gần metro,rent,affordable,3.0,2.0
evt_103891,usr_1257,sess_1257_0,44913725,view,2026-04-12T07:43:20Z,4,ai_recommendation,0.31,True,tìm nhà đất Phường Chợ Quán tầm trung gần trường học,buy_for_living,affordable,2.6,2.0
evt_102584,usr_1172,sess_1172_1,45266795,view,2026-04-12T08:45:58Z,45,ai_recommendation,0.736,False,nhà đất Phường Gia Định rẻ một chút cho vợ chồng mới cưới,buy_for_living,affordable,2.5,1.0
evt_102049,usr_1139,sess_1139_0,45127270,view,2026-04-12T09:25:24Z,31,search_bar,0.667,False,nhà đất Phường An Phú Đông giá hợp lý cho thuê lại được,investment,luxury,25.1,3.0
evt_100311,usr_1019,sess_1019_0,45200887,view,2026-04-12T11:18:52Z,19,search_bar,0.576,False,"nhà ở Phường Bình Hưng Hòa thoáng mát 4pn, ổn định",buy_for_living,luxury,21.7,2.0
evt_103400,usr_1225,sess_1225_0,45017137,save,2026-04-12T13:04:38Z,63,related_items,2.4,False,"cần mua căn hộ 2 phòng ngủ ở Xã Tân Nhựt để ở, giá rẻ",buy_for_living,mid_range,7.0,2.0
evt_102925,usr_1194,sess_1194_0,44511198,contact,2026-04-12T14:26:00Z,41,homepage,3.595,False,thuê nhà đất Phường Tân Hưng 2 phòng ngủ bình dân,rent,mid_range,5.7,2.0
evt_100654,usr_1042,sess_1042_0,45082255,save,2026-04-12T14:44:12Z,17,ai_recommendation,1.668,False,nhà đất Phường An Khánh tầm trung cho gia đình,buy_for_living,affordable,2.3,2.0
evt_101015,usr_1069,sess_1069_0,45097499,view,2026-04-12T14:46:13Z,321,related_items,1.0,False,nhà đất Phường Tân Sơn giá tốt dòng tiền tốt,investment,affordable,2.2,1.0
evt_101521,usr_1103,sess_1103_0,41866409,save,2026-04-12T14:47:35Z,31,related_items,2.0,False,nhà đất Phường Phú Thuận ổn định cho thuê gần metro,rent,affordable,2.7,2.0
evt_101827,usr_1125,sess_1125_0,45058561,view,2026-04-12T15:13:56Z,53,ai_recommendation,0.767,False,"nhà ở Phường Phú Lợi thoáng mát 3pn, vị trí đẹp",buy_for_living,affordable,3.0,2.0
evt_102696,usr_1179,sess_1179_0,44406217,save,2026-04-12T15:41:11Z,36,related_items,2.084,False,căn hộ Phường Long Bình giá tốt dòng tiền tốt,investment,mid_range,6.4,1.0
evt_100810,usr_1053,sess_1053_2,45164175,share,2026-04-12T16:11:16Z,26,ai_recommendation,2.536,False,nhà đất Phường Cầu Kiệu giá vừa phải cho gia đình,buy_for_living,affordable,2.8,1.0
evt_103252,usr_1214,sess_1214_2,43940956,view,2026-04-12T16:16:54Z,163,related_items,0.981,False,thuê căn hộ Phường Bến Thành 1 phòng ngủ giá tốt,rent,affordable,2.6,2.0
evt_100142,usr_1009,sess_1009_1,45150820,share,2026-04-12T16:28:50Z,13,ai_recommendation,2.031,False,"cần mua nhà đất 2 phòng ngủ ở Phường Tân Đông Hiệp để ở, ổn định",buy_for_living,affordable,2.7,2.0
evt_101166,usr_1080,sess_1080_1,45162231,view,2026-04-12T16:29:17Z,43,search_bar,0.728,False,"mua căn hộ đầu tư ở Xã Tân Nhựt pháp lý rõ ràng, vị trí đẹp",investment,affordable,2.7,2.0
evt_101035,usr_1070,sess_1070_0,45250648,view,2026-04-12T17:11:45Z,37,ai_recommendation,0.7,False,tìm nhà đất Phường Gò Vấp cao cấp gần trường học,buy_for_living,mid_range,7.7,2.0
evt_100047,usr_1002,sess_1002_0,45206785,view,2026-04-12T17:57:37Z,20,related_items,0.586,False,tìm phòng nhà đất ở Phường Bảy Hiền tầm trung,rent,affordable,2.1,1.0
evt_104387,usr_1290,sess_1290_1,44827162,view,2026-04-12T18:33:45Z,10,homepage,0.461,False,nhà đất Phường Cầu Ông Lãnh giá vừa phải dòng tiền tốt,investment,affordable,3.0,2.0
evt_103384,usr_1224,sess_1224_0,42218073,view,2026-04-12T18:56:37Z,332,ai_recommendation,1.0,False,căn hộ Phường Long Trường giá tốt cho thuê lại được,investment,luxury,21.3,3.0
evt_100123,usr_1007,sess_1007_0,43550205,view,2026-04-12T19:54:02Z,34,homepage,0.684,False,nhà đất Phường Đức Nhuận giá hợp lý cho vợ chồng mới cưới,buy_for_living,affordable,2.8,2.0
evt_104215,usr_1279,sess_1279_0,44009956,share,2026-04-12T19:54:35Z,55,homepage,3.097,False,tìm nhà đất Phường Thạnh Mỹ Tây cao cấp gần trường học,buy_for_living,luxury,25.2,1.0
evt_103587,usr_1236,sess_1236_0,45233008,view,2026-04-12T21:27:49Z,187,related_items,1.0,False,"cần mua nhà đất 2 phòng ngủ ở Phường Chợ Lớn để ở, cao cấp",buy_for_living,mid_range,7.2,2.0
evt_101700,usr_1116,sess_1116_0,45224841,save,2026-04-12T22:44:03Z,69,ai_recommendation,2.452,False,tìm nhà đất Phường Cầu Ông Lãnh bình dân tiềm năng tăng giá,investment,mid_range,7.6,1.0
evt_100932,usr_1062,sess_1062_0,45262776,share,2026-04-12T23:07:14Z,53,ai_recommendation,3.069,False,tìm căn hộ Xã Tân Nhựt tầm trung tiềm năng tăng giá,investment,luxury,29.5,1.0
evt_102831,usr_1188,sess_1188_1,45182579,view,2026-04-13T00:12:27Z,25,homepage,0.627,False,"cần mua nhà đất 2 phòng ngủ ở Phường Phú Thạnh để ở, giá mềm",buy_for_living,mid_range,6.8,3.0
evt_103588,usr_1236,sess_1236_0,44843831,view,2026-04-13T01:33:20Z,26,ai_recommendation,0.634,False,"nhà ở Phường Bình Trưng thoáng mát 5pn, vị trí đẹp",buy_for_living,mid_range,7.2,2.0
evt_101350,usr_1091,sess_1091_0,42006475,save,2026-04-13T01:55:25Z,75,search_bar,2.499,False,nhà đất Phường Phú Thuận tầm trung cho vợ chồng mới cưới,buy_for_living,mid_range,6.9,2.0
evt_101435,usr_1097,sess_1097_0,45040043,save,2026-04-13T02:57:46Z,31,ai_recommendation,2.0,False,căn hộ Phường An Khánh giá tốt dòng tiền tốt,investment,affordable,2.4,2.0
evt_103044,usr_1201,sess_1201_0,44732031,view,2026-04-13T04:19:50Z,174,ai_recommendation,0.994,False,tìm căn hộ Phường Tân Bình giá mềm gần trường học,buy_for_living,affordable,2.1,2.0
evt_103386,usr_1224,sess_1224_1,44652093,view,2026-04-13T05:14:17Z,18,homepage,0.566,False,nhà đất Phường An Phú Đông giá hợp lý dòng tiền tốt,investment,luxury,21.3,3.0
evt_100259,usr_1016,sess_1016_0,44807125,view,2026-04-13T05:30:33Z,25,homepage,0.627,False,tìm nhà đất Phường Bến Thành tầm trung gần trường học,buy_for_living,mid_range,7.3,3.0
evt_102524,usr_1168,sess_1168_1,44404341,view,2026-04-13T05:35:10Z,82,ai_recommendation,0.85,False,căn hộ Phường Long Bình giá mềm cho thuê lại được,investment,mid_range,6.7,2.0
evt_100790,usr_1052,sess_1052_0,44994010,view,2026-04-13T05:46:13Z,9,search_bar,0.443,True,nhà đất Phường An Hội Tây vị trí đẹp cho thuê lại được,investment,luxury,20.9,2.0
evt_100496,usr_1031,sess_1031_0,42806581,view,2026-04-13T05:51:23Z,135,ai_recommendation,0.945,False,"nhà ở Phường Phú Nhuận thoáng mát 5pn, sang trọng",buy_for_living,affordable,2.9,2.0
evt_101417,usr_1096,sess_1096_0,45072815,view,2026-04-13T06:07:53Z,226,search_bar,1.0,False,căn hộ Phường Bình Phú giá mềm cho vợ chồng mới cưới,buy_for_living,affordable,2.3,1.0
evt_103845,usr_1254,sess_1254_0,43533970,save,2026-04-13T07:57:52Z,24,search_bar,1.858,False,"mua nhà đất đầu tư ở Phường Tân Thuận pháp lý rõ ràng, khu nhà giàu",investment,affordable,2.3,1.0
evt_102332,usr_1157,sess_1157_0,45181110,view,2026-04-13T11:28:16Z,99,ai_recommendation,0.886,False,nhà đất Phường Tân Sơn Hòa vị trí đẹp cho gia đình,buy_for_living,affordable,2.3,2.0
evt_101709,usr_1117,sess_1117_0,44995869,view,2026-04-13T13:12:43Z,88,ai_recommendation,0.863,False,"nhà ở Xã Nhà Bè thoáng mát 4pn, giá rẻ",buy_for_living,mid_range,6.8,3.0
evt_104091,usr_1271,sess_1271_0,44014133,share,2026-04-13T14:01:53Z,38,search_bar,2.819,False,nhà đất Xã Nhà Bè ổn định cho gia đình,buy_for_living,affordable,2.8,2.0
evt_101318,usr_1089,sess_1089_0,44244182,view,2026-04-13T16:26:13Z,18,ai_recommendation,0.566,False,"cần mua nhà đất 0 phòng ngủ ở Phường Thới Hòa để ở, vị trí đẹp",buy_for_living,affordable,2.5,2.0
evt_101883,usr_1128,sess_1128_1,45124353,contact,2026-04-13T16:52:07Z,93,homepage,4.37,False,nhà đất Phường Tân Định giá rẻ cho gia đình,buy_for_living,luxury,24.8,2.0
evt_103212,usr_1211,sess_1211_1,45255223,view,2026-04-13T17:43:56Z,7,homepage,0.4,True,tìm phòng nhà đất ở Phường Hòa Hưng rẻ một chút,rent,affordable,2.4,2.0
evt_104009,usr_1265,sess_1265_2,45262066,view,2026-04-13T18:52:24Z,90,ai_recommendation,0.868,False,thuê nhà đất Phường Bình Lợi Trung 4 phòng ngủ giá vừa phải,rent,mid_range,6.5,1.0
evt_102038,usr_1138,sess_1138_0,44587740,save,2026-04-13T18:57:03Z,124,ai_recommendation,2.786,False,"nhà ở Xã Hiệp Phước thoáng mát 3pn, giá tốt",buy_for_living,luxury,25.7,2.0
evt_103196,usr_1211,sess_1211_1,45105664,view,2026-04-13T19:12:07Z,366,homepage,1.0,False,tìm phòng nhà đất ở Phường Vũng Tàu giá rẻ,rent,affordable,2.4,2.0
evt_100867,usr_1057,sess_1057_0,45223376,view,2026-04-13T20:24:36Z,11,homepage,0.478,False,"cần mua căn hộ 2 phòng ngủ ở Phường Phú Lâm để ở, bình dân",buy_for_living,affordable,2.6,3.0
evt_101986,usr_1135,sess_1135_0,44756981,view,2026-04-13T22:18:54Z,70,ai_recommendation,0.82,False,nhà đất Phường Tân Sơn vị trí đẹp cho gia đình,buy_for_living,affordable,2.8,1.0
evt_102130,usr_1145,sess_1145_0,44200150,view,2026-04-13T22:25:16Z,45,homepage,0.736,False,tìm nhà đất Phường Bình Lợi Trung khu nhà giàu tiềm năng tăng giá,investment,luxury,21.1,2.0
evt_102037,usr_1138,sess_1138_1,45158956,contact,2026-04-13T22:46:51Z,32,search_bar,3.363,False,nhà đất Phường Phú Nhuận tầm trung cho gia đình,buy_for_living,luxury,25.7,2.0
evt_101556,usr_1105,sess_1105_0,45204682,share,2026-04-13T23:33:39Z,28,search_bar,2.591,False,nhà đất Phường An Hội Tây bình dân dòng tiền tốt,investment,luxury,23.4,1.0
evt_104480,usr_1298,sess_1298_0,45235509,contact,2026-04-14T02:58:58Z,58,ai_recommendation,3.922,False,tìm phòng nhà đất ở Phường An Phú Đông giá rẻ,rent,mid_range,5.7,3.0
evt_103055,usr_1202,sess_1202_0,44894510,view,2026-04-14T04:02:43Z,45,ai_recommendation,0.736,False,"cần mua căn hộ 2 phòng ngủ ở Phường Tân Phú để ở, bình dân",buy_for_living,affordable,2.8,3.0
evt_102843,usr_1189,sess_1189_0,45233274,view,2026-04-14T04:08:57Z,3,ai_recommendation,0.267,True,nhà đất Phường Bình Tân cao cấp cho gia đình,buy_for_living,affordable,2.2,2.0
evt_100776,usr_1051,sess_1051_0,45186265,save,2026-04-14T04:40:31Z,25,search_bar,1.88,False,tìm nhà đất Phường Tân Phú giá tốt tiềm năng tăng giá,investment,affordable,2.7,2.0
evt_101829,usr_1125,sess_1125_0,45085092,view,2026-04-14T04:55:31Z,42,ai_recommendation,0.724,False,"nhà ở Phường An Hội Tây thoáng mát 4pn, rẻ một chút",buy_for_living,affordable,3.0,2.0
evt_103429,usr_1226,sess_1226_2,45252225,view,2026-04-14T05:23:05Z,23,ai_recommendation,0.611,False,nhà đất Phường Tân Sơn Nhất giá mềm cho vợ chồng mới cưới,buy_for_living,affordable,2.5,2.0
evt_100478,usr_1030,sess_1030_0,45252225,share,2026-04-14T05:27:12Z,56,ai_recommendation,3.111,False,"nhà ở Phường Tân Sơn Nhất thoáng mát 3pn, rẻ một chút",buy_for_living,luxury,19.9,2.0
evt_101673,usr_1113,sess_1113_0,45130272,view,2026-04-14T05:54:58Z,31,search_bar,0.667,False,nhà đất Phường Hiệp Bình rẻ một chút cho gia đình,buy_for_living,affordable,2.8,2.0
evt_102391,usr_1160,sess_1160_1,41315903,view,2026-04-14T06:05:15Z,26,homepage,0.634,False,"nhà ở Phường Phú Thuận thoáng mát 3pn, cao cấp",buy_for_living,affordable,2.2,2.0
evt_101767,usr_1121,sess_1121_1,42023574,view,2026-04-14T06:41:13Z,35,homepage,0.689,False,căn hộ Phường Thủ Dầu Một vị trí đẹp cho thuê lại được,investment,affordable,2.9,2.0
evt_104344,usr_1287,sess_1287_1,45155376,view,2026-04-14T06:52:26Z,63,homepage,0.8,False,căn hộ Phường Bình Phú giá mềm cho gia đình,buy_for_living,affordable,2.4,2.0
evt_102704,usr_1180,sess_1180_1,39919262,save,2026-04-14T07:47:06Z,38,homepage,2.114,False,nhà đất Phường Hòa Hưng giá vừa phải dòng tiền tốt,investment,luxury,27.1,2.0
evt_103258,usr_1214,sess_1214_1,44004519,view,2026-04-14T08:25:54Z,87,search_bar,0.861,False,tìm phòng nhà đất ở Xã Bình Hưng ổn định,rent,affordable,2.6,2.0
evt_101759,usr_1120,sess_1120_0,45215597,contact,2026-04-14T08:27:26Z,34,ai_recommendation,3.42,False,"cần mua nhà đất 4 phòng ngủ ở Phường Nhiêu Lộc để ở, giá vừa phải",buy_for_living,affordable,2.6,2.0
evt_100005,usr_1000,sess_1000_1,45231927,contact,2026-04-14T08:28:14Z,92,homepage,4.36,False,nhà đất Phường Phú Thuận tầm trung cho gia đình,buy_for_living,affordable,2.4,2.0
evt_100596,usr_1038,sess_1038_0,45085955,view,2026-04-14T08:41:47Z,39,related_items,0.71,False,"cần mua nhà đất 0 phòng ngủ ở Phường Long Bình để ở, vị trí đẹp",buy_for_living,affordable,2.7,2.0
evt_102569,usr_1171,sess_1171_0,45016430,contact,2026-04-14T09:12:40Z,37,ai_recommendation,3.499,False,nhà đất Phường Tân Hưng bình dân cho vợ chồng mới cưới,buy_for_living,affordable,2.7,2.0
evt_100229,usr_1014,sess_1014_2,44903222,view,2026-04-14T10:26:24Z,53,search_bar,0.767,False,nhà đất Phường Tân Sơn Nhì tầm trung cho vợ chồng mới cưới,buy_for_living,mid_range,7.7,3.0
evt_101810,usr_1124,sess_1124_0,45253098,view,2026-04-14T11:43:52Z,115,related_items,0.914,False,tìm nhà đất Phường Tam Bình cao cấp tiềm năng tăng giá,investment,affordable,2.4,2.0
evt_103521,usr_1232,sess_1232_2,45234974,share,2026-04-14T12:57:39Z,30,search_bar,2.642,False,tìm phòng nhà đất ở Phường Tân Sơn tầm trung,rent,mid_range,6.1,2.0
evt_102495,usr_1166,sess_1166_1,44945779,view,2026-04-14T13:12:40Z,93,ai_recommendation,0.874,False,"cần mua nhà đất 2 phòng ngủ ở Xã Hiệp Phước để ở, giá tốt",buy_for_living,luxury,25.3,1.0
evt_102143,usr_1146,sess_1146_0,44488972,view,2026-04-14T14:07:55Z,119,search_bar,0.921,False,nhà đất Phường An Hội Tây khu nhà giàu cho gia đình,buy_for_living,affordable,2.8,2.0
evt_102701,usr_1180,sess_1180_0,45154419,view,2026-04-14T14:29:11Z,205,ai_recommendation,1.0,False,tìm nhà đất Xã Bình Lợi khu nhà giàu tiềm năng tăng giá,investment,luxury,27.1,2.0
evt_103159,usr_1208,sess_1208_0,45119799,view,2026-04-14T14:36:38Z,98,ai_recommendation,0.884,False,nhà đất Phường An Phú Đông bình dân cho gia đình,buy_for_living,affordable,2.3,2.0
evt_100407,usr_1026,sess_1026_2,44730914,view,2026-04-14T16:16:29Z,34,ai_recommendation,0.684,False,tìm căn hộ Phường Tân Sơn Nhì giá tốt gần trường học,buy_for_living,mid_range,7.2,3.0
evt_104466,usr_1297,sess_1297_1,44889916,save,2026-04-14T16:34:46Z,54,related_items,2.313,False,nhà đất Phường Phú Nhuận sang trọng cho thuê gần metro,rent,luxury,22.3,2.0
evt_103239,usr_1213,sess_1213_0,45105755,save,2026-04-14T16:41:25Z,42,homepage,2.171,False,nhà đất Phường Thông Tây Hội sang trọng cho gia đình,buy_for_living,mid_range,6.9,1.0
evt_100634,usr_1040,sess_1040_0,45116577,contact,2026-04-14T18:15:58Z,141,ai_recommendation,4.767,False,nhà đất Phường Phú Định cao cấp cho vợ chồng mới cưới,buy_for_living,luxury,25.7,3.0
evt_104124,usr_1273,sess_1273_1,43381561,view,2026-04-14T19:31:51Z,109,related_items,0.904,False,"cần thuê nhà đất Xã Trừ Văn Thố full nội thất, sang trọng",rent,mid_range,7.2,1.0
evt_100061,usr_1003,sess_1003_0,45204741,view,2026-04-14T20:08:51Z,73,ai_recommendation,0.828,False,nhà đất Phường An Phú Đông tầm trung dòng tiền tốt,investment,mid_range,6.0,1.0
evt_100417,usr_1027,sess_1027_2,45128479,view,2026-04-14T20:50:53Z,42,related_items,0.724,False,"cần mua nhà đất 4 phòng ngủ ở Phường An Hội Tây để ở, tầm trung",buy_for_living,mid_range,7.8,3.0
evt_104362,usr_1288,sess_1288_0,44530340,share,2026-04-14T21:12:43Z,60,ai_recommendation,3.163,False,"nhà ở Phường Xóm Chiếu thoáng mát 2pn, sang trọng",buy_for_living,mid_range,5.8,1.0
evt_103473,usr_1229,sess_1229_0,45158901,view,2026-04-14T21:15:26Z,66,ai_recommendation,0.809,False,nhà đất Phường Trung Mỹ Tây khu nhà giàu dòng tiền tốt,investment,affordable,2.6,2.0
evt_100856,usr_1056,sess_1056_0,45192019,view,2026-04-14T21:27:26Z,103,ai_recommendation,0.893,False,"nhà ở Phường An Phú Đông thoáng mát 4pn, tầm trung",buy_for_living,affordable,2.6,2.0
evt_101240,usr_1084,sess_1084_0,45016800,view,2026-04-14T21:43:37Z,144,ai_recommendation,0.957,False,"nhà ở Phường Đức Nhuận thoáng mát 3pn, giá hợp lý",buy_for_living,mid_range,7.2,2.0
evt_100273,usr_1017,sess_1017_0,44034581,contact,2026-04-14T22:06:41Z,50,homepage,3.782,False,tìm phòng căn hộ ở Phường Long Bình vị trí đẹp,rent,mid_range,7.6,2.0
evt_100729,usr_1048,sess_1048_0,44077565,view,2026-04-14T23:24:40Z,25,ai_recommendation,0.627,False,căn hộ Phường Long Bình khu nhà giàu cho vợ chồng mới cưới,buy_for_living,mid_range,7.4,3.0
evt_101712,usr_1117,sess_1117_2,44404628,view,2026-04-15T00:21:54Z,26,ai_recommendation,0.634,False,tìm căn hộ Phường Long Bình giá hợp lý gần trường học,buy_for_living,mid_range,6.8,3.0
evt_104197,usr_1278,sess_1278_0,45184677,share,2026-04-15T00:50:07Z,32,search_bar,2.69,False,nhà đất Phường Bảy Hiền bình dân cho gia đình,buy_for_living,mid_range,6.6,2.0
evt_102981,usr_1197,sess_1197_0,44582802,contact,2026-04-15T00:59:54Z,48,search_bar,3.743,False,"cần mua nhà đất 4 phòng ngủ ở Phường Phú Thuận để ở, sang trọng",buy_for_living,affordable,2.4,2.0
evt_103179,usr_1209,sess_1209_0,44928768,share,2026-04-15T02:05:40Z,97,ai_recommendation,3.528,False,"cần mua nhà đất 4 phòng ngủ ở Phường Bình Tân để ở, giá vừa phải",buy_for_living,affordable,2.6,2.0
evt_102602,usr_1173,sess_1173_1,45143212,view,2026-04-15T03:32:48Z,10,search_bar,0.461,False,thuê nhà đất Phường Phú Thuận 4 phòng ngủ giá rẻ,rent,affordable,2.5,2.0
evt_101373,usr_1093,sess_1093_0,45142553,view,2026-04-15T04:00:42Z,35,homepage,0.689,False,nhà đất Phường Vườn Lài rẻ một chút cho thuê lại được,investment,affordable,2.9,3.0
evt_101176,usr_1081,sess_1081_0,44416135,save,2026-04-15T04:10:49Z,30,homepage,1.982,False,căn hộ Phường Bến Thành giá rẻ cho vợ chồng mới cưới,buy_for_living,affordable,2.3,1.0
evt_100963,usr_1064,sess_1064_1,44864723,view,2026-04-15T05:32:48Z,76,homepage,0.836,False,nhà đất Phường Khánh Hội giá hợp lý dòng tiền tốt,investment,mid_range,6.7,2.0
evt_103039,usr_1201,sess_1201_0,43864867,view,2026-04-15T06:41:39Z,26,ai_recommendation,0.634,False,tìm nhà đất Phường Phú Thuận sang trọng gần trường học,buy_for_living,affordable,2.1,2.0
evt_101696,usr_1115,sess_1115_0,45260967,save,2026-04-15T07:46:10Z,29,search_bar,1.963,False,"mua nhà đất đầu tư ở Phường Bảy Hiền pháp lý rõ ràng, giá tốt",investment,mid_range,7.4,1.0
evt_101921,usr_1131,sess_1131_0,43182533,view,2026-04-15T08:13:15Z,15,search_bar,0.533,False,nhà đất Phường Vũng Tàu khu nhà giàu cho vợ chồng mới cưới,buy_for_living,affordable,2.7,2.0
evt_102897,usr_1192,sess_1192_1,41003332,contact,2026-04-15T09:21:22Z,70,search_bar,4.1,False,"mua căn hộ đầu tư ở Phường Dĩ An pháp lý rõ ràng, cao cấp",investment,affordable,2.3,3.0
evt_101334,usr_1090,sess_1090_2,45229051,save,2026-04-15T09:23:21Z,14,homepage,1.563,False,căn hộ Xã Bình Hưng giá mềm cho gia đình,buy_for_living,affordable,2.9,2.0
evt_102222,usr_1151,sess_1151_1,44807149,view,2026-04-15T09:26:00Z,76,search_bar,0.836,False,"cần mua nhà đất 0 phòng ngủ ở Phường Gia Định để ở, vị trí đẹp",buy_for_living,mid_range,7.1,2.0
evt_101031,usr_1070,sess_1070_1,44317577,share,2026-04-15T09:49:15Z,43,search_bar,2.912,False,tìm nhà đất Phường Trung Mỹ Tây cao cấp gần trường học,buy_for_living,mid_range,7.7,2.0
evt_100225,usr_1014,sess_1014_0,43258837,view,2026-04-15T10:16:19Z,69,related_items,0.817,False,tìm nhà đất Phường Bàn Cờ vị trí đẹp gần trường học,buy_for_living,mid_range,7.7,3.0
evt_100894,usr_1059,sess_1059_1,44126704,share,2026-04-15T10:18:15Z,17,ai_recommendation,2.224,False,"cần mua nhà đất 3 phòng ngủ ở Phường An Phú Đông để ở, tầm trung",buy_for_living,affordable,2.3,2.0
evt_102048,usr_1139,sess_1139_0,45005416,view,2026-04-15T10:36:09Z,45,search_bar,0.736,False,tìm nhà đất Phường Tân Hưng sang trọng tiềm năng tăng giá,investment,luxury,25.1,3.0
evt_103768,usr_1249,sess_1249_2,44891235,view,2026-04-15T10:44:48Z,116,search_bar,0.916,False,thuê nhà đất Xã Nhà Bè 3 phòng ngủ ổn định,rent,luxury,25.2,2.0
evt_102462,usr_1165,sess_1165_1,45232770,share,2026-04-15T12:09:03Z,118,ai_recommendation,3.677,False,"cần mua nhà đất 2 phòng ngủ ở Phường Cầu Ông Lãnh để ở, cao cấp",buy_for_living,luxury,26.4,2.0
evt_100655,usr_1042,sess_1042_0,44922077,view,2026-04-15T13:36:12Z,42,homepage,0.724,False,tìm căn hộ Phường Tam Bình giá rẻ gần trường học,buy_for_living,affordable,2.3,2.0
evt_103851,usr_1255,sess_1255_1,45157943,save,2026-04-15T13:50:50Z,46,ai_recommendation,2.222,False,"cần mua nhà đất 3 phòng ngủ ở Phường Cát Lái để ở, giá mềm",buy_for_living,mid_range,6.8,1.0
evt_103874,usr_1256,sess_1256_0,45203517,view,2026-04-15T13:52:51Z,33,homepage,0.678,False,"cần mua nhà đất 2 phòng ngủ ở Xã Nhà Bè để ở, giá mềm",buy_for_living,affordable,2.9,2.0
evt_101714,usr_1117,sess_1117_0,44728156,share,2026-04-15T13:55:26Z,37,ai_recommendation,2.799,False,"cần mua nhà đất 2 phòng ngủ ở Phường Bảy Hiền để ở, giá mềm",buy_for_living,mid_range,6.8,3.0
evt_103713,usr_1245,sess_1245_0,45224284,save,2026-04-15T14:25:42Z,72,search_bar,2.476,False,"cần mua nhà đất 5 phòng ngủ ở Phường Bình Trị Đông để ở, khu nhà giàu",buy_for_living,mid_range,8.0,3.0
evt_101567,usr_1106,sess_1106_0,45265733,contact,2026-04-15T16:04:26Z,56,ai_recommendation,3.889,False,căn hộ Phường An Lạc bình dân cho vợ chồng mới cưới,buy_for_living,mid_range,5.6,1.0
evt_104015,usr_1265,sess_1265_1,45256250,contact,2026-04-15T16:19:42Z,43,search_bar,3.64,False,"cần thuê nhà đất Phường Bình Trị Đông full nội thất, giá rẻ",rent,mid_range,6.5,1.0
evt_101115,usr_1077,sess_1077_0,45173672,view,2026-04-15T17:01:47Z,42,ai_recommendation,0.724,False,nhà đất Xã Nhà Bè sang trọng cho gia đình,buy_for_living,luxury,29.0,1.0
evt_102628,usr_1175,sess_1175_0,45214116,save,2026-04-15T17:17:38Z,157,search_bar,2.922,False,nhà đất Phường Bình Tây tầm trung cho vợ chồng mới cưới,buy_for_living,mid_range,5.5,2.0
evt_100918,usr_1061,sess_1061_1,45148125,save,2026-04-15T17:20:22Z,94,ai_recommendation,2.628,False,tìm phòng nhà đất ở Phường Phú Nhuận vị trí đẹp,rent,mid_range,7.4,2.0
evt_102026,usr_1137,sess_1137_2,44466877,contact,2026-04-15T17:25:14Z,22,search_bar,3.016,False,tìm nhà đất Phường Tân Sơn tầm trung tiềm năng tăng giá,investment,affordable,2.2,2.0
evt_101065,usr_1073,sess_1073_0,44670333,view,2026-04-15T18:22:05Z,122,homepage,0.926,False,"cần mua nhà đất 4 phòng ngủ ở Phường An Phú Đông để ở, giá tốt",buy_for_living,mid_range,5.9,2.0
evt_104386,usr_1290,sess_1290_1,44988313,view,2026-04-15T18:58:15Z,83,search_bar,0.852,False,tìm căn hộ Phường Long Bình rẻ một chút tiềm năng tăng giá,investment,affordable,3.0,2.0
evt_100353,usr_1022,sess_1022_1,44640570,share,2026-04-15T20:34:59Z,34,related_items,2.736,False,nhà đất Xã Nhà Bè giá hợp lý cho thuê lại được,investment,affordable,2.7,2.0
evt_103012,usr_1199,sess_1199_0,40741946,view,2026-04-15T20:51:01Z,11,search_bar,0.478,False,thuê nhà đất Xã Nhà Bè 4 phòng ngủ khu nhà giàu,rent,affordable,2.2,2.0
evt_104367,usr_1289,sess_1289_0,44783081,view,2026-04-15T22:37:36Z,66,ai_recommendation,0.809,False,căn hộ Xã Tân Nhựt rẻ một chút dòng tiền tốt,investment,affordable,3.0,1.0
evt_103764,usr_1248,sess_1248_0,43202640,save,2026-04-15T23:02:11Z,116,related_items,2.748,False,"mua căn hộ đầu tư ở Phường Long Bình pháp lý rõ ràng, giá tốt",investment,affordable,2.3,2.0
evt_100643,usr_1041,sess_1041_0,42171811,view,2026-04-15T23:07:54Z,95,related_items,0.878,False,tìm nhà đất Phường Vũng Tàu ổn định gần trường học,buy_for_living,affordable,2.2,2.0
evt_101671,usr_1113,sess_1113_1,44922077,save,2026-04-15T23:35:37Z,65,ai_recommendation,2.418,False,tìm căn hộ Phường Tam Bình bình dân gần trường học,buy_for_living,affordable,2.8,2.0
evt_100506,usr_1032,sess_1032_0,43685879,share,2026-04-15T23:48:42Z,43,related_items,2.912,False,nhà đất Xã Nhà Bè khu nhà giàu cho vợ chồng mới cưới,buy_for_living,affordable,2.8,2.0
evt_104258,usr_1281,sess_1281_0,45172741,contact,2026-04-16T00:41:28Z,69,homepage,4.086,False,"mua nhà đất đầu tư ở Phường Thạnh Mỹ Tây pháp lý rõ ràng, giá hợp lý",investment,affordable,2.9,2.0
evt_100031,usr_1002,sess_1002_0,45171095,contact,2026-04-16T00:41:43Z,29,homepage,3.271,False,tìm phòng nhà đất ở Phường Hòa Bình giá hợp lý,rent,affordable,2.1,1.0
evt_102715,usr_1181,sess_1181_0,45148125,save,2026-04-16T01:29:17Z,126,ai_recommendation,2.796,False,tìm nhà đất Phường Phú Nhuận sang trọng gần trường học,buy_for_living,mid_range,6.0,1.0
evt_102483,usr_1166,sess_1166_0,45182878,save,2026-04-16T01:44:19Z,53,search_bar,2.302,False,"nhà ở Phường Phú Nhuận thoáng mát 5pn, tầm trung",buy_for_living,luxury,25.3,1.0
evt_103621,usr_1238,sess_1238_0,44797709,view,2026-04-16T02:12:48Z,74,homepage,0.831,False,nhà đất Xã Nhà Bè giá hợp lý cho thuê gần metro,rent,mid_range,7.2,2.0
evt_102365,usr_1159,sess_1159_1,44107369,view,2026-04-16T03:24:26Z,49,ai_recommendation,0.753,False,tìm căn hộ Phường Long Trường rẻ một chút gần trường học,buy_for_living,mid_range,5.7,2.0
evt_104032,usr_1266,sess_1266_0,45114950,save,2026-04-16T03:25:33Z,36,ai_recommendation,2.084,False,nhà đất Phường Phú Nhuận ổn định dòng tiền tốt,investment,mid_range,7.8,2.0
evt_102282,usr_1155,sess_1155_1,45263106,view,2026-04-16T04:13:19Z,95,homepage,0.878,False,"nhà ở Phường Vĩnh Hội thoáng mát 1pn, giá hợp lý",buy_for_living,affordable,3.0,2.0
evt_101691,usr_1115,sess_1115_0,45025831,save,2026-04-16T05:41:56Z,203,ai_recommendation,3.0,False,"mua nhà đất đầu tư ở Phường Tân Hưng pháp lý rõ ràng, giá rẻ",investment,mid_range,7.4,1.0
evt_101984,usr_1135,sess_1135_0,45233274,view,2026-04-16T05:45:43Z,58,related_items,0.784,False,"nhà ở Phường Bình Tân thoáng mát 16pn, cao cấp",buy_for_living,affordable,2.8,1.0
evt_101429,usr_1097,sess_1097_2,43716231,view,2026-04-16T06:54:58Z,47,homepage,0.745,False,căn hộ Phường Long Bình tầm trung dòng tiền tốt,investment,affordable,2.4,2.0
evt_103182,usr_1210,sess_1210_1,45108028,save,2026-04-16T08:33:15Z,62,search_bar,2.391,False,"nhà ở Phường Tam Thắng thoáng mát 5pn, sang trọng",buy_for_living,luxury,26.3,2.0
evt_103355,usr_1221,sess_1221_0,43824759,view,2026-04-16T09:06:39Z,37,ai_recommendation,0.7,False,"mua nhà đất đầu tư ở Phường Bình Thạnh pháp lý rõ ràng, giá hợp lý",investment,affordable,2.7,3.0
evt_102777,usr_1185,sess_1185_0,45195095,view,2026-04-16T09:07:00Z,146,homepage,0.96,False,tìm nhà đất Phường Bình Trị Đông giá hợp lý gần trường học,buy_for_living,mid_range,5.7,1.0
evt_100511,usr_1032,sess_1032_0,44791321,save,2026-04-16T09:24:44Z,45,homepage,2.209,False,"nhà ở Phường Cầu Ông Lãnh thoáng mát 1pn, rẻ một chút",buy_for_living,affordable,2.8,2.0
evt_102796,usr_1186,sess_1186_0,45246408,save,2026-04-16T09:48:16Z,52,ai_recommendation,2.291,False,nhà đất Phường Bình Thạnh vị trí đẹp cho gia đình,buy_for_living,luxury,28.1,2.0
evt_100527,usr_1033,sess_1033_1,45059651,view,2026-04-16T11:10:51Z,101,search_bar,0.89,False,"cần mua nhà đất 3 phòng ngủ ở Phường Gò Vấp để ở, giá hợp lý",buy_for_living,affordable,2.8,2.0
evt_100970,usr_1065,sess_1065_0,45232770,view,2026-04-16T11:43:02Z,8,ai_recommendation,0.423,True,nhà đất Phường Cầu Ông Lãnh khu nhà giàu cho thuê lại được,investment,affordable,2.6,2.0
evt_103430,usr_1226,sess_1226_0,45065182,contact,2026-04-16T13:21:12Z,155,homepage,4.857,False,nhà đất Phường Tân Sơn ổn định cho gia đình,buy_for_living,affordable,2.5,2.0
evt_101722,usr_1118,sess_1118_2,45146527,save,2026-04-16T13:45:29Z,26,search_bar,1.902,False,"mua nhà đất đầu tư ở Phường Bình Lợi Trung pháp lý rõ ràng, giá mềm",investment,mid_range,6.3,2.0
evt_101051,usr_1071,sess_1071_0,45202949,view,2026-04-16T14:10:40Z,70,search_bar,0.82,False,"cần mua căn hộ 2 phòng ngủ ở Phường Phú Thuận để ở, giá mềm",buy_for_living,affordable,2.1,2.0
evt_102430,usr_1163,sess_1163_0,44998106,view,2026-04-16T15:23:36Z,88,ai_recommendation,0.863,False,nhà đất Phường Linh Xuân giá vừa phải cho thuê gần metro,rent,mid_range,7.2,3.0
evt_100452,usr_1029,sess_1029_2,44714707,view,2026-04-16T15:26:09Z,96,search_bar,0.88,False,tìm căn hộ Phường Long Bình giá tốt gần trường học,buy_for_living,affordable,2.2,2.0
evt_100595,usr_1038,sess_1038_0,45195893,view,2026-04-16T15:37:51Z,13,search_bar,0.508,False,tìm nhà đất Phường Hòa Hưng giá tốt gần trường học,buy_for_living,affordable,2.7,2.0
evt_100823,usr_1054,sess_1054_0,44119364,view,2026-04-16T16:07:52Z,7,ai_recommendation,0.4,True,nhà đất Xã Nhà Bè vị trí đẹp dòng tiền tốt,investment,affordable,3.0,1.0
evt_103026,usr_1200,sess_1200_1,44406217,save,2026-04-16T16:43:15Z,30,ai_recommendation,1.982,False,căn hộ Phường Long Bình giá mềm dòng tiền tốt,investment,mid_range,5.7,2.0
evt_103213,usr_1211,sess_1211_1,44995126,view,2026-04-16T16:44:05Z,24,search_bar,0.619,False,nhà đất Phường Tân Sơn Hòa sang trọng cho thuê gần metro,rent,affordable,2.4,2.0
evt_103654,usr_1241,sess_1241_0,42023574,view,2026-04-16T17:20:52Z,68,search_bar,0.814,False,căn hộ Phường Thủ Dầu Một cao cấp cho thuê lại được,investment,mid_range,7.2,2.0
evt_103104,usr_1205,sess_1205_0,45105755,save,2026-04-16T17:32:27Z,30,ai_recommendation,1.982,False,"nhà ở Phường Thông Tây Hội thoáng mát 4pn, sang trọng",buy_for_living,affordable,2.2,2.0
evt_103027,usr_1200,sess_1200_0,44453924,view,2026-04-16T17:35:18Z,10,ai_recommendation,0.461,False,tìm căn hộ Phường Long Bình giá hợp lý tiềm năng tăng giá,investment,mid_range,5.7,2.0
evt_100335,usr_1020,sess_1020_0,45196346,save,2026-04-16T18:27:54Z,25,search_bar,1.88,False,"cần thuê nhà đất Phường Phú Định full nội thất, giá mềm",rent,mid_range,6.9,2.0
evt_102576,usr_1171,sess_1171_1,45197627,contact,2026-04-16T18:29:56Z,79,related_items,4.215,False,nhà đất Phường Hạnh Thông giá vừa phải cho gia đình,buy_for_living,affordable,2.7,2.0
evt_103097,usr_1205,sess_1205_0,44199099,share,2026-04-16T18:51:47Z,63,homepage,3.2,False,"nhà ở Phường Bình Trưng thoáng mát 3pn, giá hợp lý",buy_for_living,affordable,2.2,2.0
evt_101379,usr_1093,sess_1093_0,45219816,view,2026-04-16T20:27:29Z,168,ai_recommendation,0.987,False,"mua nhà đất đầu tư ở Phường Hiệp Bình pháp lý rõ ràng, giá hợp lý",investment,affordable,2.9,3.0
evt_102936,usr_1194,sess_1194_0,45152823,save,2026-04-16T21:25:25Z,13,related_items,1.523,False,nhà đất Xã Tân Nhựt sang trọng cho thuê gần metro,rent,mid_range,5.7,2.0
evt_103141,usr_1207,sess_1207_1,45246054,view,2026-04-16T21:51:18Z,73,search_bar,0.828,False,"nhà ở Phường Linh Xuân thoáng mát 2pn, giá vừa phải",buy_for_living,affordable,2.9,1.0
evt_103975,usr_1263,sess_1263_2,43923505,view,2026-04-16T22:04:53Z,28,ai_recommendation,0.648,False,tìm căn hộ Phường Bình Tây bình dân tiềm năng tăng giá,investment,affordable,2.8,2.0
evt_103895,usr_1258,sess_1258_0,43696637,save,2026-04-16T22:13:28Z,77,search_bar,2.514,False,thuê căn hộ Phường Long Bình 1 phòng ngủ giá tốt,rent,affordable,2.6,1.0
evt_104295,usr_1284,sess_1284_2,45082533,contact,2026-04-16T22:29:27Z,45,ai_recommendation,3.682,False,"cần mua nhà đất 1 phòng ngủ ở Phường Đức Nhuận để ở, bình dân",buy_for_living,mid_range,7.1,1.0
evt_100915,usr_1061,sess_1061_1,45228540,view,2026-04-16T23:15:16Z,21,ai_recommendation,0.595,False,tìm phòng nhà đất ở Phường Tăng Nhơn Phú giá hợp lý,rent,mid_range,7.4,2.0
evt_100640,usr_1041,sess_1041_0,44283417,view,2026-04-17T00:34:12Z,241,homepage,1.0,False,tìm căn hộ Phường Long Bình khu nhà giàu gần trường học,buy_for_living,affordable,2.2,2.0
evt_100962,usr_1064,sess_1064_1,44456588,view,2026-04-17T00:36:41Z,29,ai_recommendation,0.654,False,tìm căn hộ Phường Khánh Hội giá rẻ tiềm năng tăng giá,investment,mid_range,6.7,2.0
evt_101305,usr_1088,sess_1088_0,45073914,save,2026-04-17T00:55:04Z,125,search_bar,2.791,False,nhà đất Phường Hiệp Bình bình dân cho vợ chồng mới cưới,buy_for_living,affordable,3.0,2.0
evt_103024,usr_1200,sess_1200_0,44524721,contact,2026-04-17T01:00:47Z,85,homepage,4.284,False,nhà đất Phường Thủ Đức giá mềm dòng tiền tốt,investment,mid_range,5.7,2.0
evt_101141,usr_1078,sess_1078_1,44317266,view,2026-04-17T01:16:24Z,37,homepage,0.7,False,tìm nhà đất Phường Bình Trưng bình dân gần trường học,buy_for_living,affordable,2.8,2.0
evt_101500,usr_1101,sess_1101_1,44851876,contact,2026-04-17T01:31:33Z,29,related_items,3.271,False,"cần thuê nhà đất Phường Sài Gòn full nội thất, vị trí đẹp",rent,affordable,2.3,2.0
evt_100661,usr_1042,sess_1042_0,44407762,save,2026-04-17T01:39:49Z,51,search_bar,2.28,False,"cần mua nhà đất 4 phòng ngủ ở Phường Bình Thạnh để ở, rẻ một chút",buy_for_living,affordable,2.3,2.0
evt_102868,usr_1190,sess_1190_1,45158956,view,2026-04-17T01:48:05Z,137,search_bar,0.948,False,"nhà ở Phường Phú Nhuận thoáng mát 2pn, giá vừa phải",buy_for_living,affordable,2.8,2.0
evt_102146,usr_1147,sess_1147_0,45259366,view,2026-04-17T03:20:04Z,14,ai_recommendation,0.521,False,nhà đất Xã Nhà Bè vị trí đẹp cho gia đình,buy_for_living,affordable,2.6,1.0
evt_100444,usr_1028,sess_1028_2,44770103,save,2026-04-17T03:23:17Z,30,related_items,1.982,False,nhà đất Phường Tăng Nhơn Phú vị trí đẹp cho gia đình,buy_for_living,affordable,2.2,1.0
evt_101183,usr_1081,sess_1081_0,44986524,share,2026-04-17T03:27:33Z,70,search_bar,3.28,False,tìm căn hộ Xã Nhà Bè giá tốt gần trường học,buy_for_living,affordable,2.3,1.0
evt_101943,usr_1132,sess_1132_0,45144435,view,2026-04-17T04:27:06Z,63,ai_recommendation,0.8,False,nhà đất Phường Phú Thạnh giá hợp lý dòng tiền tốt,investment,luxury,20.8,1.0
evt_103798,usr_1250,sess_1250_2,45205957,view,2026-04-17T04:51:19Z,73,related_items,0.828,False,"nhà ở Phường Bình Thạnh thoáng mát 4pn, bình dân",buy_for_living,mid_range,5.5,1.0
evt_100579,usr_1037,sess_1037_0,45231699,view,2026-04-17T06:07:10Z,74,related_items,0.831,False,tìm nhà đất Phường Gia Định vị trí đẹp tiềm năng tăng giá,investment,affordable,2.9,1.0
evt_101606,usr_1109,sess_1109_0,41316802,save,2026-04-17T06:32:53Z,22,search_bar,1.809,False,tìm nhà đất Phường Hiệp Bình cao cấp gần trường học,buy_for_living,affordable,2.1,2.0
evt_100489,usr_1031,sess_1031_1,43733254,view,2026-04-17T08:13:01Z,34,related_items,0.684,False,tìm căn hộ Phường Long Bình giá tốt gần trường học,buy_for_living,affordable,2.9,2.0
evt_102858,usr_1190,sess_1190_1,45229457,view,2026-04-17T08:24:19Z,332,search_bar,1.0,False,căn hộ Xã Tân Nhựt ổn định cho gia đình,buy_for_living,affordable,2.8,2.0
evt_100274,usr_1017,sess_1017_1,45257346,view,2026-04-17T08:33:30Z,912,search_bar,1.0,False,tìm phòng nhà đất ở Phường Thới An giá hợp lý,rent,mid_range,7.6,2.0
evt_104136,usr_1273,sess_1273_2,44708914,view,2026-04-17T09:13:49Z,30,search_bar,0.661,False,tìm phòng căn hộ ở Phường Chợ Lớn vị trí đẹp,rent,mid_range,7.2,1.0
evt_103371,usr_1222,sess_1222_0,45245173,view,2026-04-17T09:40:45Z,82,search_bar,0.85,False,căn hộ Phường Sài Gòn sang trọng cho vợ chồng mới cưới,buy_for_living,affordable,2.7,2.0
evt_100718,usr_1047,sess_1047_0,45220153,view,2026-04-17T09:58:22Z,20,search_bar,0.586,False,nhà đất Phường Thủ Đức vị trí đẹp cho gia đình,buy_for_living,luxury,22.7,3.0
evt_100701,usr_1046,sess_1046_0,44673808,view,2026-04-17T10:42:24Z,41,ai_recommendation,0.719,False,nhà đất Phường Thủ Đức khu nhà giàu dòng tiền tốt,investment,affordable,2.7,2.0
evt_102517,usr_1168,sess_1168_0,44740670,contact,2026-04-17T11:38:38Z,79,ai_recommendation,4.215,False,"mua căn hộ đầu tư ở Phường Long Bình pháp lý rõ ràng, giá rẻ",investment,mid_range,6.7,2.0
evt_100224,usr_1014,sess_1014_0,45264351,save,2026-04-17T12:22:39Z,11,ai_recommendation,1.434,False,nhà đất Phường Đức Nhuận sang trọng cho vợ chồng mới cưới,buy_for_living,mid_range,7.7,3.0
evt_103783,usr_1249,sess_1249_2,45166768,save,2026-04-17T13:40:55Z,24,ai_recommendation,1.858,False,thuê nhà đất Phường Tăng Nhơn Phú 0 phòng ngủ giá tốt,rent,luxury,25.2,2.0
evt_102445,usr_1164,sess_1164_1,45148338,view,2026-04-17T14:18:55Z,38,homepage,0.705,False,"nhà ở Phường Tăng Nhơn Phú thoáng mát 3pn, bình dân",buy_for_living,affordable,2.9,2.0
evt_104168,usr_1276,sess_1276_2,44783756,save,2026-04-17T14:44:34Z,42,homepage,2.171,False,nhà đất Xã Nhà Bè tầm trung cho thuê gần metro,rent,affordable,2.5,2.0
evt_101838,usr_1126,sess_1126_1,44734340,view,2026-04-17T14:44:51Z,44,ai_recommendation,0.732,False,tìm nhà đất Phường Xóm Chiếu giá tốt tiềm năng tăng giá,investment,affordable,2.4,1.0
evt_104076,usr_1270,sess_1270_0,44531634,save,2026-04-17T15:21:51Z,16,homepage,1.635,False,tìm căn hộ Phường Tăng Nhơn Phú rẻ một chút tiềm năng tăng giá,investment,mid_range,7.0,2.0
evt_100098,usr_1006,sess_1006_0,45093850,save,2026-04-17T15:27:29Z,71,homepage,2.468,False,tìm căn hộ Phường Đông Hưng Thuận giá tốt tiềm năng tăng giá,investment,affordable,2.5,2.0
evt_101898,usr_1129,sess_1129_0,45190535,save,2026-04-17T16:25:04Z,125,ai_recommendation,2.791,False,"nhà ở Phường Chánh Hưng thoáng mát 4pn, giá mềm",buy_for_living,mid_range,6.4,1.0
evt_101069,usr_1073,sess_1073_2,45259731,view,2026-04-17T16:32:18Z,280,ai_recommendation,1.0,False,"nhà ở Phường Thủ Đức thoáng mát 2pn, giá vừa phải",buy_for_living,mid_range,5.9,2.0
evt_100746,usr_1050,sess_1050_1,45010087,view,2026-04-17T16:44:21Z,21,ai_recommendation,0.595,False,thuê nhà đất Phường Bình Thạnh 26 phòng ngủ vị trí đẹp,rent,luxury,28.7,2.0
evt_100081,usr_1004,sess_1004_0,44558902,view,2026-04-17T17:40:54Z,45,ai_recommendation,0.736,False,thuê nhà đất Phường Bảy Hiền 4 phòng ngủ ổn định,rent,affordable,2.2,2.0
evt_102906,usr_1192,sess_1192_2,44187433,contact,2026-04-17T17:53:19Z,57,search_bar,3.905,False,"mua nhà đất đầu tư ở Xã Nhà Bè pháp lý rõ ràng, vị trí đẹp",investment,affordable,2.3,3.0
evt_102959,usr_1196,sess_1196_0,45228435,view,2026-04-17T18:31:14Z,21,ai_recommendation,0.595,False,"nhà ở Phường Long Bình thoáng mát 2pn, giá hợp lý",buy_for_living,affordable,2.5,2.0
evt_104159,usr_1275,sess_1275_0,44803935,view,2026-04-17T18:41:35Z,47,related_items,0.745,False,nhà đất Phường Cầu Ông Lãnh giá tốt dòng tiền tốt,investment,affordable,2.5,3.0
evt_102908,usr_1192,sess_1192_1,45053231,share,2026-04-17T18:53:27Z,109,homepage,3.617,False,nhà đất Phường Dĩ An cao cấp cho thuê lại được,investment,affordable,2.3,3.0
evt_103307,usr_1218,sess_1218_0,44646136,view,2026-04-17T19:00:55Z,122,homepage,0.926,False,nhà đất Phường Hòa Hưng cao cấp cho thuê lại được,investment,mid_range,6.1,3.0
evt_102230,usr_1152,sess_1152_0,42539528,view,2026-04-17T20:20:47Z,145,search_bar,0.959,False,"cần mua nhà đất 7 phòng ngủ ở Phường Vũng Tàu để ở, sang trọng",buy_for_living,affordable,2.7,2.0
evt_100760,usr_1050,sess_1050_2,45150425,share,2026-04-17T22:20:19Z,123,homepage,3.709,False,thuê nhà đất Phường Gò Vấp 3 phòng ngủ giá hợp lý,rent,luxury,28.7,2.0
evt_103389,usr_1224,sess_1224_1,45197605,save,2026-04-17T22:36:03Z,14,ai_recommendation,1.563,False,tìm nhà đất Phường Tam Thắng giá rẻ tiềm năng tăng giá,investment,luxury,21.3,3.0
evt_103200,usr_1211,sess_1211_0,45229038,view,2026-04-17T22:49:08Z,16,ai_recommendation,0.545,False,tìm phòng nhà đất ở Phường Tân Sơn bình dân,rent,affordable,2.4,2.0
evt_101761,usr_1120,sess_1120_1,44962033,save,2026-04-17T23:16:09Z,106,ai_recommendation,2.697,False,nhà đất Phường An Lạc vị trí đẹp cho vợ chồng mới cưới,buy_for_living,affordable,2.6,2.0
evt_103601,usr_1237,sess_1237_2,45210079,view,2026-04-18T00:31:25Z,442,search_bar,1.0,False,"cần thuê nhà đất Phường Tân Sơn Hòa full nội thất, bình dân",rent,mid_range,6.5,2.0
evt_104054,usr_1268,sess_1268_2,44620727,view,2026-04-18T00:32:32Z,48,ai_recommendation,0.749,False,thuê nhà đất Xã Bình Lợi 2 phòng ngủ rẻ một chút,rent,mid_range,5.9,1.0
evt_103152,usr_1208,sess_1208_0,44574462,contact,2026-04-18T00:33:56Z,16,related_items,2.725,False,"cần mua nhà đất 4 phòng ngủ ở Phường Thông Tây Hội để ở, khu nhà giàu",buy_for_living,affordable,2.3,2.0
evt_103947,usr_1261,sess_1261_0,45255987,view,2026-04-18T01:58:56Z,40,related_items,0.714,False,nhà đất Phường Thới Hòa giá vừa phải cho thuê lại được,investment,affordable,2.1,2.0
evt_102745,usr_1183,sess_1183_0,45206360,view,2026-04-18T02:21:57Z,139,related_items,0.951,False,tìm nhà đất Phường Tân Sơn Nhất bình dân gần trường học,buy_for_living,luxury,29.1,2.0
evt_101880,usr_1128,sess_1128_0,44845982,view,2026-04-18T02:34:53Z,133,related_items,0.942,False,"nhà ở Xã Nhà Bè thoáng mát 4pn, giá rẻ",buy_for_living,luxury,24.8,2.0
evt_102382,usr_1160,sess_1160_0,45207858,save,2026-04-18T02:54:24Z,45,search_bar,2.209,False,nhà đất Phường Bàn Cờ giá vừa phải cho gia đình,buy_for_living,affordable,2.2,2.0
evt_100976,usr_1066,sess_1066_0,45223231,view,2026-04-18T04:41:12Z,113,ai_recommendation,0.911,False,nhà đất Phường Bình Hưng Hòa sang trọng cho vợ chồng mới cưới,buy_for_living,mid_range,6.7,2.0
evt_104447,usr_1295,sess_1295_1,45175447,save,2026-04-18T05:24:10Z,127,homepage,2.8,False,tìm phòng nhà đất ở Phường Chánh Hưng giá rẻ,rent,mid_range,7.0,2.0
evt_102301,usr_1156,sess_1156_0,44871770,save,2026-04-18T06:31:18Z,72,search_bar,2.476,False,nhà đất Phường Bình Trưng giá vừa phải dòng tiền tốt,investment,luxury,19.7,3.0
evt_100787,usr_1052,sess_1052_0,44398073,view,2026-04-18T06:41:32Z,21,search_bar,0.595,False,nhà đất Phường An Nhơn vị trí đẹp dòng tiền tốt,investment,luxury,20.9,2.0
evt_103492,usr_1230,sess_1230_1,45258521,save,2026-04-18T06:44:49Z,27,ai_recommendation,1.923,False,tìm nhà đất Phường Thạnh Mỹ Tây giá tốt gần trường học,buy_for_living,affordable,2.5,2.0
evt_101290,usr_1087,sess_1087_0,45217838,contact,2026-04-18T06:53:42Z,61,search_bar,3.97,False,tìm căn hộ Xã Tân Nhựt ổn định tiềm năng tăng giá,investment,affordable,2.4,2.0
evt_101913,usr_1131,sess_1131_0,45064811,contact,2026-04-18T09:38:20Z,135,related_items,4.725,False,nhà đất Xã Trừ Văn Thố giá tốt cho vợ chồng mới cưới,buy_for_living,affordable,2.7,2.0
evt_100139,usr_1009,sess_1009_2,44998731,view,2026-04-18T09:57:20Z,26,related_items,0.634,False,"nhà ở Phường Thạnh Mỹ Tây thoáng mát 7pn, ổn định",buy_for_living,affordable,2.7,2.0
evt_100084,usr_1005,sess_1005_0,45080935,view,2026-04-18T10:04:08Z,53,related_items,0.767,False,"nhà ở Phường Thông Tây Hội thoáng mát 4pn, giá vừa phải",buy_for_living,affordable,2.8,2.0
evt_101683,usr_1114,sess_1114_0,45234636,view,2026-04-18T10:08:51Z,133,homepage,0.942,False,căn hộ Phường An Đông bình dân cho gia đình,buy_for_living,mid_range,6.3,3.0
evt_101089,usr_1075,sess_1075_1,42182617,contact,2026-04-18T10:31:47Z,17,ai_recommendation,2.78,False,tìm nhà đất Xã Trừ Văn Thố bình dân tiềm năng tăng giá,investment,mid_range,7.6,2.0
evt_103685,usr_1243,sess_1243_0,44890363,view,2026-04-18T10:48:34Z,176,search_bar,0.996,False,tìm nhà đất Phường Thới An giá hợp lý tiềm năng tăng giá,investment,mid_range,7.2,2.0
evt_101636,usr_1111,sess_1111_0,43649617,save,2026-04-18T11:53:19Z,78,ai_recommendation,2.522,False,nhà đất Phường Nhiêu Lộc khu nhà giàu dòng tiền tốt,investment,affordable,2.4,2.0
evt_103390,usr_1224,sess_1224_0,44549064,view,2026-04-18T12:02:22Z,68,ai_recommendation,0.814,False,"mua nhà đất đầu tư ở Phường Tân Sơn Nhất pháp lý rõ ràng, giá tốt",investment,luxury,21.3,3.0
evt_104494,usr_1298,sess_1298_0,45182521,view,2026-04-18T12:32:56Z,24,ai_recommendation,0.619,False,thuê nhà đất Phường Phú Thạnh 2 phòng ngủ cao cấp,rent,mid_range,5.7,3.0
evt_101272,usr_1086,sess_1086_2,43517747,view,2026-04-18T12:52:58Z,103,related_items,0.893,False,nhà đất Phường Tân Sơn sang trọng cho thuê lại được,investment,affordable,2.7,2.0
evt_103126,usr_1206,sess_1206_0,43756300,contact,2026-04-18T13:33:03Z,16,search_bar,2.725,False,căn hộ Phường Thủ Dầu Một giá mềm dòng tiền tốt,investment,affordable,2.5,2.0
evt_104300,usr_1284,sess_1284_1,45229457,view,2026-04-18T14:32:44Z,99,search_bar,0.886,False,căn hộ Xã Tân Nhựt tầm trung cho vợ chồng mới cưới,buy_for_living,mid_range,7.1,1.0
evt_103018,usr_1200,sess_1200_1,45005046,view,2026-04-18T14:42:21Z,93,ai_recommendation,0.874,False,"mua nhà đất đầu tư ở Phường Tân Hưng pháp lý rõ ràng, giá vừa phải",investment,mid_range,5.7,2.0
evt_103793,usr_1250,sess_1250_2,45074461,view,2026-04-18T17:43:52Z,58,search_bar,0.784,False,nhà đất Phường Tân Sơn Nhì khu nhà giàu cho gia đình,buy_for_living,mid_range,5.5,1.0
evt_102748,usr_1183,sess_1183_0,44082194,view,2026-04-18T18:15:49Z,17,ai_recommendation,0.556,False,"cần mua nhà đất 3 phòng ngủ ở Phường An Phú Đông để ở, khu nhà giàu",buy_for_living,luxury,29.1,2.0
evt_104511,usr_1299,sess_1299_1,45221695,view,2026-04-18T18:23:36Z,12,ai_recommendation,0.493,False,"nhà ở Phường An Phú Đông thoáng mát 3pn, tầm trung",buy_for_living,affordable,2.2,2.0
evt_102454,usr_1164,sess_1164_0,45054905,view,2026-04-18T18:33:10Z,81,homepage,0.848,False,nhà đất Phường Tân Hưng giá tốt cho gia đình,buy_for_living,affordable,2.9,2.0
evt_104183,usr_1277,sess_1277_0,45236333,view,2026-04-18T19:46:48Z,54,ai_recommendation,0.771,False,nhà đất Phường Tân Đông Hiệp giá vừa phải cho gia đình,buy_for_living,luxury,21.6,2.0
evt_100893,usr_1059,sess_1059_1,44849133,save,2026-04-18T21:11:54Z,61,search_bar,2.382,False,tìm căn hộ Xã Tân Nhựt bình dân gần trường học,buy_for_living,affordable,2.3,2.0
evt_103862,usr_1255,sess_1255_0,45023000,save,2026-04-18T21:20:52Z,21,ai_recommendation,1.784,False,"cần mua nhà đất 3 phòng ngủ ở Phường Xuân Hòa để ở, ổn định",buy_for_living,mid_range,6.8,1.0
evt_103193,usr_1210,sess_1210_1,45089167,share,2026-04-18T21:46:22Z,38,related_items,2.819,False,"cần mua nhà đất 0 phòng ngủ ở Phường Tân Định để ở, giá vừa phải",buy_for_living,luxury,26.3,2.0
evt_102123,usr_1145,sess_1145_0,45094268,contact,2026-04-18T22:21:30Z,18,ai_recommendation,2.832,False,nhà đất Phường Cầu Kiệu giá tốt cho thuê lại được,investment,luxury,21.1,2.0
evt_101718,usr_1118,sess_1118_0,43376549,contact,2026-04-18T22:59:35Z,16,search_bar,2.725,False,nhà đất Phường Bàn Cờ cao cấp cho thuê lại được,investment,mid_range,6.3,2.0
evt_101621,usr_1110,sess_1110_0,45019731,contact,2026-04-19T00:44:59Z,479,homepage,5.0,False,tìm phòng nhà đất ở Phường An Hội Tây cao cấp,rent,mid_range,5.6,1.0
evt_102666,usr_1178,sess_1178_2,45160970,contact,2026-04-19T02:12:16Z,153,ai_recommendation,4.845,False,tìm nhà đất Phường Tân Hưng tầm trung gần trường học,buy_for_living,mid_range,7.2,2.0
evt_101300,usr_1088,sess_1088_0,44884297,view,2026-04-19T04:25:10Z,24,ai_recommendation,0.619,False,nhà đất Phường Tân Hưng khu nhà giàu cho vợ chồng mới cưới,buy_for_living,affordable,3.0,2.0
evt_103506,usr_1231,sess_1231_0,44843875,save,2026-04-19T04:27:25Z,49,homepage,2.258,False,"nhà ở Xã Tân Nhựt thoáng mát 2pn, giá rẻ",buy_for_living,affordable,2.2,2.0
evt_104496,usr_1298,sess_1298_0,45166768,view,2026-04-19T04:38:02Z,72,homepage,0.825,False,"cần thuê nhà đất Phường Tăng Nhơn Phú full nội thất, bình dân",rent,mid_range,5.7,3.0
evt_103298,usr_1217,sess_1217_0,45118041,view,2026-04-19T04:40:25Z,37,homepage,0.7,False,nhà đất Phường Nhiêu Lộc sang trọng cho gia đình,buy_for_living,affordable,2.3,2.0
evt_101239,usr_1084,sess_1084_0,44288363,view,2026-04-19T04:41:21Z,85,homepage,0.857,False,căn hộ Phường Long Bình giá hợp lý cho gia đình,buy_for_living,mid_range,7.2,2.0
evt_103750,usr_1248,sess_1248_0,44948688,save,2026-04-19T04:51:15Z,44,ai_recommendation,2.197,False,"mua căn hộ đầu tư ở Xã Tân Nhựt pháp lý rõ ràng, giá rẻ",investment,affordable,2.3,2.0
evt_100866,usr_1057,sess_1057_0,43999966,view,2026-04-19T05:09:17Z,3,ai_recommendation,0.267,True,căn hộ Phường Long Bình bình dân cho gia đình,buy_for_living,affordable,2.6,3.0
evt_102617,usr_1174,sess_1174_0,45182658,view,2026-04-19T05:13:21Z,60,related_items,0.791,False,"cần thuê nhà đất Phường Long Nguyên full nội thất, bình dân",rent,affordable,2.4,2.0
evt_102621,usr_1175,sess_1175_0,45011234,save,2026-04-19T05:37:33Z,24,ai_recommendation,1.858,False,"cần mua nhà đất 3 phòng ngủ ở Phường Thông Tây Hội để ở, giá tốt",buy_for_living,mid_range,5.5,2.0
evt_102669,usr_1178,sess_1178_0,45101382,view,2026-04-19T06:41:23Z,8,homepage,0.423,True,nhà đất Xã Nhà Bè sang trọng cho vợ chồng mới cưới,buy_for_living,mid_range,7.2,2.0
evt_104424,usr_1293,sess_1293_2,44945217,view,2026-04-19T06:44:17Z,26,ai_recommendation,0.634,False,"cần mua căn hộ 2 phòng ngủ ở Phường Phú Thọ Hòa để ở, tầm trung",buy_for_living,affordable,2.9,2.0
evt_104186,usr_1277,sess_1277_0,43284851,save,2026-04-19T06:46:28Z,91,homepage,2.609,False,tìm căn hộ Phường Long Bình cao cấp gần trường học,buy_for_living,luxury,21.6,2.0
evt_100151,usr_1010,sess_1010_0,45223119,share,2026-04-19T07:36:25Z,125,ai_recommendation,3.721,False,nhà đất Phường Tân Hưng tầm trung cho gia đình,buy_for_living,affordable,2.3,2.0
evt_100860,usr_1057,sess_1057_0,44085752,save,2026-04-19T07:56:21Z,22,related_items,1.809,False,tìm căn hộ Phường Hòa Hưng rẻ một chút gần trường học,buy_for_living,affordable,2.6,3.0
evt_103586,usr_1236,sess_1236_0,44464018,save,2026-04-19T07:56:52Z,47,homepage,2.234,False,tìm căn hộ Phường Long Bình sang trọng gần trường học,buy_for_living,mid_range,7.2,2.0
evt_100242,usr_1015,sess_1015_1,45077493,contact,2026-04-19T07:58:47Z,93,ai_recommendation,4.37,False,căn hộ Phường Bình Phú bình dân cho thuê lại được,investment,affordable,2.1,2.0
evt_102657,usr_1177,sess_1177_1,45185441,save,2026-04-19T08:12:31Z,38,ai_recommendation,2.114,False,nhà đất Phường Bình Hưng Hòa giá mềm dòng tiền tốt,investment,luxury,27.7,2.0
evt_104440,usr_1294,sess_1294_1,44953993,view,2026-04-19T08:15:33Z,354,related_items,1.0,False,nhà đất Phường Tăng Nhơn Phú tầm trung dòng tiền tốt,investment,luxury,22.2,2.0
evt_104005,usr_1265,sess_1265_1,45201231,save,2026-04-19T08:20:39Z,392,ai_recommendation,3.0,False,"cần thuê nhà đất Phường Phú Thuận full nội thất, tầm trung",rent,mid_range,6.5,1.0
evt_104329,usr_1286,sess_1286_0,44734340,view,2026-04-19T08:58:07Z,7,related_items,0.4,True,thuê nhà đất Phường Xóm Chiếu 2 phòng ngủ rẻ một chút,rent,affordable,2.6,1.0
evt_103143,usr_1208,sess_1208_0,44958250,view,2026-04-19T09:00:33Z,28,ai_recommendation,0.648,False,tìm nhà đất Phường Phú Thuận giá tốt gần trường học,buy_for_living,affordable,2.3,2.0
evt_100082,usr_1005,sess_1005_0,45235016,contact,2026-04-19T09:16:55Z,26,homepage,3.17,False,"cần mua căn hộ 2 phòng ngủ ở Phường Đông Hưng Thuận để ở, giá mềm",buy_for_living,affordable,2.8,2.0
evt_102460,usr_1165,sess_1165_0,45221402,view,2026-04-19T10:22:56Z,37,search_bar,0.7,False,tìm nhà đất Phường Tân Thới Hiệp khu nhà giàu gần trường học,buy_for_living,luxury,26.4,2.0
evt_102662,usr_1178,sess_1178_0,45195213,view,2026-04-19T10:46:47Z,39,ai_recommendation,0.71,False,nhà đất Phường Thủ Đức giá mềm cho vợ chồng mới cưới,buy_for_living,mid_range,7.2,2.0
evt_102882,usr_1191,sess_1191_1,44006156,save,2026-04-19T12:55:54Z,16,related_items,1.635,False,thuê căn hộ Phường Long Bình 3 phòng ngủ giá vừa phải,rent,mid_range,6.0,3.0
evt_103762,usr_1248,sess_1248_0,45259017,view,2026-04-19T13:11:04Z,16,search_bar,0.545,False,nhà đất Phường Cầu Kiệu giá hợp lý cho thuê lại được,investment,affordable,2.3,2.0
evt_102293,usr_1155,sess_1155_2,45228050,save,2026-04-19T13:16:29Z,20,homepage,1.757,False,nhà đất Phường Bình Hòa cao cấp cho vợ chồng mới cưới,buy_for_living,affordable,3.0,2.0
evt_100306,usr_1019,sess_1019_1,45214659,save,2026-04-19T15:19:55Z,55,related_items,2.323,False,"cần mua nhà đất 2 phòng ngủ ở Phường Phú Nhuận để ở, giá tốt",buy_for_living,luxury,21.7,2.0
evt_101053,usr_1072,sess_1072_0,44959298,view,2026-04-19T16:11:05Z,34,ai_recommendation,0.684,False,nhà đất Phường Hòa Hưng giá hợp lý cho thuê gần metro,rent,mid_range,7.4,1.0
evt_103992,usr_1264,sess_1264_0,44950030,save,2026-04-19T16:45:24Z,15,search_bar,1.6,False,tìm nhà đất Phường An Hội Tây giá mềm gần trường học,buy_for_living,mid_range,6.7,1.0
evt_102726,usr_1181,sess_1181_1,44506594,view,2026-04-19T18:14:57Z,26,homepage,0.634,False,"nhà ở Phường Thông Tây Hội thoáng mát 2pn, rẻ một chút",buy_for_living,mid_range,6.0,1.0
evt_101170,usr_1080,sess_1080_0,45223417,share,2026-04-19T18:45:43Z,20,search_bar,2.343,False,tìm nhà đất Phường Bình Thạnh vị trí đẹp tiềm năng tăng giá,investment,affordable,2.7,2.0
evt_104101,usr_1271,sess_1271_0,45202954,save,2026-04-19T18:57:26Z,31,homepage,2.0,False,"cần mua căn hộ 2 phòng ngủ ở Phường Phú Thuận để ở, rẻ một chút",buy_for_living,affordable,2.8,2.0
evt_102552,usr_1170,sess_1170_0,44554063,contact,2026-04-19T19:15:31Z,33,search_bar,3.392,False,nhà đất Phường Tân Bình giá hợp lý cho vợ chồng mới cưới,buy_for_living,affordable,2.5,2.0
evt_100989,usr_1066,sess_1066_0,44673808,view,2026-04-19T19:33:30Z,32,ai_recommendation,0.673,False,"cần mua nhà đất 4 phòng ngủ ở Phường Thủ Đức để ở, vị trí đẹp",buy_for_living,mid_range,6.7,2.0
evt_100647,usr_1042,sess_1042_0,45188877,contact,2026-04-19T19:55:12Z,12,ai_recommendation,2.467,False,"nhà ở Phường Cầu Kiệu thoáng mát 3pn, giá hợp lý",buy_for_living,affordable,2.3,2.0
evt_104265,usr_1282,sess_1282_1,45196514,view,2026-04-19T20:38:39Z,19,search_bar,0.576,False,nhà đất Phường Hòa Hưng giá rẻ cho gia đình,buy_for_living,affordable,2.6,2.0
evt_101789,usr_1123,sess_1123_0,44326394,view,2026-04-19T22:01:30Z,19,related_items,0.576,False,nhà đất Xã Nhà Bè khu nhà giàu cho thuê lại được,investment,affordable,2.7,2.0
evt_100623,usr_1040,sess_1040_1,45140241,save,2026-04-19T22:06:39Z,60,homepage,2.372,False,tìm nhà đất Phường Hạnh Thông ổn định gần trường học,buy_for_living,luxury,25.7,3.0
evt_103503,usr_1231,sess_1231_0,44242335,share,2026-04-19T22:49:35Z,67,ai_recommendation,3.247,False,"cần mua nhà đất 0 phòng ngủ ở Phường Diên Hồng để ở, ổn định",buy_for_living,affordable,2.2,2.0
evt_101554,usr_1105,sess_1105_0,45239592,share,2026-04-20T00:35:56Z,100,ai_recommendation,3.551,False,"mua nhà đất đầu tư ở Phường Bình Lợi Trung pháp lý rõ ràng, giá vừa phải",investment,luxury,23.4,1.0
evt_100429,usr_1028,sess_1028_1,45225431,contact,2026-04-20T01:25:30Z,31,ai_recommendation,3.333,False,"cần mua căn hộ 2 phòng ngủ ở Phường Sài Gòn để ở, giá hợp lý",buy_for_living,affordable,2.2,1.0
evt_100935,usr_1063,sess_1063_0,45117835,save,2026-04-20T02:08:36Z,77,search_bar,2.514,False,nhà đất Phường Bình Hưng Hòa sang trọng dòng tiền tốt,investment,affordable,3.0,2.0
evt_103375,usr_1223,sess_1223_0,45115875,view,2026-04-20T02:10:04Z,39,ai_recommendation,0.71,False,tìm nhà đất Xã Nhà Bè sang trọng gần trường học,buy_for_living,affordable,2.4,3.0
evt_103000,usr_1198,sess_1198_0,44860566,view,2026-04-20T02:25:44Z,32,ai_recommendation,0.673,False,tìm căn hộ Xã Tân Nhựt sang trọng gần trường học,buy_for_living,affordable,2.2,2.0
evt_100048,usr_1002,sess_1002_0,42583860,view,2026-04-20T03:08:31Z,570,ai_recommendation,1.0,False,nhà đất Phường Tân Sơn Nhất giá hợp lý cho thuê gần metro,rent,affordable,2.1,1.0
evt_100662,usr_1042,sess_1042_0,44753361,contact,2026-04-20T03:09:20Z,47,homepage,3.723,False,căn hộ Xã Tân Nhựt giá tốt cho vợ chồng mới cưới,buy_for_living,affordable,2.3,2.0
evt_102979,usr_1197,sess_1197_0,44404341,save,2026-04-20T03:20:31Z,146,related_items,2.88,False,"cần mua căn hộ 1 phòng ngủ ở Phường Long Bình để ở, giá rẻ",buy_for_living,affordable,2.4,2.0
evt_101788,usr_1122,sess_1122_1,45242724,view,2026-04-20T05:02:14Z,210,search_bar,1.0,False,"mua nhà đất đầu tư ở Phường Tăng Nhơn Phú pháp lý rõ ràng, sang trọng",investment,luxury,28.5,2.0
evt_103569,usr_1235,sess_1235_0,45209045,view,2026-04-20T05:22:33Z,48,related_items,0.749,False,"nhà ở Phường An Lạc thoáng mát 4pn, cao cấp",buy_for_living,affordable,2.3,3.0
evt_104415,usr_1292,sess_1292_0,45112753,share,2026-04-20T07:32:45Z,20,ai_recommendation,2.343,False,"nhà ở Phường Đức Nhuận thoáng mát 3pn, khu nhà giàu",buy_for_living,affordable,2.6,2.0
evt_101624,usr_1110,sess_1110_0,44995879,view,2026-04-20T08:05:12Z,53,related_items,0.767,False,"cần thuê nhà đất Phường Bình Trị Đông full nội thất, rẻ một chút",rent,mid_range,5.6,1.0
evt_103887,usr_1257,sess_1257_0,45148629,view,2026-04-20T08:30:21Z,95,related_items,0.878,False,"nhà ở Phường Phú Lợi thoáng mát 2pn, rẻ một chút",buy_for_living,affordable,2.6,2.0
evt_103904,usr_1258,sess_1258_0,45151240,save,2026-04-20T08:43:50Z,163,search_bar,2.943,False,thuê nhà đất Phường Bảy Hiền 3 phòng ngủ giá rẻ,rent,affordable,2.6,1.0
evt_103876,usr_1256,sess_1256_0,44049981,save,2026-04-20T09:07:54Z,52,search_bar,2.291,False,tìm nhà đất Phường Cầu Ông Lãnh sang trọng gần trường học,buy_for_living,affordable,2.9,2.0
evt_103203,usr_1211,sess_1211_1,45197627,view,2026-04-20T09:10:28Z,87,search_bar,0.861,False,thuê nhà đất Phường Hạnh Thông 3 phòng ngủ ổn định,rent,affordable,2.4,2.0
evt_103558,usr_1235,sess_1235_1,44189753,view,2026-04-20T09:38:59Z,77,related_items,0.838,False,nhà đất Phường Thuận Giao sang trọng cho gia đình,buy_for_living,affordable,2.3,3.0
evt_101161,usr_1079,sess_1079_1,45174871,share,2026-04-20T10:35:16Z,27,ai_recommendation,2.564,False,thuê nhà đất Phường Thông Tây Hội 4 phòng ngủ bình dân,rent,affordable,3.0,2.0
evt_103615,usr_1238,sess_1238_0,45217777,save,2026-04-20T10:48:42Z,20,ai_recommendation,1.757,False,nhà đất Phường Bình Lợi Trung tầm trung cho thuê gần metro,rent,mid_range,7.2,2.0
evt_104147,usr_1274,sess_1274_2,44943702,save,2026-04-20T12:02:47Z,13,ai_recommendation,1.523,False,tìm nhà đất Phường Bảy Hiền ổn định gần trường học,buy_for_living,mid_range,5.5,2.0
evt_101677,usr_1114,sess_1114_2,45155645,view,2026-04-20T12:11:23Z,29,homepage,0.654,False,nhà đất Phường Đức Nhuận giá hợp lý cho gia đình,buy_for_living,mid_range,6.3,3.0
evt_104020,usr_1266,sess_1266_0,45110391,view,2026-04-20T12:20:07Z,212,ai_recommendation,1.0,False,"mua căn hộ đầu tư ở Phường Khánh Hội pháp lý rõ ràng, rẻ một chút",investment,mid_range,7.8,2.0
evt_103409,usr_1225,sess_1225_0,45240240,view,2026-04-20T12:47:41Z,148,search_bar,0.963,False,"nhà ở Phường Thông Tây Hội thoáng mát 3pn, rẻ một chút",buy_for_living,mid_range,7.0,2.0
evt_102186,usr_1149,sess_1149_1,45189306,view,2026-04-20T12:57:08Z,101,search_bar,0.89,False,"cần mua nhà đất 3 phòng ngủ ở Phường Phước Long để ở, giá hợp lý",buy_for_living,affordable,2.6,2.0
evt_102571,usr_1171,sess_1171_0,44023941,view,2026-04-20T13:16:42Z,5,ai_recommendation,0.345,True,tìm căn hộ Phường Long Bình giá vừa phải gần trường học,buy_for_living,affordable,2.7,2.0
evt_101952,usr_1133,sess_1133_0,43161489,view,2026-04-20T13:40:01Z,48,ai_recommendation,0.749,False,thuê căn hộ Phường Thạnh Mỹ Tây 2 phòng ngủ giá rẻ,rent,luxury,26.3,2.0
evt_103360,usr_1222,sess_1222_1,45086865,share,2026-04-20T13:58:18Z,47,homepage,2.979,False,nhà đất Phường Bình Trị Đông vị trí đẹp cho gia đình,buy_for_living,affordable,2.7,2.0
evt_100451,usr_1029,sess_1029_0,45222811,view,2026-04-20T14:01:49Z,19,search_bar,0.576,False,căn hộ Phường Chợ Lớn rẻ một chút cho gia đình,buy_for_living,affordable,2.2,2.0
evt_102334,usr_1157,sess_1157_1,44785182,view,2026-04-20T14:49:41Z,20,ai_recommendation,0.586,False,"nhà ở Phường An Lạc thoáng mát 1pn, giá tốt",buy_for_living,affordable,2.3,2.0
evt_103370,usr_1222,sess_1222_1,44740495,view,2026-04-20T15:24:26Z,36,ai_recommendation,0.695,False,nhà đất Phường An Hội Đông rẻ một chút cho vợ chồng mới cưới,buy_for_living,affordable,2.7,2.0
evt_101104,usr_1076,sess_1076_1,44406217,view,2026-04-20T15:58:56Z,52,search_bar,0.764,False,căn hộ Phường Long Bình giá rẻ dòng tiền tốt,investment,affordable,2.8,2.0
evt_100484,usr_1031,sess_1031_0,43845241,view,2026-04-20T17:04:24Z,57,ai_recommendation,0.781,False,nhà đất Phường Tân Thuận giá mềm cho gia đình,buy_for_living,affordable,2.9,2.0
evt_103350,usr_1221,sess_1221_1,45247172,save,2026-04-20T17:05:50Z,28,homepage,1.943,False,tìm nhà đất Phường An Hội Tây rẻ một chút tiềm năng tăng giá,investment,affordable,2.7,3.0
evt_101478,usr_1100,sess_1100_0,45250288,contact,2026-04-20T17:24:17Z,112,related_items,4.547,False,tìm phòng nhà đất ở Phường Bến Thành tầm trung,rent,affordable,2.4,2.0
evt_100909,usr_1061,sess_1061_1,43779678,view,2026-04-20T18:00:38Z,38,ai_recommendation,0.705,False,căn hộ Phường Long Bình khu nhà giàu cho thuê gần metro,rent,mid_range,7.4,2.0
evt_101424,usr_1096,sess_1096_0,44812725,save,2026-04-20T19:37:45Z,13,ai_recommendation,1.523,False,tìm nhà đất Phường An Lạc tầm trung gần trường học,buy_for_living,affordable,2.3,1.0
evt_103132,usr_1207,sess_1207_0,45239181,view,2026-04-20T19:47:21Z,31,ai_recommendation,0.667,False,tìm nhà đất Phường Cầu Kiệu giá tốt gần trường học,buy_for_living,affordable,2.9,1.0
evt_102760,usr_1184,sess_1184_0,45154817,view,2026-04-20T20:06:02Z,131,ai_recommendation,0.939,False,tìm nhà đất Phường Phú Thạnh sang trọng gần trường học,buy_for_living,luxury,24.9,1.0
evt_101095,usr_1075,sess_1075_2,45152166,save,2026-04-20T20:27:08Z,144,search_bar,2.872,False,nhà đất Phường Tân Sơn Nhất giá rẻ dòng tiền tốt,investment,mid_range,7.6,2.0
evt_103929,usr_1260,sess_1260_0,45265683,view,2026-04-20T21:08:51Z,14,search_bar,0.521,False,tìm nhà đất Phường Phú Thọ Hòa giá hợp lý gần trường học,buy_for_living,affordable,2.8,2.0
evt_103707,usr_1245,sess_1245_0,45221822,view,2026-04-20T21:48:03Z,43,search_bar,0.728,False,nhà đất Phường Tân Tạo ổn định cho gia đình,buy_for_living,mid_range,8.0,3.0
evt_103049,usr_1202,sess_1202_0,45011337,view,2026-04-20T21:57:19Z,13,related_items,0.508,False,"cần mua nhà đất 3 phòng ngủ ở Phường An Khánh để ở, sang trọng",buy_for_living,affordable,2.8,3.0
evt_103111,usr_1206,sess_1206_0,44407762,view,2026-04-20T22:35:58Z,291,search_bar,1.0,False,nhà đất Phường Bình Thạnh giá mềm dòng tiền tốt,investment,affordable,2.5,2.0
evt_103379,usr_1223,sess_1223_0,45210609,view,2026-04-20T23:12:29Z,31,ai_recommendation,0.667,False,tìm nhà đất Phường Tân Thới Hiệp khu nhà giàu gần trường học,buy_for_living,affordable,2.4,3.0
evt_101557,usr_1105,sess_1105_0,44838169,view,2026-04-20T23:31:10Z,47,search_bar,0.745,False,"mua nhà đất đầu tư ở Phường Diên Hồng pháp lý rõ ràng, giá tốt",investment,luxury,23.4,1.0
evt_101763,usr_1121,sess_1121_2,44585453,view,2026-04-20T23:32:05Z,21,homepage,0.595,False,căn hộ Phường Long Bình giá hợp lý cho thuê lại được,investment,affordable,2.9,2.0
evt_100816,usr_1054,sess_1054_0,43344418,save,2026-04-20T23:49:24Z,173,ai_recommendation,2.977,False,"mua căn hộ đầu tư ở Phường Long Bình pháp lý rõ ràng, giá mềm",investment,affordable,3.0,1.0
evt_101947,usr_1133,sess_1133_1,44810236,view,2026-04-21T00:02:19Z,116,homepage,0.916,False,nhà đất Phường Tân Bình khu nhà giàu cho thuê gần metro,rent,luxury,26.3,2.0
evt_104414,usr_1292,sess_1292_0,44285831,save,2026-04-21T00:04:38Z,36,homepage,2.084,False,nhà đất Phường Hạnh Thông bình dân cho gia đình,buy_for_living,affordable,2.6,2.0
evt_103035,usr_1201,sess_1201_0,44945217,view,2026-04-21T01:14:16Z,223,homepage,1.0,False,căn hộ Phường Phú Thọ Hòa ổn định cho gia đình,buy_for_living,affordable,2.1,2.0
evt_103661,usr_1241,sess_1241_0,44101006,contact,2026-04-21T01:17:25Z,67,ai_recommendation,4.058,False,nhà đất Phường Đức Nhuận ổn định cho thuê lại được,investment,mid_range,7.2,2.0
evt_103532,usr_1233,sess_1233_0,43272904,save,2026-04-21T01:40:08Z,68,search_bar,2.443,False,nhà đất Phường Tân Bình giá hợp lý cho thuê gần metro,rent,affordable,2.3,2.0
evt_101807,usr_1124,sess_1124_1,45021580,contact,2026-04-21T02:04:49Z,95,ai_recommendation,4.39,False,"mua nhà đất đầu tư ở Phường Cầu Kiệu pháp lý rõ ràng, bình dân",investment,affordable,2.4,2.0
evt_103607,usr_1238,sess_1238_0,44390177,contact,2026-04-21T02:17:03Z,145,ai_recommendation,4.793,False,thuê nhà đất Phường Cầu Kiệu 5 phòng ngủ tầm trung,rent,mid_range,7.2,2.0
evt_102581,usr_1172,sess_1172_2,45246980,view,2026-04-21T02:42:26Z,107,homepage,0.901,False,nhà đất Phường Thạnh Mỹ Tây sang trọng cho gia đình,buy_for_living,affordable,2.5,1.0
evt_104106,usr_1271,sess_1271_0,45231197,save,2026-04-21T03:24:48Z,112,ai_recommendation,2.728,False,"nhà ở Phường Bình Tây thoáng mát 5pn, cao cấp",buy_for_living,affordable,2.8,2.0
evt_101625,usr_1110,sess_1110_0,45016430,view,2026-04-21T04:27:30Z,54,search_bar,0.771,False,tìm phòng nhà đất ở Phường Tân Hưng rẻ một chút,rent,mid_range,5.6,1.0
evt_103472,usr_1229,sess_1229_1,43317208,view,2026-04-21T05:26:15Z,175,ai_recommendation,0.995,False,"mua nhà đất đầu tư ở Phường Diên Hồng pháp lý rõ ràng, giá hợp lý",investment,affordable,2.6,2.0
evt_103820,usr_1252,sess_1252_1,43496938,save,2026-04-21T05:27:27Z,62,ai_recommendation,2.391,False,"nhà ở Phường Long Bình thoáng mát 0pn, cao cấp",buy_for_living,luxury,28.5,2.0
evt_101645,usr_1111,sess_1111_0,45025864,view,2026-04-21T07:31:32Z,117,search_bar,0.918,False,"mua căn hộ đầu tư ở Phường Phú Thọ Hòa pháp lý rõ ràng, giá vừa phải",investment,affordable,2.4,2.0
evt_104273,usr_1283,sess_1283_0,45194730,contact,2026-04-21T07:35:00Z,66,ai_recommendation,4.044,False,nhà đất Phường Tân Bình cao cấp dòng tiền tốt,investment,luxury,19.0,2.0
evt_103814,usr_1252,sess_1252_1,45239656,view,2026-04-21T07:37:27Z,87,ai_recommendation,0.861,False,"nhà ở Phường Nhiêu Lộc thoáng mát 3pn, bình dân",buy_for_living,luxury,28.5,2.0
evt_100703,usr_1046,sess_1046_0,43906503,save,2026-04-21T08:31:11Z,22,ai_recommendation,1.809,False,nhà đất Phường Tân Sơn Nhất cao cấp cho thuê lại được,investment,affordable,2.7,2.0
evt_103790,usr_1250,sess_1250_1,45100628,save,2026-04-21T08:34:55Z,19,ai_recommendation,1.729,False,"cần mua căn hộ 2 phòng ngủ ở Phường Phú Thọ Hòa để ở, bình dân",buy_for_living,mid_range,5.5,1.0
evt_101891,usr_1129,sess_1129_0,43398089,view,2026-04-21T09:37:01Z,47,ai_recommendation,0.745,False,tìm nhà đất Phường An Hội Tây tầm trung gần trường học,buy_for_living,mid_range,6.4,1.0
evt_103352,usr_1221,sess_1221_0,45240745,save,2026-04-21T10:23:10Z,139,homepage,2.852,False,nhà đất Phường Bàn Cờ giá vừa phải cho thuê lại được,investment,affordable,2.7,3.0
evt_104137,usr_1273,sess_1273_0,45005189,view,2026-04-21T10:52:07Z,24,search_bar,0.619,False,thuê nhà đất Phường Xuân Hòa 4 phòng ngủ bình dân,rent,mid_range,7.2,1.0
evt_101578,usr_1107,sess_1107_1,45211193,view,2026-04-21T11:25:56Z,9,ai_recommendation,0.443,True,"nhà ở Xã Tân Nhựt thoáng mát 2pn, giá hợp lý",buy_for_living,mid_range,7.0,1.0
evt_103612,usr_1238,sess_1238_0,44867307,view,2026-04-21T11:42:31Z,16,related_items,0.545,False,nhà đất Phường Đức Nhuận giá rẻ cho thuê gần metro,rent,mid_range,7.2,2.0
evt_103101,usr_1205,sess_1205_0,44759145,save,2026-04-21T11:46:40Z,137,ai_recommendation,2.843,False,nhà đất Phường Chánh Hưng cao cấp cho vợ chồng mới cưới,buy_for_living,affordable,2.2,2.0
evt_103785,usr_1249,sess_1249_2,44136516,view,2026-04-21T12:31:51Z,23,ai_recommendation,0.611,False,căn hộ Phường Bình Trưng giá vừa phải cho thuê gần metro,rent,luxury,25.2,2.0
evt_103007,usr_1199,sess_1199_1,44715266,view,2026-04-21T13:06:08Z,23,search_bar,0.611,False,tìm phòng căn hộ ở Phường Vĩnh Hội khu nhà giàu,rent,affordable,2.2,2.0
evt_100903,usr_1060,sess_1060_0,45200648,contact,2026-04-21T13:45:53Z,152,search_bar,4.838,False,tìm nhà đất Xã Nhà Bè bình dân tiềm năng tăng giá,investment,mid_range,6.5,1.0
evt_104238,usr_1280,sess_1280_1,45219753,view,2026-04-21T14:02:00Z,38,search_bar,0.705,False,"cần thuê căn hộ Phường Long Bình full nội thất, giá vừa phải",rent,mid_range,7.6,2.0
evt_103520,usr_1232,sess_1232_1,45216200,save,2026-04-21T14:11:35Z,28,related_items,1.943,False,"cần thuê nhà đất Phường An Hội Tây full nội thất, tầm trung",rent,mid_range,6.1,2.0
evt_102479,usr_1166,sess_1166_0,44562367,contact,2026-04-21T15:22:49Z,10,search_bar,2.306,False,nhà đất Phường An Hội Tây khu nhà giàu cho vợ chồng mới cưới,buy_for_living,luxury,25.3,1.0
evt_101212,usr_1083,sess_1083_0,45052349,contact,2026-04-21T15:47:18Z,84,related_items,4.273,False,tìm nhà đất Phường Cầu Ông Lãnh sang trọng tiềm năng tăng giá,investment,affordable,2.5,2.0
evt_100619,usr_1040,sess_1040_1,44870671,save,2026-04-21T16:12:31Z,95,ai_recommendation,2.634,False,"cần mua nhà đất 4 phòng ngủ ở Xã Nhà Bè để ở, giá vừa phải",buy_for_living,luxury,25.7,3.0
evt_103178,usr_1209,sess_1209_0,44900300,view,2026-04-21T17:10:35Z,44,ai_recommendation,0.732,False,tìm nhà đất Phường Cát Lái vị trí đẹp gần trường học,buy_for_living,affordable,2.6,2.0
evt_102606,usr_1174,sess_1174_0,45195893,view,2026-04-21T18:11:15Z,36,search_bar,0.695,False,"cần thuê nhà đất Phường Hòa Hưng full nội thất, bình dân",rent,affordable,2.4,2.0
evt_104418,usr_1293,sess_1293_1,43693887,view,2026-04-21T18:31:32Z,21,ai_recommendation,0.595,False,tìm căn hộ Phường Long Bình giá rẻ gần trường học,buy_for_living,affordable,2.9,2.0
evt_103827,usr_1253,sess_1253_0,44483330,share,2026-04-21T19:01:37Z,72,search_bar,3.301,False,căn hộ Phường Cầu Ông Lãnh giá mềm cho thuê lại được,investment,affordable,2.6,2.0
evt_101803,usr_1123,sess_1123_0,44702970,save,2026-04-21T19:53:08Z,12,search_bar,1.48,False,tìm nhà đất Phường An Lạc vị trí đẹp tiềm năng tăng giá,investment,affordable,2.7,2.0
evt_101593,usr_1108,sess_1108_1,45007050,save,2026-04-21T20:06:51Z,64,homepage,2.409,False,căn hộ Phường Chợ Lớn sang trọng cho vợ chồng mới cưới,buy_for_living,affordable,2.5,2.0
evt_100184,usr_1011,sess_1011_1,44723700,save,2026-04-21T20:26:31Z,61,ai_recommendation,2.382,False,"nhà ở Phường Đức Nhuận thoáng mát 2pn, giá tốt",buy_for_living,mid_range,7.4,2.0
evt_103273,usr_1216,sess_1216_0,44930313,save,2026-04-21T21:39:39Z,42,search_bar,2.171,False,nhà đất Phường Vườn Lài ổn định cho vợ chồng mới cưới,buy_for_living,affordable,2.1,1.0
evt_102065,usr_1140,sess_1140_0,45261598,view,2026-04-21T21:48:38Z,35,ai_recommendation,0.689,False,nhà đất Xã Hiệp Phước giá mềm cho vợ chồng mới cưới,buy_for_living,affordable,2.4,2.0
evt_100263,usr_1016,sess_1016_0,44925164,view,2026-04-22T01:08:57Z,62,ai_recommendation,0.797,False,nhà đất Phường Phú Lâm tầm trung cho gia đình,buy_for_living,mid_range,7.3,3.0
evt_103564,usr_1235,sess_1235_0,45052563,view,2026-04-22T01:28:40Z,513,related_items,1.0,False,tìm nhà đất Phường An Khánh sang trọng gần trường học,buy_for_living,affordable,2.3,3.0
evt_100447,usr_1028,sess_1028_0,43717341,view,2026-04-22T02:09:01Z,109,ai_recommendation,0.904,False,tìm nhà đất Phường Diên Hồng giá hợp lý gần trường học,buy_for_living,affordable,2.2,1.0
evt_100418,usr_1027,sess_1027_1,44733999,view,2026-04-22T02:50:42Z,74,related_items,0.831,False,nhà đất Xã Hiệp Phước giá vừa phải cho gia đình,buy_for_living,mid_range,7.8,3.0
evt_102837,usr_1188,sess_1188_0,45255223,save,2026-04-22T03:32:24Z,99,search_bar,2.658,False,nhà đất Phường Hòa Hưng bình dân cho gia đình,buy_for_living,mid_range,6.8,3.0
evt_102087,usr_1142,sess_1142_0,45209835,view,2026-04-22T03:38:30Z,53,homepage,0.767,False,nhà đất Phường Chợ Quán giá tốt cho thuê gần metro,rent,affordable,2.3,1.0
evt_103467,usr_1229,sess_1229_1,44130737,contact,2026-04-22T05:46:37Z,74,ai_recommendation,4.153,False,căn hộ Phường Long Bình vị trí đẹp dòng tiền tốt,investment,affordable,2.6,2.0
evt_104003,usr_1265,sess_1265_1,43411750,view,2026-04-22T06:20:15Z,114,ai_recommendation,0.913,False,tìm phòng căn hộ ở Phường Bình Trưng giá tốt,rent,mid_range,6.5,1.0
evt_101149,usr_1079,sess_1079_0,45155376,view,2026-04-22T06:40:45Z,33,ai_recommendation,0.678,False,căn hộ Phường Bình Phú giá tốt cho thuê gần metro,rent,affordable,3.0,2.0
evt_104483,usr_1298,sess_1298_0,45124613,view,2026-04-22T06:55:07Z,92,search_bar,0.872,False,thuê nhà đất Phường Gò Vấp 3 phòng ngủ rẻ một chút,rent,mid_range,5.7,3.0
evt_102416,usr_1162,sess_1162_1,45035345,save,2026-04-22T07:20:12Z,139,search_bar,2.852,False,tìm nhà đất Phường Bình Lợi Trung cao cấp gần trường học,buy_for_living,affordable,2.6,1.0
evt_101080,usr_1074,sess_1074_0,44052997,save,2026-04-22T08:12:53Z,25,ai_recommendation,1.88,False,"cần mua nhà đất 2 phòng ngủ ở Phường Khánh Hội để ở, bình dân",buy_for_living,mid_range,5.6,1.0
evt_101797,usr_1123,sess_1123_0,43927670,view,2026-04-22T08:37:54Z,50,ai_recommendation,0.756,False,"mua căn hộ đầu tư ở Phường Cầu Ông Lãnh pháp lý rõ ràng, giá rẻ",investment,affordable,2.7,2.0
evt_101575,usr_1107,sess_1107_1,44066039,save,2026-04-22T10:08:04Z,47,ai_recommendation,2.234,False,tìm nhà đất Phường Long Trường khu nhà giàu gần trường học,buy_for_living,mid_range,7.0,1.0
evt_101168,usr_1080,sess_1080_0,44346372,contact,2026-04-22T11:35:18Z,95,search_bar,4.39,False,căn hộ Phường Tân Thuận giá vừa phải dòng tiền tốt,investment,affordable,2.7,2.0
evt_100282,usr_1017,sess_1017_0,45074461,view,2026-04-22T11:53:09Z,102,search_bar,0.892,False,"cần thuê nhà đất Phường Tân Sơn Nhì full nội thất, sang trọng",rent,mid_range,7.6,2.0
evt_103720,usr_1246,sess_1246_0,44960320,view,2026-04-22T11:58:24Z,66,related_items,0.809,False,nhà đất Phường Thông Tây Hội khu nhà giàu cho thuê lại được,investment,luxury,21.4,3.0
evt_104061,usr_1268,sess_1268_1,44869367,view,2026-04-22T12:28:30Z,77,ai_recommendation,0.838,False,"cần thuê nhà đất Phường Bình Lợi Trung full nội thất, bình dân",rent,mid_range,5.9,1.0
evt_101205,usr_1082,sess_1082_0,45141065,share,2026-04-22T14:58:12Z,91,ai_recommendation,3.479,False,nhà đất Xã Hiệp Phước ổn định cho gia đình,buy_for_living,affordable,2.6,2.0
evt_102477,usr_1165,sess_1165_1,44963713,view,2026-04-22T15:02:21Z,109,ai_recommendation,0.904,False,tìm nhà đất Xã Nhà Bè ổn định gần trường học,buy_for_living,luxury,26.4,2.0
evt_102491,usr_1166,sess_1166_2,43981027,save,2026-04-22T15:57:44Z,29,ai_recommendation,1.963,False,"nhà ở Phường Phú Thọ Hòa thoáng mát 0pn, vị trí đẹp",buy_for_living,luxury,25.3,1.0
evt_103127,usr_1206,sess_1206_0,45200981,view,2026-04-22T16:27:24Z,15,search_bar,0.533,False,tìm nhà đất Phường Phú Thuận tầm trung tiềm năng tăng giá,investment,affordable,2.5,2.0
evt_104231,usr_1280,sess_1280_1,45228729,view,2026-04-22T16:36:36Z,124,ai_recommendation,0.929,False,tìm phòng nhà đất ở Phường Thới Hòa ổn định,rent,mid_range,7.6,2.0
evt_100030,usr_1001,sess_1001_1,44682333,contact,2026-04-22T17:35:28Z,28,search_bar,3.239,False,"cần mua căn hộ 2 phòng ngủ ở Phường Vườn Lài để ở, rẻ một chút",buy_for_living,affordable,2.7,2.0
evt_103697,usr_1244,sess_1244_1,44823332,share,2026-04-22T17:53:47Z,309,related_items,4.0,False,"cần mua nhà đất 5 phòng ngủ ở Phường Tân Định để ở, giá hợp lý",buy_for_living,affordable,2.8,2.0
evt_103759,usr_1248,sess_1248_0,45066832,view,2026-04-22T20:12:56Z,50,ai_recommendation,0.756,False,"mua nhà đất đầu tư ở Phường Long Trường pháp lý rõ ràng, giá rẻ",investment,affordable,2.3,2.0
evt_102152,usr_1147,sess_1147_0,44886440,save,2026-04-22T21:57:36Z,206,ai_recommendation,3.0,False,nhà đất Phường Vườn Lài giá tốt cho vợ chồng mới cưới,buy_for_living,affordable,2.6,1.0
evt_100624,usr_1040,sess_1040_0,44745637,view,2026-04-22T22:43:26Z,5,related_items,0.345,True,tìm nhà đất Phường Xuân Hòa ổn định gần trường học,buy_for_living,luxury,25.7,3.0
evt_102735,usr_1182,sess_1182_0,44984489,contact,2026-04-22T23:40:10Z,36,homepage,3.473,False,căn hộ Phường Cầu Kiệu rẻ một chút cho thuê gần metro,rent,affordable,2.5,2.0
evt_102667,usr_1178,sess_1178_0,45226530,save,2026-04-22T23:54:54Z,38,ai_recommendation,2.114,False,"cần mua nhà đất 2 phòng ngủ ở Phường An Phú Đông để ở, bình dân",buy_for_living,mid_range,7.2,2.0
evt_100140,usr_1009,sess_1009_2,44102172,save,2026-04-23T00:13:44Z,55,ai_recommendation,2.323,False,tìm nhà đất Phường An Hội Tây giá rẻ gần trường học,buy_for_living,affordable,2.7,2.0
evt_104454,usr_1296,sess_1296_0,44936092,view,2026-04-23T00:40:56Z,17,ai_recommendation,0.556,False,"cần mua nhà đất 2 phòng ngủ ở Phường Gia Định để ở, bình dân",buy_for_living,affordable,2.8,2.0
evt_101849,usr_1126,sess_1126_0,44558312,save,2026-04-23T00:55:13Z,55,homepage,2.323,False,nhà đất Phường Tân Thuận khu nhà giàu cho thuê lại được,investment,affordable,2.4,1.0
evt_100559,usr_1035,sess_1035_1,44432198,save,2026-04-23T02:02:12Z,26,ai_recommendation,1.902,False,nhà đất Phường Vũng Tàu tầm trung dòng tiền tốt,investment,affordable,2.4,1.0
evt_103348,usr_1221,sess_1221_1,45197810,contact,2026-04-23T02:24:39Z,67,ai_recommendation,4.058,False,căn hộ Phường Gò Vấp bình dân cho thuê lại được,investment,affordable,2.7,3.0
evt_101890,usr_1129,sess_1129_1,44810753,contact,2026-04-23T02:48:14Z,259,ai_recommendation,5.0,False,tìm nhà đất Phường Long Trường giá vừa phải gần trường học,buy_for_living,mid_range,6.4,1.0
evt_101509,usr_1102,sess_1102_0,45206027,contact,2026-04-23T03:07:54Z,80,search_bar,4.227,False,tìm nhà đất Phường Phú Nhuận giá rẻ tiềm năng tăng giá,investment,mid_range,7.7,2.0
evt_103309,usr_1218,sess_1218_0,42235197,view,2026-04-23T03:18:01Z,94,related_items,0.876,False,nhà đất Phường Phú Thuận ổn định dòng tiền tốt,investment,mid_range,6.1,3.0
evt_101631,usr_1110,sess_1110_0,45178622,view,2026-04-23T07:00:45Z,34,related_items,0.684,False,tìm phòng nhà đất ở Phường Tam Bình giá vừa phải,rent,mid_range,5.6,1.0
evt_101596,usr_1108,sess_1108_1,44667920,view,2026-04-23T07:59:12Z,139,ai_recommendation,0.951,False,nhà đất Phường Cầu Ông Lãnh giá rẻ cho vợ chồng mới cưới,buy_for_living,affordable,2.5,2.0
evt_100907,usr_1060,sess_1060_0,45200648,view,2026-04-23T08:31:06Z,58,homepage,0.784,False,nhà đất Xã Nhà Bè giá rẻ dòng tiền tốt,investment,mid_range,6.5,1.0
evt_100854,usr_1056,sess_1056_0,44737883,view,2026-04-23T09:26:57Z,69,search_bar,0.817,False,nhà đất Xã Nhà Bè giá rẻ cho gia đình,buy_for_living,affordable,2.6,2.0
evt_104201,usr_1278,sess_1278_0,44770429,view,2026-04-23T09:46:40Z,22,ai_recommendation,0.603,False,"nhà ở Phường Cầu Kiệu thoáng mát 2pn, bình dân",buy_for_living,mid_range,6.6,2.0
evt_102774,usr_1185,sess_1185_1,45243923,save,2026-04-23T10:46:22Z,86,search_bar,2.577,False,"nhà ở Phường Bình Lợi Trung thoáng mát 0pn, giá vừa phải",buy_for_living,mid_range,5.7,1.0
evt_100892,usr_1059,sess_1059_1,45112753,save,2026-04-23T10:51:21Z,18,ai_recommendation,1.699,False,"nhà ở Phường Đức Nhuận thoáng mát 3pn, cao cấp",buy_for_living,affordable,2.3,2.0
evt_100473,usr_1030,sess_1030_1,44708079,view,2026-04-23T10:53:56Z,126,ai_recommendation,0.932,False,nhà đất Phường Cát Lái giá vừa phải cho vợ chồng mới cưới,buy_for_living,luxury,19.9,2.0
evt_104476,usr_1297,sess_1297_1,41003332,view,2026-04-23T12:15:18Z,203,search_bar,1.0,False,căn hộ Phường Dĩ An khu nhà giàu cho thuê gần metro,rent,luxury,22.3,2.0
evt_103062,usr_1203,sess_1203_0,45158046,view,2026-04-23T12:33:16Z,50,search_bar,0.756,False,"mua nhà đất đầu tư ở Phường An Hội Tây pháp lý rõ ràng, khu nhà giàu",investment,mid_range,7.8,2.0
evt_100394,usr_1025,sess_1025_0,45197605,view,2026-04-23T12:53:32Z,41,search_bar,0.719,False,"nhà ở Phường Tam Thắng thoáng mát 0pn, giá mềm",buy_for_living,affordable,2.5,2.0
evt_102804,usr_1186,sess_1186_2,44960399,view,2026-04-23T13:20:57Z,46,search_bar,0.741,False,"cần mua nhà đất 2 phòng ngủ ở Phường Phú Thuận để ở, giá tốt",buy_for_living,luxury,28.1,2.0
evt_100649,usr_1042,sess_1042_0,45073001,view,2026-04-23T14:05:11Z,259,related_items,1.0,False,"nhà ở Phường Linh Xuân thoáng mát 2pn, giá mềm",buy_for_living,affordable,2.3,2.0
evt_101297,usr_1087,sess_1087_0,44558902,view,2026-04-23T14:23:30Z,44,search_bar,0.732,False,nhà đất Phường Bảy Hiền giá hợp lý cho thuê lại được,investment,affordable,2.4,2.0
evt_103347,usr_1221,sess_1221_1,45054515,view,2026-04-23T14:45:43Z,310,search_bar,1.0,False,nhà đất Phường Thới An tầm trung dòng tiền tốt,investment,affordable,2.7,3.0
evt_103956,usr_1261,sess_1261_0,44637401,view,2026-04-23T15:03:11Z,44,related_items,0.732,False,tìm nhà đất Xã Nhà Bè rẻ một chút tiềm năng tăng giá,investment,affordable,2.1,2.0
evt_103441,usr_1227,sess_1227_2,45056277,share,2026-04-23T15:46:53Z,70,search_bar,3.28,False,căn hộ Phường Thạnh Mỹ Tây rẻ một chút cho thuê lại được,investment,mid_range,6.3,2.0
evt_104443,usr_1294,sess_1294_1,44555827,view,2026-04-23T16:53:25Z,6,ai_recommendation,0.374,True,nhà đất Phường Bình Đông cao cấp cho thuê lại được,investment,luxury,22.2,2.0
evt_100174,usr_1011,sess_1011_1,44737883,share,2026-04-23T19:26:31Z,387,ai_recommendation,4.0,False,tìm nhà đất Xã Nhà Bè giá mềm gần trường học,buy_for_living,mid_range,7.4,2.0
evt_103320,usr_1219,sess_1219_0,44993942,view,2026-04-23T19:33:31Z,102,search_bar,0.892,False,thuê nhà đất Phường Gia Định 0 phòng ngủ sang trọng,rent,affordable,2.8,2.0
evt_101560,usr_1106,sess_1106_0,44743191,view,2026-04-23T21:45:00Z,17,ai_recommendation,0.556,False,nhà đất Phường Thông Tây Hội khu nhà giàu cho vợ chồng mới cưới,buy_for_living,mid_range,5.6,1.0
evt_100205,usr_1012,sess_1012_0,45110391,view,2026-04-23T22:14:49Z,53,related_items,0.767,False,tìm căn hộ Phường Khánh Hội giá tốt tiềm năng tăng giá,investment,affordable,2.8,1.0
evt_101335,usr_1090,sess_1090_2,45231828,save,2026-04-24T01:24:03Z,14,ai_recommendation,1.563,False,tìm nhà đất Phường Phú Định khu nhà giàu gần trường học,buy_for_living,affordable,2.9,2.0
evt_103984,usr_1263,sess_1263_1,45185441,save,2026-04-24T01:34:43Z,28,ai_recommendation,1.943,False,"mua nhà đất đầu tư ở Phường Bình Hưng Hòa pháp lý rõ ràng, giá tốt",investment,affordable,2.8,2.0
evt_103535,usr_1233,sess_1233_0,45189972,view,2026-04-24T01:56:08Z,53,search_bar,0.767,False,nhà đất Phường Hòa Hưng giá mềm cho thuê gần metro,rent,affordable,2.3,2.0
evt_100716,usr_1047,sess_1047_0,44796007,contact,2026-04-24T02:12:12Z,32,search_bar,3.363,False,căn hộ Phường Tăng Nhơn Phú bình dân cho gia đình,buy_for_living,luxury,22.7,3.0
evt_101611,usr_1109,sess_1109_0,45247231,view,2026-04-24T02:28:09Z,19,homepage,0.576,False,căn hộ Phường Phú Thuận giá rẻ cho vợ chồng mới cưới,buy_for_living,affordable,2.1,2.0
evt_101914,usr_1131,sess_1131_0,44623291,save,2026-04-24T03:22:04Z,14,search_bar,1.563,False,căn hộ Phường An Lạc rẻ một chút cho gia đình,buy_for_living,affordable,2.7,2.0
evt_100197,usr_1012,sess_1012_2,44624437,view,2026-04-24T03:36:35Z,71,ai_recommendation,0.823,False,tìm nhà đất Phường Tam Bình bình dân tiềm năng tăng giá,investment,affordable,2.8,1.0
evt_101570,usr_1106,sess_1106_0,45197397,view,2026-04-24T04:31:20Z,87,ai_recommendation,0.861,False,nhà đất Phường Hòa Hưng giá rẻ cho gia đình,buy_for_living,mid_range,5.6,1.0
evt_100886,usr_1059,sess_1059_0,45007050,view,2026-04-24T04:35:41Z,22,ai_recommendation,0.603,False,tìm căn hộ Phường Chợ Lớn vị trí đẹp gần trường học,buy_for_living,affordable,2.3,2.0
evt_100089,usr_1005,sess_1005_0,44487371,view,2026-04-24T04:47:18Z,219,search_bar,1.0,False,nhà đất Phường Tân Thuận cao cấp cho gia đình,buy_for_living,affordable,2.8,2.0
evt_103773,usr_1249,sess_1249_0,43725380,view,2026-04-24T05:21:48Z,28,ai_recommendation,0.648,False,tìm phòng căn hộ ở Phường Long Bình giá hợp lý,rent,luxury,25.2,2.0
evt_100715,usr_1047,sess_1047_0,44224180,contact,2026-04-24T06:02:42Z,38,ai_recommendation,3.524,False,căn hộ Phường Thạnh Mỹ Tây giá vừa phải cho gia đình,buy_for_living,luxury,22.7,3.0
evt_100509,usr_1032,sess_1032_0,44728156,view,2026-04-24T06:18:27Z,94,ai_recommendation,0.876,False,nhà đất Phường Bảy Hiền giá mềm cho vợ chồng mới cưới,buy_for_living,affordable,2.8,2.0
evt_103602,usr_1237,sess_1237_2,44954044,contact,2026-04-24T06:35:13Z,33,search_bar,3.392,False,thuê nhà đất Phường Tân Hưng 2 phòng ngủ giá mềm,rent,mid_range,6.5,2.0
evt_101784,usr_1122,sess_1122_0,44942944,save,2026-04-24T07:06:16Z,137,homepage,2.843,False,nhà đất Phường Tân Hưng bình dân dòng tiền tốt,investment,luxury,28.5,2.0
evt_103474,usr_1229,sess_1229_1,44200919,view,2026-04-24T09:09:22Z,43,search_bar,0.728,False,tìm nhà đất Xã Hiệp Phước giá rẻ tiềm năng tăng giá,investment,affordable,2.6,2.0
evt_103730,usr_1246,sess_1246_2,45163492,view,2026-04-24T09:56:03Z,81,ai_recommendation,0.848,False,nhà đất Phường Thông Tây Hội cao cấp cho thuê lại được,investment,luxury,21.4,3.0
evt_104225,usr_1280,sess_1280_1,42647679,view,2026-04-24T10:17:10Z,97,related_items,0.882,False,thuê nhà đất Xã Nhà Bè 2 phòng ngủ giá rẻ,rent,mid_range,7.6,2.0
evt_102520,usr_1168,sess_1168_0,44404341,view,2026-04-24T10:24:15Z,35,ai_recommendation,0.689,False,căn hộ Phường Long Bình giá mềm cho thuê lại được,investment,mid_range,6.7,2.0
evt_100360,usr_1022,sess_1022_1,43257879,save,2026-04-24T12:01:40Z,15,search_bar,1.6,False,tìm nhà đất Phường Bảy Hiền tầm trung tiềm năng tăng giá,investment,affordable,2.7,2.0
evt_104070,usr_1269,sess_1269_1,44425728,share,2026-04-24T12:22:12Z,64,ai_recommendation,3.212,False,nhà đất Phường Thới Hòa khu nhà giàu cho vợ chồng mới cưới,buy_for_living,affordable,2.5,3.0
evt_102183,usr_1149,sess_1149_1,44897529,view,2026-04-24T12:40:09Z,74,search_bar,0.831,False,"cần mua căn hộ 2 phòng ngủ ở Xã Tân Nhựt để ở, giá tốt",buy_for_living,affordable,2.6,2.0
evt_104303,usr_1284,sess_1284_1,45265794,view,2026-04-24T13:11:28Z,9,ai_recommendation,0.443,True,"nhà ở Phường Bình Lợi Trung thoáng mát 7pn, tầm trung",buy_for_living,mid_range,7.1,1.0
evt_100329,usr_1020,sess_1020_0,45060924,view,2026-04-24T13:13:11Z,42,ai_recommendation,0.724,False,thuê căn hộ Phường Chợ Lớn 1 phòng ngủ rẻ một chút,rent,mid_range,6.9,2.0
evt_101927,usr_1131,sess_1131_0,45175540,view,2026-04-24T14:33:47Z,14,ai_recommendation,0.521,False,tìm nhà đất Phường Rạch Dừa giá vừa phải gần trường học,buy_for_living,affordable,2.7,2.0
evt_101148,usr_1079,sess_1079_1,45096390,view,2026-04-24T14:46:16Z,15,homepage,0.533,False,"cần thuê nhà đất Phường Tân Phú full nội thất, vị trí đẹp",rent,affordable,3.0,2.0
evt_100542,usr_1035,sess_1035_2,41010971,save,2026-04-24T14:50:19Z,33,homepage,2.035,False,tìm nhà đất Phường Phú Thuận sang trọng tiềm năng tăng giá,investment,affordable,2.4,1.0
evt_103972,usr_1262,sess_1262_0,44654114,save,2026-04-24T15:38:06Z,32,ai_recommendation,2.018,False,nhà đất Phường Tam Thắng giá mềm cho vợ chồng mới cưới,buy_for_living,mid_range,8.0,2.0
evt_103225,usr_1212,sess_1212_2,45186794,view,2026-04-24T15:58:39Z,18,search_bar,0.566,False,nhà đất Phường Phú Thạnh rẻ một chút cho thuê gần metro,rent,mid_range,7.1,2.0
evt_101243,usr_1084,sess_1084_0,44646439,view,2026-04-24T16:24:38Z,7,search_bar,0.4,True,"cần mua nhà đất 5 phòng ngủ ở Phường Bến Thành để ở, khu nhà giàu",buy_for_living,mid_range,7.2,2.0
evt_103299,usr_1217,sess_1217_0,44874356,save,2026-04-24T16:31:20Z,86,search_bar,2.577,False,tìm nhà đất Phường Bình Trưng giá mềm gần trường học,buy_for_living,affordable,2.3,2.0
evt_102023,usr_1137,sess_1137_1,45218235,save,2026-04-24T16:31:21Z,123,homepage,2.782,False,tìm nhà đất Phường Chợ Quán giá tốt tiềm năng tăng giá,investment,affordable,2.2,2.0
evt_100268,usr_1016,sess_1016_0,44969367,contact,2026-04-24T17:33:09Z,54,search_bar,3.854,False,tìm nhà đất Phường Khánh Hội vị trí đẹp gần trường học,buy_for_living,mid_range,7.3,3.0
evt_100554,usr_1035,sess_1035_1,45046681,contact,2026-04-24T18:26:37Z,134,homepage,4.718,False,tìm nhà đất Phường Thông Tây Hội khu nhà giàu tiềm năng tăng giá,investment,affordable,2.4,1.0
evt_101505,usr_1102,sess_1102_0,44957948,contact,2026-04-24T19:11:17Z,102,search_bar,4.458,False,tìm nhà đất Phường Bình Hưng Hòa tầm trung tiềm năng tăng giá,investment,mid_range,7.7,2.0
evt_102758,usr_1184,sess_1184_0,43486829,view,2026-04-24T19:43:48Z,176,homepage,0.996,False,nhà đất Phường Long Bình vị trí đẹp cho vợ chồng mới cưới,buy_for_living,luxury,24.9,1.0
evt_102368,usr_1159,sess_1159_1,44656554,save,2026-04-24T19:51:43Z,194,homepage,3.0,False,tìm căn hộ Phường Chợ Quán cao cấp gần trường học,buy_for_living,mid_range,5.7,2.0
evt_103301,usr_1217,sess_1217_0,45178705,view,2026-04-24T20:36:27Z,30,search_bar,0.661,False,"cần mua nhà đất 4 phòng ngủ ở Phường An Phú Đông để ở, giá hợp lý",buy_for_living,affordable,2.3,2.0
evt_104208,usr_1279,sess_1279_1,45189689,save,2026-04-24T20:37:46Z,114,homepage,2.738,False,"nhà ở Phường Sài Gòn thoáng mát 1pn, giá tốt",buy_for_living,luxury,25.2,1.0
evt_103919,usr_1259,sess_1259_1,43535889,view,2026-04-24T21:01:53Z,23,homepage,0.611,False,nhà đất Phường Bình Lợi Trung giá mềm cho vợ chồng mới cưới,buy_for_living,affordable,2.3,2.0
evt_102905,usr_1192,sess_1192_1,43937421,view,2026-04-24T21:50:21Z,37,search_bar,0.7,False,"mua nhà đất đầu tư ở Phường Tân Định pháp lý rõ ràng, sang trọng",investment,affordable,2.3,3.0
evt_101058,usr_1072,sess_1072_1,43284841,view,2026-04-24T22:36:57Z,38,search_bar,0.705,False,thuê căn hộ Phường Long Bình 2 phòng ngủ khu nhà giàu,rent,mid_range,7.4,1.0
evt_100852,usr_1056,sess_1056_0,44920943,save,2026-04-24T23:15:28Z,37,search_bar,2.099,False,"cần mua nhà đất 4 phòng ngủ ở Xã Nhà Bè để ở, giá hợp lý",buy_for_living,affordable,2.6,2.0
evt_103922,usr_1259,sess_1259_1,45195893,view,2026-04-24T23:21:21Z,45,related_items,0.736,False,"nhà ở Phường Hòa Hưng thoáng mát 3pn, giá rẻ",buy_for_living,affordable,2.3,2.0
evt_100163,usr_1010,sess_1010_0,45195095,save,2026-04-24T23:31:56Z,80,ai_recommendation,2.536,False,nhà đất Phường Bình Trị Đông giá vừa phải cho vợ chồng mới cưới,buy_for_living,affordable,2.3,2.0
evt_101703,usr_1116,sess_1116_0,45229622,save,2026-04-24T23:42:20Z,184,related_items,3.0,False,căn hộ Phường Chợ Lớn tầm trung cho thuê lại được,investment,mid_range,7.6,1.0
evt_103184,usr_1210,sess_1210_1,45254034,share,2026-04-25T00:19:52Z,104,ai_recommendation,3.581,False,"cần mua căn hộ 3 phòng ngủ ở Phường Long Trường để ở, giá tốt",buy_for_living,luxury,26.3,2.0
evt_101932,usr_1132,sess_1132_0,45075183,view,2026-04-25T00:45:39Z,81,related_items,0.848,False,"mua nhà đất đầu tư ở Phường Đức Nhuận pháp lý rõ ràng, giá mềm",investment,luxury,20.8,1.0
evt_104280,usr_1283,sess_1283_1,44994534,view,2026-04-25T00:56:24Z,27,ai_recommendation,0.641,False,nhà đất Phường Tân Thuận cao cấp dòng tiền tốt,investment,luxury,19.0,2.0
evt_104213,usr_1279,sess_1279_1,43485499,contact,2026-04-25T02:46:39Z,232,ai_recommendation,5.0,False,"cần mua nhà đất 0 phòng ngủ ở Phường An Đông để ở, tầm trung",buy_for_living,luxury,25.2,1.0
evt_101023,usr_1069,sess_1069_1,44734340,save,2026-04-25T03:03:17Z,193,ai_recommendation,3.0,False,tìm nhà đất Phường Xóm Chiếu giá mềm tiềm năng tăng giá,investment,affordable,2.2,1.0
evt_101801,usr_1123,sess_1123_1,45081038,view,2026-04-25T03:48:31Z,13,homepage,0.508,False,nhà đất Phường Bình Lợi Trung giá rẻ dòng tiền tốt,investment,affordable,2.7,2.0
evt_101924,usr_1131,sess_1131_0,45006538,save,2026-04-25T04:06:39Z,12,homepage,1.48,False,nhà đất Phường Vũng Tàu giá hợp lý cho vợ chồng mới cưới,buy_for_living,affordable,2.7,2.0
evt_102853,usr_1189,sess_1189_0,42505985,view,2026-04-25T05:19:28Z,15,homepage,0.533,False,nhà đất Phường An Lạc giá hợp lý cho vợ chồng mới cưới,buy_for_living,affordable,2.2,2.0
evt_102354,usr_1159,sess_1159_1,44870565,contact,2026-04-25T05:51:56Z,50,homepage,3.782,False,tìm nhà đất Phường Bình Trị Đông rẻ một chút gần trường học,buy_for_living,mid_range,5.7,2.0
evt_101818,usr_1124,sess_1124_0,43011177,view,2026-04-25T06:13:09Z,86,ai_recommendation,0.859,False,"mua nhà đất đầu tư ở Phường Tam Thắng pháp lý rõ ràng, giá mềm",investment,affordable,2.4,2.0
evt_101972,usr_1134,sess_1134_1,44806114,view,2026-04-25T06:18:00Z,67,search_bar,0.812,False,nhà đất Xã Nhà Bè giá mềm cho gia đình,buy_for_living,mid_range,6.1,2.0
evt_101193,usr_1081,sess_1081_0,43161489,save,2026-04-25T07:02:41Z,22,homepage,1.809,False,căn hộ Phường Thạnh Mỹ Tây giá tốt cho vợ chồng mới cưới,buy_for_living,affordable,2.3,1.0
evt_100411,usr_1026,sess_1026_2,44532012,view,2026-04-25T07:32:10Z,33,homepage,0.678,False,"cần mua căn hộ 2 phòng ngủ ở Phường Long Bình để ở, giá vừa phải",buy_for_living,mid_range,7.2,3.0
evt_100809,usr_1053,sess_1053_2,44935139,save,2026-04-25T08:31:03Z,17,search_bar,1.668,False,"nhà ở Phường Linh Xuân thoáng mát 0pn, rẻ một chút",buy_for_living,affordable,2.8,1.0
evt_102478,usr_1166,sess_1166_1,45086865,view,2026-04-25T08:35:33Z,87,search_bar,0.861,False,nhà đất Phường Bình Trị Đông sang trọng cho gia đình,buy_for_living,luxury,25.3,1.0
evt_101079,usr_1074,sess_1074_0,45229849,save,2026-04-25T08:54:40Z,21,ai_recommendation,1.784,False,nhà đất Phường An Hội Tây tầm trung cho vợ chồng mới cưới,buy_for_living,mid_range,5.6,1.0
evt_103662,usr_1242,sess_1242_2,45186439,view,2026-04-25T09:21:53Z,70,search_bar,0.82,False,nhà đất Phường Bình Hòa vị trí đẹp cho vợ chồng mới cưới,buy_for_living,mid_range,7.1,2.0
evt_101405,usr_1095,sess_1095_1,45113000,contact,2026-04-25T10:57:19Z,39,ai_recommendation,3.548,False,nhà đất Phường An Hội Đông giá rẻ cho vợ chồng mới cưới,buy_for_living,affordable,3.0,2.0
evt_104302,usr_1284,sess_1284_2,45029262,save,2026-04-25T11:05:04Z,262,homepage,3.0,False,"nhà ở Xã Bình Lợi thoáng mát 10pn, ổn định",buy_for_living,mid_range,7.1,1.0
evt_103932,usr_1260,sess_1260_0,45178550,view,2026-04-25T12:31:53Z,134,homepage,0.944,False,"cần mua nhà đất 5 phòng ngủ ở Phường An Khánh để ở, giá hợp lý",buy_for_living,affordable,2.8,2.0
evt_102899,usr_1192,sess_1192_1,43482908,save,2026-04-25T12:42:09Z,32,related_items,2.018,False,nhà đất Phường Đông Hưng Thuận vị trí đẹp cho thuê lại được,investment,affordable,2.3,3.0
evt_100620,usr_1040,sess_1040_1,45228435,contact,2026-04-25T13:00:54Z,39,related_items,3.548,False,"nhà ở Phường Long Bình thoáng mát 2pn, tầm trung",buy_for_living,luxury,25.7,3.0
evt_101195,usr_1081,sess_1081_0,45265868,view,2026-04-25T13:37:05Z,381,search_bar,1.0,False,nhà đất Phường Thông Tây Hội giá tốt cho vợ chồng mới cưới,buy_for_living,affordable,2.3,1.0
evt_102083,usr_1141,sess_1141_0,45132003,save,2026-04-25T14:34:52Z,224,ai_recommendation,3.0,False,nhà đất Xã Nhà Bè khu nhà giàu dòng tiền tốt,investment,mid_range,5.7,2.0
evt_100309,usr_1019,sess_1019_0,45216887,view,2026-04-25T14:38:26Z,149,ai_recommendation,0.964,False,"cần mua nhà đất 5 phòng ngủ ở Phường Tân Hòa để ở, giá mềm",buy_for_living,luxury,21.7,2.0
evt_102978,usr_1197,sess_1197_0,45122141,view,2026-04-25T15:02:28Z,153,ai_recommendation,0.969,False,"cần mua nhà đất 2 phòng ngủ ở Phường Thủ Đức để ở, rẻ một chút",buy_for_living,affordable,2.4,2.0
evt_102197,usr_1150,sess_1150_1,44765040,save,2026-04-25T15:11:52Z,109,homepage,2.713,False,tìm nhà đất Phường Tam Thắng cao cấp tiềm năng tăng giá,investment,affordable,2.9,2.0
evt_103275,usr_1216,sess_1216_0,44952217,view,2026-04-25T16:09:37Z,111,ai_recommendation,0.908,False,tìm nhà đất Phường Vĩnh Hội ổn định gần trường học,buy_for_living,affordable,2.1,1.0
evt_100276,usr_1017,sess_1017_0,44821503,save,2026-04-25T16:20:52Z,53,ai_recommendation,2.302,False,tìm phòng nhà đất ở Phường Hiệp Bình giá vừa phải,rent,mid_range,7.6,2.0
evt_101049,usr_1071,sess_1071_0,44970036,save,2026-04-25T17:51:25Z,108,search_bar,2.707,False,tìm nhà đất Phường Bình Trưng cao cấp gần trường học,buy_for_living,affordable,2.1,2.0
evt_102414,usr_1162,sess_1162_0,45234835,view,2026-04-25T17:59:09Z,70,ai_recommendation,0.82,False,nhà đất Phường Bình Dương bình dân cho vợ chồng mới cưới,buy_for_living,affordable,2.6,1.0
evt_100875,usr_1058,sess_1058_0,45271541,view,2026-04-25T18:01:57Z,53,search_bar,0.767,False,tìm nhà đất Xã Nhà Bè rẻ một chút tiềm năng tăng giá,investment,affordable,2.9,2.0
evt_100302,usr_1018,sess_1018_0,44832652,view,2026-04-25T18:05:41Z,44,ai_recommendation,0.732,False,"mua nhà đất đầu tư ở Phường Vĩnh Hội pháp lý rõ ràng, giá vừa phải",investment,luxury,27.1,2.0
evt_101896,usr_1129,sess_1129_1,45217976,view,2026-04-25T18:26:23Z,68,ai_recommendation,0.814,False,tìm nhà đất Xã Hiệp Phước tầm trung gần trường học,buy_for_living,mid_range,6.4,1.0
evt_100132,usr_1008,sess_1008_0,44887604,save,2026-04-25T18:26:50Z,56,ai_recommendation,2.333,False,"cần mua căn hộ 1 phòng ngủ ở Xã Nhà Bè để ở, giá mềm",buy_for_living,affordable,2.3,2.0
evt_102713,usr_1180,sess_1180_2,44986630,contact,2026-04-25T19:37:07Z,84,homepage,4.273,False,nhà đất Phường Bình Trị Đông ổn định dòng tiền tốt,investment,luxury,27.1,2.0
evt_103733,usr_1247,sess_1247_1,45225926,view,2026-04-25T19:40:12Z,47,search_bar,0.745,False,nhà đất Phường Bình Tây sang trọng dòng tiền tốt,investment,affordable,2.4,2.0
evt_100914,usr_1061,sess_1061_0,44910264,contact,2026-04-25T19:45:22Z,119,related_items,4.605,False,tìm phòng nhà đất ở Phường Tân Hưng tầm trung,rent,mid_range,7.4,2.0
evt_104092,usr_1271,sess_1271_0,44023941,view,2026-04-25T20:18:58Z,62,related_items,0.797,False,"nhà ở Phường Long Bình thoáng mát 2pn, ổn định",buy_for_living,affordable,2.8,2.0
evt_102383,usr_1160,sess_1160_1,43693887,view,2026-04-25T21:19:01Z,41,homepage,0.719,False,căn hộ Phường Long Bình giá mềm cho gia đình,buy_for_living,affordable,2.2,2.0
evt_102466,usr_1165,sess_1165_1,42777274,share,2026-04-25T22:45:44Z,14,related_items,2.084,False,"cần mua nhà đất 6 phòng ngủ ở Phường Bình Thạnh để ở, tầm trung",buy_for_living,luxury,26.4,2.0
evt_102503,usr_1167,sess_1167_0,44222729,view,2026-04-25T22:49:37Z,61,search_bar,0.794,False,nhà đất Phường Diên Hồng sang trọng cho gia đình,buy_for_living,affordable,2.5,3.0
evt_102856,usr_1189,sess_1189_0,45243957,contact,2026-04-25T23:03:52Z,94,search_bar,4.38,False,"cần mua nhà đất 4 phòng ngủ ở Phường Thủ Đức để ở, ổn định",buy_for_living,affordable,2.2,2.0
evt_102067,usr_1140,sess_1140_0,44591760,view,2026-04-26T00:57:24Z,21,homepage,0.595,False,căn hộ Phường An Khánh tầm trung cho vợ chồng mới cưới,buy_for_living,affordable,2.4,2.0
evt_100381,usr_1024,sess_1024_1,45074990,view,2026-04-26T03:03:55Z,98,ai_recommendation,0.884,False,"cần thuê nhà đất Phường Bình Tân full nội thất, rẻ một chút",rent,mid_range,6.4,2.0
evt_100546,usr_1035,sess_1035_0,45257856,save,2026-04-26T04:21:47Z,149,ai_recommendation,2.892,False,nhà đất Phường Đức Nhuận sang trọng dòng tiền tốt,investment,affordable,2.4,1.0
evt_103256,usr_1214,sess_1214_0,44263973,share,2026-04-26T04:31:01Z,41,homepage,2.876,False,nhà đất Phường Thủ Đức vị trí đẹp cho thuê gần metro,rent,affordable,2.6,2.0
evt_101021,usr_1069,sess_1069_0,45240090,save,2026-04-26T04:37:11Z,23,homepage,1.834,False,"mua nhà đất đầu tư ở Phường Hòa Hưng pháp lý rõ ràng, bình dân",investment,affordable,2.2,1.0
evt_103772,usr_1249,sess_1249_2,44784446,view,2026-04-26T05:00:55Z,38,search_bar,0.705,False,thuê nhà đất Phường Khánh Hội 4 phòng ngủ sang trọng,rent,luxury,25.2,2.0
evt_104294,usr_1284,sess_1284_0,45175377,contact,2026-04-26T05:11:30Z,45,search_bar,3.682,False,nhà đất Phường Đức Nhuận giá hợp lý cho vợ chồng mới cưới,buy_for_living,mid_range,7.1,1.0
evt_101776,usr_1122,sess_1122_1,45040159,contact,2026-04-26T06:53:49Z,115,search_bar,4.572,False,căn hộ Phường An Khánh bình dân dòng tiền tốt,investment,luxury,28.5,2.0
evt_103329,usr_1219,sess_1219_0,45074990,view,2026-04-26T07:28:07Z,26,ai_recommendation,0.634,False,nhà đất Phường Bình Tân rẻ một chút cho thuê gần metro,rent,affordable,2.8,2.0
evt_102833,usr_1188,sess_1188_1,44821275,view,2026-04-26T07:37:05Z,22,related_items,0.603,False,tìm nhà đất Phường Phú Định ổn định gần trường học,buy_for_living,mid_range,6.8,3.0
evt_101529,usr_1103,sess_1103_1,45137798,view,2026-04-26T08:00:46Z,81,related_items,0.848,False,tìm phòng nhà đất ở Phường Tân Tạo cao cấp,rent,affordable,2.7,2.0
evt_104067,usr_1269,sess_1269_2,43880424,contact,2026-04-26T08:10:43Z,65,ai_recommendation,4.03,False,tìm căn hộ Phường Long Bình giá mềm gần trường học,buy_for_living,affordable,2.5,3.0
evt_103542,usr_1233,sess_1233_0,44241249,view,2026-04-26T09:03:06Z,18,related_items,0.566,False,tìm phòng căn hộ ở Phường Long Bình ổn định,rent,affordable,2.3,2.0
evt_104081,usr_1270,sess_1270_0,45104084,view,2026-04-26T09:17:45Z,181,ai_recommendation,1.0,False,nhà đất Phường Bình Hưng Hòa giá hợp lý dòng tiền tốt,investment,mid_range,7.0,2.0
evt_101261,usr_1085,sess_1085_0,45085966,share,2026-04-26T10:41:43Z,283,search_bar,4.0,False,nhà đất Phường Tân Sơn Nhì vị trí đẹp dòng tiền tốt,investment,affordable,2.7,2.0
evt_100346,usr_1021,sess_1021_0,44929100,save,2026-04-26T11:42:31Z,12,ai_recommendation,1.48,False,thuê nhà đất Phường Tân Hưng 3 phòng ngủ giá vừa phải,rent,mid_range,7.6,2.0
evt_100160,usr_1010,sess_1010_0,44041264,view,2026-04-26T12:31:03Z,32,ai_recommendation,0.673,False,nhà đất Phường Tân Thới Hiệp rẻ một chút cho gia đình,buy_for_living,affordable,2.3,2.0
evt_101178,usr_1081,sess_1081_0,45196185,view,2026-04-26T12:41:44Z,62,search_bar,0.797,False,tìm căn hộ Phường Minh Phụng giá hợp lý gần trường học,buy_for_living,affordable,2.3,1.0
evt_101552,usr_1105,sess_1105_0,44156256,view,2026-04-26T12:58:15Z,47,ai_recommendation,0.745,False,"mua nhà đất đầu tư ở Xã Nhà Bè pháp lý rõ ràng, vị trí đẹp",investment,luxury,23.4,1.0
evt_100449,usr_1029,sess_1029_0,44748663,view,2026-04-26T14:24:57Z,23,search_bar,0.611,False,tìm nhà đất Phường An Phú Đông giá hợp lý gần trường học,buy_for_living,affordable,2.2,2.0
evt_101518,usr_1103,sess_1103_1,44425728,view,2026-04-26T14:41:54Z,37,related_items,0.7,False,"cần thuê nhà đất Phường Thới Hòa full nội thất, vị trí đẹp",rent,affordable,2.7,2.0
evt_103923,usr_1259,sess_1259_1,44578203,view,2026-04-26T14:45:03Z,40,homepage,0.714,False,nhà đất Phường Phú Thuận bình dân cho vợ chồng mới cưới,buy_for_living,affordable,2.3,2.0
evt_104400,usr_1291,sess_1291_1,45238719,contact,2026-04-26T15:24:27Z,43,ai_recommendation,3.64,False,nhà đất Phường Hòa Hưng rẻ một chút cho gia đình,buy_for_living,affordable,2.9,3.0
evt_103149,usr_1208,sess_1208_0,45177740,view,2026-04-26T16:00:55Z,72,search_bar,0.825,False,tìm nhà đất Phường Hòa Hưng giá vừa phải gần trường học,buy_for_living,affordable,2.3,2.0
evt_100855,usr_1056,sess_1056_0,44920943,view,2026-04-26T17:52:00Z,25,ai_recommendation,0.627,False,nhà đất Xã Nhà Bè giá hợp lý cho gia đình,buy_for_living,affordable,2.6,2.0
evt_100221,usr_1014,sess_1014_1,45267067,share,2026-04-26T18:19:10Z,21,ai_recommendation,2.378,False,tìm nhà đất Phường Linh Xuân cao cấp gần trường học,buy_for_living,mid_range,7.7,3.0
evt_100615,usr_1039,sess_1039_0,45196397,view,2026-04-26T20:32:40Z,14,ai_recommendation,0.521,False,"cần mua nhà đất 4 phòng ngủ ở Phường Vũng Tàu để ở, khu nhà giàu",buy_for_living,mid_range,7.9,2.0
evt_102934,usr_1194,sess_1194_0,44153316,view,2026-04-26T20:49:33Z,64,search_bar,0.803,False,"cần thuê nhà đất Phường Linh Xuân full nội thất, ổn định",rent,mid_range,5.7,2.0
evt_104389,usr_1290,sess_1290_0,45257827,view,2026-04-26T22:45:09Z,26,ai_recommendation,0.634,False,nhà đất Phường Cầu Ông Lãnh rẻ một chút cho thuê lại được,investment,affordable,3.0,2.0
evt_104246,usr_1281,sess_1281_0,43356438,contact,2026-04-27T00:24:26Z,24,search_bar,3.096,False,"mua căn hộ đầu tư ở Phường An Khánh pháp lý rõ ràng, ổn định",investment,affordable,2.9,2.0
evt_101313,usr_1088,sess_1088_0,45191353,save,2026-04-27T01:42:59Z,98,search_bar,2.652,False,nhà đất Phường Vũng Tàu ổn định cho vợ chồng mới cưới,buy_for_living,affordable,3.0,2.0
evt_104200,usr_1278,sess_1278_1,45236774,share,2026-04-27T01:52:07Z,32,ai_recommendation,2.69,False,nhà đất Phường Thới An giá vừa phải cho vợ chồng mới cưới,buy_for_living,mid_range,6.6,2.0
evt_100685,usr_1045,sess_1045_1,45023942,contact,2026-04-27T03:21:52Z,168,search_bar,4.934,False,"nhà ở Phường Long Bình thoáng mát 2pn, sang trọng",buy_for_living,mid_range,6.1,3.0
evt_101587,usr_1107,sess_1107_0,44991259,view,2026-04-27T03:29:33Z,5,ai_recommendation,0.345,True,"cần mua nhà đất 5 phòng ngủ ở Phường Đức Nhuận để ở, rẻ một chút",buy_for_living,mid_range,7.0,1.0
evt_100845,usr_1056,sess_1056_0,44714219,view,2026-04-27T04:21:01Z,7,related_items,0.4,True,"cần mua nhà đất 2 phòng ngủ ở Phường Tam Bình để ở, giá tốt",buy_for_living,affordable,2.6,2.0
evt_104417,usr_1293,sess_1293_0,43537623,contact,2026-04-27T04:24:39Z,112,homepage,4.547,False,căn hộ Phường Long Bình tầm trung cho gia đình,buy_for_living,affordable,2.9,2.0
evt_101474,usr_1100,sess_1100_2,44315816,view,2026-04-27T04:39:03Z,25,search_bar,0.627,False,nhà đất Xã Nhà Bè giá rẻ cho thuê gần metro,rent,affordable,2.4,2.0
evt_103856,usr_1255,sess_1255_1,43286721,view,2026-04-27T05:57:01Z,114,ai_recommendation,0.913,False,"cần mua nhà đất 4 phòng ngủ ở Xã Nhà Bè để ở, giá mềm",buy_for_living,mid_range,6.8,1.0
evt_102410,usr_1162,sess_1162_2,44890833,save,2026-04-27T07:03:29Z,41,homepage,2.157,False,"cần mua nhà đất 2 phòng ngủ ở Phường Tam Thắng để ở, ổn định",buy_for_living,affordable,2.6,1.0
evt_101864,usr_1127,sess_1127_0,44952474,view,2026-04-27T07:15:22Z,58,ai_recommendation,0.784,False,nhà đất Phường Bình Phú giá hợp lý cho gia đình,buy_for_living,affordable,2.5,2.0
evt_103628,usr_1239,sess_1239_1,44419047,view,2026-04-27T07:40:51Z,481,ai_recommendation,1.0,False,nhà đất Xã Nhà Bè giá hợp lý cho thuê lại được,investment,affordable,2.8,1.0
evt_100821,usr_1054,sess_1054_0,45184650,view,2026-04-27T09:08:42Z,9,ai_recommendation,0.443,True,căn hộ Xã Bình Hưng giá rẻ cho thuê lại được,investment,affordable,3.0,1.0
evt_102673,usr_1178,sess_1178_2,44957828,save,2026-04-27T09:15:12Z,56,homepage,2.333,False,"nhà ở Xã Tân Nhựt thoáng mát 2pn, ổn định",buy_for_living,mid_range,7.2,2.0
evt_102247,usr_1153,sess_1153_0,44922562,view,2026-04-27T10:08:39Z,19,homepage,0.576,False,nhà đất Phường Tây Thạnh ổn định dòng tiền tốt,investment,affordable,2.4,1.0
evt_102948,usr_1195,sess_1195_2,44437604,view,2026-04-27T10:17:02Z,14,related_items,0.521,False,nhà đất Phường Phú Thuận cao cấp cho thuê lại được,investment,luxury,21.9,2.0
evt_100243,usr_1015,sess_1015_1,44762845,save,2026-04-27T11:30:25Z,34,search_bar,2.052,False,căn hộ Xã Tân Nhựt ổn định dòng tiền tốt,investment,affordable,2.1,2.0
evt_101674,usr_1113,sess_1113_0,45207129,view,2026-04-27T11:48:05Z,42,ai_recommendation,0.724,False,nhà đất Phường Thủ Đức rẻ một chút cho vợ chồng mới cưới,buy_for_living,affordable,2.8,2.0
evt_102234,usr_1152,sess_1152_0,45234835,view,2026-04-27T11:59:51Z,128,search_bar,0.935,False,"nhà ở Phường Bình Dương thoáng mát 3pn, rẻ một chút",buy_for_living,affordable,2.7,2.0
evt_104364,usr_1288,sess_1288_1,45161667,view,2026-04-27T12:00:41Z,36,ai_recommendation,0.695,False,"nhà ở Phường Hòa Hưng thoáng mát 2pn, giá mềm",buy_for_living,mid_range,5.8,1.0
evt_100337,usr_1021,sess_1021_0,45269300,view,2026-04-27T12:02:20Z,44,ai_recommendation,0.732,False,nhà đất Phường Bình Tân bình dân cho thuê gần metro,rent,mid_range,7.6,2.0
evt_103373,usr_1223,sess_1223_0,45148981,save,2026-04-27T12:26:37Z,78,homepage,2.522,False,"nhà ở Phường Đức Nhuận thoáng mát 5pn, tầm trung",buy_for_living,affordable,2.4,3.0
evt_102367,usr_1159,sess_1159_0,45204924,view,2026-04-27T12:55:00Z,73,ai_recommendation,0.828,False,tìm nhà đất Phường Thủ Đức giá tốt gần trường học,buy_for_living,mid_range,5.7,2.0
evt_101969,usr_1134,sess_1134_0,45205298,save,2026-04-27T14:06:08Z,93,ai_recommendation,2.622,False,"nhà ở Phường An Phú Đông thoáng mát 4pn, sang trọng",buy_for_living,mid_range,6.1,2.0
evt_104057,usr_1268,sess_1268_0,44909092,contact,2026-04-27T15:58:20Z,171,ai_recommendation,4.951,False,"cần thuê nhà đất Phường An Phú Đông full nội thất, vị trí đẹp",rent,mid_range,5.9,1.0
evt_104291,usr_1283,sess_1283_1,44689369,share,2026-04-27T16:16:47Z,20,homepage,2.343,False,nhà đất Phường Diên Hồng vị trí đẹp cho thuê lại được,investment,luxury,19.0,2.0
evt_100324,usr_1020,sess_1020_0,45247316,view,2026-04-27T16:40:42Z,13,ai_recommendation,0.508,False,"cần thuê nhà đất Phường An Hội Tây full nội thất, giá vừa phải",rent,mid_range,6.9,2.0
evt_103866,usr_1256,sess_1256_0,45148629,view,2026-04-27T16:53:13Z,25,homepage,0.627,False,căn hộ Phường Phú Lợi giá tốt cho vợ chồng mới cưới,buy_for_living,affordable,2.9,2.0
evt_100248,usr_1015,sess_1015_0,45073914,share,2026-04-27T17:23:49Z,59,ai_recommendation,3.15,False,nhà đất Phường Hiệp Bình bình dân dòng tiền tốt,investment,affordable,2.1,2.0
evt_100401,usr_1026,sess_1026_2,42379055,save,2026-04-27T18:19:18Z,40,homepage,2.143,False,tìm nhà đất Phường Tam Bình khu nhà giàu gần trường học,buy_for_living,mid_range,7.2,3.0
evt_100936,usr_1063,sess_1063_0,45261874,contact,2026-04-27T19:19:18Z,35,search_bar,3.447,False,căn hộ Xã Xuân Thới Sơn giá tốt cho thuê lại được,investment,affordable,3.0,2.0
evt_100054,usr_1003,sess_1003_0,45266795,view,2026-04-27T19:59:42Z,15,homepage,0.533,False,nhà đất Phường Gia Định rẻ một chút dòng tiền tốt,investment,mid_range,6.0,1.0
evt_101754,usr_1120,sess_1120_1,45178622,share,2026-04-27T20:09:13Z,94,search_bar,3.504,False,nhà đất Phường Tam Bình giá hợp lý cho vợ chồng mới cưới,buy_for_living,affordable,2.6,2.0
evt_100286,usr_1018,sess_1018_1,45265868,view,2026-04-27T20:54:39Z,159,ai_recommendation,0.976,False,"mua nhà đất đầu tư ở Phường Thông Tây Hội pháp lý rõ ràng, giá rẻ",investment,luxury,27.1,2.0
evt_102219,usr_1151,sess_1151_0,43973754,save,2026-04-27T21:26:56Z,167,related_items,2.957,False,nhà đất Phường Tân Hòa vị trí đẹp cho gia đình,buy_for_living,mid_range,7.1,2.0
evt_103028,usr_1200,sess_1200_0,45219753,contact,2026-04-27T22:16:56Z,55,ai_recommendation,3.872,False,căn hộ Phường Long Bình ổn định cho thuê lại được,investment,mid_range,5.7,2.0
evt_104062,usr_1268,sess_1268_1,44577814,share,2026-04-27T22:16:59Z,13,search_bar,2.031,False,nhà đất Phường Chánh Hưng tầm trung cho thuê gần metro,rent,mid_range,5.9,1.0
evt_100617,usr_1039,sess_1039_0,45117835,view,2026-04-27T22:32:35Z,41,ai_recommendation,0.719,False,"nhà ở Phường Bình Hưng Hòa thoáng mát 4pn, sang trọng",buy_for_living,mid_range,7.9,2.0
evt_103060,usr_1203,sess_1203_0,45195267,view,2026-04-27T22:52:34Z,57,search_bar,0.781,False,tìm nhà đất Phường Tân Bình tầm trung tiềm năng tăng giá,investment,mid_range,7.8,2.0
evt_104033,usr_1266,sess_1266_0,45019830,view,2026-04-27T23:20:45Z,80,ai_recommendation,0.845,False,căn hộ Phường Đông Hưng Thuận giá hợp lý cho thuê lại được,investment,mid_range,7.8,2.0
evt_102518,usr_1168,sess_1168_1,45012028,save,2026-04-27T23:53:37Z,202,ai_recommendation,3.0,False,nhà đất Phường Thông Tây Hội tầm trung dòng tiền tốt,investment,mid_range,6.7,2.0
evt_101858,usr_1127,sess_1127_0,44516802,save,2026-04-28T00:15:12Z,31,related_items,2.0,False,"nhà ở Phường An Khánh thoáng mát 3pn, rẻ một chút",buy_for_living,affordable,2.5,2.0
evt_103949,usr_1261,sess_1261_0,42180154,view,2026-04-28T00:59:16Z,229,ai_recommendation,1.0,False,nhà đất Xã Hưng Long rẻ một chút dòng tiền tốt,investment,affordable,2.1,2.0
evt_100017,usr_1000,sess_1000_0,44921476,save,2026-04-28T01:49:04Z,118,search_bar,2.758,False,nhà đất Phường Cầu Kiệu vị trí đẹp cho gia đình,buy_for_living,affordable,2.4,2.0
evt_102151,usr_1147,sess_1147_0,45240745,view,2026-04-28T02:15:30Z,56,search_bar,0.778,False,nhà đất Phường Bàn Cờ ổn định cho gia đình,buy_for_living,affordable,2.6,1.0
evt_101271,usr_1086,sess_1086_2,44903568,view,2026-04-28T03:34:30Z,203,ai_recommendation,1.0,False,nhà đất Phường Tân Hòa giá hợp lý cho thuê lại được,investment,affordable,2.7,2.0
evt_100015,usr_1000,sess_1000_1,43504875,view,2026-04-28T04:08:16Z,41,homepage,0.719,False,"nhà ở Xã Trừ Văn Thố thoáng mát 0pn, sang trọng",buy_for_living,affordable,2.4,2.0
evt_104457,usr_1296,sess_1296_0,45189282,view,2026-04-28T05:32:46Z,65,homepage,0.806,False,"nhà ở Phường Bình Trưng thoáng mát 2pn, sang trọng",buy_for_living,affordable,2.8,2.0
evt_101686,usr_1114,sess_1114_2,45229581,view,2026-04-28T05:43:04Z,75,ai_recommendation,0.833,False,nhà đất Phường Cầu Kiệu rẻ một chút cho vợ chồng mới cưới,buy_for_living,mid_range,6.3,3.0
evt_103076,usr_1204,sess_1204_0,45104897,view,2026-04-28T06:16:26Z,77,homepage,0.838,False,nhà đất Phường Phú Thuận giá hợp lý cho gia đình,buy_for_living,affordable,2.7,2.0
evt_103744,usr_1247,sess_1247_1,44508062,contact,2026-04-28T08:22:11Z,23,ai_recommendation,3.057,False,"mua nhà đất đầu tư ở Phường An Khánh pháp lý rõ ràng, giá hợp lý",investment,affordable,2.4,2.0
evt_100066,usr_1003,sess_1003_0,45150652,view,2026-04-28T08:35:02Z,80,search_bar,0.845,False,"mua nhà đất đầu tư ở Phường Thới An pháp lý rõ ràng, bình dân",investment,mid_range,6.0,1.0
evt_101087,usr_1075,sess_1075_2,44565872,save,2026-04-28T09:05:07Z,51,homepage,2.28,False,tìm nhà đất Phường Vĩnh Hội vị trí đẹp tiềm năng tăng giá,investment,mid_range,7.6,2.0
evt_103136,usr_1207,sess_1207_0,42666931,view,2026-04-28T09:09:41Z,75,ai_recommendation,0.833,False,nhà đất Phường Bình Trưng khu nhà giàu cho gia đình,buy_for_living,affordable,2.9,1.0
evt_102357,usr_1159,sess_1159_0,43768536,contact,2026-04-28T10:29:05Z,80,search_bar,4.227,False,"cần mua căn hộ 2 phòng ngủ ở Phường Long Bình để ở, ổn định",buy_for_living,mid_range,5.7,2.0
evt_103741,usr_1247,sess_1247_0,45197810,view,2026-04-28T10:51:29Z,26,ai_recommendation,0.634,False,tìm căn hộ Phường Gò Vấp rẻ một chút tiềm năng tăng giá,investment,affordable,2.4,2.0
evt_100761,usr_1050,sess_1050_2,44755193,view,2026-04-28T11:42:15Z,106,ai_recommendation,0.899,False,"cần thuê nhà đất Phường Hòa Hưng full nội thất, giá vừa phải",rent,luxury,28.7,2.0
evt_103486,usr_1230,sess_1230_1,45095939,view,2026-04-28T12:07:14Z,19,search_bar,0.576,False,nhà đất Xã Bình Chánh vị trí đẹp cho gia đình,buy_for_living,affordable,2.5,2.0
evt_103673,usr_1242,sess_1242_2,45085092,contact,2026-04-28T12:12:49Z,138,ai_recommendation,4.746,False,nhà đất Phường An Hội Tây giá mềm cho vợ chồng mới cưới,buy_for_living,mid_range,7.1,2.0
evt_103134,usr_1207,sess_1207_0,45058996,save,2026-04-28T12:15:40Z,119,related_items,2.763,False,tìm căn hộ Phường An Khánh giá mềm gần trường học,buy_for_living,affordable,2.9,1.0
evt_102788,usr_1185,sess_1185_1,45210546,view,2026-04-28T13:01:55Z,68,ai_recommendation,0.814,False,nhà đất Phường Tam Bình khu nhà giàu cho gia đình,buy_for_living,mid_range,5.7,1.0
evt_103966,usr_1262,sess_1262_0,44962142,view,2026-04-28T13:21:00Z,58,ai_recommendation,0.784,False,nhà đất Xã Nhà Bè tầm trung cho gia đình,buy_for_living,mid_range,8.0,2.0
evt_102175,usr_1148,sess_1148_0,44661735,view,2026-04-28T13:26:59Z,62,search_bar,0.797,False,nhà đất Phường Tân Hưng sang trọng dòng tiền tốt,investment,mid_range,7.4,2.0
evt_101210,usr_1083,sess_1083_0,44927947,view,2026-04-28T14:16:03Z,41,related_items,0.719,False,nhà đất Phường An Hội Tây cao cấp dòng tiền tốt,investment,affordable,2.5,2.0
evt_101507,usr_1102,sess_1102_0,44994255,view,2026-04-28T15:16:39Z,84,search_bar,0.855,False,tìm nhà đất Phường Cầu Kiệu khu nhà giàu tiềm năng tăng giá,investment,mid_range,7.7,2.0
evt_102608,usr_1174,sess_1174_0,45239064,save,2026-04-28T15:46:15Z,154,search_bar,2.911,False,nhà đất Phường Tam Thắng giá hợp lý cho thuê gần metro,rent,affordable,2.4,2.0
evt_101303,usr_1088,sess_1088_0,45135899,view,2026-04-28T18:11:02Z,89,ai_recommendation,0.866,False,"nhà ở Phường Đông Hòa thoáng mát 2pn, giá mềm",buy_for_living,affordable,3.0,2.0
evt_102154,usr_1147,sess_1147_0,40970351,view,2026-04-28T18:31:32Z,8,homepage,0.423,True,nhà đất Phường Hiệp Bình cao cấp cho vợ chồng mới cưới,buy_for_living,affordable,2.6,1.0
evt_100706,usr_1046,sess_1046_0,44669387,save,2026-04-28T19:05:51Z,39,search_bar,2.129,False,"mua nhà đất đầu tư ở Phường Hiệp Bình pháp lý rõ ràng, rẻ một chút",investment,affordable,2.7,2.0
evt_100220,usr_1013,sess_1013_0,44041170,save,2026-04-28T20:41:39Z,401,homepage,3.0,False,"nhà ở Phường Vườn Lài thoáng mát 8pn, khu nhà giàu",buy_for_living,affordable,2.4,2.0
evt_103576,usr_1236,sess_1236_0,44484378,save,2026-04-28T21:28:22Z,69,search_bar,2.452,False,"nhà ở Phường Hiệp Bình thoáng mát 0pn, khu nhà giàu",buy_for_living,mid_range,7.2,2.0
evt_100007,usr_1000,sess_1000_0,44746209,view,2026-04-29T01:03:53Z,98,search_bar,0.884,False,"cần mua nhà đất 4 phòng ngủ ở Phường Phú Thuận để ở, sang trọng",buy_for_living,affordable,2.4,2.0
evt_101259,usr_1085,sess_1085_1,45015767,share,2026-04-29T03:14:08Z,223,ai_recommendation,4.0,False,"mua căn hộ đầu tư ở Phường Tân Sơn Nhì pháp lý rõ ràng, giá mềm",investment,affordable,2.7,2.0
evt_100610,usr_1039,sess_1039_0,44994501,save,2026-04-29T04:00:54Z,111,homepage,2.723,False,nhà đất Phường An Phú Đông ổn định cho vợ chồng mới cưới,buy_for_living,mid_range,7.9,2.0
evt_102395,usr_1161,sess_1161_1,44786591,view,2026-04-29T04:25:24Z,36,ai_recommendation,0.695,False,tìm căn hộ Phường Tân Phú giá tốt tiềm năng tăng giá,investment,affordable,2.2,2.0
evt_100598,usr_1039,sess_1039_0,44770103,view,2026-04-29T04:33:58Z,193,ai_recommendation,1.0,False,nhà đất Phường Tăng Nhơn Phú vị trí đẹp cho gia đình,buy_for_living,mid_range,7.9,2.0
evt_103931,usr_1260,sess_1260_0,45073001,view,2026-04-29T04:46:27Z,347,ai_recommendation,1.0,False,nhà đất Phường Linh Xuân giá tốt cho gia đình,buy_for_living,affordable,2.8,2.0
evt_100941,usr_1063,sess_1063_0,44958480,view,2026-04-29T06:00:25Z,16,homepage,0.545,False,nhà đất Phường Tân Hưng giá mềm dòng tiền tốt,investment,affordable,3.0,2.0
evt_101324,usr_1089,sess_1089_1,44965534,view,2026-04-29T06:17:30Z,63,related_items,0.8,False,"nhà ở Phường Vũng Tàu thoáng mát 19pn, vị trí đẹp",buy_for_living,affordable,2.5,2.0
evt_102847,usr_1189,sess_1189_0,44438384,contact,2026-04-29T06:25:28Z,43,ai_recommendation,3.64,False,"nhà ở Phường Phú Thuận thoáng mát 4pn, cao cấp",buy_for_living,affordable,2.2,2.0
evt_104390,usr_1290,sess_1290_0,45248809,view,2026-04-29T06:28:00Z,26,ai_recommendation,0.634,False,nhà đất Phường Tân Sơn sang trọng dòng tiền tốt,investment,affordable,3.0,2.0
evt_104456,usr_1296,sess_1296_1,45236270,view,2026-04-29T06:58:52Z,71,ai_recommendation,0.823,False,căn hộ Xã Tân Nhựt giá vừa phải cho gia đình,buy_for_living,affordable,2.8,2.0
evt_102785,usr_1185,sess_1185_0,45169945,contact,2026-04-29T07:00:10Z,76,search_bar,4.178,False,nhà đất Phường Phú Định giá hợp lý cho vợ chồng mới cưới,buy_for_living,mid_range,5.7,1.0
evt_104126,usr_1273,sess_1273_2,45228435,view,2026-04-29T07:05:12Z,31,search_bar,0.667,False,tìm phòng căn hộ ở Phường Long Bình giá vừa phải,rent,mid_range,7.2,1.0
evt_100517,usr_1032,sess_1032_0,44760660,view,2026-04-29T07:34:52Z,100,ai_recommendation,0.888,False,nhà đất Phường Cầu Ông Lãnh vị trí đẹp cho gia đình,buy_for_living,affordable,2.8,2.0
evt_100713,usr_1047,sess_1047_0,44218641,contact,2026-04-29T07:40:52Z,17,related_items,2.78,False,"nhà ở Phường Tân Sơn Nhì thoáng mát 3pn, giá mềm",buy_for_living,luxury,22.7,3.0
evt_101433,usr_1097,sess_1097_1,45257289,view,2026-04-29T07:41:10Z,30,ai_recommendation,0.661,False,căn hộ Phường An Lạc rẻ một chút cho thuê lại được,investment,affordable,2.4,2.0
evt_101395,usr_1094,sess_1094_2,43551199,view,2026-04-29T07:41:37Z,31,homepage,0.667,False,căn hộ Phường Long Bình ổn định cho gia đình,buy_for_living,affordable,2.8,1.0
evt_103051,usr_1202,sess_1202_0,44631355,view,2026-04-29T08:26:57Z,481,search_bar,1.0,False,căn hộ Phường Long Bình bình dân cho gia đình,buy_for_living,affordable,2.8,3.0
evt_101136,usr_1078,sess_1078_1,44187433,view,2026-04-29T08:57:33Z,39,search_bar,0.71,False,"cần mua nhà đất 3 phòng ngủ ở Xã Nhà Bè để ở, khu nhà giàu",buy_for_living,affordable,2.8,2.0
evt_103150,usr_1208,sess_1208_0,44432528,save,2026-04-29T09:04:18Z,28,ai_recommendation,1.943,False,tìm căn hộ Phường Bàn Cờ giá tốt gần trường học,buy_for_living,affordable,2.3,2.0
evt_103595,usr_1237,sess_1237_1,44932544,save,2026-04-29T12:02:06Z,172,related_items,2.974,False,nhà đất Phường Tân Phú tầm trung cho thuê gần metro,rent,mid_range,6.5,2.0
evt_100575,usr_1037,sess_1037_2,43748419,contact,2026-04-29T12:12:31Z,29,search_bar,3.271,False,căn hộ Phường Thủ Dầu Một cao cấp dòng tiền tốt,investment,affordable,2.9,1.0
evt_104199,usr_1278,sess_1278_1,44890005,view,2026-04-29T12:27:33Z,152,search_bar,0.968,False,"nhà ở Phường Phú Nhuận thoáng mát 8pn, khu nhà giàu",buy_for_living,mid_range,6.6,2.0
evt_101277,usr_1086,sess_1086_1,45023942,save,2026-04-29T12:33:19Z,101,homepage,2.669,False,tìm căn hộ Phường Long Bình khu nhà giàu tiềm năng tăng giá,investment,affordable,2.7,2.0
evt_102749,usr_1183,sess_1183_0,45021898,save,2026-04-29T13:37:44Z,24,ai_recommendation,1.858,False,tìm nhà đất Phường Đức Nhuận tầm trung gần trường học,buy_for_living,luxury,29.1,2.0
evt_103135,usr_1207,sess_1207_1,44770103,contact,2026-04-29T13:41:13Z,82,related_items,4.25,False,"cần mua nhà đất 22 phòng ngủ ở Phường Tăng Nhơn Phú để ở, cao cấp",buy_for_living,affordable,2.9,1.0
evt_103435,usr_1227,sess_1227_0,45109178,view,2026-04-29T13:46:39Z,119,ai_recommendation,0.921,False,"mua nhà đất đầu tư ở Phường Thủ Đức pháp lý rõ ràng, cao cấp",investment,mid_range,6.3,2.0
evt_102910,usr_1193,sess_1193_0,44827360,save,2026-04-29T13:58:37Z,73,ai_recommendation,2.484,False,"nhà ở Phường An Phú Đông thoáng mát 4pn, giá hợp lý",buy_for_living,mid_range,7.9,1.0
evt_103525,usr_1232,sess_1232_2,44797734,view,2026-04-29T14:05:37Z,154,search_bar,0.97,False,"cần thuê nhà đất Xã Nhà Bè full nội thất, cao cấp",rent,mid_range,6.1,2.0
evt_101164,usr_1079,sess_1079_1,45226656,save,2026-04-29T14:44:12Z,25,ai_recommendation,1.88,False,"cần thuê nhà đất Phường Tân Sơn Nhất full nội thất, giá mềm",rent,affordable,3.0,2.0
evt_102480,usr_1166,sess_1166_0,41287063,view,2026-04-29T14:57:30Z,322,homepage,1.0,False,tìm nhà đất Phường Long Phước cao cấp gần trường học,buy_for_living,luxury,25.3,1.0
evt_102030,usr_1137,sess_1137_0,39387596,view,2026-04-29T19:18:18Z,147,ai_recommendation,0.961,False,"mua nhà đất đầu tư ở Phường Long Phước pháp lý rõ ràng, bình dân",investment,affordable,2.2,2.0
evt_103456,usr_1228,sess_1228_0,45100513,view,2026-04-29T19:35:11Z,34,search_bar,0.684,False,"nhà ở Phường Tân Bình thoáng mát 2pn, giá rẻ",buy_for_living,affordable,2.8,2.0
evt_100663,usr_1043,sess_1043_1,45099850,view,2026-04-29T21:04:51Z,23,related_items,0.611,False,nhà đất Phường Tân Sơn Hòa khu nhà giàu cho gia đình,buy_for_living,mid_range,7.6,2.0
evt_102423,usr_1162,sess_1162_2,44572247,save,2026-04-29T21:04:51Z,70,search_bar,2.46,False,"cần mua nhà đất 2 phòng ngủ ở Xã Hiệp Phước để ở, giá rẻ",buy_for_living,affordable,2.6,1.0
evt_103450,usr_1228,sess_1228_1,45246198,view,2026-04-29T23:35:44Z,97,ai_recommendation,0.882,False,"nhà ở Phường An Lạc thoáng mát 3pn, giá mềm",buy_for_living,affordable,2.8,2.0
evt_101112,usr_1076,sess_1076_2,45153972,view,2026-04-30T01:46:17Z,91,ai_recommendation,0.87,False,tìm căn hộ Phường An Khánh giá tốt tiềm năng tăng giá,investment,affordable,2.8,2.0
evt_100403,usr_1026,sess_1026_1,45211431,view,2026-04-30T02:21:10Z,5,related_items,0.345,True,"nhà ở Phường Thới An thoáng mát 2pn, giá mềm",buy_for_living,mid_range,7.2,3.0
evt_100884,usr_1058,sess_1058_0,45186485,view,2026-04-30T02:51:01Z,41,ai_recommendation,0.719,False,"mua nhà đất đầu tư ở Phường Tăng Nhơn Phú pháp lý rõ ràng, giá hợp lý",investment,affordable,2.9,2.0
evt_101317,usr_1089,sess_1089_1,45246198,view,2026-04-30T04:11:30Z,41,search_bar,0.719,False,"cần mua nhà đất 3 phòng ngủ ở Phường An Lạc để ở, bình dân",buy_for_living,affordable,2.5,2.0
evt_102374,usr_1160,sess_1160_0,45084065,contact,2026-04-30T07:00:06Z,47,homepage,3.723,False,nhà đất Phường Bình Tiên giá rẻ cho vợ chồng mới cưới,buy_for_living,affordable,2.2,2.0
evt_100564,usr_1036,sess_1036_0,45181467,view,2026-04-30T07:26:12Z,193,homepage,1.0,False,tìm nhà đất Phường Bình Trị Đông bình dân tiềm năng tăng giá,investment,mid_range,5.6,2.0
evt_102369,usr_1159,sess_1159_1,45249634,contact,2026-04-30T07:44:45Z,42,ai_recommendation,3.618,False,"nhà ở Phường Phú Thọ Hòa thoáng mát 2pn, giá vừa phải",buy_for_living,mid_range,5.7,2.0
evt_104503,usr_1299,sess_1299_0,45099055,view,2026-04-30T08:09:03Z,38,homepage,0.705,False,"cần mua nhà đất 4 phòng ngủ ở Phường Bình Lợi Trung để ở, giá tốt",buy_for_living,affordable,2.2,2.0
evt_101444,usr_1098,sess_1098_0,42091112,contact,2026-04-30T08:42:26Z,35,homepage,3.447,False,"nhà ở Phường An Khánh thoáng mát 3pn, bình dân",buy_for_living,affordable,2.1,2.0
evt_103032,usr_1201,sess_1201_0,45235201,view,2026-04-30T10:04:26Z,49,ai_recommendation,0.753,False,"cần mua căn hộ 2 phòng ngủ ở Phường Long Bình để ở, giá mềm",buy_for_living,affordable,2.1,2.0
evt_101496,usr_1101,sess_1101_1,44845494,contact,2026-04-30T10:04:58Z,33,search_bar,3.392,False,tìm phòng căn hộ ở Xã Tân Nhựt giá rẻ,rent,affordable,2.3,2.0
evt_101997,usr_1135,sess_1135_0,43317425,view,2026-04-30T10:53:54Z,68,related_items,0.814,False,căn hộ Phường Long Bình rẻ một chút cho vợ chồng mới cưới,buy_for_living,affordable,2.8,1.0
evt_102650,usr_1177,sess_1177_2,43937374,save,2026-04-30T11:19:58Z,17,related_items,1.668,False,"mua nhà đất đầu tư ở Phường Hòa Hưng pháp lý rõ ràng, cao cấp",investment,luxury,27.7,2.0
evt_101319,usr_1089,sess_1089_0,45113783,view,2026-04-30T11:24:21Z,21,ai_recommendation,0.595,False,"nhà ở Phường Thạnh Mỹ Tây thoáng mát 2pn, giá vừa phải",buy_for_living,affordable,2.5,2.0
evt_100476,usr_1030,sess_1030_1,44026736,view,2026-04-30T11:49:53Z,123,homepage,0.927,False,nhà đất Phường Phú Nhuận ổn định cho gia đình,buy_for_living,luxury,19.9,2.0
evt_104189,usr_1277,sess_1277_0,39078021,view,2026-04-30T13:39:12Z,153,search_bar,0.969,False,nhà đất Xã Bà Điểm tầm trung cho vợ chồng mới cưới,buy_for_living,luxury,21.6,2.0
evt_100762,usr_1050,sess_1050_1,45104610,view,2026-04-30T14:18:19Z,33,ai_recommendation,0.678,False,tìm phòng nhà đất ở Phường Cầu Kiệu giá vừa phải,rent,luxury,28.7,2.0
evt_102284,usr_1155,sess_1155_1,45243471,view,2026-04-30T14:19:39Z,36,homepage,0.695,False,"cần mua nhà đất 3 phòng ngủ ở Phường Bàn Cờ để ở, bình dân",buy_for_living,affordable,3.0,2.0
evt_100062,usr_1003,sess_1003_0,43725380,view,2026-04-30T14:22:37Z,124,ai_recommendation,0.929,False,tìm căn hộ Phường Long Bình tầm trung tiềm năng tăng giá,investment,mid_range,6.0,1.0
evt_103259,usr_1214,sess_1214_0,44530340,save,2026-04-30T15:09:18Z,15,related_items,1.6,False,thuê căn hộ Phường Xóm Chiếu 2 phòng ngủ khu nhà giàu,rent,affordable,2.6,2.0
evt_103803,usr_1251,sess_1251_1,45153972,save,2026-04-30T17:41:43Z,132,search_bar,2.822,False,căn hộ Phường An Khánh giá mềm cho gia đình,buy_for_living,affordable,2.6,2.0
evt_100004,usr_1000,sess_1000_1,43928437,save,2026-04-30T18:07:04Z,57,related_items,2.343,False,tìm nhà đất Phường Tân Định giá vừa phải gần trường học,buy_for_living,affordable,2.4,2.0
evt_102252,usr_1153,sess_1153_0,45029262,contact,2026-04-30T18:40:31Z,48,related_items,3.743,False,tìm nhà đất Xã Bình Lợi ổn định tiềm năng tăng giá,investment,affordable,2.4,1.0
evt_103663,usr_1242,sess_1242_2,43941044,view,2026-04-30T20:44:17Z,83,homepage,0.852,False,"nhà ở Phường Phú Thọ Hòa thoáng mát 2pn, cao cấp",buy_for_living,mid_range,7.1,2.0
evt_101315,usr_1088,sess_1088_0,44958409,view,2026-04-30T20:57:34Z,38,ai_recommendation,0.705,False,nhà đất Phường Vũng Tàu giá vừa phải cho vợ chồng mới cưới,buy_for_living,affordable,3.0,2.0
evt_101344,usr_1091,sess_1091_1,45176450,view,2026-04-30T21:10:19Z,78,search_bar,0.841,False,nhà đất Phường Phú Thạnh giá hợp lý cho vợ chồng mới cưới,buy_for_living,mid_range,6.9,2.0
evt_101654,usr_1112,sess_1112_1,45225361,view,2026-04-30T21:36:16Z,62,search_bar,0.797,False,nhà đất Phường Tân Bình giá mềm cho thuê gần metro,rent,affordable,2.7,2.0
evt_102432,usr_1163,sess_1163_0,45124350,view,2026-04-30T21:57:33Z,40,ai_recommendation,0.714,False,tìm phòng nhà đất ở Phường Hiệp Bình giá tốt,rent,mid_range,7.2,3.0
evt_101331,usr_1089,sess_1089_1,44508062,view,2026-04-30T22:33:09Z,696,homepage,1.0,False,"cần mua nhà đất 2 phòng ngủ ở Phường An Khánh để ở, ổn định",buy_for_living,affordable,2.5,2.0
